repo,repo_name,case,scope,tool,profile,mode,target_index,target_value,repetition,order_position,symbol_count,file_count,database_size_bytes,wall_ms,load_phase_ms,load_phase_pct,load_calls,response_bytes,rss_before_bytes,rss_after_bytes,rss_delta_bytes,canonical_response_hash,repo_git_head,repo_indexed_at,jcodemunch_version,jcodemunch_source_sha,benchmark_sha256,staged_harness_sha256,python_utf8_mode,source_root_basename,source_diff_sha256,source_dirty_paths,parity_debug_json
django/django,django-3eb2e228,symbol_source_single,cold_generation_safe_hybrid_screen,get_symbol_source,target_symbols,baseline_full,3,"{""repo"": ""local/django-3eb2e228"", ""symbol_id"": ""tests/db_functions/comparison/test_nullif.py::NullIfTests.test_basic#method""}",1,1,45561,2730,39505920,457.3417,453.1781,99.0896084918563,1,1655,247795712,371040256,123244544,4bd281e69164260c096b148861e75cc4a2447ef9874c60f022dd76dc106cb524,274a1d494d11d87a1b767340d1f398f197810f93,2026-07-29T20:21:07.572944,1.108.207,c2201a55b6e1b0ea38043c514ab7bc3a372bad13,3369b1fcd5b12fcb1473031ec74bda8cc200d8860a09caa310c06e9f3ea8bf88,,1,wt-1.108.207,e3b0c44298fc1c149afbf4c8996fb92427ae41e4649b934ca495991b7852b855,,"{""cache_entry_mtime_after_warmup"": 1785370868232974500, ""cache_get_calls"": 1, ""cache_get_debug"": [{""branch"": """", ""entry_mtime"": null, ""entry_present"": false, ""hit"": false, ""mtime_equal"": false, ""name"": ""django-3eb2e228"", ""owner"": ""local"", ""requested_mtime"": 1785370868232974500}], ""cache_get_hits"": 0, ""cache_key_present_after_warmup"": true, ""cache_policy"": ""cold"", ""cached_symbols_loaded_after_warmup"": true, ""hydration_trace"": {""lazy_ensure_calls"": 0, ""lazy_full_materializations"": 0, ""load_results"": [{""branch"": """", ""lazy_loaded_at_return"": null, ""repo"": ""local/django-3eb2e228"", ""requested_hydration"": ""auto"", ""symbol_collection_type"": ""list""}], ""sparse_by_file_calls"": 0, ""sparse_by_files_calls"": 0, ""sparse_by_id_calls"": 0, ""sparse_by_name_calls"": 0}, ""mtime_after_measure"": 1785370868232974500, ""mtime_after_warmup"": 1785370868232974500, ""mtime_before_measure"": 1785370868232974500, ""mtime_before_warmup"": 1785370868232974500, ""process_cpu_ms"": 453.125, ""runtime_distribution_version"": ""1.108.199"", ""target_policy"": ""middle stride target"", ""unsafe_global_partial_control"": false, ""wal_after_measure"": false, ""wal_after_warmup"": false, ""worker_pid"": 49336}"
django/django,django-3eb2e228,symbol_source_single,cold_generation_safe_hybrid_screen,get_symbol_source,target_symbols,generation_safe_hybrid,3,"{""repo"": ""local/django-3eb2e228"", ""symbol_id"": ""tests/db_functions/comparison/test_nullif.py::NullIfTests.test_basic#method""}",1,2,45561,2730,39505920,20.9016,16.4524,78.71359130401501,1,1654,111923200,118235136,6311936,4bd281e69164260c096b148861e75cc4a2447ef9874c60f022dd76dc106cb524,274a1d494d11d87a1b767340d1f398f197810f93,2026-07-29T20:21:07.572944,1.108.207,c2201a55b6e1b0ea38043c514ab7bc3a372bad13,3369b1fcd5b12fcb1473031ec74bda8cc200d8860a09caa310c06e9f3ea8bf88,,1,wt-generation-safe-hybrid,87f0ef27d476ad303a854c40a984e645bf1074ff2207c8d112c741447dbbfcb2,"M src/jcodemunch_mcp/server.py
 M src/jcodemunch_mcp/storage/index_store.py
 M src/jcodemunch_mcp/storage/sqlite_store.py
 M src/jcodemunch_mcp/tools/check_references.py
 M src/jcodemunch_mcp/tools/find_references.py
 M src/jcodemunch_mcp/tools/get_blast_radius.py
 M src/jcodemunch_mcp/tools/get_churn_rate.py
 M src/jcodemunch_mcp/tools/get_file_outline.py
 M src/jcodemunch_mcp/tools/get_file_risk.py
 M src/jcodemunch_mcp/tools/get_file_tree.py
 M src/jcodemunch_mcp/tools/get_symbol_complexity.py
 M src/jcodemunch_mcp/tools/get_symbol_provenance.py
 M src/jcodemunch_mcp/tools/search_symbols.py
?? tests/test_generation_safe_hybrid.py","{""cache_entry_mtime_after_warmup"": null, ""cache_get_calls"": 0, ""cache_get_debug"": [], ""cache_get_hits"": 0, ""cache_key_present_after_warmup"": false, ""cache_policy"": ""cold"", ""cached_symbols_loaded_after_warmup"": true, ""hydration_trace"": {""lazy_ensure_calls"": 0, ""lazy_full_materializations"": 0, ""load_results"": [{""branch"": """", ""lazy_loaded_at_return"": false, ""repo"": ""local/django-3eb2e228"", ""requested_hydration"": ""auto"", ""symbol_collection_type"": ""LazySymbolList""}], ""sparse_by_file_calls"": 0, ""sparse_by_files_calls"": 0, ""sparse_by_id_calls"": 2, ""sparse_by_name_calls"": 0}, ""mtime_after_measure"": 1785370868232974500, ""mtime_after_warmup"": 1785370868232974500, ""mtime_before_measure"": 1785370868232974500, ""mtime_before_warmup"": 1785370868232974500, ""process_cpu_ms"": 46.875, ""runtime_distribution_version"": ""1.108.199"", ""target_policy"": ""middle stride target"", ""unsafe_global_partial_control"": false, ""wal_after_measure"": false, ""wal_after_warmup"": false, ""worker_pid"": 44820}"
django/django,django-3eb2e228,symbol_source_batch,cold_generation_safe_hybrid_screen,get_symbol_source,target_symbols,generation_safe_hybrid,3,"{""repo"": ""local/django-3eb2e228"", ""symbol_ids"": [""tests/db_functions/comparison/test_nullif.py::NullIfTests.test_basic#method"", ""tests/db_functions/comparison/test_nullif.py::NullIfTests.test_null_argument#method"", ""tests/db_functions/comparison/test_nullif.py::NullIfTests.test_too_few_args#method""]}",1,1,45561,2730,39505920,29.3458,24.3232,82.8847739710623,1,3199,111333376,123195392,11862016,b5ca5a7e11d9d390786ba8bb2ec463784b32ce48e020430f5540ff09666be516,274a1d494d11d87a1b767340d1f398f197810f93,2026-07-29T20:21:07.572944,1.108.207,c2201a55b6e1b0ea38043c514ab7bc3a372bad13,3369b1fcd5b12fcb1473031ec74bda8cc200d8860a09caa310c06e9f3ea8bf88,,1,wt-generation-safe-hybrid,87f0ef27d476ad303a854c40a984e645bf1074ff2207c8d112c741447dbbfcb2,"M src/jcodemunch_mcp/server.py
 M src/jcodemunch_mcp/storage/index_store.py
 M src/jcodemunch_mcp/storage/sqlite_store.py
 M src/jcodemunch_mcp/tools/check_references.py
 M src/jcodemunch_mcp/tools/find_references.py
 M src/jcodemunch_mcp/tools/get_blast_radius.py
 M src/jcodemunch_mcp/tools/get_churn_rate.py
 M src/jcodemunch_mcp/tools/get_file_outline.py
 M src/jcodemunch_mcp/tools/get_file_risk.py
 M src/jcodemunch_mcp/tools/get_file_tree.py
 M src/jcodemunch_mcp/tools/get_symbol_complexity.py
 M src/jcodemunch_mcp/tools/get_symbol_provenance.py
 M src/jcodemunch_mcp/tools/search_symbols.py
?? tests/test_generation_safe_hybrid.py","{""cache_entry_mtime_after_warmup"": null, ""cache_get_calls"": 0, ""cache_get_debug"": [], ""cache_get_hits"": 0, ""cache_key_present_after_warmup"": false, ""cache_policy"": ""cold"", ""cached_symbols_loaded_after_warmup"": true, ""hydration_trace"": {""lazy_ensure_calls"": 0, ""lazy_full_materializations"": 0, ""load_results"": [{""branch"": """", ""lazy_loaded_at_return"": false, ""repo"": ""local/django-3eb2e228"", ""requested_hydration"": ""auto"", ""symbol_collection_type"": ""LazySymbolList""}], ""sparse_by_file_calls"": 0, ""sparse_by_files_calls"": 0, ""sparse_by_id_calls"": 6, ""sparse_by_name_calls"": 0}, ""mtime_after_measure"": 1785370868232974500, ""mtime_after_warmup"": 1785370868232974500, ""mtime_before_measure"": 1785370868232974500, ""mtime_before_warmup"": 1785370868232974500, ""process_cpu_ms"": 46.875, ""runtime_distribution_version"": ""1.108.199"", ""target_policy"": ""middle stride target"", ""unsafe_global_partial_control"": false, ""wal_after_measure"": false, ""wal_after_warmup"": false, ""worker_pid"": 44820}"
django/django,django-3eb2e228,symbol_source_batch,cold_generation_safe_hybrid_screen,get_symbol_source,target_symbols,baseline_full,3,"{""repo"": ""local/django-3eb2e228"", ""symbol_ids"": [""tests/db_functions/comparison/test_nullif.py::NullIfTests.test_basic#method"", ""tests/db_functions/comparison/test_nullif.py::NullIfTests.test_null_argument#method"", ""tests/db_functions/comparison/test_nullif.py::NullIfTests.test_too_few_args#method""]}",1,2,45561,2730,39505920,461.2963,455.2729,98.69424489205744,1,3200,307417088,377352192,69935104,b5ca5a7e11d9d390786ba8bb2ec463784b32ce48e020430f5540ff09666be516,274a1d494d11d87a1b767340d1f398f197810f93,2026-07-29T20:21:07.572944,1.108.207,c2201a55b6e1b0ea38043c514ab7bc3a372bad13,3369b1fcd5b12fcb1473031ec74bda8cc200d8860a09caa310c06e9f3ea8bf88,,1,wt-1.108.207,e3b0c44298fc1c149afbf4c8996fb92427ae41e4649b934ca495991b7852b855,,"{""cache_entry_mtime_after_warmup"": 1785370868232974500, ""cache_get_calls"": 1, ""cache_get_debug"": [{""branch"": """", ""entry_mtime"": null, ""entry_present"": false, ""hit"": false, ""mtime_equal"": false, ""name"": ""django-3eb2e228"", ""owner"": ""local"", ""requested_mtime"": 1785370868232974500}], ""cache_get_hits"": 0, ""cache_key_present_after_warmup"": true, ""cache_policy"": ""cold"", ""cached_symbols_loaded_after_warmup"": true, ""hydration_trace"": {""lazy_ensure_calls"": 0, ""lazy_full_materializations"": 0, ""load_results"": [{""branch"": """", ""lazy_loaded_at_return"": null, ""repo"": ""local/django-3eb2e228"", ""requested_hydration"": ""auto"", ""symbol_collection_type"": ""list""}], ""sparse_by_file_calls"": 0, ""sparse_by_files_calls"": 0, ""sparse_by_id_calls"": 0, ""sparse_by_name_calls"": 0}, ""mtime_after_measure"": 1785370868232974500, ""mtime_after_warmup"": 1785370868232974500, ""mtime_before_measure"": 1785370868232974500, ""mtime_before_warmup"": 1785370868232974500, ""process_cpu_ms"": 625.0, ""runtime_distribution_version"": ""1.108.199"", ""target_policy"": ""middle stride target"", ""unsafe_global_partial_control"": false, ""wal_after_measure"": false, ""wal_after_warmup"": false, ""worker_pid"": 49336}"
django/django,django-3eb2e228,context_single,cold_generation_safe_hybrid_screen,get_context_bundle,target_symbols,baseline_full,3,"{""repo"": ""local/django-3eb2e228"", ""symbol_id"": ""tests/db_functions/comparison/test_nullif.py::NullIfTests.test_basic#method""}",1,1,45561,2730,39505920,464.7002,460.8278,99.16668854457133,1,1513,310910976,378052608,67141632,0084f575e8504fe430ec73f42d4fd4b7d901d4b87f16cf44f29129104cd20027,274a1d494d11d87a1b767340d1f398f197810f93,2026-07-29T20:21:07.572944,1.108.207,c2201a55b6e1b0ea38043c514ab7bc3a372bad13,3369b1fcd5b12fcb1473031ec74bda8cc200d8860a09caa310c06e9f3ea8bf88,,1,wt-1.108.207,e3b0c44298fc1c149afbf4c8996fb92427ae41e4649b934ca495991b7852b855,,"{""cache_entry_mtime_after_warmup"": 1785370868232974500, ""cache_get_calls"": 1, ""cache_get_debug"": [{""branch"": """", ""entry_mtime"": null, ""entry_present"": false, ""hit"": false, ""mtime_equal"": false, ""name"": ""django-3eb2e228"", ""owner"": ""local"", ""requested_mtime"": 1785370868232974500}], ""cache_get_hits"": 0, ""cache_key_present_after_warmup"": true, ""cache_policy"": ""cold"", ""cached_symbols_loaded_after_warmup"": true, ""hydration_trace"": {""lazy_ensure_calls"": 0, ""lazy_full_materializations"": 0, ""load_results"": [{""branch"": """", ""lazy_loaded_at_return"": null, ""repo"": ""local/django-3eb2e228"", ""requested_hydration"": ""auto"", ""symbol_collection_type"": ""list""}], ""sparse_by_file_calls"": 0, ""sparse_by_files_calls"": 0, ""sparse_by_id_calls"": 0, ""sparse_by_name_calls"": 0}, ""mtime_after_measure"": 1785370868232974500, ""mtime_after_warmup"": 1785370868232974500, ""mtime_before_measure"": 1785370868232974500, ""mtime_before_warmup"": 1785370868232974500, ""process_cpu_ms"": 468.75, ""runtime_distribution_version"": ""1.108.199"", ""target_policy"": ""middle stride target"", ""unsafe_global_partial_control"": false, ""wal_after_measure"": false, ""wal_after_warmup"": false, ""worker_pid"": 49336}"
django/django,django-3eb2e228,context_single,cold_generation_safe_hybrid_screen,get_context_bundle,target_symbols,generation_safe_hybrid,3,"{""repo"": ""local/django-3eb2e228"", ""symbol_id"": ""tests/db_functions/comparison/test_nullif.py::NullIfTests.test_basic#method""}",1,2,45561,2730,39505920,18.4415,14.5874,79.1009408128406,1,1512,119504896,125702144,6197248,0084f575e8504fe430ec73f42d4fd4b7d901d4b87f16cf44f29129104cd20027,274a1d494d11d87a1b767340d1f398f197810f93,2026-07-29T20:21:07.572944,1.108.207,c2201a55b6e1b0ea38043c514ab7bc3a372bad13,3369b1fcd5b12fcb1473031ec74bda8cc200d8860a09caa310c06e9f3ea8bf88,,1,wt-generation-safe-hybrid,87f0ef27d476ad303a854c40a984e645bf1074ff2207c8d112c741447dbbfcb2,"M src/jcodemunch_mcp/server.py
 M src/jcodemunch_mcp/storage/index_store.py
 M src/jcodemunch_mcp/storage/sqlite_store.py
 M src/jcodemunch_mcp/tools/check_references.py
 M src/jcodemunch_mcp/tools/find_references.py
 M src/jcodemunch_mcp/tools/get_blast_radius.py
 M src/jcodemunch_mcp/tools/get_churn_rate.py
 M src/jcodemunch_mcp/tools/get_file_outline.py
 M src/jcodemunch_mcp/tools/get_file_risk.py
 M src/jcodemunch_mcp/tools/get_file_tree.py
 M src/jcodemunch_mcp/tools/get_symbol_complexity.py
 M src/jcodemunch_mcp/tools/get_symbol_provenance.py
 M src/jcodemunch_mcp/tools/search_symbols.py
?? tests/test_generation_safe_hybrid.py","{""cache_entry_mtime_after_warmup"": null, ""cache_get_calls"": 0, ""cache_get_debug"": [], ""cache_get_hits"": 0, ""cache_key_present_after_warmup"": false, ""cache_policy"": ""cold"", ""cached_symbols_loaded_after_warmup"": true, ""hydration_trace"": {""lazy_ensure_calls"": 0, ""lazy_full_materializations"": 0, ""load_results"": [{""branch"": """", ""lazy_loaded_at_return"": false, ""repo"": ""local/django-3eb2e228"", ""requested_hydration"": ""auto"", ""symbol_collection_type"": ""LazySymbolList""}], ""sparse_by_file_calls"": 0, ""sparse_by_files_calls"": 0, ""sparse_by_id_calls"": 2, ""sparse_by_name_calls"": 0}, ""mtime_after_measure"": 1785370868232974500, ""mtime_after_warmup"": 1785370868232974500, ""mtime_before_measure"": 1785370868232974500, ""mtime_before_warmup"": 1785370868232974500, ""process_cpu_ms"": 15.625, ""runtime_distribution_version"": ""1.108.199"", ""target_policy"": ""middle stride target"", ""unsafe_global_partial_control"": false, ""wal_after_measure"": false, ""wal_after_warmup"": false, ""worker_pid"": 44820}"
django/django,django-3eb2e228,context_batch,cold_generation_safe_hybrid_screen,get_context_bundle,target_symbols,generation_safe_hybrid,3,"{""repo"": ""local/django-3eb2e228"", ""symbol_ids"": [""tests/db_functions/comparison/test_nullif.py::NullIfTests.test_basic#method"", ""tests/db_functions/comparison/test_nullif.py::NullIfTests.test_null_argument#method"", ""tests/db_functions/comparison/test_nullif.py::NullIfTests.test_too_few_args#method""]}",1,1,45561,2730,39505920,17.1677,13.4819,78.53061272039935,1,3865,122114048,126369792,4255744,dd9035c93f02bd451724264d897eacb9256bde1d6c530dc1c09fad04bc44ba0c,274a1d494d11d87a1b767340d1f398f197810f93,2026-07-29T20:21:07.572944,1.108.207,c2201a55b6e1b0ea38043c514ab7bc3a372bad13,3369b1fcd5b12fcb1473031ec74bda8cc200d8860a09caa310c06e9f3ea8bf88,,1,wt-generation-safe-hybrid,87f0ef27d476ad303a854c40a984e645bf1074ff2207c8d112c741447dbbfcb2,"M src/jcodemunch_mcp/server.py
 M src/jcodemunch_mcp/storage/index_store.py
 M src/jcodemunch_mcp/storage/sqlite_store.py
 M src/jcodemunch_mcp/tools/check_references.py
 M src/jcodemunch_mcp/tools/find_references.py
 M src/jcodemunch_mcp/tools/get_blast_radius.py
 M src/jcodemunch_mcp/tools/get_churn_rate.py
 M src/jcodemunch_mcp/tools/get_file_outline.py
 M src/jcodemunch_mcp/tools/get_file_risk.py
 M src/jcodemunch_mcp/tools/get_file_tree.py
 M src/jcodemunch_mcp/tools/get_symbol_complexity.py
 M src/jcodemunch_mcp/tools/get_symbol_provenance.py
 M src/jcodemunch_mcp/tools/search_symbols.py
?? tests/test_generation_safe_hybrid.py","{""cache_entry_mtime_after_warmup"": null, ""cache_get_calls"": 0, ""cache_get_debug"": [], ""cache_get_hits"": 0, ""cache_key_present_after_warmup"": false, ""cache_policy"": ""cold"", ""cached_symbols_loaded_after_warmup"": true, ""hydration_trace"": {""lazy_ensure_calls"": 0, ""lazy_full_materializations"": 0, ""load_results"": [{""branch"": """", ""lazy_loaded_at_return"": false, ""repo"": ""local/django-3eb2e228"", ""requested_hydration"": ""auto"", ""symbol_collection_type"": ""LazySymbolList""}], ""sparse_by_file_calls"": 0, ""sparse_by_files_calls"": 0, ""sparse_by_id_calls"": 6, ""sparse_by_name_calls"": 0}, ""mtime_after_measure"": 1785370868232974500, ""mtime_after_warmup"": 1785370868232974500, ""mtime_before_measure"": 1785370868232974500, ""mtime_before_warmup"": 1785370868232974500, ""process_cpu_ms"": 31.25, ""runtime_distribution_version"": ""1.108.199"", ""target_policy"": ""middle stride target"", ""unsafe_global_partial_control"": false, ""wal_after_measure"": false, ""wal_after_warmup"": false, ""worker_pid"": 44820}"
django/django,django-3eb2e228,context_batch,cold_generation_safe_hybrid_screen,get_context_bundle,target_symbols,baseline_full,3,"{""repo"": ""local/django-3eb2e228"", ""symbol_ids"": [""tests/db_functions/comparison/test_nullif.py::NullIfTests.test_basic#method"", ""tests/db_functions/comparison/test_nullif.py::NullIfTests.test_null_argument#method"", ""tests/db_functions/comparison/test_nullif.py::NullIfTests.test_too_few_args#method""]}",1,2,45561,2730,39505920,476.5284,472.4111,99.13598014305128,1,3866,331292672,378605568,47312896,dd9035c93f02bd451724264d897eacb9256bde1d6c530dc1c09fad04bc44ba0c,274a1d494d11d87a1b767340d1f398f197810f93,2026-07-29T20:21:07.572944,1.108.207,c2201a55b6e1b0ea38043c514ab7bc3a372bad13,3369b1fcd5b12fcb1473031ec74bda8cc200d8860a09caa310c06e9f3ea8bf88,,1,wt-1.108.207,e3b0c44298fc1c149afbf4c8996fb92427ae41e4649b934ca495991b7852b855,,"{""cache_entry_mtime_after_warmup"": 1785370868232974500, ""cache_get_calls"": 1, ""cache_get_debug"": [{""branch"": """", ""entry_mtime"": null, ""entry_present"": false, ""hit"": false, ""mtime_equal"": false, ""name"": ""django-3eb2e228"", ""owner"": ""local"", ""requested_mtime"": 1785370868232974500}], ""cache_get_hits"": 0, ""cache_key_present_after_warmup"": true, ""cache_policy"": ""cold"", ""cached_symbols_loaded_after_warmup"": true, ""hydration_trace"": {""lazy_ensure_calls"": 0, ""lazy_full_materializations"": 0, ""load_results"": [{""branch"": """", ""lazy_loaded_at_return"": null, ""repo"": ""local/django-3eb2e228"", ""requested_hydration"": ""auto"", ""symbol_collection_type"": ""list""}], ""sparse_by_file_calls"": 0, ""sparse_by_files_calls"": 0, ""sparse_by_id_calls"": 0, ""sparse_by_name_calls"": 0}, ""mtime_after_measure"": 1785370868232974500, ""mtime_after_warmup"": 1785370868232974500, ""mtime_before_measure"": 1785370868232974500, ""mtime_before_warmup"": 1785370868232974500, ""process_cpu_ms"": 484.375, ""runtime_distribution_version"": ""1.108.199"", ""target_policy"": ""middle stride target"", ""unsafe_global_partial_control"": false, ""wal_after_measure"": false, ""wal_after_warmup"": false, ""worker_pid"": 49336}"
django/django,django-3eb2e228,context_single_callers,cold_generation_safe_hybrid_screen,get_context_bundle,all_files_target_symbols,baseline_full,3,"{""include_callers"": true, ""repo"": ""local/django-3eb2e228"", ""symbol_id"": ""tests/db_functions/comparison/test_nullif.py::NullIfTests.test_basic#method""}",1,1,45561,2730,39505920,709.9153,456.4201,64.2921909134794,1,1528,336756736,379142144,42385408,a3dc83012188a920f6f0b46c4d46343def86eedeb23e689a32d80b51f0134d8e,274a1d494d11d87a1b767340d1f398f197810f93,2026-07-29T20:21:07.572944,1.108.207,c2201a55b6e1b0ea38043c514ab7bc3a372bad13,3369b1fcd5b12fcb1473031ec74bda8cc200d8860a09caa310c06e9f3ea8bf88,,1,wt-1.108.207,e3b0c44298fc1c149afbf4c8996fb92427ae41e4649b934ca495991b7852b855,,"{""cache_entry_mtime_after_warmup"": 1785370868232974500, ""cache_get_calls"": 1, ""cache_get_debug"": [{""branch"": """", ""entry_mtime"": null, ""entry_present"": false, ""hit"": false, ""mtime_equal"": false, ""name"": ""django-3eb2e228"", ""owner"": ""local"", ""requested_mtime"": 1785370868232974500}], ""cache_get_hits"": 0, ""cache_key_present_after_warmup"": true, ""cache_policy"": ""cold"", ""cached_symbols_loaded_after_warmup"": true, ""hydration_trace"": {""lazy_ensure_calls"": 0, ""lazy_full_materializations"": 0, ""load_results"": [{""branch"": """", ""lazy_loaded_at_return"": null, ""repo"": ""local/django-3eb2e228"", ""requested_hydration"": ""auto"", ""symbol_collection_type"": ""list""}], ""sparse_by_file_calls"": 0, ""sparse_by_files_calls"": 0, ""sparse_by_id_calls"": 0, ""sparse_by_name_calls"": 0}, ""mtime_after_measure"": 1785370868232974500, ""mtime_after_warmup"": 1785370868232974500, ""mtime_before_measure"": 1785370868232974500, ""mtime_before_warmup"": 1785370868232974500, ""process_cpu_ms"": 812.5, ""runtime_distribution_version"": ""1.108.199"", ""target_policy"": ""middle stride target"", ""unsafe_global_partial_control"": false, ""wal_after_measure"": false, ""wal_after_warmup"": false, ""worker_pid"": 49336}"
django/django,django-3eb2e228,context_single_callers,cold_generation_safe_hybrid_screen,get_context_bundle,all_files_target_symbols,generation_safe_hybrid,3,"{""include_callers"": true, ""repo"": ""local/django-3eb2e228"", ""symbol_id"": ""tests/db_functions/comparison/test_nullif.py::NullIfTests.test_basic#method""}",1,2,45561,2730,39505920,267.0579,15.5133,5.808965022191816,1,1528,122937344,126480384,3543040,a3dc83012188a920f6f0b46c4d46343def86eedeb23e689a32d80b51f0134d8e,274a1d494d11d87a1b767340d1f398f197810f93,2026-07-29T20:21:07.572944,1.108.207,c2201a55b6e1b0ea38043c514ab7bc3a372bad13,3369b1fcd5b12fcb1473031ec74bda8cc200d8860a09caa310c06e9f3ea8bf88,,1,wt-generation-safe-hybrid,87f0ef27d476ad303a854c40a984e645bf1074ff2207c8d112c741447dbbfcb2,"M src/jcodemunch_mcp/server.py
 M src/jcodemunch_mcp/storage/index_store.py
 M src/jcodemunch_mcp/storage/sqlite_store.py
 M src/jcodemunch_mcp/tools/check_references.py
 M src/jcodemunch_mcp/tools/find_references.py
 M src/jcodemunch_mcp/tools/get_blast_radius.py
 M src/jcodemunch_mcp/tools/get_churn_rate.py
 M src/jcodemunch_mcp/tools/get_file_outline.py
 M src/jcodemunch_mcp/tools/get_file_risk.py
 M src/jcodemunch_mcp/tools/get_file_tree.py
 M src/jcodemunch_mcp/tools/get_symbol_complexity.py
 M src/jcodemunch_mcp/tools/get_symbol_provenance.py
 M src/jcodemunch_mcp/tools/search_symbols.py
?? tests/test_generation_safe_hybrid.py","{""cache_entry_mtime_after_warmup"": null, ""cache_get_calls"": 0, ""cache_get_debug"": [], ""cache_get_hits"": 0, ""cache_key_present_after_warmup"": false, ""cache_policy"": ""cold"", ""cached_symbols_loaded_after_warmup"": true, ""hydration_trace"": {""lazy_ensure_calls"": 0, ""lazy_full_materializations"": 0, ""load_results"": [{""branch"": """", ""lazy_loaded_at_return"": false, ""repo"": ""local/django-3eb2e228"", ""requested_hydration"": ""auto"", ""symbol_collection_type"": ""LazySymbolList""}], ""sparse_by_file_calls"": 0, ""sparse_by_files_calls"": 0, ""sparse_by_id_calls"": 2, ""sparse_by_name_calls"": 0}, ""mtime_after_measure"": 1785370868232974500, ""mtime_after_warmup"": 1785370868232974500, ""mtime_before_measure"": 1785370868232974500, ""mtime_before_warmup"": 1785370868232974500, ""process_cpu_ms"": 375.0, ""runtime_distribution_version"": ""1.108.199"", ""target_policy"": ""middle stride target"", ""unsafe_global_partial_control"": false, ""wal_after_measure"": false, ""wal_after_warmup"": false, ""worker_pid"": 44820}"
django/django,django-3eb2e228,context_batch_callers,cold_generation_safe_hybrid_screen,get_context_bundle,all_files_target_symbols,generation_safe_hybrid,3,"{""include_callers"": true, ""repo"": ""local/django-3eb2e228"", ""symbol_ids"": [""tests/db_functions/comparison/test_nullif.py::NullIfTests.test_basic#method"", ""tests/db_functions/comparison/test_nullif.py::NullIfTests.test_null_argument#method"", ""tests/db_functions/comparison/test_nullif.py::NullIfTests.test_too_few_args#method""]}",1,1,45561,2730,39505920,755.7844,16.3367,2.1615555970723928,1,3911,123203584,127188992,3985408,71d3be1d5c598964cfe07e7232b356eea46c7410d19f79bfe93b2562a8006869,274a1d494d11d87a1b767340d1f398f197810f93,2026-07-29T20:21:07.572944,1.108.207,c2201a55b6e1b0ea38043c514ab7bc3a372bad13,3369b1fcd5b12fcb1473031ec74bda8cc200d8860a09caa310c06e9f3ea8bf88,,1,wt-generation-safe-hybrid,87f0ef27d476ad303a854c40a984e645bf1074ff2207c8d112c741447dbbfcb2,"M src/jcodemunch_mcp/server.py
 M src/jcodemunch_mcp/storage/index_store.py
 M src/jcodemunch_mcp/storage/sqlite_store.py
 M src/jcodemunch_mcp/tools/check_references.py
 M src/jcodemunch_mcp/tools/find_references.py
 M src/jcodemunch_mcp/tools/get_blast_radius.py
 M src/jcodemunch_mcp/tools/get_churn_rate.py
 M src/jcodemunch_mcp/tools/get_file_outline.py
 M src/jcodemunch_mcp/tools/get_file_risk.py
 M src/jcodemunch_mcp/tools/get_file_tree.py
 M src/jcodemunch_mcp/tools/get_symbol_complexity.py
 M src/jcodemunch_mcp/tools/get_symbol_provenance.py
 M src/jcodemunch_mcp/tools/search_symbols.py
?? tests/test_generation_safe_hybrid.py","{""cache_entry_mtime_after_warmup"": null, ""cache_get_calls"": 0, ""cache_get_debug"": [], ""cache_get_hits"": 0, ""cache_key_present_after_warmup"": false, ""cache_policy"": ""cold"", ""cached_symbols_loaded_after_warmup"": true, ""hydration_trace"": {""lazy_ensure_calls"": 0, ""lazy_full_materializations"": 0, ""load_results"": [{""branch"": """", ""lazy_loaded_at_return"": false, ""repo"": ""local/django-3eb2e228"", ""requested_hydration"": ""auto"", ""symbol_collection_type"": ""LazySymbolList""}], ""sparse_by_file_calls"": 0, ""sparse_by_files_calls"": 0, ""sparse_by_id_calls"": 6, ""sparse_by_name_calls"": 0}, ""mtime_after_measure"": 1785370868232974500, ""mtime_after_warmup"": 1785370868232974500, ""mtime_before_measure"": 1785370868232974500, ""mtime_before_warmup"": 1785370868232974500, ""process_cpu_ms"": 734.375, ""runtime_distribution_version"": ""1.108.199"", ""target_policy"": ""middle stride target"", ""unsafe_global_partial_control"": false, ""wal_after_measure"": false, ""wal_after_warmup"": false, ""worker_pid"": 44820}"
django/django,django-3eb2e228,context_batch_callers,cold_generation_safe_hybrid_screen,get_context_bundle,all_files_target_symbols,baseline_full,3,"{""include_callers"": true, ""repo"": ""local/django-3eb2e228"", ""symbol_ids"": [""tests/db_functions/comparison/test_nullif.py::NullIfTests.test_basic#method"", ""tests/db_functions/comparison/test_nullif.py::NullIfTests.test_null_argument#method"", ""tests/db_functions/comparison/test_nullif.py::NullIfTests.test_too_few_args#method""]}",1,2,45561,2730,39505920,1260.4093,499.1594,39.602960720775386,1,3912,347238400,378904576,31666176,71d3be1d5c598964cfe07e7232b356eea46c7410d19f79bfe93b2562a8006869,274a1d494d11d87a1b767340d1f398f197810f93,2026-07-29T20:21:07.572944,1.108.207,c2201a55b6e1b0ea38043c514ab7bc3a372bad13,3369b1fcd5b12fcb1473031ec74bda8cc200d8860a09caa310c06e9f3ea8bf88,,1,wt-1.108.207,e3b0c44298fc1c149afbf4c8996fb92427ae41e4649b934ca495991b7852b855,,"{""cache_entry_mtime_after_warmup"": 1785370868232974500, ""cache_get_calls"": 1, ""cache_get_debug"": [{""branch"": """", ""entry_mtime"": null, ""entry_present"": false, ""hit"": false, ""mtime_equal"": false, ""name"": ""django-3eb2e228"", ""owner"": ""local"", ""requested_mtime"": 1785370868232974500}], ""cache_get_hits"": 0, ""cache_key_present_after_warmup"": true, ""cache_policy"": ""cold"", ""cached_symbols_loaded_after_warmup"": true, ""hydration_trace"": {""lazy_ensure_calls"": 0, ""lazy_full_materializations"": 0, ""load_results"": [{""branch"": """", ""lazy_loaded_at_return"": null, ""repo"": ""local/django-3eb2e228"", ""requested_hydration"": ""auto"", ""symbol_collection_type"": ""list""}], ""sparse_by_file_calls"": 0, ""sparse_by_files_calls"": 0, ""sparse_by_id_calls"": 0, ""sparse_by_name_calls"": 0}, ""mtime_after_measure"": 1785370868232974500, ""mtime_after_warmup"": 1785370868232974500, ""mtime_before_measure"": 1785370868232974500, ""mtime_before_warmup"": 1785370868232974500, ""process_cpu_ms"": 1265.625, ""runtime_distribution_version"": ""1.108.199"", ""target_policy"": ""middle stride target"", ""unsafe_global_partial_control"": false, ""wal_after_measure"": false, ""wal_after_warmup"": false, ""worker_pid"": 49336}"
django/django,django-3eb2e228,file_content,cold_generation_safe_hybrid_screen,get_file_content,target_files,baseline_full,3,"{""file_path"": ""tests/custom_pk/fields.py"", ""max_content_results"": 20, ""repo"": ""local/django-3eb2e228"", ""search_content"": true}",1,1,45561,2730,39505920,477.5867,474.5762,99.36964325011563,1,3199,344743936,377974784,33230848,7916f0400c87e7e42e6f81f2885b1ef39cbdfd6876f3eb6e24308160f936297e,274a1d494d11d87a1b767340d1f398f197810f93,2026-07-29T20:21:07.572944,1.108.207,c2201a55b6e1b0ea38043c514ab7bc3a372bad13,3369b1fcd5b12fcb1473031ec74bda8cc200d8860a09caa310c06e9f3ea8bf88,,1,wt-1.108.207,e3b0c44298fc1c149afbf4c8996fb92427ae41e4649b934ca495991b7852b855,,"{""cache_entry_mtime_after_warmup"": 1785370868232974500, ""cache_get_calls"": 1, ""cache_get_debug"": [{""branch"": """", ""entry_mtime"": null, ""entry_present"": false, ""hit"": false, ""mtime_equal"": false, ""name"": ""django-3eb2e228"", ""owner"": ""local"", ""requested_mtime"": 1785370868232974500}], ""cache_get_hits"": 0, ""cache_key_present_after_warmup"": true, ""cache_policy"": ""cold"", ""cached_symbols_loaded_after_warmup"": true, ""hydration_trace"": {""lazy_ensure_calls"": 0, ""lazy_full_materializations"": 0, ""load_results"": [{""branch"": """", ""lazy_loaded_at_return"": null, ""repo"": ""local/django-3eb2e228"", ""requested_hydration"": ""auto"", ""symbol_collection_type"": ""list""}], ""sparse_by_file_calls"": 0, ""sparse_by_files_calls"": 0, ""sparse_by_id_calls"": 0, ""sparse_by_name_calls"": 0}, ""mtime_after_measure"": 1785370868232974500, ""mtime_after_warmup"": 1785370868232974500, ""mtime_before_measure"": 1785370868232974500, ""mtime_before_warmup"": 1785370868232974500, ""process_cpu_ms"": 468.75, ""runtime_distribution_version"": ""1.108.199"", ""target_policy"": ""middle stride target"", ""unsafe_global_partial_control"": false, ""wal_after_measure"": false, ""wal_after_warmup"": false, ""worker_pid"": 49336}"
django/django,django-3eb2e228,file_content,cold_generation_safe_hybrid_screen,get_file_content,target_files,generation_safe_hybrid,3,"{""file_path"": ""tests/custom_pk/fields.py"", ""max_content_results"": 20, ""repo"": ""local/django-3eb2e228"", ""search_content"": true}",1,2,45561,2730,39505920,16.3323,13.9868,85.6388873581798,1,3198,124424192,126672896,2248704,7916f0400c87e7e42e6f81f2885b1ef39cbdfd6876f3eb6e24308160f936297e,274a1d494d11d87a1b767340d1f398f197810f93,2026-07-29T20:21:07.572944,1.108.207,c2201a55b6e1b0ea38043c514ab7bc3a372bad13,3369b1fcd5b12fcb1473031ec74bda8cc200d8860a09caa310c06e9f3ea8bf88,,1,wt-generation-safe-hybrid,87f0ef27d476ad303a854c40a984e645bf1074ff2207c8d112c741447dbbfcb2,"M src/jcodemunch_mcp/server.py
 M src/jcodemunch_mcp/storage/index_store.py
 M src/jcodemunch_mcp/storage/sqlite_store.py
 M src/jcodemunch_mcp/tools/check_references.py
 M src/jcodemunch_mcp/tools/find_references.py
 M src/jcodemunch_mcp/tools/get_blast_radius.py
 M src/jcodemunch_mcp/tools/get_churn_rate.py
 M src/jcodemunch_mcp/tools/get_file_outline.py
 M src/jcodemunch_mcp/tools/get_file_risk.py
 M src/jcodemunch_mcp/tools/get_file_tree.py
 M src/jcodemunch_mcp/tools/get_symbol_complexity.py
 M src/jcodemunch_mcp/tools/get_symbol_provenance.py
 M src/jcodemunch_mcp/tools/search_symbols.py
?? tests/test_generation_safe_hybrid.py","{""cache_entry_mtime_after_warmup"": null, ""cache_get_calls"": 0, ""cache_get_debug"": [], ""cache_get_hits"": 0, ""cache_key_present_after_warmup"": false, ""cache_policy"": ""cold"", ""cached_symbols_loaded_after_warmup"": true, ""hydration_trace"": {""lazy_ensure_calls"": 0, ""lazy_full_materializations"": 0, ""load_results"": [{""branch"": """", ""lazy_loaded_at_return"": false, ""repo"": ""local/django-3eb2e228"", ""requested_hydration"": ""auto"", ""symbol_collection_type"": ""LazySymbolList""}], ""sparse_by_file_calls"": 0, ""sparse_by_files_calls"": 0, ""sparse_by_id_calls"": 0, ""sparse_by_name_calls"": 0}, ""mtime_after_measure"": 1785370868232974500, ""mtime_after_warmup"": 1785370868232974500, ""mtime_before_measure"": 1785370868232974500, ""mtime_before_warmup"": 1785370868232974500, ""process_cpu_ms"": 15.625, ""runtime_distribution_version"": ""1.108.199"", ""target_policy"": ""middle stride target"", ""unsafe_global_partial_control"": false, ""wal_after_measure"": false, ""wal_after_warmup"": false, ""worker_pid"": 44820}"
django/django,django-3eb2e228,file_outline_single,cold_generation_safe_hybrid_screen,get_file_outline,target_file_symbols,generation_safe_hybrid,3,"{""file_path"": ""tests/custom_pk/fields.py"", ""repo"": ""local/django-3eb2e228""}",1,1,45561,2730,39505920,17.2769,13.4578,77.89476121294908,1,3100,126533632,127332352,798720,df2906c704091c500e1c733ddbbaa34fe1a6a1ae486b45a75be48ab642977878,274a1d494d11d87a1b767340d1f398f197810f93,2026-07-29T20:21:07.572944,1.108.207,c2201a55b6e1b0ea38043c514ab7bc3a372bad13,3369b1fcd5b12fcb1473031ec74bda8cc200d8860a09caa310c06e9f3ea8bf88,,1,wt-generation-safe-hybrid,87f0ef27d476ad303a854c40a984e645bf1074ff2207c8d112c741447dbbfcb2,"M src/jcodemunch_mcp/server.py
 M src/jcodemunch_mcp/storage/index_store.py
 M src/jcodemunch_mcp/storage/sqlite_store.py
 M src/jcodemunch_mcp/tools/check_references.py
 M src/jcodemunch_mcp/tools/find_references.py
 M src/jcodemunch_mcp/tools/get_blast_radius.py
 M src/jcodemunch_mcp/tools/get_churn_rate.py
 M src/jcodemunch_mcp/tools/get_file_outline.py
 M src/jcodemunch_mcp/tools/get_file_risk.py
 M src/jcodemunch_mcp/tools/get_file_tree.py
 M src/jcodemunch_mcp/tools/get_symbol_complexity.py
 M src/jcodemunch_mcp/tools/get_symbol_provenance.py
 M src/jcodemunch_mcp/tools/search_symbols.py
?? tests/test_generation_safe_hybrid.py","{""cache_entry_mtime_after_warmup"": null, ""cache_get_calls"": 0, ""cache_get_debug"": [], ""cache_get_hits"": 0, ""cache_key_present_after_warmup"": false, ""cache_policy"": ""cold"", ""cached_symbols_loaded_after_warmup"": true, ""hydration_trace"": {""lazy_ensure_calls"": 0, ""lazy_full_materializations"": 0, ""load_results"": [{""branch"": """", ""lazy_loaded_at_return"": false, ""repo"": ""local/django-3eb2e228"", ""requested_hydration"": ""auto"", ""symbol_collection_type"": ""LazySymbolList""}], ""sparse_by_file_calls"": 1, ""sparse_by_files_calls"": 0, ""sparse_by_id_calls"": 0, ""sparse_by_name_calls"": 0}, ""mtime_after_measure"": 1785370868232974500, ""mtime_after_warmup"": 1785370868232974500, ""mtime_before_measure"": 1785370868232974500, ""mtime_before_warmup"": 1785370868232974500, ""process_cpu_ms"": 15.625, ""runtime_distribution_version"": ""1.108.199"", ""target_policy"": ""middle stride target"", ""unsafe_global_partial_control"": false, ""wal_after_measure"": false, ""wal_after_warmup"": false, ""worker_pid"": 44820}"
django/django,django-3eb2e228,file_outline_single,cold_generation_safe_hybrid_screen,get_file_outline,target_file_symbols,baseline_full,3,"{""file_path"": ""tests/custom_pk/fields.py"", ""repo"": ""local/django-3eb2e228""}",1,2,45561,2730,39505920,513.0279,504.372,98.31278181946828,1,3101,348573696,377847808,29274112,df2906c704091c500e1c733ddbbaa34fe1a6a1ae486b45a75be48ab642977878,274a1d494d11d87a1b767340d1f398f197810f93,2026-07-29T20:21:07.572944,1.108.207,c2201a55b6e1b0ea38043c514ab7bc3a372bad13,3369b1fcd5b12fcb1473031ec74bda8cc200d8860a09caa310c06e9f3ea8bf88,,1,wt-1.108.207,e3b0c44298fc1c149afbf4c8996fb92427ae41e4649b934ca495991b7852b855,,"{""cache_entry_mtime_after_warmup"": 1785370868232974500, ""cache_get_calls"": 1, ""cache_get_debug"": [{""branch"": """", ""entry_mtime"": null, ""entry_present"": false, ""hit"": false, ""mtime_equal"": false, ""name"": ""django-3eb2e228"", ""owner"": ""local"", ""requested_mtime"": 1785370868232974500}], ""cache_get_hits"": 0, ""cache_key_present_after_warmup"": true, ""cache_policy"": ""cold"", ""cached_symbols_loaded_after_warmup"": true, ""hydration_trace"": {""lazy_ensure_calls"": 0, ""lazy_full_materializations"": 0, ""load_results"": [{""branch"": """", ""lazy_loaded_at_return"": null, ""repo"": ""local/django-3eb2e228"", ""requested_hydration"": ""auto"", ""symbol_collection_type"": ""list""}], ""sparse_by_file_calls"": 0, ""sparse_by_files_calls"": 0, ""sparse_by_id_calls"": 0, ""sparse_by_name_calls"": 0}, ""mtime_after_measure"": 1785370868232974500, ""mtime_after_warmup"": 1785370868232974500, ""mtime_before_measure"": 1785370868232974500, ""mtime_before_warmup"": 1785370868232974500, ""process_cpu_ms"": 515.625, ""runtime_distribution_version"": ""1.108.199"", ""target_policy"": ""middle stride target"", ""unsafe_global_partial_control"": false, ""wal_after_measure"": false, ""wal_after_warmup"": false, ""worker_pid"": 49336}"
django/django,django-3eb2e228,file_outline_batch,cold_generation_safe_hybrid_screen,get_file_outline,target_file_symbols,baseline_full,3,"{""file_paths"": [""tests/custom_pk/fields.py"", ""tests/custom_pk/models.py"", ""tests/custom_pk/tests.py""], ""repo"": ""local/django-3eb2e228""}",1,1,45561,2730,39505920,485.5394,468.8843,96.5697737402979,1,8343,348139520,378327040,30187520,816a0945b6efdea65bfee29fb83f509539751d1060279c8fe666a58cb7144562,274a1d494d11d87a1b767340d1f398f197810f93,2026-07-29T20:21:07.572944,1.108.207,c2201a55b6e1b0ea38043c514ab7bc3a372bad13,3369b1fcd5b12fcb1473031ec74bda8cc200d8860a09caa310c06e9f3ea8bf88,,1,wt-1.108.207,e3b0c44298fc1c149afbf4c8996fb92427ae41e4649b934ca495991b7852b855,,"{""cache_entry_mtime_after_warmup"": 1785370868232974500, ""cache_get_calls"": 1, ""cache_get_debug"": [{""branch"": """", ""entry_mtime"": null, ""entry_present"": false, ""hit"": false, ""mtime_equal"": false, ""name"": ""django-3eb2e228"", ""owner"": ""local"", ""requested_mtime"": 1785370868232974500}], ""cache_get_hits"": 0, ""cache_key_present_after_warmup"": true, ""cache_policy"": ""cold"", ""cached_symbols_loaded_after_warmup"": true, ""hydration_trace"": {""lazy_ensure_calls"": 0, ""lazy_full_materializations"": 0, ""load_results"": [{""branch"": """", ""lazy_loaded_at_return"": null, ""repo"": ""local/django-3eb2e228"", ""requested_hydration"": ""auto"", ""symbol_collection_type"": ""list""}], ""sparse_by_file_calls"": 0, ""sparse_by_files_calls"": 0, ""sparse_by_id_calls"": 0, ""sparse_by_name_calls"": 0}, ""mtime_after_measure"": 1785370868232974500, ""mtime_after_warmup"": 1785370868232974500, ""mtime_before_measure"": 1785370868232974500, ""mtime_before_warmup"": 1785370868232974500, ""process_cpu_ms"": 578.125, ""runtime_distribution_version"": ""1.108.199"", ""target_policy"": ""middle stride target"", ""unsafe_global_partial_control"": false, ""wal_after_measure"": false, ""wal_after_warmup"": false, ""worker_pid"": 49336}"
django/django,django-3eb2e228,file_outline_batch,cold_generation_safe_hybrid_screen,get_file_outline,target_file_symbols,generation_safe_hybrid,3,"{""file_paths"": [""tests/custom_pk/fields.py"", ""tests/custom_pk/models.py"", ""tests/custom_pk/tests.py""], ""repo"": ""local/django-3eb2e228""}",1,2,45561,2730,39505920,18.6511,13.9952,75.03686109666454,1,8342,126943232,127418368,475136,816a0945b6efdea65bfee29fb83f509539751d1060279c8fe666a58cb7144562,274a1d494d11d87a1b767340d1f398f197810f93,2026-07-29T20:21:07.572944,1.108.207,c2201a55b6e1b0ea38043c514ab7bc3a372bad13,3369b1fcd5b12fcb1473031ec74bda8cc200d8860a09caa310c06e9f3ea8bf88,,1,wt-generation-safe-hybrid,87f0ef27d476ad303a854c40a984e645bf1074ff2207c8d112c741447dbbfcb2,"M src/jcodemunch_mcp/server.py
 M src/jcodemunch_mcp/storage/index_store.py
 M src/jcodemunch_mcp/storage/sqlite_store.py
 M src/jcodemunch_mcp/tools/check_references.py
 M src/jcodemunch_mcp/tools/find_references.py
 M src/jcodemunch_mcp/tools/get_blast_radius.py
 M src/jcodemunch_mcp/tools/get_churn_rate.py
 M src/jcodemunch_mcp/tools/get_file_outline.py
 M src/jcodemunch_mcp/tools/get_file_risk.py
 M src/jcodemunch_mcp/tools/get_file_tree.py
 M src/jcodemunch_mcp/tools/get_symbol_complexity.py
 M src/jcodemunch_mcp/tools/get_symbol_provenance.py
 M src/jcodemunch_mcp/tools/search_symbols.py
?? tests/test_generation_safe_hybrid.py","{""cache_entry_mtime_after_warmup"": null, ""cache_get_calls"": 0, ""cache_get_debug"": [], ""cache_get_hits"": 0, ""cache_key_present_after_warmup"": false, ""cache_policy"": ""cold"", ""cached_symbols_loaded_after_warmup"": true, ""hydration_trace"": {""lazy_ensure_calls"": 0, ""lazy_full_materializations"": 0, ""load_results"": [{""branch"": """", ""lazy_loaded_at_return"": false, ""repo"": ""local/django-3eb2e228"", ""requested_hydration"": ""auto"", ""symbol_collection_type"": ""LazySymbolList""}], ""sparse_by_file_calls"": 3, ""sparse_by_files_calls"": 0, ""sparse_by_id_calls"": 0, ""sparse_by_name_calls"": 0}, ""mtime_after_measure"": 1785370868232974500, ""mtime_after_warmup"": 1785370868232974500, ""mtime_before_measure"": 1785370868232974500, ""mtime_before_warmup"": 1785370868232974500, ""process_cpu_ms"": 62.5, ""runtime_distribution_version"": ""1.108.199"", ""target_policy"": ""middle stride target"", ""unsafe_global_partial_control"": false, ""wal_after_measure"": false, ""wal_after_warmup"": false, ""worker_pid"": 44820}"
django/django,django-3eb2e228,symbol_complexity,cold_generation_safe_hybrid_screen,get_symbol_complexity,target_symbols,generation_safe_hybrid,3,"{""repo"": ""local/django-3eb2e228"", ""symbol_id"": ""tests/db_functions/comparison/test_nullif.py::NullIfTests.test_basic#method""}",1,1,45561,2730,39505920,15.0181,13.1782,87.74878313501708,1,481,127381504,127459328,77824,0b74ad3cb47b2d4083cd767406782977a9765e2a64c6e81406e3a9e2cfbf8c16,274a1d494d11d87a1b767340d1f398f197810f93,2026-07-29T20:21:07.572944,1.108.207,c2201a55b6e1b0ea38043c514ab7bc3a372bad13,3369b1fcd5b12fcb1473031ec74bda8cc200d8860a09caa310c06e9f3ea8bf88,,1,wt-generation-safe-hybrid,87f0ef27d476ad303a854c40a984e645bf1074ff2207c8d112c741447dbbfcb2,"M src/jcodemunch_mcp/server.py
 M src/jcodemunch_mcp/storage/index_store.py
 M src/jcodemunch_mcp/storage/sqlite_store.py
 M src/jcodemunch_mcp/tools/check_references.py
 M src/jcodemunch_mcp/tools/find_references.py
 M src/jcodemunch_mcp/tools/get_blast_radius.py
 M src/jcodemunch_mcp/tools/get_churn_rate.py
 M src/jcodemunch_mcp/tools/get_file_outline.py
 M src/jcodemunch_mcp/tools/get_file_risk.py
 M src/jcodemunch_mcp/tools/get_file_tree.py
 M src/jcodemunch_mcp/tools/get_symbol_complexity.py
 M src/jcodemunch_mcp/tools/get_symbol_provenance.py
 M src/jcodemunch_mcp/tools/search_symbols.py
?? tests/test_generation_safe_hybrid.py","{""cache_entry_mtime_after_warmup"": null, ""cache_get_calls"": 0, ""cache_get_debug"": [], ""cache_get_hits"": 0, ""cache_key_present_after_warmup"": false, ""cache_policy"": ""cold"", ""cached_symbols_loaded_after_warmup"": true, ""hydration_trace"": {""lazy_ensure_calls"": 0, ""lazy_full_materializations"": 0, ""load_results"": [{""branch"": """", ""lazy_loaded_at_return"": false, ""repo"": ""local/django-3eb2e228"", ""requested_hydration"": ""auto"", ""symbol_collection_type"": ""LazySymbolList""}], ""sparse_by_file_calls"": 0, ""sparse_by_files_calls"": 0, ""sparse_by_id_calls"": 1, ""sparse_by_name_calls"": 0}, ""mtime_after_measure"": 1785370868232974500, ""mtime_after_warmup"": 1785370868232974500, ""mtime_before_measure"": 1785370868232974500, ""mtime_before_warmup"": 1785370868232974500, ""process_cpu_ms"": 31.25, ""runtime_distribution_version"": ""1.108.199"", ""target_policy"": ""middle stride target"", ""unsafe_global_partial_control"": false, ""wal_after_measure"": false, ""wal_after_warmup"": false, ""worker_pid"": 44820}"
django/django,django-3eb2e228,symbol_complexity,cold_generation_safe_hybrid_screen,get_symbol_complexity,target_symbols,baseline_full,3,"{""repo"": ""local/django-3eb2e228"", ""symbol_id"": ""tests/db_functions/comparison/test_nullif.py::NullIfTests.test_basic#method""}",1,2,45561,2730,39505920,488.3136,484.4444,99.20764033604634,1,482,350048256,378208256,28160000,0b74ad3cb47b2d4083cd767406782977a9765e2a64c6e81406e3a9e2cfbf8c16,274a1d494d11d87a1b767340d1f398f197810f93,2026-07-29T20:21:07.572944,1.108.207,c2201a55b6e1b0ea38043c514ab7bc3a372bad13,3369b1fcd5b12fcb1473031ec74bda8cc200d8860a09caa310c06e9f3ea8bf88,,1,wt-1.108.207,e3b0c44298fc1c149afbf4c8996fb92427ae41e4649b934ca495991b7852b855,,"{""cache_entry_mtime_after_warmup"": 1785370868232974500, ""cache_get_calls"": 1, ""cache_get_debug"": [{""branch"": """", ""entry_mtime"": null, ""entry_present"": false, ""hit"": false, ""mtime_equal"": false, ""name"": ""django-3eb2e228"", ""owner"": ""local"", ""requested_mtime"": 1785370868232974500}], ""cache_get_hits"": 0, ""cache_key_present_after_warmup"": true, ""cache_policy"": ""cold"", ""cached_symbols_loaded_after_warmup"": true, ""hydration_trace"": {""lazy_ensure_calls"": 0, ""lazy_full_materializations"": 0, ""load_results"": [{""branch"": """", ""lazy_loaded_at_return"": null, ""repo"": ""local/django-3eb2e228"", ""requested_hydration"": ""auto"", ""symbol_collection_type"": ""list""}], ""sparse_by_file_calls"": 0, ""sparse_by_files_calls"": 0, ""sparse_by_id_calls"": 0, ""sparse_by_name_calls"": 0}, ""mtime_after_measure"": 1785370868232974500, ""mtime_after_warmup"": 1785370868232974500, ""mtime_before_measure"": 1785370868232974500, ""mtime_before_warmup"": 1785370868232974500, ""process_cpu_ms"": 484.375, ""runtime_distribution_version"": ""1.108.199"", ""target_policy"": ""middle stride target"", ""unsafe_global_partial_control"": false, ""wal_after_measure"": false, ""wal_after_warmup"": false, ""worker_pid"": 49336}"
django/django,django-3eb2e228,churn_symbol,cold_generation_safe_hybrid_screen,get_churn_rate,target_symbols,baseline_full,3,"{""days"": 30, ""repo"": ""local/django-3eb2e228"", ""target"": ""tests/db_functions/comparison/test_nullif.py::NullIfTests.test_basic#method""}",1,1,45561,2730,39505920,540.6753,469.6693,86.86716408165863,1,593,350134272,377835520,27701248,a94bb13d35c74f3bd63594b99032445bee3f0013cf62e523fac51e0e7147a5dc,274a1d494d11d87a1b767340d1f398f197810f93,2026-07-29T20:21:07.572944,1.108.207,c2201a55b6e1b0ea38043c514ab7bc3a372bad13,3369b1fcd5b12fcb1473031ec74bda8cc200d8860a09caa310c06e9f3ea8bf88,,1,wt-1.108.207,e3b0c44298fc1c149afbf4c8996fb92427ae41e4649b934ca495991b7852b855,,"{""cache_entry_mtime_after_warmup"": 1785370868232974500, ""cache_get_calls"": 1, ""cache_get_debug"": [{""branch"": """", ""entry_mtime"": null, ""entry_present"": false, ""hit"": false, ""mtime_equal"": false, ""name"": ""django-3eb2e228"", ""owner"": ""local"", ""requested_mtime"": 1785370868232974500}], ""cache_get_hits"": 0, ""cache_key_present_after_warmup"": true, ""cache_policy"": ""cold"", ""cached_symbols_loaded_after_warmup"": true, ""hydration_trace"": {""lazy_ensure_calls"": 0, ""lazy_full_materializations"": 0, ""load_results"": [{""branch"": """", ""lazy_loaded_at_return"": null, ""repo"": ""local/django-3eb2e228"", ""requested_hydration"": ""auto"", ""symbol_collection_type"": ""list""}], ""sparse_by_file_calls"": 0, ""sparse_by_files_calls"": 0, ""sparse_by_id_calls"": 0, ""sparse_by_name_calls"": 0}, ""mtime_after_measure"": 1785370868232974500, ""mtime_after_warmup"": 1785370868232974500, ""mtime_before_measure"": 1785370868232974500, ""mtime_before_warmup"": 1785370868232974500, ""process_cpu_ms"": 484.375, ""runtime_distribution_version"": ""1.108.199"", ""target_policy"": ""middle stride target"", ""unsafe_global_partial_control"": false, ""wal_after_measure"": false, ""wal_after_warmup"": false, ""worker_pid"": 49336}"
django/django,django-3eb2e228,churn_symbol,cold_generation_safe_hybrid_screen,get_churn_rate,target_symbols,generation_safe_hybrid,3,"{""days"": 30, ""repo"": ""local/django-3eb2e228"", ""target"": ""tests/db_functions/comparison/test_nullif.py::NullIfTests.test_basic#method""}",1,2,45561,2730,39505920,125.218,14.3086,11.426951396764043,1,593,127303680,127361024,57344,a94bb13d35c74f3bd63594b99032445bee3f0013cf62e523fac51e0e7147a5dc,274a1d494d11d87a1b767340d1f398f197810f93,2026-07-29T20:21:07.572944,1.108.207,c2201a55b6e1b0ea38043c514ab7bc3a372bad13,3369b1fcd5b12fcb1473031ec74bda8cc200d8860a09caa310c06e9f3ea8bf88,,1,wt-generation-safe-hybrid,87f0ef27d476ad303a854c40a984e645bf1074ff2207c8d112c741447dbbfcb2,"M src/jcodemunch_mcp/server.py
 M src/jcodemunch_mcp/storage/index_store.py
 M src/jcodemunch_mcp/storage/sqlite_store.py
 M src/jcodemunch_mcp/tools/check_references.py
 M src/jcodemunch_mcp/tools/find_references.py
 M src/jcodemunch_mcp/tools/get_blast_radius.py
 M src/jcodemunch_mcp/tools/get_churn_rate.py
 M src/jcodemunch_mcp/tools/get_file_outline.py
 M src/jcodemunch_mcp/tools/get_file_risk.py
 M src/jcodemunch_mcp/tools/get_file_tree.py
 M src/jcodemunch_mcp/tools/get_symbol_complexity.py
 M src/jcodemunch_mcp/tools/get_symbol_provenance.py
 M src/jcodemunch_mcp/tools/search_symbols.py
?? tests/test_generation_safe_hybrid.py","{""cache_entry_mtime_after_warmup"": null, ""cache_get_calls"": 0, ""cache_get_debug"": [], ""cache_get_hits"": 0, ""cache_key_present_after_warmup"": false, ""cache_policy"": ""cold"", ""cached_symbols_loaded_after_warmup"": true, ""hydration_trace"": {""lazy_ensure_calls"": 0, ""lazy_full_materializations"": 0, ""load_results"": [{""branch"": """", ""lazy_loaded_at_return"": false, ""repo"": ""local/django-3eb2e228"", ""requested_hydration"": ""auto"", ""symbol_collection_type"": ""LazySymbolList""}], ""sparse_by_file_calls"": 0, ""sparse_by_files_calls"": 0, ""sparse_by_id_calls"": 1, ""sparse_by_name_calls"": 0}, ""mtime_after_measure"": 1785370868232974500, ""mtime_after_warmup"": 1785370868232974500, ""mtime_before_measure"": 1785370868232974500, ""mtime_before_warmup"": 1785370868232974500, ""process_cpu_ms"": 62.5, ""runtime_distribution_version"": ""1.108.199"", ""target_policy"": ""middle stride target"", ""unsafe_global_partial_control"": false, ""wal_after_measure"": false, ""wal_after_warmup"": false, ""worker_pid"": 44820}"
django/django,django-3eb2e228,churn_file,cold_generation_safe_hybrid_screen,get_churn_rate,metadata,generation_safe_hybrid,3,"{""days"": 30, ""repo"": ""local/django-3eb2e228"", ""target"": ""tests/custom_pk/fields.py""}",1,1,45561,2730,39505920,78.4931,14.3782,18.317788442551,1,490,124317696,126992384,2674688,4486535779520e07a56ba67306384dbf39ba8ea1195cba8f8a7afb18403eca44,274a1d494d11d87a1b767340d1f398f197810f93,2026-07-29T20:21:07.572944,1.108.207,c2201a55b6e1b0ea38043c514ab7bc3a372bad13,3369b1fcd5b12fcb1473031ec74bda8cc200d8860a09caa310c06e9f3ea8bf88,,1,wt-generation-safe-hybrid,87f0ef27d476ad303a854c40a984e645bf1074ff2207c8d112c741447dbbfcb2,"M src/jcodemunch_mcp/server.py
 M src/jcodemunch_mcp/storage/index_store.py
 M src/jcodemunch_mcp/storage/sqlite_store.py
 M src/jcodemunch_mcp/tools/check_references.py
 M src/jcodemunch_mcp/tools/find_references.py
 M src/jcodemunch_mcp/tools/get_blast_radius.py
 M src/jcodemunch_mcp/tools/get_churn_rate.py
 M src/jcodemunch_mcp/tools/get_file_outline.py
 M src/jcodemunch_mcp/tools/get_file_risk.py
 M src/jcodemunch_mcp/tools/get_file_tree.py
 M src/jcodemunch_mcp/tools/get_symbol_complexity.py
 M src/jcodemunch_mcp/tools/get_symbol_provenance.py
 M src/jcodemunch_mcp/tools/search_symbols.py
?? tests/test_generation_safe_hybrid.py","{""cache_entry_mtime_after_warmup"": null, ""cache_get_calls"": 0, ""cache_get_debug"": [], ""cache_get_hits"": 0, ""cache_key_present_after_warmup"": false, ""cache_policy"": ""cold"", ""cached_symbols_loaded_after_warmup"": true, ""hydration_trace"": {""lazy_ensure_calls"": 0, ""lazy_full_materializations"": 0, ""load_results"": [{""branch"": """", ""lazy_loaded_at_return"": false, ""repo"": ""local/django-3eb2e228"", ""requested_hydration"": ""auto"", ""symbol_collection_type"": ""LazySymbolList""}], ""sparse_by_file_calls"": 0, ""sparse_by_files_calls"": 0, ""sparse_by_id_calls"": 1, ""sparse_by_name_calls"": 0}, ""mtime_after_measure"": 1785370868232974500, ""mtime_after_warmup"": 1785370868232974500, ""mtime_before_measure"": 1785370868232974500, ""mtime_before_warmup"": 1785370868232974500, ""process_cpu_ms"": 31.25, ""runtime_distribution_version"": ""1.108.199"", ""target_policy"": ""middle stride target"", ""unsafe_global_partial_control"": false, ""wal_after_measure"": false, ""wal_after_warmup"": false, ""worker_pid"": 44820}"
django/django,django-3eb2e228,churn_file,cold_generation_safe_hybrid_screen,get_churn_rate,metadata,baseline_full,3,"{""days"": 30, ""repo"": ""local/django-3eb2e228"", ""target"": ""tests/custom_pk/fields.py""}",1,2,45561,2730,39505920,544.2127,472.4325,86.81026738258772,1,491,351567872,378183680,26615808,4486535779520e07a56ba67306384dbf39ba8ea1195cba8f8a7afb18403eca44,274a1d494d11d87a1b767340d1f398f197810f93,2026-07-29T20:21:07.572944,1.108.207,c2201a55b6e1b0ea38043c514ab7bc3a372bad13,3369b1fcd5b12fcb1473031ec74bda8cc200d8860a09caa310c06e9f3ea8bf88,,1,wt-1.108.207,e3b0c44298fc1c149afbf4c8996fb92427ae41e4649b934ca495991b7852b855,,"{""cache_entry_mtime_after_warmup"": 1785370868232974500, ""cache_get_calls"": 1, ""cache_get_debug"": [{""branch"": """", ""entry_mtime"": null, ""entry_present"": false, ""hit"": false, ""mtime_equal"": false, ""name"": ""django-3eb2e228"", ""owner"": ""local"", ""requested_mtime"": 1785370868232974500}], ""cache_get_hits"": 0, ""cache_key_present_after_warmup"": true, ""cache_policy"": ""cold"", ""cached_symbols_loaded_after_warmup"": true, ""hydration_trace"": {""lazy_ensure_calls"": 0, ""lazy_full_materializations"": 0, ""load_results"": [{""branch"": """", ""lazy_loaded_at_return"": null, ""repo"": ""local/django-3eb2e228"", ""requested_hydration"": ""auto"", ""symbol_collection_type"": ""list""}], ""sparse_by_file_calls"": 0, ""sparse_by_files_calls"": 0, ""sparse_by_id_calls"": 0, ""sparse_by_name_calls"": 0}, ""mtime_after_measure"": 1785370868232974500, ""mtime_after_warmup"": 1785370868232974500, ""mtime_before_measure"": 1785370868232974500, ""mtime_before_warmup"": 1785370868232974500, ""process_cpu_ms"": 484.375, ""runtime_distribution_version"": ""1.108.199"", ""target_policy"": ""middle stride target"", ""unsafe_global_partial_control"": false, ""wal_after_measure"": false, ""wal_after_warmup"": false, ""worker_pid"": 49336}"
django/django,django-3eb2e228,symbol_provenance,cold_generation_safe_hybrid_screen,get_symbol_provenance,target_symbols,baseline_full,3,"{""max_commits"": 3, ""repo"": ""local/django-3eb2e228"", ""symbol"": ""tests/db_functions/comparison/test_nullif.py::NullIfTests.test_basic#method""}",1,1,45561,2730,39505920,573.6063,479.9578,83.67373231430687,1,1723,351752192,379383808,27631616,98c8d0dc0b0726131255eaa667f56385943d2732e6939dba476d9323ddd2d649,274a1d494d11d87a1b767340d1f398f197810f93,2026-07-29T20:21:07.572944,1.108.207,c2201a55b6e1b0ea38043c514ab7bc3a372bad13,3369b1fcd5b12fcb1473031ec74bda8cc200d8860a09caa310c06e9f3ea8bf88,,1,wt-1.108.207,e3b0c44298fc1c149afbf4c8996fb92427ae41e4649b934ca495991b7852b855,,"{""cache_entry_mtime_after_warmup"": 1785370868232974500, ""cache_get_calls"": 1, ""cache_get_debug"": [{""branch"": """", ""entry_mtime"": null, ""entry_present"": false, ""hit"": false, ""mtime_equal"": false, ""name"": ""django-3eb2e228"", ""owner"": ""local"", ""requested_mtime"": 1785370868232974500}], ""cache_get_hits"": 0, ""cache_key_present_after_warmup"": true, ""cache_policy"": ""cold"", ""cached_symbols_loaded_after_warmup"": true, ""hydration_trace"": {""lazy_ensure_calls"": 0, ""lazy_full_materializations"": 0, ""load_results"": [{""branch"": """", ""lazy_loaded_at_return"": null, ""repo"": ""local/django-3eb2e228"", ""requested_hydration"": ""auto"", ""symbol_collection_type"": ""list""}], ""sparse_by_file_calls"": 0, ""sparse_by_files_calls"": 0, ""sparse_by_id_calls"": 0, ""sparse_by_name_calls"": 0}, ""mtime_after_measure"": 1785370868232974500, ""mtime_after_warmup"": 1785370868232974500, ""mtime_before_measure"": 1785370868232974500, ""mtime_before_warmup"": 1785370868232974500, ""process_cpu_ms"": 531.25, ""runtime_distribution_version"": ""1.108.199"", ""target_policy"": ""middle stride target"", ""unsafe_global_partial_control"": false, ""wal_after_measure"": false, ""wal_after_warmup"": false, ""worker_pid"": 49336}"
django/django,django-3eb2e228,symbol_provenance,cold_generation_safe_hybrid_screen,get_symbol_provenance,target_symbols,generation_safe_hybrid,3,"{""max_commits"": 3, ""repo"": ""local/django-3eb2e228"", ""symbol"": ""tests/db_functions/comparison/test_nullif.py::NullIfTests.test_basic#method""}",1,2,45561,2730,39505920,54.4855,13.6989,25.1422855622138,1,1722,127086592,127299584,212992,98c8d0dc0b0726131255eaa667f56385943d2732e6939dba476d9323ddd2d649,274a1d494d11d87a1b767340d1f398f197810f93,2026-07-29T20:21:07.572944,1.108.207,c2201a55b6e1b0ea38043c514ab7bc3a372bad13,3369b1fcd5b12fcb1473031ec74bda8cc200d8860a09caa310c06e9f3ea8bf88,,1,wt-generation-safe-hybrid,87f0ef27d476ad303a854c40a984e645bf1074ff2207c8d112c741447dbbfcb2,"M src/jcodemunch_mcp/server.py
 M src/jcodemunch_mcp/storage/index_store.py
 M src/jcodemunch_mcp/storage/sqlite_store.py
 M src/jcodemunch_mcp/tools/check_references.py
 M src/jcodemunch_mcp/tools/find_references.py
 M src/jcodemunch_mcp/tools/get_blast_radius.py
 M src/jcodemunch_mcp/tools/get_churn_rate.py
 M src/jcodemunch_mcp/tools/get_file_outline.py
 M src/jcodemunch_mcp/tools/get_file_risk.py
 M src/jcodemunch_mcp/tools/get_file_tree.py
 M src/jcodemunch_mcp/tools/get_symbol_complexity.py
 M src/jcodemunch_mcp/tools/get_symbol_provenance.py
 M src/jcodemunch_mcp/tools/search_symbols.py
?? tests/test_generation_safe_hybrid.py","{""cache_entry_mtime_after_warmup"": null, ""cache_get_calls"": 0, ""cache_get_debug"": [], ""cache_get_hits"": 0, ""cache_key_present_after_warmup"": false, ""cache_policy"": ""cold"", ""cached_symbols_loaded_after_warmup"": true, ""hydration_trace"": {""lazy_ensure_calls"": 0, ""lazy_full_materializations"": 0, ""load_results"": [{""branch"": """", ""lazy_loaded_at_return"": false, ""repo"": ""local/django-3eb2e228"", ""requested_hydration"": ""auto"", ""symbol_collection_type"": ""LazySymbolList""}], ""sparse_by_file_calls"": 0, ""sparse_by_files_calls"": 0, ""sparse_by_id_calls"": 1, ""sparse_by_name_calls"": 0}, ""mtime_after_measure"": 1785370868232974500, ""mtime_after_warmup"": 1785370868232974500, ""mtime_before_measure"": 1785370868232974500, ""mtime_before_warmup"": 1785370868232974500, ""process_cpu_ms"": 15.625, ""runtime_distribution_version"": ""1.108.199"", ""target_policy"": ""middle stride target"", ""unsafe_global_partial_control"": false, ""wal_after_measure"": false, ""wal_after_warmup"": false, ""worker_pid"": 44820}"
django/django,django-3eb2e228,references_single,cold_generation_safe_hybrid_screen,find_references,all_files,generation_safe_hybrid,3,"{""identifier"": ""test_basic"", ""repo"": ""local/django-3eb2e228""}",1,1,45561,2730,39505920,22.9123,12.9756,56.6315908922282,1,371,127262720,129998848,2736128,d2e21df97856d9f2bdf993813cb54ef3d6f1d7c7b0fd1fca3f0dff2557dbd764,274a1d494d11d87a1b767340d1f398f197810f93,2026-07-29T20:21:07.572944,1.108.207,c2201a55b6e1b0ea38043c514ab7bc3a372bad13,3369b1fcd5b12fcb1473031ec74bda8cc200d8860a09caa310c06e9f3ea8bf88,,1,wt-generation-safe-hybrid,87f0ef27d476ad303a854c40a984e645bf1074ff2207c8d112c741447dbbfcb2,"M src/jcodemunch_mcp/server.py
 M src/jcodemunch_mcp/storage/index_store.py
 M src/jcodemunch_mcp/storage/sqlite_store.py
 M src/jcodemunch_mcp/tools/check_references.py
 M src/jcodemunch_mcp/tools/find_references.py
 M src/jcodemunch_mcp/tools/get_blast_radius.py
 M src/jcodemunch_mcp/tools/get_churn_rate.py
 M src/jcodemunch_mcp/tools/get_file_outline.py
 M src/jcodemunch_mcp/tools/get_file_risk.py
 M src/jcodemunch_mcp/tools/get_file_tree.py
 M src/jcodemunch_mcp/tools/get_symbol_complexity.py
 M src/jcodemunch_mcp/tools/get_symbol_provenance.py
 M src/jcodemunch_mcp/tools/search_symbols.py
?? tests/test_generation_safe_hybrid.py","{""cache_entry_mtime_after_warmup"": null, ""cache_get_calls"": 0, ""cache_get_debug"": [], ""cache_get_hits"": 0, ""cache_key_present_after_warmup"": false, ""cache_policy"": ""cold"", ""cached_symbols_loaded_after_warmup"": true, ""hydration_trace"": {""lazy_ensure_calls"": 0, ""lazy_full_materializations"": 0, ""load_results"": [{""branch"": """", ""lazy_loaded_at_return"": false, ""repo"": ""local/django-3eb2e228"", ""requested_hydration"": ""auto"", ""symbol_collection_type"": ""LazySymbolList""}], ""sparse_by_file_calls"": 0, ""sparse_by_files_calls"": 0, ""sparse_by_id_calls"": 0, ""sparse_by_name_calls"": 0}, ""mtime_after_measure"": 1785370868232974500, ""mtime_after_warmup"": 1785370868232974500, ""mtime_before_measure"": 1785370868232974500, ""mtime_before_warmup"": 1785370868232974500, ""process_cpu_ms"": 31.25, ""runtime_distribution_version"": ""1.108.199"", ""target_policy"": ""middle stride target"", ""unsafe_global_partial_control"": false, ""wal_after_measure"": false, ""wal_after_warmup"": false, ""worker_pid"": 44820}"
django/django,django-3eb2e228,references_single,cold_generation_safe_hybrid_screen,find_references,all_files,baseline_full,3,"{""identifier"": ""test_basic"", ""repo"": ""local/django-3eb2e228""}",1,2,45561,2730,39505920,487.0815,475.3935,97.60040157550635,1,372,354025472,381108224,27082752,d2e21df97856d9f2bdf993813cb54ef3d6f1d7c7b0fd1fca3f0dff2557dbd764,274a1d494d11d87a1b767340d1f398f197810f93,2026-07-29T20:21:07.572944,1.108.207,c2201a55b6e1b0ea38043c514ab7bc3a372bad13,3369b1fcd5b12fcb1473031ec74bda8cc200d8860a09caa310c06e9f3ea8bf88,,1,wt-1.108.207,e3b0c44298fc1c149afbf4c8996fb92427ae41e4649b934ca495991b7852b855,,"{""cache_entry_mtime_after_warmup"": 1785370868232974500, ""cache_get_calls"": 1, ""cache_get_debug"": [{""branch"": """", ""entry_mtime"": null, ""entry_present"": false, ""hit"": false, ""mtime_equal"": false, ""name"": ""django-3eb2e228"", ""owner"": ""local"", ""requested_mtime"": 1785569433048447400}], ""cache_get_hits"": 0, ""cache_key_present_after_warmup"": true, ""cache_policy"": ""cold"", ""cached_symbols_loaded_after_warmup"": true, ""hydration_trace"": {""lazy_ensure_calls"": 0, ""lazy_full_materializations"": 0, ""load_results"": [{""branch"": """", ""lazy_loaded_at_return"": null, ""repo"": ""local/django-3eb2e228"", ""requested_hydration"": ""auto"", ""symbol_collection_type"": ""list""}], ""sparse_by_file_calls"": 0, ""sparse_by_files_calls"": 0, ""sparse_by_id_calls"": 0, ""sparse_by_name_calls"": 0}, ""mtime_after_measure"": 1785569433565182400, ""mtime_after_warmup"": 1785569433048447400, ""mtime_before_measure"": 1785569433048447400, ""mtime_before_warmup"": 1785370868232974500, ""process_cpu_ms"": 484.375, ""runtime_distribution_version"": ""1.108.199"", ""target_policy"": ""middle stride target"", ""unsafe_global_partial_control"": false, ""wal_after_measure"": true, ""wal_after_warmup"": true, ""worker_pid"": 49336}"
django/django,django-3eb2e228,references_batch,cold_generation_safe_hybrid_screen,find_references,all_files,baseline_full,3,"{""identifiers"": [""test_basic"", ""test_null_argument"", ""test_too_few_args""], ""repo"": ""local/django-3eb2e228""}",1,1,45561,2730,39505920,484.7712,473.1951,97.61204873556845,1,363,356765696,380964864,24199168,257378b0f9d43f49a35856297efcd3e9afd630508b4ea436e8ef231a264aa753,274a1d494d11d87a1b767340d1f398f197810f93,2026-07-29T20:21:07.572944,1.108.207,c2201a55b6e1b0ea38043c514ab7bc3a372bad13,3369b1fcd5b12fcb1473031ec74bda8cc200d8860a09caa310c06e9f3ea8bf88,,1,wt-1.108.207,e3b0c44298fc1c149afbf4c8996fb92427ae41e4649b934ca495991b7852b855,,"{""cache_entry_mtime_after_warmup"": 1785370868232974500, ""cache_get_calls"": 1, ""cache_get_debug"": [{""branch"": """", ""entry_mtime"": null, ""entry_present"": false, ""hit"": false, ""mtime_equal"": false, ""name"": ""django-3eb2e228"", ""owner"": ""local"", ""requested_mtime"": 1785569434055440800}], ""cache_get_hits"": 0, ""cache_key_present_after_warmup"": true, ""cache_policy"": ""cold"", ""cached_symbols_loaded_after_warmup"": true, ""hydration_trace"": {""lazy_ensure_calls"": 0, ""lazy_full_materializations"": 0, ""load_results"": [{""branch"": """", ""lazy_loaded_at_return"": null, ""repo"": ""local/django-3eb2e228"", ""requested_hydration"": ""auto"", ""symbol_collection_type"": ""list""}], ""sparse_by_file_calls"": 0, ""sparse_by_files_calls"": 0, ""sparse_by_id_calls"": 0, ""sparse_by_name_calls"": 0}, ""mtime_after_measure"": 1785569434572426400, ""mtime_after_warmup"": 1785569434055440800, ""mtime_before_measure"": 1785569434055440800, ""mtime_before_warmup"": 1785569433565182400, ""process_cpu_ms"": 484.375, ""runtime_distribution_version"": ""1.108.199"", ""target_policy"": ""middle stride target"", ""unsafe_global_partial_control"": false, ""wal_after_measure"": true, ""wal_after_warmup"": true, ""worker_pid"": 49336}"
django/django,django-3eb2e228,references_batch,cold_generation_safe_hybrid_screen,find_references,all_files,generation_safe_hybrid,3,"{""identifiers"": [""test_basic"", ""test_null_argument"", ""test_too_few_args""], ""repo"": ""local/django-3eb2e228""}",1,2,45561,2730,39505920,22.8494,13.072,57.2093796773657,1,362,128647168,129937408,1290240,257378b0f9d43f49a35856297efcd3e9afd630508b4ea436e8ef231a264aa753,274a1d494d11d87a1b767340d1f398f197810f93,2026-07-29T20:21:07.572944,1.108.207,c2201a55b6e1b0ea38043c514ab7bc3a372bad13,3369b1fcd5b12fcb1473031ec74bda8cc200d8860a09caa310c06e9f3ea8bf88,,1,wt-generation-safe-hybrid,87f0ef27d476ad303a854c40a984e645bf1074ff2207c8d112c741447dbbfcb2,"M src/jcodemunch_mcp/server.py
 M src/jcodemunch_mcp/storage/index_store.py
 M src/jcodemunch_mcp/storage/sqlite_store.py
 M src/jcodemunch_mcp/tools/check_references.py
 M src/jcodemunch_mcp/tools/find_references.py
 M src/jcodemunch_mcp/tools/get_blast_radius.py
 M src/jcodemunch_mcp/tools/get_churn_rate.py
 M src/jcodemunch_mcp/tools/get_file_outline.py
 M src/jcodemunch_mcp/tools/get_file_risk.py
 M src/jcodemunch_mcp/tools/get_file_tree.py
 M src/jcodemunch_mcp/tools/get_symbol_complexity.py
 M src/jcodemunch_mcp/tools/get_symbol_provenance.py
 M src/jcodemunch_mcp/tools/search_symbols.py
?? tests/test_generation_safe_hybrid.py","{""cache_entry_mtime_after_warmup"": null, ""cache_get_calls"": 0, ""cache_get_debug"": [], ""cache_get_hits"": 0, ""cache_key_present_after_warmup"": false, ""cache_policy"": ""cold"", ""cached_symbols_loaded_after_warmup"": true, ""hydration_trace"": {""lazy_ensure_calls"": 0, ""lazy_full_materializations"": 0, ""load_results"": [{""branch"": """", ""lazy_loaded_at_return"": false, ""repo"": ""local/django-3eb2e228"", ""requested_hydration"": ""auto"", ""symbol_collection_type"": ""LazySymbolList""}], ""sparse_by_file_calls"": 0, ""sparse_by_files_calls"": 0, ""sparse_by_id_calls"": 0, ""sparse_by_name_calls"": 0}, ""mtime_after_measure"": 1785370868232974500, ""mtime_after_warmup"": 1785370868232974500, ""mtime_before_measure"": 1785370868232974500, ""mtime_before_warmup"": 1785569434572426400, ""process_cpu_ms"": 31.25, ""runtime_distribution_version"": ""1.108.199"", ""target_policy"": ""middle stride target"", ""unsafe_global_partial_control"": false, ""wal_after_measure"": false, ""wal_after_warmup"": false, ""worker_pid"": 44820}"
django/django,django-3eb2e228,references_call_chain,cold_generation_safe_hybrid_screen,find_references,reference_call_chain,generation_safe_hybrid,3,"{""identifier"": ""test_basic"", ""include_call_chain"": true, ""repo"": ""local/django-3eb2e228""}",1,1,45561,2730,39505920,22.7315,12.9032,56.7635219849108,1,371,130658304,131272704,614400,d2e21df97856d9f2bdf993813cb54ef3d6f1d7c7b0fd1fca3f0dff2557dbd764,274a1d494d11d87a1b767340d1f398f197810f93,2026-07-29T20:21:07.572944,1.108.207,c2201a55b6e1b0ea38043c514ab7bc3a372bad13,3369b1fcd5b12fcb1473031ec74bda8cc200d8860a09caa310c06e9f3ea8bf88,,1,wt-generation-safe-hybrid,87f0ef27d476ad303a854c40a984e645bf1074ff2207c8d112c741447dbbfcb2,"M src/jcodemunch_mcp/server.py
 M src/jcodemunch_mcp/storage/index_store.py
 M src/jcodemunch_mcp/storage/sqlite_store.py
 M src/jcodemunch_mcp/tools/check_references.py
 M src/jcodemunch_mcp/tools/find_references.py
 M src/jcodemunch_mcp/tools/get_blast_radius.py
 M src/jcodemunch_mcp/tools/get_churn_rate.py
 M src/jcodemunch_mcp/tools/get_file_outline.py
 M src/jcodemunch_mcp/tools/get_file_risk.py
 M src/jcodemunch_mcp/tools/get_file_tree.py
 M src/jcodemunch_mcp/tools/get_symbol_complexity.py
 M src/jcodemunch_mcp/tools/get_symbol_provenance.py
 M src/jcodemunch_mcp/tools/search_symbols.py
?? tests/test_generation_safe_hybrid.py","{""cache_entry_mtime_after_warmup"": null, ""cache_get_calls"": 0, ""cache_get_debug"": [], ""cache_get_hits"": 0, ""cache_key_present_after_warmup"": false, ""cache_policy"": ""cold"", ""cached_symbols_loaded_after_warmup"": true, ""hydration_trace"": {""lazy_ensure_calls"": 0, ""lazy_full_materializations"": 0, ""load_results"": [{""branch"": """", ""lazy_loaded_at_return"": false, ""repo"": ""local/django-3eb2e228"", ""requested_hydration"": ""auto"", ""symbol_collection_type"": ""LazySymbolList""}], ""sparse_by_file_calls"": 0, ""sparse_by_files_calls"": 0, ""sparse_by_id_calls"": 0, ""sparse_by_name_calls"": 0}, ""mtime_after_measure"": 1785370868232974500, ""mtime_after_warmup"": 1785370868232974500, ""mtime_before_measure"": 1785370868232974500, ""mtime_before_warmup"": 1785370868232974500, ""process_cpu_ms"": 31.25, ""runtime_distribution_version"": ""1.108.199"", ""target_policy"": ""middle stride target"", ""unsafe_global_partial_control"": false, ""wal_after_measure"": false, ""wal_after_warmup"": false, ""worker_pid"": 44820}"
django/django,django-3eb2e228,references_call_chain,cold_generation_safe_hybrid_screen,find_references,reference_call_chain,baseline_full,3,"{""identifier"": ""test_basic"", ""include_call_chain"": true, ""repo"": ""local/django-3eb2e228""}",1,2,45561,2730,39505920,485.6329,473.8826,97.580415165447,1,372,357150720,382418944,25268224,d2e21df97856d9f2bdf993813cb54ef3d6f1d7c7b0fd1fca3f0dff2557dbd764,274a1d494d11d87a1b767340d1f398f197810f93,2026-07-29T20:21:07.572944,1.108.207,c2201a55b6e1b0ea38043c514ab7bc3a372bad13,3369b1fcd5b12fcb1473031ec74bda8cc200d8860a09caa310c06e9f3ea8bf88,,1,wt-1.108.207,e3b0c44298fc1c149afbf4c8996fb92427ae41e4649b934ca495991b7852b855,,"{""cache_entry_mtime_after_warmup"": 1785370868232974500, ""cache_get_calls"": 1, ""cache_get_debug"": [{""branch"": """", ""entry_mtime"": null, ""entry_present"": false, ""hit"": false, ""mtime_equal"": false, ""name"": ""django-3eb2e228"", ""owner"": ""local"", ""requested_mtime"": 1785569435204898500}], ""cache_get_hits"": 0, ""cache_key_present_after_warmup"": true, ""cache_policy"": ""cold"", ""cached_symbols_loaded_after_warmup"": true, ""hydration_trace"": {""lazy_ensure_calls"": 0, ""lazy_full_materializations"": 0, ""load_results"": [{""branch"": """", ""lazy_loaded_at_return"": null, ""repo"": ""local/django-3eb2e228"", ""requested_hydration"": ""auto"", ""symbol_collection_type"": ""list""}], ""sparse_by_file_calls"": 0, ""sparse_by_files_calls"": 0, ""sparse_by_id_calls"": 0, ""sparse_by_name_calls"": 0}, ""mtime_after_measure"": 1785569435723088000, ""mtime_after_warmup"": 1785569435204898500, ""mtime_before_measure"": 1785569435204898500, ""mtime_before_warmup"": 1785370868232974500, ""process_cpu_ms"": 484.375, ""runtime_distribution_version"": ""1.108.199"", ""target_policy"": ""middle stride target"", ""unsafe_global_partial_control"": false, ""wal_after_measure"": true, ""wal_after_warmup"": true, ""worker_pid"": 49336}"
django/django,django-3eb2e228,importers_single,cold_generation_safe_hybrid_screen,find_importers,all_files,baseline_full,3,"{""cross_repo"": false, ""file_path"": ""tests/custom_pk/fields.py"", ""repo"": ""local/django-3eb2e228""}",1,1,45561,2730,39505920,984.3813,472.1288,47.96198383695424,1,400,354508800,381935616,27426816,863b5b9fdf4a6a581815b5f683c601cca522dddf17001b82a52836f76d70afd2,274a1d494d11d87a1b767340d1f398f197810f93,2026-07-29T20:21:07.572944,1.108.207,c2201a55b6e1b0ea38043c514ab7bc3a372bad13,3369b1fcd5b12fcb1473031ec74bda8cc200d8860a09caa310c06e9f3ea8bf88,,1,wt-1.108.207,e3b0c44298fc1c149afbf4c8996fb92427ae41e4649b934ca495991b7852b855,,"{""cache_entry_mtime_after_warmup"": 1785370868232974500, ""cache_get_calls"": 1, ""cache_get_debug"": [{""branch"": """", ""entry_mtime"": null, ""entry_present"": false, ""hit"": false, ""mtime_equal"": false, ""name"": ""django-3eb2e228"", ""owner"": ""local"", ""requested_mtime"": 1785370868232974500}], ""cache_get_hits"": 0, ""cache_key_present_after_warmup"": true, ""cache_policy"": ""cold"", ""cached_symbols_loaded_after_warmup"": true, ""hydration_trace"": {""lazy_ensure_calls"": 0, ""lazy_full_materializations"": 0, ""load_results"": [{""branch"": """", ""lazy_loaded_at_return"": null, ""repo"": ""local/django-3eb2e228"", ""requested_hydration"": ""auto"", ""symbol_collection_type"": ""list""}], ""sparse_by_file_calls"": 0, ""sparse_by_files_calls"": 0, ""sparse_by_id_calls"": 0, ""sparse_by_name_calls"": 0}, ""mtime_after_measure"": 1785370868232974500, ""mtime_after_warmup"": 1785370868232974500, ""mtime_before_measure"": 1785370868232974500, ""mtime_before_warmup"": 1785569435723088000, ""process_cpu_ms"": 984.375, ""runtime_distribution_version"": ""1.108.199"", ""target_policy"": ""middle stride target"", ""unsafe_global_partial_control"": false, ""wal_after_measure"": false, ""wal_after_warmup"": false, ""worker_pid"": 49336}"
django/django,django-3eb2e228,importers_single,cold_generation_safe_hybrid_screen,find_importers,all_files,generation_safe_hybrid,3,"{""cross_repo"": false, ""file_path"": ""tests/custom_pk/fields.py"", ""repo"": ""local/django-3eb2e228""}",1,2,45561,2730,39505920,516.682,13.7329,2.6579017654959918,1,400,130809856,131444736,634880,863b5b9fdf4a6a581815b5f683c601cca522dddf17001b82a52836f76d70afd2,274a1d494d11d87a1b767340d1f398f197810f93,2026-07-29T20:21:07.572944,1.108.207,c2201a55b6e1b0ea38043c514ab7bc3a372bad13,3369b1fcd5b12fcb1473031ec74bda8cc200d8860a09caa310c06e9f3ea8bf88,,1,wt-generation-safe-hybrid,87f0ef27d476ad303a854c40a984e645bf1074ff2207c8d112c741447dbbfcb2,"M src/jcodemunch_mcp/server.py
 M src/jcodemunch_mcp/storage/index_store.py
 M src/jcodemunch_mcp/storage/sqlite_store.py
 M src/jcodemunch_mcp/tools/check_references.py
 M src/jcodemunch_mcp/tools/find_references.py
 M src/jcodemunch_mcp/tools/get_blast_radius.py
 M src/jcodemunch_mcp/tools/get_churn_rate.py
 M src/jcodemunch_mcp/tools/get_file_outline.py
 M src/jcodemunch_mcp/tools/get_file_risk.py
 M src/jcodemunch_mcp/tools/get_file_tree.py
 M src/jcodemunch_mcp/tools/get_symbol_complexity.py
 M src/jcodemunch_mcp/tools/get_symbol_provenance.py
 M src/jcodemunch_mcp/tools/search_symbols.py
?? tests/test_generation_safe_hybrid.py","{""cache_entry_mtime_after_warmup"": null, ""cache_get_calls"": 0, ""cache_get_debug"": [], ""cache_get_hits"": 0, ""cache_key_present_after_warmup"": false, ""cache_policy"": ""cold"", ""cached_symbols_loaded_after_warmup"": true, ""hydration_trace"": {""lazy_ensure_calls"": 0, ""lazy_full_materializations"": 0, ""load_results"": [{""branch"": """", ""lazy_loaded_at_return"": false, ""repo"": ""local/django-3eb2e228"", ""requested_hydration"": ""auto"", ""symbol_collection_type"": ""LazySymbolList""}], ""sparse_by_file_calls"": 0, ""sparse_by_files_calls"": 0, ""sparse_by_id_calls"": 0, ""sparse_by_name_calls"": 0}, ""mtime_after_measure"": 1785370868232974500, ""mtime_after_warmup"": 1785370868232974500, ""mtime_before_measure"": 1785370868232974500, ""mtime_before_warmup"": 1785370868232974500, ""process_cpu_ms"": 515.625, ""runtime_distribution_version"": ""1.108.199"", ""target_policy"": ""middle stride target"", ""unsafe_global_partial_control"": false, ""wal_after_measure"": false, ""wal_after_warmup"": false, ""worker_pid"": 44820}"
django/django,django-3eb2e228,importers_batch,cold_generation_safe_hybrid_screen,find_importers,all_files,generation_safe_hybrid,3,"{""cross_repo"": false, ""file_paths"": [""tests/custom_pk/fields.py"", ""tests/custom_pk/models.py"", ""tests/custom_pk/tests.py""], ""repo"": ""local/django-3eb2e228""}",1,1,45561,2730,39505920,518.4624,13.3303,2.571121840272313,1,383,130887680,131776512,888832,f38a3690b681f85ac740083fc0c209f33ff5f2bbe186887d51e1d8a027a29a4b,274a1d494d11d87a1b767340d1f398f197810f93,2026-07-29T20:21:07.572944,1.108.207,c2201a55b6e1b0ea38043c514ab7bc3a372bad13,3369b1fcd5b12fcb1473031ec74bda8cc200d8860a09caa310c06e9f3ea8bf88,,1,wt-generation-safe-hybrid,87f0ef27d476ad303a854c40a984e645bf1074ff2207c8d112c741447dbbfcb2,"M src/jcodemunch_mcp/server.py
 M src/jcodemunch_mcp/storage/index_store.py
 M src/jcodemunch_mcp/storage/sqlite_store.py
 M src/jcodemunch_mcp/tools/check_references.py
 M src/jcodemunch_mcp/tools/find_references.py
 M src/jcodemunch_mcp/tools/get_blast_radius.py
 M src/jcodemunch_mcp/tools/get_churn_rate.py
 M src/jcodemunch_mcp/tools/get_file_outline.py
 M src/jcodemunch_mcp/tools/get_file_risk.py
 M src/jcodemunch_mcp/tools/get_file_tree.py
 M src/jcodemunch_mcp/tools/get_symbol_complexity.py
 M src/jcodemunch_mcp/tools/get_symbol_provenance.py
 M src/jcodemunch_mcp/tools/search_symbols.py
?? tests/test_generation_safe_hybrid.py","{""cache_entry_mtime_after_warmup"": null, ""cache_get_calls"": 0, ""cache_get_debug"": [], ""cache_get_hits"": 0, ""cache_key_present_after_warmup"": false, ""cache_policy"": ""cold"", ""cached_symbols_loaded_after_warmup"": true, ""hydration_trace"": {""lazy_ensure_calls"": 0, ""lazy_full_materializations"": 0, ""load_results"": [{""branch"": """", ""lazy_loaded_at_return"": false, ""repo"": ""local/django-3eb2e228"", ""requested_hydration"": ""auto"", ""symbol_collection_type"": ""LazySymbolList""}], ""sparse_by_file_calls"": 0, ""sparse_by_files_calls"": 0, ""sparse_by_id_calls"": 0, ""sparse_by_name_calls"": 0}, ""mtime_after_measure"": 1785370868232974500, ""mtime_after_warmup"": 1785370868232974500, ""mtime_before_measure"": 1785370868232974500, ""mtime_before_warmup"": 1785370868232974500, ""process_cpu_ms"": 515.625, ""runtime_distribution_version"": ""1.108.199"", ""target_policy"": ""middle stride target"", ""unsafe_global_partial_control"": false, ""wal_after_measure"": false, ""wal_after_warmup"": false, ""worker_pid"": 44820}"
django/django,django-3eb2e228,importers_batch,cold_generation_safe_hybrid_screen,find_importers,all_files,baseline_full,3,"{""cross_repo"": false, ""file_paths"": [""tests/custom_pk/fields.py"", ""tests/custom_pk/models.py"", ""tests/custom_pk/tests.py""], ""repo"": ""local/django-3eb2e228""}",1,2,45561,2730,39505920,1003.1201,471.9813,47.051325160367135,1,384,357613568,380891136,23277568,f38a3690b681f85ac740083fc0c209f33ff5f2bbe186887d51e1d8a027a29a4b,274a1d494d11d87a1b767340d1f398f197810f93,2026-07-29T20:21:07.572944,1.108.207,c2201a55b6e1b0ea38043c514ab7bc3a372bad13,3369b1fcd5b12fcb1473031ec74bda8cc200d8860a09caa310c06e9f3ea8bf88,,1,wt-1.108.207,e3b0c44298fc1c149afbf4c8996fb92427ae41e4649b934ca495991b7852b855,,"{""cache_entry_mtime_after_warmup"": 1785370868232974500, ""cache_get_calls"": 1, ""cache_get_debug"": [{""branch"": """", ""entry_mtime"": null, ""entry_present"": false, ""hit"": false, ""mtime_equal"": false, ""name"": ""django-3eb2e228"", ""owner"": ""local"", ""requested_mtime"": 1785370868232974500}], ""cache_get_hits"": 0, ""cache_key_present_after_warmup"": true, ""cache_policy"": ""cold"", ""cached_symbols_loaded_after_warmup"": true, ""hydration_trace"": {""lazy_ensure_calls"": 0, ""lazy_full_materializations"": 0, ""load_results"": [{""branch"": """", ""lazy_loaded_at_return"": null, ""repo"": ""local/django-3eb2e228"", ""requested_hydration"": ""auto"", ""symbol_collection_type"": ""list""}], ""sparse_by_file_calls"": 0, ""sparse_by_files_calls"": 0, ""sparse_by_id_calls"": 0, ""sparse_by_name_calls"": 0}, ""mtime_after_measure"": 1785370868232974500, ""mtime_after_warmup"": 1785370868232974500, ""mtime_before_measure"": 1785370868232974500, ""mtime_before_warmup"": 1785370868232974500, ""process_cpu_ms"": 1015.625, ""runtime_distribution_version"": ""1.108.199"", ""target_policy"": ""middle stride target"", ""unsafe_global_partial_control"": false, ""wal_after_measure"": false, ""wal_after_warmup"": false, ""worker_pid"": 49336}"
django/django,django-3eb2e228,check_refs_single_imports,cold_generation_safe_hybrid_screen,check_references,all_files_definitions,baseline_full,3,"{""identifier"": ""test_basic"", ""repo"": ""local/django-3eb2e228"", ""search_content"": false}",1,1,45561,2730,39505920,490.9708,472.1298,96.16250090636754,1,236,358838272,380411904,21573632,147abbc280d4da24f240e262967c517dbaee4cc73504b11319a274dfb5b30026,274a1d494d11d87a1b767340d1f398f197810f93,2026-07-29T20:21:07.572944,1.108.207,c2201a55b6e1b0ea38043c514ab7bc3a372bad13,3369b1fcd5b12fcb1473031ec74bda8cc200d8860a09caa310c06e9f3ea8bf88,,1,wt-1.108.207,e3b0c44298fc1c149afbf4c8996fb92427ae41e4649b934ca495991b7852b855,,"{""cache_entry_mtime_after_warmup"": 1785370868232974500, ""cache_get_calls"": 1, ""cache_get_debug"": [{""branch"": """", ""entry_mtime"": null, ""entry_present"": false, ""hit"": false, ""mtime_equal"": false, ""name"": ""django-3eb2e228"", ""owner"": ""local"", ""requested_mtime"": 1785370868232974500}], ""cache_get_hits"": 0, ""cache_key_present_after_warmup"": true, ""cache_policy"": ""cold"", ""cached_symbols_loaded_after_warmup"": true, ""hydration_trace"": {""lazy_ensure_calls"": 0, ""lazy_full_materializations"": 0, ""load_results"": [{""branch"": """", ""lazy_loaded_at_return"": null, ""repo"": ""local/django-3eb2e228"", ""requested_hydration"": ""auto"", ""symbol_collection_type"": ""list""}], ""sparse_by_file_calls"": 0, ""sparse_by_files_calls"": 0, ""sparse_by_id_calls"": 0, ""sparse_by_name_calls"": 0}, ""mtime_after_measure"": 1785370868232974500, ""mtime_after_warmup"": 1785370868232974500, ""mtime_before_measure"": 1785370868232974500, ""mtime_before_warmup"": 1785370868232974500, ""process_cpu_ms"": 500.0, ""runtime_distribution_version"": ""1.108.199"", ""target_policy"": ""middle stride target"", ""unsafe_global_partial_control"": false, ""wal_after_measure"": false, ""wal_after_warmup"": false, ""worker_pid"": 49336}"
django/django,django-3eb2e228,check_refs_single_imports,cold_generation_safe_hybrid_screen,check_references,all_files_definitions,generation_safe_hybrid,3,"{""identifier"": ""test_basic"", ""repo"": ""local/django-3eb2e228"", ""search_content"": false}",1,2,45561,2730,39505920,36.7256,14.0826,38.34545929814625,1,235,129069056,129445888,376832,147abbc280d4da24f240e262967c517dbaee4cc73504b11319a274dfb5b30026,274a1d494d11d87a1b767340d1f398f197810f93,2026-07-29T20:21:07.572944,1.108.207,c2201a55b6e1b0ea38043c514ab7bc3a372bad13,3369b1fcd5b12fcb1473031ec74bda8cc200d8860a09caa310c06e9f3ea8bf88,,1,wt-generation-safe-hybrid,87f0ef27d476ad303a854c40a984e645bf1074ff2207c8d112c741447dbbfcb2,"M src/jcodemunch_mcp/server.py
 M src/jcodemunch_mcp/storage/index_store.py
 M src/jcodemunch_mcp/storage/sqlite_store.py
 M src/jcodemunch_mcp/tools/check_references.py
 M src/jcodemunch_mcp/tools/find_references.py
 M src/jcodemunch_mcp/tools/get_blast_radius.py
 M src/jcodemunch_mcp/tools/get_churn_rate.py
 M src/jcodemunch_mcp/tools/get_file_outline.py
 M src/jcodemunch_mcp/tools/get_file_risk.py
 M src/jcodemunch_mcp/tools/get_file_tree.py
 M src/jcodemunch_mcp/tools/get_symbol_complexity.py
 M src/jcodemunch_mcp/tools/get_symbol_provenance.py
 M src/jcodemunch_mcp/tools/search_symbols.py
?? tests/test_generation_safe_hybrid.py","{""cache_entry_mtime_after_warmup"": null, ""cache_get_calls"": 0, ""cache_get_debug"": [], ""cache_get_hits"": 0, ""cache_key_present_after_warmup"": false, ""cache_policy"": ""cold"", ""cached_symbols_loaded_after_warmup"": true, ""hydration_trace"": {""lazy_ensure_calls"": 0, ""lazy_full_materializations"": 0, ""load_results"": [{""branch"": """", ""lazy_loaded_at_return"": false, ""repo"": ""local/django-3eb2e228"", ""requested_hydration"": ""auto"", ""symbol_collection_type"": ""LazySymbolList""}], ""sparse_by_file_calls"": 0, ""sparse_by_files_calls"": 0, ""sparse_by_id_calls"": 0, ""sparse_by_name_calls"": 1}, ""mtime_after_measure"": 1785370868232974500, ""mtime_after_warmup"": 1785370868232974500, ""mtime_before_measure"": 1785370868232974500, ""mtime_before_warmup"": 1785370868232974500, ""process_cpu_ms"": 31.25, ""runtime_distribution_version"": ""1.108.199"", ""target_policy"": ""middle stride target"", ""unsafe_global_partial_control"": false, ""wal_after_measure"": false, ""wal_after_warmup"": false, ""worker_pid"": 44820}"
django/django,django-3eb2e228,check_refs_batch_imports,cold_generation_safe_hybrid_screen,check_references,all_files_definitions,generation_safe_hybrid,3,"{""identifiers"": [""test_basic"", ""test_null_argument"", ""test_too_few_args""], ""repo"": ""local/django-3eb2e228"", ""search_content"": false}",1,1,45561,2730,39505920,56.0426,13.8622,24.735112218205437,1,396,129318912,129503232,184320,e75d77632f568297c93612e4c4db4c8ae5eac50c2996ade37ffe6db582bdfdc0,274a1d494d11d87a1b767340d1f398f197810f93,2026-07-29T20:21:07.572944,1.108.207,c2201a55b6e1b0ea38043c514ab7bc3a372bad13,3369b1fcd5b12fcb1473031ec74bda8cc200d8860a09caa310c06e9f3ea8bf88,,1,wt-generation-safe-hybrid,87f0ef27d476ad303a854c40a984e645bf1074ff2207c8d112c741447dbbfcb2,"M src/jcodemunch_mcp/server.py
 M src/jcodemunch_mcp/storage/index_store.py
 M src/jcodemunch_mcp/storage/sqlite_store.py
 M src/jcodemunch_mcp/tools/check_references.py
 M src/jcodemunch_mcp/tools/find_references.py
 M src/jcodemunch_mcp/tools/get_blast_radius.py
 M src/jcodemunch_mcp/tools/get_churn_rate.py
 M src/jcodemunch_mcp/tools/get_file_outline.py
 M src/jcodemunch_mcp/tools/get_file_risk.py
 M src/jcodemunch_mcp/tools/get_file_tree.py
 M src/jcodemunch_mcp/tools/get_symbol_complexity.py
 M src/jcodemunch_mcp/tools/get_symbol_provenance.py
 M src/jcodemunch_mcp/tools/search_symbols.py
?? tests/test_generation_safe_hybrid.py","{""cache_entry_mtime_after_warmup"": null, ""cache_get_calls"": 0, ""cache_get_debug"": [], ""cache_get_hits"": 0, ""cache_key_present_after_warmup"": false, ""cache_policy"": ""cold"", ""cached_symbols_loaded_after_warmup"": true, ""hydration_trace"": {""lazy_ensure_calls"": 0, ""lazy_full_materializations"": 0, ""load_results"": [{""branch"": """", ""lazy_loaded_at_return"": false, ""repo"": ""local/django-3eb2e228"", ""requested_hydration"": ""auto"", ""symbol_collection_type"": ""LazySymbolList""}], ""sparse_by_file_calls"": 0, ""sparse_by_files_calls"": 0, ""sparse_by_id_calls"": 0, ""sparse_by_name_calls"": 3}, ""mtime_after_measure"": 1785370868232974500, ""mtime_after_warmup"": 1785370868232974500, ""mtime_before_measure"": 1785370868232974500, ""mtime_before_warmup"": 1785370868232974500, ""process_cpu_ms"": 93.75, ""runtime_distribution_version"": ""1.108.199"", ""target_policy"": ""middle stride target"", ""unsafe_global_partial_control"": false, ""wal_after_measure"": false, ""wal_after_warmup"": false, ""worker_pid"": 44820}"
django/django,django-3eb2e228,check_refs_batch_imports,cold_generation_safe_hybrid_screen,check_references,all_files_definitions,baseline_full,3,"{""identifiers"": [""test_basic"", ""test_null_argument"", ""test_too_few_args""], ""repo"": ""local/django-3eb2e228"", ""search_content"": false}",1,2,45561,2730,39505920,516.8381,476.1624,92.12989522250777,1,397,358572032,382459904,23887872,e75d77632f568297c93612e4c4db4c8ae5eac50c2996ade37ffe6db582bdfdc0,274a1d494d11d87a1b767340d1f398f197810f93,2026-07-29T20:21:07.572944,1.108.207,c2201a55b6e1b0ea38043c514ab7bc3a372bad13,3369b1fcd5b12fcb1473031ec74bda8cc200d8860a09caa310c06e9f3ea8bf88,,1,wt-1.108.207,e3b0c44298fc1c149afbf4c8996fb92427ae41e4649b934ca495991b7852b855,,"{""cache_entry_mtime_after_warmup"": 1785370868232974500, ""cache_get_calls"": 1, ""cache_get_debug"": [{""branch"": """", ""entry_mtime"": null, ""entry_present"": false, ""hit"": false, ""mtime_equal"": false, ""name"": ""django-3eb2e228"", ""owner"": ""local"", ""requested_mtime"": 1785370868232974500}], ""cache_get_hits"": 0, ""cache_key_present_after_warmup"": true, ""cache_policy"": ""cold"", ""cached_symbols_loaded_after_warmup"": true, ""hydration_trace"": {""lazy_ensure_calls"": 0, ""lazy_full_materializations"": 0, ""load_results"": [{""branch"": """", ""lazy_loaded_at_return"": null, ""repo"": ""local/django-3eb2e228"", ""requested_hydration"": ""auto"", ""symbol_collection_type"": ""list""}], ""sparse_by_file_calls"": 0, ""sparse_by_files_calls"": 0, ""sparse_by_id_calls"": 0, ""sparse_by_name_calls"": 0}, ""mtime_after_measure"": 1785370868232974500, ""mtime_after_warmup"": 1785370868232974500, ""mtime_before_measure"": 1785370868232974500, ""mtime_before_warmup"": 1785370868232974500, ""process_cpu_ms"": 609.375, ""runtime_distribution_version"": ""1.108.199"", ""target_policy"": ""middle stride target"", ""unsafe_global_partial_control"": false, ""wal_after_measure"": false, ""wal_after_warmup"": false, ""worker_pid"": 49336}"
django/django,django-3eb2e228,check_refs_single_content,cold_generation_safe_hybrid_screen,check_references,all_files_definitions,baseline_full,3,"{""identifier"": ""test_basic"", ""max_content_results"": 20, ""repo"": ""local/django-3eb2e228"", ""search_content"": true}",1,1,45561,2730,39505920,904.5532,477.1056,52.744891068872455,1,6279,359665664,383840256,24174592,21203dd2696bc858223faa7d825854c6f830c85c7c2e3a011d0ac9ac23e31e7e,274a1d494d11d87a1b767340d1f398f197810f93,2026-07-29T20:21:07.572944,1.108.207,c2201a55b6e1b0ea38043c514ab7bc3a372bad13,3369b1fcd5b12fcb1473031ec74bda8cc200d8860a09caa310c06e9f3ea8bf88,,1,wt-1.108.207,e3b0c44298fc1c149afbf4c8996fb92427ae41e4649b934ca495991b7852b855,,"{""cache_entry_mtime_after_warmup"": 1785370868232974500, ""cache_get_calls"": 1, ""cache_get_debug"": [{""branch"": """", ""entry_mtime"": null, ""entry_present"": false, ""hit"": false, ""mtime_equal"": false, ""name"": ""django-3eb2e228"", ""owner"": ""local"", ""requested_mtime"": 1785370868232974500}], ""cache_get_hits"": 0, ""cache_key_present_after_warmup"": true, ""cache_policy"": ""cold"", ""cached_symbols_loaded_after_warmup"": true, ""hydration_trace"": {""lazy_ensure_calls"": 0, ""lazy_full_materializations"": 0, ""load_results"": [{""branch"": """", ""lazy_loaded_at_return"": null, ""repo"": ""local/django-3eb2e228"", ""requested_hydration"": ""auto"", ""symbol_collection_type"": ""list""}], ""sparse_by_file_calls"": 0, ""sparse_by_files_calls"": 0, ""sparse_by_id_calls"": 0, ""sparse_by_name_calls"": 0}, ""mtime_after_measure"": 1785370868232974500, ""mtime_after_warmup"": 1785370868232974500, ""mtime_before_measure"": 1785370868232974500, ""mtime_before_warmup"": 1785370868232974500, ""process_cpu_ms"": 890.625, ""runtime_distribution_version"": ""1.108.199"", ""target_policy"": ""middle stride target"", ""unsafe_global_partial_control"": false, ""wal_after_measure"": false, ""wal_after_warmup"": false, ""worker_pid"": 49336}"
django/django,django-3eb2e228,check_refs_single_content,cold_generation_safe_hybrid_screen,check_references,all_files_definitions,generation_safe_hybrid,3,"{""identifier"": ""test_basic"", ""max_content_results"": 20, ""repo"": ""local/django-3eb2e228"", ""search_content"": true}",1,2,45561,2730,39505920,432.5727,14.7807,3.416928530163831,1,6279,129433600,130998272,1564672,21203dd2696bc858223faa7d825854c6f830c85c7c2e3a011d0ac9ac23e31e7e,274a1d494d11d87a1b767340d1f398f197810f93,2026-07-29T20:21:07.572944,1.108.207,c2201a55b6e1b0ea38043c514ab7bc3a372bad13,3369b1fcd5b12fcb1473031ec74bda8cc200d8860a09caa310c06e9f3ea8bf88,,1,wt-generation-safe-hybrid,87f0ef27d476ad303a854c40a984e645bf1074ff2207c8d112c741447dbbfcb2,"M src/jcodemunch_mcp/server.py
 M src/jcodemunch_mcp/storage/index_store.py
 M src/jcodemunch_mcp/storage/sqlite_store.py
 M src/jcodemunch_mcp/tools/check_references.py
 M src/jcodemunch_mcp/tools/find_references.py
 M src/jcodemunch_mcp/tools/get_blast_radius.py
 M src/jcodemunch_mcp/tools/get_churn_rate.py
 M src/jcodemunch_mcp/tools/get_file_outline.py
 M src/jcodemunch_mcp/tools/get_file_risk.py
 M src/jcodemunch_mcp/tools/get_file_tree.py
 M src/jcodemunch_mcp/tools/get_symbol_complexity.py
 M src/jcodemunch_mcp/tools/get_symbol_provenance.py
 M src/jcodemunch_mcp/tools/search_symbols.py
?? tests/test_generation_safe_hybrid.py","{""cache_entry_mtime_after_warmup"": null, ""cache_get_calls"": 0, ""cache_get_debug"": [], ""cache_get_hits"": 0, ""cache_key_present_after_warmup"": false, ""cache_policy"": ""cold"", ""cached_symbols_loaded_after_warmup"": true, ""hydration_trace"": {""lazy_ensure_calls"": 0, ""lazy_full_materializations"": 0, ""load_results"": [{""branch"": """", ""lazy_loaded_at_return"": false, ""repo"": ""local/django-3eb2e228"", ""requested_hydration"": ""auto"", ""symbol_collection_type"": ""LazySymbolList""}], ""sparse_by_file_calls"": 0, ""sparse_by_files_calls"": 0, ""sparse_by_id_calls"": 0, ""sparse_by_name_calls"": 1}, ""mtime_after_measure"": 1785370868232974500, ""mtime_after_warmup"": 1785370868232974500, ""mtime_before_measure"": 1785370868232974500, ""mtime_before_warmup"": 1785370868232974500, ""process_cpu_ms"": 437.5, ""runtime_distribution_version"": ""1.108.199"", ""target_policy"": ""middle stride target"", ""unsafe_global_partial_control"": false, ""wal_after_measure"": false, ""wal_after_warmup"": false, ""worker_pid"": 44820}"
django/django,django-3eb2e228,check_refs_batch_content,cold_generation_safe_hybrid_screen,check_references,all_files_definitions,generation_safe_hybrid,3,"{""identifiers"": [""test_basic"", ""test_null_argument"", ""test_too_few_args""], ""max_content_results"": 20, ""repo"": ""local/django-3eb2e228"", ""search_content"": true}",1,1,45561,2730,39505920,1349.7918,14.8957,1.1035553779479175,1,6629,133009408,133464064,454656,b34cc8fda6965d294ae4de52d93948c090d423393cd2d7cb108e187cbded9953,274a1d494d11d87a1b767340d1f398f197810f93,2026-07-29T20:21:07.572944,1.108.207,c2201a55b6e1b0ea38043c514ab7bc3a372bad13,3369b1fcd5b12fcb1473031ec74bda8cc200d8860a09caa310c06e9f3ea8bf88,,1,wt-generation-safe-hybrid,87f0ef27d476ad303a854c40a984e645bf1074ff2207c8d112c741447dbbfcb2,"M src/jcodemunch_mcp/server.py
 M src/jcodemunch_mcp/storage/index_store.py
 M src/jcodemunch_mcp/storage/sqlite_store.py
 M src/jcodemunch_mcp/tools/check_references.py
 M src/jcodemunch_mcp/tools/find_references.py
 M src/jcodemunch_mcp/tools/get_blast_radius.py
 M src/jcodemunch_mcp/tools/get_churn_rate.py
 M src/jcodemunch_mcp/tools/get_file_outline.py
 M src/jcodemunch_mcp/tools/get_file_risk.py
 M src/jcodemunch_mcp/tools/get_file_tree.py
 M src/jcodemunch_mcp/tools/get_symbol_complexity.py
 M src/jcodemunch_mcp/tools/get_symbol_provenance.py
 M src/jcodemunch_mcp/tools/search_symbols.py
?? tests/test_generation_safe_hybrid.py","{""cache_entry_mtime_after_warmup"": null, ""cache_get_calls"": 0, ""cache_get_debug"": [], ""cache_get_hits"": 0, ""cache_key_present_after_warmup"": false, ""cache_policy"": ""cold"", ""cached_symbols_loaded_after_warmup"": true, ""hydration_trace"": {""lazy_ensure_calls"": 0, ""lazy_full_materializations"": 0, ""load_results"": [{""branch"": """", ""lazy_loaded_at_return"": false, ""repo"": ""local/django-3eb2e228"", ""requested_hydration"": ""auto"", ""symbol_collection_type"": ""LazySymbolList""}], ""sparse_by_file_calls"": 0, ""sparse_by_files_calls"": 0, ""sparse_by_id_calls"": 0, ""sparse_by_name_calls"": 3}, ""mtime_after_measure"": 1785370868232974500, ""mtime_after_warmup"": 1785370868232974500, ""mtime_before_measure"": 1785370868232974500, ""mtime_before_warmup"": 1785370868232974500, ""process_cpu_ms"": 1343.75, ""runtime_distribution_version"": ""1.108.199"", ""target_policy"": ""middle stride target"", ""unsafe_global_partial_control"": false, ""wal_after_measure"": false, ""wal_after_warmup"": false, ""worker_pid"": 44820}"
django/django,django-3eb2e228,check_refs_batch_content,cold_generation_safe_hybrid_screen,check_references,all_files_definitions,baseline_full,3,"{""identifiers"": [""test_basic"", ""test_null_argument"", ""test_too_few_args""], ""max_content_results"": 20, ""repo"": ""local/django-3eb2e228"", ""search_content"": true}",1,2,45561,2730,39505920,1826.4383,476.3842,26.08268781923813,1,6629,361799680,385658880,23859200,b34cc8fda6965d294ae4de52d93948c090d423393cd2d7cb108e187cbded9953,274a1d494d11d87a1b767340d1f398f197810f93,2026-07-29T20:21:07.572944,1.108.207,c2201a55b6e1b0ea38043c514ab7bc3a372bad13,3369b1fcd5b12fcb1473031ec74bda8cc200d8860a09caa310c06e9f3ea8bf88,,1,wt-1.108.207,e3b0c44298fc1c149afbf4c8996fb92427ae41e4649b934ca495991b7852b855,,"{""cache_entry_mtime_after_warmup"": 1785370868232974500, ""cache_get_calls"": 1, ""cache_get_debug"": [{""branch"": """", ""entry_mtime"": null, ""entry_present"": false, ""hit"": false, ""mtime_equal"": false, ""name"": ""django-3eb2e228"", ""owner"": ""local"", ""requested_mtime"": 1785370868232974500}], ""cache_get_hits"": 0, ""cache_key_present_after_warmup"": true, ""cache_policy"": ""cold"", ""cached_symbols_loaded_after_warmup"": true, ""hydration_trace"": {""lazy_ensure_calls"": 0, ""lazy_full_materializations"": 0, ""load_results"": [{""branch"": """", ""lazy_loaded_at_return"": null, ""repo"": ""local/django-3eb2e228"", ""requested_hydration"": ""auto"", ""symbol_collection_type"": ""list""}], ""sparse_by_file_calls"": 0, ""sparse_by_files_calls"": 0, ""sparse_by_id_calls"": 0, ""sparse_by_name_calls"": 0}, ""mtime_after_measure"": 1785370868232974500, ""mtime_after_warmup"": 1785370868232974500, ""mtime_before_measure"": 1785370868232974500, ""mtime_before_warmup"": 1785370868232974500, ""process_cpu_ms"": 1828.125, ""runtime_distribution_version"": ""1.108.199"", ""target_policy"": ""middle stride target"", ""unsafe_global_partial_control"": false, ""wal_after_measure"": false, ""wal_after_warmup"": false, ""worker_pid"": 49336}"
django/django,django-3eb2e228,file_risk,cold_generation_safe_hybrid_screen,get_file_risk,all_files_target_file_symbols,baseline_full,3,"{""file_path"": ""tests/custom_pk/fields.py"", ""repo"": ""local/django-3eb2e228""}",1,1,45561,2730,39505920,907.1594,474.9271,52.35321377918809,1,3379,361754624,385187840,23433216,a5f1ddbae11789242f9a3e8b6896da62312c32afdfe83280b32249e56cf80f58,274a1d494d11d87a1b767340d1f398f197810f93,2026-07-29T20:21:07.572944,1.108.207,c2201a55b6e1b0ea38043c514ab7bc3a372bad13,3369b1fcd5b12fcb1473031ec74bda8cc200d8860a09caa310c06e9f3ea8bf88,,1,wt-1.108.207,e3b0c44298fc1c149afbf4c8996fb92427ae41e4649b934ca495991b7852b855,,"{""cache_entry_mtime_after_warmup"": 1785370868232974500, ""cache_get_calls"": 1, ""cache_get_debug"": [{""branch"": """", ""entry_mtime"": null, ""entry_present"": false, ""hit"": false, ""mtime_equal"": false, ""name"": ""django-3eb2e228"", ""owner"": ""local"", ""requested_mtime"": 1785370868232974500}], ""cache_get_hits"": 0, ""cache_key_present_after_warmup"": true, ""cache_policy"": ""cold"", ""cached_symbols_loaded_after_warmup"": true, ""hydration_trace"": {""lazy_ensure_calls"": 0, ""lazy_full_materializations"": 0, ""load_results"": [{""branch"": """", ""lazy_loaded_at_return"": null, ""repo"": ""local/django-3eb2e228"", ""requested_hydration"": ""auto"", ""symbol_collection_type"": ""list""}], ""sparse_by_file_calls"": 0, ""sparse_by_files_calls"": 0, ""sparse_by_id_calls"": 0, ""sparse_by_name_calls"": 0}, ""mtime_after_measure"": 1785370868232974500, ""mtime_after_warmup"": 1785370868232974500, ""mtime_before_measure"": 1785370868232974500, ""mtime_before_warmup"": 1785370868232974500, ""process_cpu_ms"": 890.625, ""runtime_distribution_version"": ""1.108.199"", ""target_policy"": ""middle stride target"", ""unsafe_global_partial_control"": false, ""wal_after_measure"": false, ""wal_after_warmup"": false, ""worker_pid"": 49336}"
django/django,django-3eb2e228,file_risk,cold_generation_safe_hybrid_screen,get_file_risk,all_files_target_file_symbols,generation_safe_hybrid,3,"{""file_path"": ""tests/custom_pk/fields.py"", ""repo"": ""local/django-3eb2e228""}",1,2,45561,2730,39505920,473.352,15.1549,3.2016131758184185,1,3379,132857856,133120000,262144,a5f1ddbae11789242f9a3e8b6896da62312c32afdfe83280b32249e56cf80f58,274a1d494d11d87a1b767340d1f398f197810f93,2026-07-29T20:21:07.572944,1.108.207,c2201a55b6e1b0ea38043c514ab7bc3a372bad13,3369b1fcd5b12fcb1473031ec74bda8cc200d8860a09caa310c06e9f3ea8bf88,,1,wt-generation-safe-hybrid,87f0ef27d476ad303a854c40a984e645bf1074ff2207c8d112c741447dbbfcb2,"M src/jcodemunch_mcp/server.py
 M src/jcodemunch_mcp/storage/index_store.py
 M src/jcodemunch_mcp/storage/sqlite_store.py
 M src/jcodemunch_mcp/tools/check_references.py
 M src/jcodemunch_mcp/tools/find_references.py
 M src/jcodemunch_mcp/tools/get_blast_radius.py
 M src/jcodemunch_mcp/tools/get_churn_rate.py
 M src/jcodemunch_mcp/tools/get_file_outline.py
 M src/jcodemunch_mcp/tools/get_file_risk.py
 M src/jcodemunch_mcp/tools/get_file_tree.py
 M src/jcodemunch_mcp/tools/get_symbol_complexity.py
 M src/jcodemunch_mcp/tools/get_symbol_provenance.py
 M src/jcodemunch_mcp/tools/search_symbols.py
?? tests/test_generation_safe_hybrid.py","{""cache_entry_mtime_after_warmup"": null, ""cache_get_calls"": 0, ""cache_get_debug"": [], ""cache_get_hits"": 0, ""cache_key_present_after_warmup"": false, ""cache_policy"": ""cold"", ""cached_symbols_loaded_after_warmup"": true, ""hydration_trace"": {""lazy_ensure_calls"": 0, ""lazy_full_materializations"": 0, ""load_results"": [{""branch"": """", ""lazy_loaded_at_return"": false, ""repo"": ""local/django-3eb2e228"", ""requested_hydration"": ""auto"", ""symbol_collection_type"": ""LazySymbolList""}], ""sparse_by_file_calls"": 1, ""sparse_by_files_calls"": 0, ""sparse_by_id_calls"": 0, ""sparse_by_name_calls"": 0}, ""mtime_after_measure"": 1785370868232974500, ""mtime_after_warmup"": 1785370868232974500, ""mtime_before_measure"": 1785370868232974500, ""mtime_before_warmup"": 1785370868232974500, ""process_cpu_ms"": 453.125, ""runtime_distribution_version"": ""1.108.199"", ""target_policy"": ""middle stride target"", ""unsafe_global_partial_control"": false, ""wal_after_measure"": false, ""wal_after_warmup"": false, ""worker_pid"": 44820}"
django/django,django-3eb2e228,changed_symbols,cold_generation_safe_hybrid_screen,get_changed_symbols,metadata,generation_safe_hybrid,3,"{""include_blast_radius"": false, ""repo"": ""local/django-3eb2e228"", ""since_sha"": ""274a1d494d11d87a1b767340d1f398f197810f93"", ""until_sha"": ""274a1d494d11d87a1b767340d1f398f197810f93""}",1,1,45561,2730,39505920,147.5007,14.8253,10.051003147781671,1,539,132730880,133197824,466944,7890ec2ac238cb084bbae498de22a373a175966b52963bc28f68d66e09b6c110,274a1d494d11d87a1b767340d1f398f197810f93,2026-07-29T20:21:07.572944,1.108.207,c2201a55b6e1b0ea38043c514ab7bc3a372bad13,3369b1fcd5b12fcb1473031ec74bda8cc200d8860a09caa310c06e9f3ea8bf88,,1,wt-generation-safe-hybrid,87f0ef27d476ad303a854c40a984e645bf1074ff2207c8d112c741447dbbfcb2,"M src/jcodemunch_mcp/server.py
 M src/jcodemunch_mcp/storage/index_store.py
 M src/jcodemunch_mcp/storage/sqlite_store.py
 M src/jcodemunch_mcp/tools/check_references.py
 M src/jcodemunch_mcp/tools/find_references.py
 M src/jcodemunch_mcp/tools/get_blast_radius.py
 M src/jcodemunch_mcp/tools/get_churn_rate.py
 M src/jcodemunch_mcp/tools/get_file_outline.py
 M src/jcodemunch_mcp/tools/get_file_risk.py
 M src/jcodemunch_mcp/tools/get_file_tree.py
 M src/jcodemunch_mcp/tools/get_symbol_complexity.py
 M src/jcodemunch_mcp/tools/get_symbol_provenance.py
 M src/jcodemunch_mcp/tools/search_symbols.py
?? tests/test_generation_safe_hybrid.py","{""cache_entry_mtime_after_warmup"": null, ""cache_get_calls"": 0, ""cache_get_debug"": [], ""cache_get_hits"": 0, ""cache_key_present_after_warmup"": false, ""cache_policy"": ""cold"", ""cached_symbols_loaded_after_warmup"": true, ""hydration_trace"": {""lazy_ensure_calls"": 0, ""lazy_full_materializations"": 0, ""load_results"": [{""branch"": """", ""lazy_loaded_at_return"": false, ""repo"": ""local/django-3eb2e228"", ""requested_hydration"": ""auto"", ""symbol_collection_type"": ""LazySymbolList""}], ""sparse_by_file_calls"": 0, ""sparse_by_files_calls"": 0, ""sparse_by_id_calls"": 0, ""sparse_by_name_calls"": 0}, ""mtime_after_measure"": 1785370868232974500, ""mtime_after_warmup"": 1785370868232974500, ""mtime_before_measure"": 1785370868232974500, ""mtime_before_warmup"": 1785370868232974500, ""process_cpu_ms"": 62.5, ""runtime_distribution_version"": ""1.108.199"", ""target_policy"": ""middle stride target"", ""unsafe_global_partial_control"": false, ""wal_after_measure"": false, ""wal_after_warmup"": false, ""worker_pid"": 44820}"
django/django,django-3eb2e228,changed_symbols,cold_generation_safe_hybrid_screen,get_changed_symbols,metadata,baseline_full,3,"{""include_blast_radius"": false, ""repo"": ""local/django-3eb2e228"", ""since_sha"": ""274a1d494d11d87a1b767340d1f398f197810f93"", ""until_sha"": ""274a1d494d11d87a1b767340d1f398f197810f93""}",1,2,45561,2730,39505920,594.3607,501.0756,84.30496834666222,1,539,361639936,383959040,22319104,7890ec2ac238cb084bbae498de22a373a175966b52963bc28f68d66e09b6c110,274a1d494d11d87a1b767340d1f398f197810f93,2026-07-29T20:21:07.572944,1.108.207,c2201a55b6e1b0ea38043c514ab7bc3a372bad13,3369b1fcd5b12fcb1473031ec74bda8cc200d8860a09caa310c06e9f3ea8bf88,,1,wt-1.108.207,e3b0c44298fc1c149afbf4c8996fb92427ae41e4649b934ca495991b7852b855,,"{""cache_entry_mtime_after_warmup"": 1785370868232974500, ""cache_get_calls"": 1, ""cache_get_debug"": [{""branch"": """", ""entry_mtime"": null, ""entry_present"": false, ""hit"": false, ""mtime_equal"": false, ""name"": ""django-3eb2e228"", ""owner"": ""local"", ""requested_mtime"": 1785370868232974500}], ""cache_get_hits"": 0, ""cache_key_present_after_warmup"": true, ""cache_policy"": ""cold"", ""cached_symbols_loaded_after_warmup"": true, ""hydration_trace"": {""lazy_ensure_calls"": 0, ""lazy_full_materializations"": 0, ""load_results"": [{""branch"": """", ""lazy_loaded_at_return"": null, ""repo"": ""local/django-3eb2e228"", ""requested_hydration"": ""auto"", ""symbol_collection_type"": ""list""}], ""sparse_by_file_calls"": 0, ""sparse_by_files_calls"": 0, ""sparse_by_id_calls"": 0, ""sparse_by_name_calls"": 0}, ""mtime_after_measure"": 1785370868232974500, ""mtime_after_warmup"": 1785370868232974500, ""mtime_before_measure"": 1785370868232974500, ""mtime_before_warmup"": 1785370868232974500, ""process_cpu_ms"": 500.0, ""runtime_distribution_version"": ""1.108.199"", ""target_policy"": ""middle stride target"", ""unsafe_global_partial_control"": false, ""wal_after_measure"": false, ""wal_after_warmup"": false, ""worker_pid"": 49336}"
django/django,django-3eb2e228,changed_symbols_blast,cold_generation_safe_hybrid_screen,get_changed_symbols,all_files,baseline_full,3,"{""include_blast_radius"": true, ""repo"": ""local/django-3eb2e228"", ""since_sha"": ""274a1d494d11d87a1b767340d1f398f197810f93"", ""until_sha"": ""274a1d494d11d87a1b767340d1f398f197810f93""}",1,1,45561,2730,39505920,884.4039,478.7528,54.13282324964871,1,539,361590784,384761856,23171072,7890ec2ac238cb084bbae498de22a373a175966b52963bc28f68d66e09b6c110,274a1d494d11d87a1b767340d1f398f197810f93,2026-07-29T20:21:07.572944,1.108.207,c2201a55b6e1b0ea38043c514ab7bc3a372bad13,3369b1fcd5b12fcb1473031ec74bda8cc200d8860a09caa310c06e9f3ea8bf88,,1,wt-1.108.207,e3b0c44298fc1c149afbf4c8996fb92427ae41e4649b934ca495991b7852b855,,"{""cache_entry_mtime_after_warmup"": 1785370868232974500, ""cache_get_calls"": 1, ""cache_get_debug"": [{""branch"": """", ""entry_mtime"": null, ""entry_present"": false, ""hit"": false, ""mtime_equal"": false, ""name"": ""django-3eb2e228"", ""owner"": ""local"", ""requested_mtime"": 1785370868232974500}], ""cache_get_hits"": 0, ""cache_key_present_after_warmup"": true, ""cache_policy"": ""cold"", ""cached_symbols_loaded_after_warmup"": true, ""hydration_trace"": {""lazy_ensure_calls"": 0, ""lazy_full_materializations"": 0, ""load_results"": [{""branch"": """", ""lazy_loaded_at_return"": null, ""repo"": ""local/django-3eb2e228"", ""requested_hydration"": ""auto"", ""symbol_collection_type"": ""list""}], ""sparse_by_file_calls"": 0, ""sparse_by_files_calls"": 0, ""sparse_by_id_calls"": 0, ""sparse_by_name_calls"": 0}, ""mtime_after_measure"": 1785370868232974500, ""mtime_after_warmup"": 1785370868232974500, ""mtime_before_measure"": 1785370868232974500, ""mtime_before_warmup"": 1785370868232974500, ""process_cpu_ms"": 750.0, ""runtime_distribution_version"": ""1.108.199"", ""target_policy"": ""middle stride target"", ""unsafe_global_partial_control"": false, ""wal_after_measure"": false, ""wal_after_warmup"": false, ""worker_pid"": 49336}"
django/django,django-3eb2e228,changed_symbols_blast,cold_generation_safe_hybrid_screen,get_changed_symbols,all_files,generation_safe_hybrid,3,"{""include_blast_radius"": true, ""repo"": ""local/django-3eb2e228"", ""since_sha"": ""274a1d494d11d87a1b767340d1f398f197810f93"", ""until_sha"": ""274a1d494d11d87a1b767340d1f398f197810f93""}",1,2,45561,2730,39505920,401.7422,14.7401,3.669044476781379,1,539,132804608,133210112,405504,7890ec2ac238cb084bbae498de22a373a175966b52963bc28f68d66e09b6c110,274a1d494d11d87a1b767340d1f398f197810f93,2026-07-29T20:21:07.572944,1.108.207,c2201a55b6e1b0ea38043c514ab7bc3a372bad13,3369b1fcd5b12fcb1473031ec74bda8cc200d8860a09caa310c06e9f3ea8bf88,,1,wt-generation-safe-hybrid,87f0ef27d476ad303a854c40a984e645bf1074ff2207c8d112c741447dbbfcb2,"M src/jcodemunch_mcp/server.py
 M src/jcodemunch_mcp/storage/index_store.py
 M src/jcodemunch_mcp/storage/sqlite_store.py
 M src/jcodemunch_mcp/tools/check_references.py
 M src/jcodemunch_mcp/tools/find_references.py
 M src/jcodemunch_mcp/tools/get_blast_radius.py
 M src/jcodemunch_mcp/tools/get_churn_rate.py
 M src/jcodemunch_mcp/tools/get_file_outline.py
 M src/jcodemunch_mcp/tools/get_file_risk.py
 M src/jcodemunch_mcp/tools/get_file_tree.py
 M src/jcodemunch_mcp/tools/get_symbol_complexity.py
 M src/jcodemunch_mcp/tools/get_symbol_provenance.py
 M src/jcodemunch_mcp/tools/search_symbols.py
?? tests/test_generation_safe_hybrid.py","{""cache_entry_mtime_after_warmup"": null, ""cache_get_calls"": 0, ""cache_get_debug"": [], ""cache_get_hits"": 0, ""cache_key_present_after_warmup"": false, ""cache_policy"": ""cold"", ""cached_symbols_loaded_after_warmup"": true, ""hydration_trace"": {""lazy_ensure_calls"": 0, ""lazy_full_materializations"": 0, ""load_results"": [{""branch"": """", ""lazy_loaded_at_return"": false, ""repo"": ""local/django-3eb2e228"", ""requested_hydration"": ""auto"", ""symbol_collection_type"": ""LazySymbolList""}], ""sparse_by_file_calls"": 0, ""sparse_by_files_calls"": 0, ""sparse_by_id_calls"": 0, ""sparse_by_name_calls"": 0}, ""mtime_after_measure"": 1785370868232974500, ""mtime_after_warmup"": 1785370868232974500, ""mtime_before_measure"": 1785370868232974500, ""mtime_before_warmup"": 1785370868232974500, ""process_cpu_ms"": 265.625, ""runtime_distribution_version"": ""1.108.199"", ""target_policy"": ""middle stride target"", ""unsafe_global_partial_control"": false, ""wal_after_measure"": false, ""wal_after_warmup"": false, ""worker_pid"": 44820}"
django/django,django-3eb2e228,blast_radius_default,cold_generation_safe_hybrid_screen,get_blast_radius,all_files_target_symbols,generation_safe_hybrid,3,"{""cross_repo"": false, ""repo"": ""local/django-3eb2e228"", ""symbol"": ""tests/db_functions/comparison/test_nullif.py::NullIfTests.test_basic#method""}",1,1,45561,2730,39505920,264.713,13.9031,5.252140997986498,1,685,132767744,133267456,499712,00b80fbf074b821980e1fe0acbb0410fc6240df01dc2bf28f54470512ee639f6,274a1d494d11d87a1b767340d1f398f197810f93,2026-07-29T20:21:07.572944,1.108.207,c2201a55b6e1b0ea38043c514ab7bc3a372bad13,3369b1fcd5b12fcb1473031ec74bda8cc200d8860a09caa310c06e9f3ea8bf88,,1,wt-generation-safe-hybrid,87f0ef27d476ad303a854c40a984e645bf1074ff2207c8d112c741447dbbfcb2,"M src/jcodemunch_mcp/server.py
 M src/jcodemunch_mcp/storage/index_store.py
 M src/jcodemunch_mcp/storage/sqlite_store.py
 M src/jcodemunch_mcp/tools/check_references.py
 M src/jcodemunch_mcp/tools/find_references.py
 M src/jcodemunch_mcp/tools/get_blast_radius.py
 M src/jcodemunch_mcp/tools/get_churn_rate.py
 M src/jcodemunch_mcp/tools/get_file_outline.py
 M src/jcodemunch_mcp/tools/get_file_risk.py
 M src/jcodemunch_mcp/tools/get_file_tree.py
 M src/jcodemunch_mcp/tools/get_symbol_complexity.py
 M src/jcodemunch_mcp/tools/get_symbol_provenance.py
 M src/jcodemunch_mcp/tools/search_symbols.py
?? tests/test_generation_safe_hybrid.py","{""cache_entry_mtime_after_warmup"": null, ""cache_get_calls"": 0, ""cache_get_debug"": [], ""cache_get_hits"": 0, ""cache_key_present_after_warmup"": false, ""cache_policy"": ""cold"", ""cached_symbols_loaded_after_warmup"": true, ""hydration_trace"": {""lazy_ensure_calls"": 0, ""lazy_full_materializations"": 0, ""load_results"": [{""branch"": """", ""lazy_loaded_at_return"": false, ""repo"": ""local/django-3eb2e228"", ""requested_hydration"": ""auto"", ""symbol_collection_type"": ""LazySymbolList""}], ""sparse_by_file_calls"": 0, ""sparse_by_files_calls"": 0, ""sparse_by_id_calls"": 1, ""sparse_by_name_calls"": 0}, ""mtime_after_measure"": 1785370868232974500, ""mtime_after_warmup"": 1785370868232974500, ""mtime_before_measure"": 1785370868232974500, ""mtime_before_warmup"": 1785370868232974500, ""process_cpu_ms"": 265.625, ""runtime_distribution_version"": ""1.108.199"", ""target_policy"": ""middle stride target"", ""unsafe_global_partial_control"": false, ""wal_after_measure"": false, ""wal_after_warmup"": false, ""worker_pid"": 44820}"
django/django,django-3eb2e228,blast_radius_default,cold_generation_safe_hybrid_screen,get_blast_radius,all_files_target_symbols,baseline_full,3,"{""cross_repo"": false, ""repo"": ""local/django-3eb2e228"", ""symbol"": ""tests/db_functions/comparison/test_nullif.py::NullIfTests.test_basic#method""}",1,2,45561,2730,39505920,733.2459,477.9136,65.17780733584736,1,685,361840640,385314816,23474176,00b80fbf074b821980e1fe0acbb0410fc6240df01dc2bf28f54470512ee639f6,274a1d494d11d87a1b767340d1f398f197810f93,2026-07-29T20:21:07.572944,1.108.207,c2201a55b6e1b0ea38043c514ab7bc3a372bad13,3369b1fcd5b12fcb1473031ec74bda8cc200d8860a09caa310c06e9f3ea8bf88,,1,wt-1.108.207,e3b0c44298fc1c149afbf4c8996fb92427ae41e4649b934ca495991b7852b855,,"{""cache_entry_mtime_after_warmup"": 1785370868232974500, ""cache_get_calls"": 1, ""cache_get_debug"": [{""branch"": """", ""entry_mtime"": null, ""entry_present"": false, ""hit"": false, ""mtime_equal"": false, ""name"": ""django-3eb2e228"", ""owner"": ""local"", ""requested_mtime"": 1785569461596633800}], ""cache_get_hits"": 0, ""cache_key_present_after_warmup"": true, ""cache_policy"": ""cold"", ""cached_symbols_loaded_after_warmup"": true, ""hydration_trace"": {""lazy_ensure_calls"": 0, ""lazy_full_materializations"": 0, ""load_results"": [{""branch"": """", ""lazy_loaded_at_return"": null, ""repo"": ""local/django-3eb2e228"", ""requested_hydration"": ""auto"", ""symbol_collection_type"": ""list""}], ""sparse_by_file_calls"": 0, ""sparse_by_files_calls"": 0, ""sparse_by_id_calls"": 0, ""sparse_by_name_calls"": 0}, ""mtime_after_measure"": 1785569462363344800, ""mtime_after_warmup"": 1785569461596633800, ""mtime_before_measure"": 1785569461596633800, ""mtime_before_warmup"": 1785370868232974500, ""process_cpu_ms"": 734.375, ""runtime_distribution_version"": ""1.108.199"", ""target_policy"": ""middle stride target"", ""unsafe_global_partial_control"": false, ""wal_after_measure"": true, ""wal_after_warmup"": true, ""worker_pid"": 49336}"
django/django,django-3eb2e228,blast_radius_source,cold_generation_safe_hybrid_screen,get_blast_radius,blast_enrichment,baseline_full,3,"{""cross_repo"": false, ""include_source"": true, ""repo"": ""local/django-3eb2e228"", ""source_budget"": 1000, ""symbol"": ""tests/db_functions/comparison/test_nullif.py::NullIfTests.test_basic#method""}",1,1,45561,2730,39505920,724.0567,469.6083,64.85794551725024,1,685,361607168,385007616,23400448,00b80fbf074b821980e1fe0acbb0410fc6240df01dc2bf28f54470512ee639f6,274a1d494d11d87a1b767340d1f398f197810f93,2026-07-29T20:21:07.572944,1.108.207,c2201a55b6e1b0ea38043c514ab7bc3a372bad13,3369b1fcd5b12fcb1473031ec74bda8cc200d8860a09caa310c06e9f3ea8bf88,,1,wt-1.108.207,e3b0c44298fc1c149afbf4c8996fb92427ae41e4649b934ca495991b7852b855,,"{""cache_entry_mtime_after_warmup"": 1785370868232974500, ""cache_get_calls"": 1, ""cache_get_debug"": [{""branch"": """", ""entry_mtime"": null, ""entry_present"": false, ""hit"": false, ""mtime_equal"": false, ""name"": ""django-3eb2e228"", ""owner"": ""local"", ""requested_mtime"": 1785569463095168500}], ""cache_get_hits"": 0, ""cache_key_present_after_warmup"": true, ""cache_policy"": ""cold"", ""cached_symbols_loaded_after_warmup"": true, ""hydration_trace"": {""lazy_ensure_calls"": 0, ""lazy_full_materializations"": 0, ""load_results"": [{""branch"": """", ""lazy_loaded_at_return"": null, ""repo"": ""local/django-3eb2e228"", ""requested_hydration"": ""auto"", ""symbol_collection_type"": ""list""}], ""sparse_by_file_calls"": 0, ""sparse_by_files_calls"": 0, ""sparse_by_id_calls"": 0, ""sparse_by_name_calls"": 0}, ""mtime_after_measure"": 1785569463848469300, ""mtime_after_warmup"": 1785569463095168500, ""mtime_before_measure"": 1785569463095168500, ""mtime_before_warmup"": 1785569462363344800, ""process_cpu_ms"": 718.75, ""runtime_distribution_version"": ""1.108.199"", ""target_policy"": ""middle stride target"", ""unsafe_global_partial_control"": false, ""wal_after_measure"": true, ""wal_after_warmup"": true, ""worker_pid"": 49336}"
django/django,django-3eb2e228,blast_radius_source,cold_generation_safe_hybrid_screen,get_blast_radius,blast_enrichment,generation_safe_hybrid,3,"{""cross_repo"": false, ""include_source"": true, ""repo"": ""local/django-3eb2e228"", ""source_budget"": 1000, ""symbol"": ""tests/db_functions/comparison/test_nullif.py::NullIfTests.test_basic#method""}",1,2,45561,2730,39505920,260.7904,13.188,5.0569346110899795,1,685,132624384,133226496,602112,00b80fbf074b821980e1fe0acbb0410fc6240df01dc2bf28f54470512ee639f6,274a1d494d11d87a1b767340d1f398f197810f93,2026-07-29T20:21:07.572944,1.108.207,c2201a55b6e1b0ea38043c514ab7bc3a372bad13,3369b1fcd5b12fcb1473031ec74bda8cc200d8860a09caa310c06e9f3ea8bf88,,1,wt-generation-safe-hybrid,87f0ef27d476ad303a854c40a984e645bf1074ff2207c8d112c741447dbbfcb2,"M src/jcodemunch_mcp/server.py
 M src/jcodemunch_mcp/storage/index_store.py
 M src/jcodemunch_mcp/storage/sqlite_store.py
 M src/jcodemunch_mcp/tools/check_references.py
 M src/jcodemunch_mcp/tools/find_references.py
 M src/jcodemunch_mcp/tools/get_blast_radius.py
 M src/jcodemunch_mcp/tools/get_churn_rate.py
 M src/jcodemunch_mcp/tools/get_file_outline.py
 M src/jcodemunch_mcp/tools/get_file_risk.py
 M src/jcodemunch_mcp/tools/get_file_tree.py
 M src/jcodemunch_mcp/tools/get_symbol_complexity.py
 M src/jcodemunch_mcp/tools/get_symbol_provenance.py
 M src/jcodemunch_mcp/tools/search_symbols.py
?? tests/test_generation_safe_hybrid.py","{""cache_entry_mtime_after_warmup"": null, ""cache_get_calls"": 0, ""cache_get_debug"": [], ""cache_get_hits"": 0, ""cache_key_present_after_warmup"": false, ""cache_policy"": ""cold"", ""cached_symbols_loaded_after_warmup"": true, ""hydration_trace"": {""lazy_ensure_calls"": 0, ""lazy_full_materializations"": 0, ""load_results"": [{""branch"": """", ""lazy_loaded_at_return"": false, ""repo"": ""local/django-3eb2e228"", ""requested_hydration"": ""auto"", ""symbol_collection_type"": ""LazySymbolList""}], ""sparse_by_file_calls"": 0, ""sparse_by_files_calls"": 0, ""sparse_by_id_calls"": 1, ""sparse_by_name_calls"": 0}, ""mtime_after_measure"": 1785370868232974500, ""mtime_after_warmup"": 1785370868232974500, ""mtime_before_measure"": 1785370868232974500, ""mtime_before_warmup"": 1785569463848469300, ""process_cpu_ms"": 250.0, ""runtime_distribution_version"": ""1.108.199"", ""target_policy"": ""middle stride target"", ""unsafe_global_partial_control"": false, ""wal_after_measure"": false, ""wal_after_warmup"": false, ""worker_pid"": 44820}"
django/django,django-3eb2e228,delivery_metrics,cold_generation_safe_hybrid_screen,get_delivery_metrics,metadata,generation_safe_hybrid,3,"{""repo"": ""local/django-3eb2e228"", ""window_days"": 90}",1,1,45561,2730,39505920,58.5197,13.4711,23.01976941098468,1,732,130625536,131149824,524288,57153078e34718626b09786d9d9df863913ba1c55a12fd15b1490cdd38ba5633,274a1d494d11d87a1b767340d1f398f197810f93,2026-07-29T20:21:07.572944,1.108.207,c2201a55b6e1b0ea38043c514ab7bc3a372bad13,3369b1fcd5b12fcb1473031ec74bda8cc200d8860a09caa310c06e9f3ea8bf88,,1,wt-generation-safe-hybrid,87f0ef27d476ad303a854c40a984e645bf1074ff2207c8d112c741447dbbfcb2,"M src/jcodemunch_mcp/server.py
 M src/jcodemunch_mcp/storage/index_store.py
 M src/jcodemunch_mcp/storage/sqlite_store.py
 M src/jcodemunch_mcp/tools/check_references.py
 M src/jcodemunch_mcp/tools/find_references.py
 M src/jcodemunch_mcp/tools/get_blast_radius.py
 M src/jcodemunch_mcp/tools/get_churn_rate.py
 M src/jcodemunch_mcp/tools/get_file_outline.py
 M src/jcodemunch_mcp/tools/get_file_risk.py
 M src/jcodemunch_mcp/tools/get_file_tree.py
 M src/jcodemunch_mcp/tools/get_symbol_complexity.py
 M src/jcodemunch_mcp/tools/get_symbol_provenance.py
 M src/jcodemunch_mcp/tools/search_symbols.py
?? tests/test_generation_safe_hybrid.py","{""cache_entry_mtime_after_warmup"": null, ""cache_get_calls"": 0, ""cache_get_debug"": [], ""cache_get_hits"": 0, ""cache_key_present_after_warmup"": false, ""cache_policy"": ""cold"", ""cached_symbols_loaded_after_warmup"": true, ""hydration_trace"": {""lazy_ensure_calls"": 0, ""lazy_full_materializations"": 0, ""load_results"": [{""branch"": """", ""lazy_loaded_at_return"": false, ""repo"": ""local/django-3eb2e228"", ""requested_hydration"": ""auto"", ""symbol_collection_type"": ""LazySymbolList""}], ""sparse_by_file_calls"": 0, ""sparse_by_files_calls"": 0, ""sparse_by_id_calls"": 0, ""sparse_by_name_calls"": 0}, ""mtime_after_measure"": 1785370868232974500, ""mtime_after_warmup"": 1785370868232974500, ""mtime_before_measure"": 1785370868232974500, ""mtime_before_warmup"": 1785370868232974500, ""process_cpu_ms"": 15.625, ""runtime_distribution_version"": ""1.108.199"", ""target_policy"": ""middle stride target"", ""unsafe_global_partial_control"": false, ""wal_after_measure"": false, ""wal_after_warmup"": false, ""worker_pid"": 44820}"
django/django,django-3eb2e228,delivery_metrics,cold_generation_safe_hybrid_screen,get_delivery_metrics,metadata,baseline_full,3,"{""repo"": ""local/django-3eb2e228"", ""window_days"": 90}",1,2,45561,2730,39505920,524.8596,472.9438,90.10863095578323,1,733,361500672,384888832,23388160,57153078e34718626b09786d9d9df863913ba1c55a12fd15b1490cdd38ba5633,274a1d494d11d87a1b767340d1f398f197810f93,2026-07-29T20:21:07.572944,1.108.207,c2201a55b6e1b0ea38043c514ab7bc3a372bad13,3369b1fcd5b12fcb1473031ec74bda8cc200d8860a09caa310c06e9f3ea8bf88,,1,wt-1.108.207,e3b0c44298fc1c149afbf4c8996fb92427ae41e4649b934ca495991b7852b855,,"{""cache_entry_mtime_after_warmup"": 1785370868232974500, ""cache_get_calls"": 1, ""cache_get_debug"": [{""branch"": """", ""entry_mtime"": null, ""entry_present"": false, ""hit"": false, ""mtime_equal"": false, ""name"": ""django-3eb2e228"", ""owner"": ""local"", ""requested_mtime"": 1785370868232974500}], ""cache_get_hits"": 0, ""cache_key_present_after_warmup"": true, ""cache_policy"": ""cold"", ""cached_symbols_loaded_after_warmup"": true, ""hydration_trace"": {""lazy_ensure_calls"": 0, ""lazy_full_materializations"": 0, ""load_results"": [{""branch"": """", ""lazy_loaded_at_return"": null, ""repo"": ""local/django-3eb2e228"", ""requested_hydration"": ""auto"", ""symbol_collection_type"": ""list""}], ""sparse_by_file_calls"": 0, ""sparse_by_files_calls"": 0, ""sparse_by_id_calls"": 0, ""sparse_by_name_calls"": 0}, ""mtime_after_measure"": 1785370868232974500, ""mtime_after_warmup"": 1785370868232974500, ""mtime_before_measure"": 1785370868232974500, ""mtime_before_warmup"": 1785370868232974500, ""process_cpu_ms"": 484.375, ""runtime_distribution_version"": ""1.108.199"", ""target_policy"": ""middle stride target"", ""unsafe_global_partial_control"": false, ""wal_after_measure"": false, ""wal_after_warmup"": false, ""worker_pid"": 49336}"
django/django,django-3eb2e228,list_workspaces,cold_generation_safe_hybrid_screen,list_workspaces,metadata,baseline_full,3,"{""repo"": ""local/django-3eb2e228""}",1,1,45561,2730,39505920,473.5428,471.8727,99.64731804601401,1,297,361766912,384884736,23117824,24698340b4423e3e998f62c64e84d3f0c37f6af85225d99dae8c7ed9f54c1725,274a1d494d11d87a1b767340d1f398f197810f93,2026-07-29T20:21:07.572944,1.108.207,c2201a55b6e1b0ea38043c514ab7bc3a372bad13,3369b1fcd5b12fcb1473031ec74bda8cc200d8860a09caa310c06e9f3ea8bf88,,1,wt-1.108.207,e3b0c44298fc1c149afbf4c8996fb92427ae41e4649b934ca495991b7852b855,,"{""cache_entry_mtime_after_warmup"": 1785370868232974500, ""cache_get_calls"": 1, ""cache_get_debug"": [{""branch"": """", ""entry_mtime"": null, ""entry_present"": false, ""hit"": false, ""mtime_equal"": false, ""name"": ""django-3eb2e228"", ""owner"": ""local"", ""requested_mtime"": 1785370868232974500}], ""cache_get_hits"": 0, ""cache_key_present_after_warmup"": true, ""cache_policy"": ""cold"", ""cached_symbols_loaded_after_warmup"": true, ""hydration_trace"": {""lazy_ensure_calls"": 0, ""lazy_full_materializations"": 0, ""load_results"": [{""branch"": """", ""lazy_loaded_at_return"": null, ""repo"": ""local/django-3eb2e228"", ""requested_hydration"": ""auto"", ""symbol_collection_type"": ""list""}], ""sparse_by_file_calls"": 0, ""sparse_by_files_calls"": 0, ""sparse_by_id_calls"": 0, ""sparse_by_name_calls"": 0}, ""mtime_after_measure"": 1785370868232974500, ""mtime_after_warmup"": 1785370868232974500, ""mtime_before_measure"": 1785370868232974500, ""mtime_before_warmup"": 1785370868232974500, ""process_cpu_ms"": 468.75, ""runtime_distribution_version"": ""1.108.199"", ""target_policy"": ""middle stride target"", ""unsafe_global_partial_control"": false, ""wal_after_measure"": false, ""wal_after_warmup"": false, ""worker_pid"": 49336}"
django/django,django-3eb2e228,list_workspaces,cold_generation_safe_hybrid_screen,list_workspaces,metadata,generation_safe_hybrid,3,"{""repo"": ""local/django-3eb2e228""}",1,2,45561,2730,39505920,14.8401,12.8784,86.78108638081953,1,296,132751360,133095424,344064,24698340b4423e3e998f62c64e84d3f0c37f6af85225d99dae8c7ed9f54c1725,274a1d494d11d87a1b767340d1f398f197810f93,2026-07-29T20:21:07.572944,1.108.207,c2201a55b6e1b0ea38043c514ab7bc3a372bad13,3369b1fcd5b12fcb1473031ec74bda8cc200d8860a09caa310c06e9f3ea8bf88,,1,wt-generation-safe-hybrid,87f0ef27d476ad303a854c40a984e645bf1074ff2207c8d112c741447dbbfcb2,"M src/jcodemunch_mcp/server.py
 M src/jcodemunch_mcp/storage/index_store.py
 M src/jcodemunch_mcp/storage/sqlite_store.py
 M src/jcodemunch_mcp/tools/check_references.py
 M src/jcodemunch_mcp/tools/find_references.py
 M src/jcodemunch_mcp/tools/get_blast_radius.py
 M src/jcodemunch_mcp/tools/get_churn_rate.py
 M src/jcodemunch_mcp/tools/get_file_outline.py
 M src/jcodemunch_mcp/tools/get_file_risk.py
 M src/jcodemunch_mcp/tools/get_file_tree.py
 M src/jcodemunch_mcp/tools/get_symbol_complexity.py
 M src/jcodemunch_mcp/tools/get_symbol_provenance.py
 M src/jcodemunch_mcp/tools/search_symbols.py
?? tests/test_generation_safe_hybrid.py","{""cache_entry_mtime_after_warmup"": null, ""cache_get_calls"": 0, ""cache_get_debug"": [], ""cache_get_hits"": 0, ""cache_key_present_after_warmup"": false, ""cache_policy"": ""cold"", ""cached_symbols_loaded_after_warmup"": true, ""hydration_trace"": {""lazy_ensure_calls"": 0, ""lazy_full_materializations"": 0, ""load_results"": [{""branch"": """", ""lazy_loaded_at_return"": false, ""repo"": ""local/django-3eb2e228"", ""requested_hydration"": ""auto"", ""symbol_collection_type"": ""LazySymbolList""}], ""sparse_by_file_calls"": 0, ""sparse_by_files_calls"": 0, ""sparse_by_id_calls"": 0, ""sparse_by_name_calls"": 0}, ""mtime_after_measure"": 1785370868232974500, ""mtime_after_warmup"": 1785370868232974500, ""mtime_before_measure"": 1785370868232974500, ""mtime_before_warmup"": 1785370868232974500, ""process_cpu_ms"": 15.625, ""runtime_distribution_version"": ""1.108.199"", ""target_policy"": ""middle stride target"", ""unsafe_global_partial_control"": false, ""wal_after_measure"": false, ""wal_after_warmup"": false, ""worker_pid"": 44820}"
django/django,django-3eb2e228,search_text,cold_generation_safe_hybrid_screen,search_text,all_files,generation_safe_hybrid,3,"{""max_results"": 20, ""query"": ""test_basic"", ""repo"": ""local/django-3eb2e228""}",1,1,45561,2730,39505920,208.6426,14.3516,6.87855691982366,1,2425,133103616,133296128,192512,6140d6ff4cab244e31d820b57e5f3ebeac228020759f8fe7074497f1e4dbbbe8,274a1d494d11d87a1b767340d1f398f197810f93,2026-07-29T20:21:07.572944,1.108.207,c2201a55b6e1b0ea38043c514ab7bc3a372bad13,3369b1fcd5b12fcb1473031ec74bda8cc200d8860a09caa310c06e9f3ea8bf88,,1,wt-generation-safe-hybrid,87f0ef27d476ad303a854c40a984e645bf1074ff2207c8d112c741447dbbfcb2,"M src/jcodemunch_mcp/server.py
 M src/jcodemunch_mcp/storage/index_store.py
 M src/jcodemunch_mcp/storage/sqlite_store.py
 M src/jcodemunch_mcp/tools/check_references.py
 M src/jcodemunch_mcp/tools/find_references.py
 M src/jcodemunch_mcp/tools/get_blast_radius.py
 M src/jcodemunch_mcp/tools/get_churn_rate.py
 M src/jcodemunch_mcp/tools/get_file_outline.py
 M src/jcodemunch_mcp/tools/get_file_risk.py
 M src/jcodemunch_mcp/tools/get_file_tree.py
 M src/jcodemunch_mcp/tools/get_symbol_complexity.py
 M src/jcodemunch_mcp/tools/get_symbol_provenance.py
 M src/jcodemunch_mcp/tools/search_symbols.py
?? tests/test_generation_safe_hybrid.py","{""cache_entry_mtime_after_warmup"": null, ""cache_get_calls"": 0, ""cache_get_debug"": [], ""cache_get_hits"": 0, ""cache_key_present_after_warmup"": false, ""cache_policy"": ""cold"", ""cached_symbols_loaded_after_warmup"": true, ""hydration_trace"": {""lazy_ensure_calls"": 0, ""lazy_full_materializations"": 0, ""load_results"": [{""branch"": """", ""lazy_loaded_at_return"": false, ""repo"": ""local/django-3eb2e228"", ""requested_hydration"": ""auto"", ""symbol_collection_type"": ""LazySymbolList""}], ""sparse_by_file_calls"": 0, ""sparse_by_files_calls"": 0, ""sparse_by_id_calls"": 0, ""sparse_by_name_calls"": 0}, ""mtime_after_measure"": 1785370868232974500, ""mtime_after_warmup"": 1785370868232974500, ""mtime_before_measure"": 1785370868232974500, ""mtime_before_warmup"": 1785370868232974500, ""process_cpu_ms"": 218.75, ""runtime_distribution_version"": ""1.108.199"", ""target_policy"": ""middle stride target"", ""unsafe_global_partial_control"": false, ""wal_after_measure"": false, ""wal_after_warmup"": false, ""worker_pid"": 44820}"
django/django,django-3eb2e228,search_text,cold_generation_safe_hybrid_screen,search_text,all_files,baseline_full,3,"{""max_results"": 20, ""query"": ""test_basic"", ""repo"": ""local/django-3eb2e228""}",1,2,45561,2730,39505920,676.4927,475.3016,70.2596790770987,1,2425,361385984,383836160,22450176,6140d6ff4cab244e31d820b57e5f3ebeac228020759f8fe7074497f1e4dbbbe8,274a1d494d11d87a1b767340d1f398f197810f93,2026-07-29T20:21:07.572944,1.108.207,c2201a55b6e1b0ea38043c514ab7bc3a372bad13,3369b1fcd5b12fcb1473031ec74bda8cc200d8860a09caa310c06e9f3ea8bf88,,1,wt-1.108.207,e3b0c44298fc1c149afbf4c8996fb92427ae41e4649b934ca495991b7852b855,,"{""cache_entry_mtime_after_warmup"": 1785370868232974500, ""cache_get_calls"": 1, ""cache_get_debug"": [{""branch"": """", ""entry_mtime"": null, ""entry_present"": false, ""hit"": false, ""mtime_equal"": false, ""name"": ""django-3eb2e228"", ""owner"": ""local"", ""requested_mtime"": 1785370868232974500}], ""cache_get_hits"": 0, ""cache_key_present_after_warmup"": true, ""cache_policy"": ""cold"", ""cached_symbols_loaded_after_warmup"": true, ""hydration_trace"": {""lazy_ensure_calls"": 0, ""lazy_full_materializations"": 0, ""load_results"": [{""branch"": """", ""lazy_loaded_at_return"": null, ""repo"": ""local/django-3eb2e228"", ""requested_hydration"": ""auto"", ""symbol_collection_type"": ""list""}], ""sparse_by_file_calls"": 0, ""sparse_by_files_calls"": 0, ""sparse_by_id_calls"": 0, ""sparse_by_name_calls"": 0}, ""mtime_after_measure"": 1785370868232974500, ""mtime_after_warmup"": 1785370868232974500, ""mtime_before_measure"": 1785370868232974500, ""mtime_before_warmup"": 1785370868232974500, ""process_cpu_ms"": 671.875, ""runtime_distribution_version"": ""1.108.199"", ""target_policy"": ""middle stride target"", ""unsafe_global_partial_control"": false, ""wal_after_measure"": false, ""wal_after_warmup"": false, ""worker_pid"": 49336}"
django/django,django-3eb2e228,coupling_metrics,cold_generation_safe_hybrid_screen,get_coupling_metrics,all_files,baseline_full,3,"{""module_path"": ""tests/custom_pk/fields.py"", ""repo"": ""local/django-3eb2e228""}",1,1,45561,2730,39505920,735.1731,472.8457,64.31760084801797,1,287,361865216,383594496,21729280,7c2d924117e8b3a9911852f2bffa031be6c1307c5b9778ddf9314e692a268a67,274a1d494d11d87a1b767340d1f398f197810f93,2026-07-29T20:21:07.572944,1.108.207,c2201a55b6e1b0ea38043c514ab7bc3a372bad13,3369b1fcd5b12fcb1473031ec74bda8cc200d8860a09caa310c06e9f3ea8bf88,,1,wt-1.108.207,e3b0c44298fc1c149afbf4c8996fb92427ae41e4649b934ca495991b7852b855,,"{""cache_entry_mtime_after_warmup"": 1785370868232974500, ""cache_get_calls"": 1, ""cache_get_debug"": [{""branch"": """", ""entry_mtime"": null, ""entry_present"": false, ""hit"": false, ""mtime_equal"": false, ""name"": ""django-3eb2e228"", ""owner"": ""local"", ""requested_mtime"": 1785370868232974500}], ""cache_get_hits"": 0, ""cache_key_present_after_warmup"": true, ""cache_policy"": ""cold"", ""cached_symbols_loaded_after_warmup"": true, ""hydration_trace"": {""lazy_ensure_calls"": 0, ""lazy_full_materializations"": 0, ""load_results"": [{""branch"": """", ""lazy_loaded_at_return"": null, ""repo"": ""local/django-3eb2e228"", ""requested_hydration"": ""auto"", ""symbol_collection_type"": ""list""}], ""sparse_by_file_calls"": 0, ""sparse_by_files_calls"": 0, ""sparse_by_id_calls"": 0, ""sparse_by_name_calls"": 0}, ""mtime_after_measure"": 1785370868232974500, ""mtime_after_warmup"": 1785370868232974500, ""mtime_before_measure"": 1785370868232974500, ""mtime_before_warmup"": 1785370868232974500, ""process_cpu_ms"": 750.0, ""runtime_distribution_version"": ""1.108.199"", ""target_policy"": ""middle stride target"", ""unsafe_global_partial_control"": false, ""wal_after_measure"": false, ""wal_after_warmup"": false, ""worker_pid"": 49336}"
django/django,django-3eb2e228,coupling_metrics,cold_generation_safe_hybrid_screen,get_coupling_metrics,all_files,generation_safe_hybrid,3,"{""module_path"": ""tests/custom_pk/fields.py"", ""repo"": ""local/django-3eb2e228""}",1,2,45561,2730,39505920,267.6336,13.4588,5.028815514942817,1,287,132493312,133165056,671744,7c2d924117e8b3a9911852f2bffa031be6c1307c5b9778ddf9314e692a268a67,274a1d494d11d87a1b767340d1f398f197810f93,2026-07-29T20:21:07.572944,1.108.207,c2201a55b6e1b0ea38043c514ab7bc3a372bad13,3369b1fcd5b12fcb1473031ec74bda8cc200d8860a09caa310c06e9f3ea8bf88,,1,wt-generation-safe-hybrid,87f0ef27d476ad303a854c40a984e645bf1074ff2207c8d112c741447dbbfcb2,"M src/jcodemunch_mcp/server.py
 M src/jcodemunch_mcp/storage/index_store.py
 M src/jcodemunch_mcp/storage/sqlite_store.py
 M src/jcodemunch_mcp/tools/check_references.py
 M src/jcodemunch_mcp/tools/find_references.py
 M src/jcodemunch_mcp/tools/get_blast_radius.py
 M src/jcodemunch_mcp/tools/get_churn_rate.py
 M src/jcodemunch_mcp/tools/get_file_outline.py
 M src/jcodemunch_mcp/tools/get_file_risk.py
 M src/jcodemunch_mcp/tools/get_file_tree.py
 M src/jcodemunch_mcp/tools/get_symbol_complexity.py
 M src/jcodemunch_mcp/tools/get_symbol_provenance.py
 M src/jcodemunch_mcp/tools/search_symbols.py
?? tests/test_generation_safe_hybrid.py","{""cache_entry_mtime_after_warmup"": null, ""cache_get_calls"": 0, ""cache_get_debug"": [], ""cache_get_hits"": 0, ""cache_key_present_after_warmup"": false, ""cache_policy"": ""cold"", ""cached_symbols_loaded_after_warmup"": true, ""hydration_trace"": {""lazy_ensure_calls"": 0, ""lazy_full_materializations"": 0, ""load_results"": [{""branch"": """", ""lazy_loaded_at_return"": false, ""repo"": ""local/django-3eb2e228"", ""requested_hydration"": ""auto"", ""symbol_collection_type"": ""LazySymbolList""}], ""sparse_by_file_calls"": 0, ""sparse_by_files_calls"": 0, ""sparse_by_id_calls"": 0, ""sparse_by_name_calls"": 0}, ""mtime_after_measure"": 1785370868232974500, ""mtime_after_warmup"": 1785370868232974500, ""mtime_before_measure"": 1785370868232974500, ""mtime_before_warmup"": 1785370868232974500, ""process_cpu_ms"": 265.625, ""runtime_distribution_version"": ""1.108.199"", ""target_policy"": ""middle stride target"", ""unsafe_global_partial_control"": false, ""wal_after_measure"": false, ""wal_after_warmup"": false, ""worker_pid"": 44820}"
django/django,django-3eb2e228,dependency_cycles,cold_generation_safe_hybrid_screen,get_dependency_cycles,all_files,generation_safe_hybrid,3,"{""repo"": ""local/django-3eb2e228""}",1,1,45561,2730,39505920,270.2342,13.2412,4.899897940379123,1,3549,132763648,132788224,24576,59de29f5ff121883f746daee41dd101f5943660e6830d90323ab3f4a0ca42215,274a1d494d11d87a1b767340d1f398f197810f93,2026-07-29T20:21:07.572944,1.108.207,c2201a55b6e1b0ea38043c514ab7bc3a372bad13,3369b1fcd5b12fcb1473031ec74bda8cc200d8860a09caa310c06e9f3ea8bf88,,1,wt-generation-safe-hybrid,87f0ef27d476ad303a854c40a984e645bf1074ff2207c8d112c741447dbbfcb2,"M src/jcodemunch_mcp/server.py
 M src/jcodemunch_mcp/storage/index_store.py
 M src/jcodemunch_mcp/storage/sqlite_store.py
 M src/jcodemunch_mcp/tools/check_references.py
 M src/jcodemunch_mcp/tools/find_references.py
 M src/jcodemunch_mcp/tools/get_blast_radius.py
 M src/jcodemunch_mcp/tools/get_churn_rate.py
 M src/jcodemunch_mcp/tools/get_file_outline.py
 M src/jcodemunch_mcp/tools/get_file_risk.py
 M src/jcodemunch_mcp/tools/get_file_tree.py
 M src/jcodemunch_mcp/tools/get_symbol_complexity.py
 M src/jcodemunch_mcp/tools/get_symbol_provenance.py
 M src/jcodemunch_mcp/tools/search_symbols.py
?? tests/test_generation_safe_hybrid.py","{""cache_entry_mtime_after_warmup"": null, ""cache_get_calls"": 0, ""cache_get_debug"": [], ""cache_get_hits"": 0, ""cache_key_present_after_warmup"": false, ""cache_policy"": ""cold"", ""cached_symbols_loaded_after_warmup"": true, ""hydration_trace"": {""lazy_ensure_calls"": 0, ""lazy_full_materializations"": 0, ""load_results"": [{""branch"": """", ""lazy_loaded_at_return"": false, ""repo"": ""local/django-3eb2e228"", ""requested_hydration"": ""auto"", ""symbol_collection_type"": ""LazySymbolList""}], ""sparse_by_file_calls"": 0, ""sparse_by_files_calls"": 0, ""sparse_by_id_calls"": 0, ""sparse_by_name_calls"": 0}, ""mtime_after_measure"": 1785370868232974500, ""mtime_after_warmup"": 1785370868232974500, ""mtime_before_measure"": 1785370868232974500, ""mtime_before_warmup"": 1785370868232974500, ""process_cpu_ms"": 281.25, ""runtime_distribution_version"": ""1.108.199"", ""target_policy"": ""middle stride target"", ""unsafe_global_partial_control"": false, ""wal_after_measure"": false, ""wal_after_warmup"": false, ""worker_pid"": 44820}"
django/django,django-3eb2e228,dependency_cycles,cold_generation_safe_hybrid_screen,get_dependency_cycles,all_files,baseline_full,3,"{""repo"": ""local/django-3eb2e228""}",1,2,45561,2730,39505920,743.5376,479.8381,64.53447680386304,1,3549,361619456,384167936,22548480,59de29f5ff121883f746daee41dd101f5943660e6830d90323ab3f4a0ca42215,274a1d494d11d87a1b767340d1f398f197810f93,2026-07-29T20:21:07.572944,1.108.207,c2201a55b6e1b0ea38043c514ab7bc3a372bad13,3369b1fcd5b12fcb1473031ec74bda8cc200d8860a09caa310c06e9f3ea8bf88,,1,wt-1.108.207,e3b0c44298fc1c149afbf4c8996fb92427ae41e4649b934ca495991b7852b855,,"{""cache_entry_mtime_after_warmup"": 1785370868232974500, ""cache_get_calls"": 1, ""cache_get_debug"": [{""branch"": """", ""entry_mtime"": null, ""entry_present"": false, ""hit"": false, ""mtime_equal"": false, ""name"": ""django-3eb2e228"", ""owner"": ""local"", ""requested_mtime"": 1785370868232974500}], ""cache_get_hits"": 0, ""cache_key_present_after_warmup"": true, ""cache_policy"": ""cold"", ""cached_symbols_loaded_after_warmup"": true, ""hydration_trace"": {""lazy_ensure_calls"": 0, ""lazy_full_materializations"": 0, ""load_results"": [{""branch"": """", ""lazy_loaded_at_return"": null, ""repo"": ""local/django-3eb2e228"", ""requested_hydration"": ""auto"", ""symbol_collection_type"": ""list""}], ""sparse_by_file_calls"": 0, ""sparse_by_files_calls"": 0, ""sparse_by_id_calls"": 0, ""sparse_by_name_calls"": 0}, ""mtime_after_measure"": 1785370868232974500, ""mtime_after_warmup"": 1785370868232974500, ""mtime_before_measure"": 1785370868232974500, ""mtime_before_warmup"": 1785370868232974500, ""process_cpu_ms"": 750.0, ""runtime_distribution_version"": ""1.108.199"", ""target_policy"": ""middle stride target"", ""unsafe_global_partial_control"": false, ""wal_after_measure"": false, ""wal_after_warmup"": false, ""worker_pid"": 49336}"
django/django,django-3eb2e228,dependency_graph,cold_generation_safe_hybrid_screen,get_dependency_graph,all_files,baseline_full,3,"{""cross_repo"": false, ""depth"": 3, ""direction"": ""both"", ""file"": ""tests/custom_pk/fields.py"", ""repo"": ""local/django-3eb2e228""}",1,1,45561,2730,39505920,739.5161,476.8702,64.48408628290852,1,2308,361664512,385466368,23801856,ffed39f2fc2f89c9853b6f05aa0c832d2c966fbccd129b66c772874c97930db8,274a1d494d11d87a1b767340d1f398f197810f93,2026-07-29T20:21:07.572944,1.108.207,c2201a55b6e1b0ea38043c514ab7bc3a372bad13,3369b1fcd5b12fcb1473031ec74bda8cc200d8860a09caa310c06e9f3ea8bf88,,1,wt-1.108.207,e3b0c44298fc1c149afbf4c8996fb92427ae41e4649b934ca495991b7852b855,,"{""cache_entry_mtime_after_warmup"": 1785370868232974500, ""cache_get_calls"": 1, ""cache_get_debug"": [{""branch"": """", ""entry_mtime"": null, ""entry_present"": false, ""hit"": false, ""mtime_equal"": false, ""name"": ""django-3eb2e228"", ""owner"": ""local"", ""requested_mtime"": 1785370868232974500}], ""cache_get_hits"": 0, ""cache_key_present_after_warmup"": true, ""cache_policy"": ""cold"", ""cached_symbols_loaded_after_warmup"": true, ""hydration_trace"": {""lazy_ensure_calls"": 0, ""lazy_full_materializations"": 0, ""load_results"": [{""branch"": """", ""lazy_loaded_at_return"": null, ""repo"": ""local/django-3eb2e228"", ""requested_hydration"": ""auto"", ""symbol_collection_type"": ""list""}], ""sparse_by_file_calls"": 0, ""sparse_by_files_calls"": 0, ""sparse_by_id_calls"": 0, ""sparse_by_name_calls"": 0}, ""mtime_after_measure"": 1785370868232974500, ""mtime_after_warmup"": 1785370868232974500, ""mtime_before_measure"": 1785370868232974500, ""mtime_before_warmup"": 1785370868232974500, ""process_cpu_ms"": 734.375, ""runtime_distribution_version"": ""1.108.199"", ""target_policy"": ""middle stride target"", ""unsafe_global_partial_control"": false, ""wal_after_measure"": false, ""wal_after_warmup"": false, ""worker_pid"": 49336}"
django/django,django-3eb2e228,dependency_graph,cold_generation_safe_hybrid_screen,get_dependency_graph,all_files,generation_safe_hybrid,3,"{""cross_repo"": false, ""depth"": 3, ""direction"": ""both"", ""file"": ""tests/custom_pk/fields.py"", ""repo"": ""local/django-3eb2e228""}",1,2,45561,2730,39505920,270.2977,13.6112,5.0356329336135675,1,2308,132427776,132894720,466944,ffed39f2fc2f89c9853b6f05aa0c832d2c966fbccd129b66c772874c97930db8,274a1d494d11d87a1b767340d1f398f197810f93,2026-07-29T20:21:07.572944,1.108.207,c2201a55b6e1b0ea38043c514ab7bc3a372bad13,3369b1fcd5b12fcb1473031ec74bda8cc200d8860a09caa310c06e9f3ea8bf88,,1,wt-generation-safe-hybrid,87f0ef27d476ad303a854c40a984e645bf1074ff2207c8d112c741447dbbfcb2,"M src/jcodemunch_mcp/server.py
 M src/jcodemunch_mcp/storage/index_store.py
 M src/jcodemunch_mcp/storage/sqlite_store.py
 M src/jcodemunch_mcp/tools/check_references.py
 M src/jcodemunch_mcp/tools/find_references.py
 M src/jcodemunch_mcp/tools/get_blast_radius.py
 M src/jcodemunch_mcp/tools/get_churn_rate.py
 M src/jcodemunch_mcp/tools/get_file_outline.py
 M src/jcodemunch_mcp/tools/get_file_risk.py
 M src/jcodemunch_mcp/tools/get_file_tree.py
 M src/jcodemunch_mcp/tools/get_symbol_complexity.py
 M src/jcodemunch_mcp/tools/get_symbol_provenance.py
 M src/jcodemunch_mcp/tools/search_symbols.py
?? tests/test_generation_safe_hybrid.py","{""cache_entry_mtime_after_warmup"": null, ""cache_get_calls"": 0, ""cache_get_debug"": [], ""cache_get_hits"": 0, ""cache_key_present_after_warmup"": false, ""cache_policy"": ""cold"", ""cached_symbols_loaded_after_warmup"": true, ""hydration_trace"": {""lazy_ensure_calls"": 0, ""lazy_full_materializations"": 0, ""load_results"": [{""branch"": """", ""lazy_loaded_at_return"": false, ""repo"": ""local/django-3eb2e228"", ""requested_hydration"": ""auto"", ""symbol_collection_type"": ""LazySymbolList""}], ""sparse_by_file_calls"": 0, ""sparse_by_files_calls"": 0, ""sparse_by_id_calls"": 0, ""sparse_by_name_calls"": 0}, ""mtime_after_measure"": 1785370868232974500, ""mtime_after_warmup"": 1785370868232974500, ""mtime_before_measure"": 1785370868232974500, ""mtime_before_warmup"": 1785370868232974500, ""process_cpu_ms"": 265.625, ""runtime_distribution_version"": ""1.108.199"", ""target_policy"": ""middle stride target"", ""unsafe_global_partial_control"": false, ""wal_after_measure"": false, ""wal_after_warmup"": false, ""worker_pid"": 44820}"
django/django,django-3eb2e228,cross_repo_map_filtered,cold_generation_safe_hybrid_screen,get_cross_repo_map,all_files,generation_safe_hybrid,3,"{""repo"": ""local/django-3eb2e228""}",1,1,45561,2730,39505920,186.1222,15.3443,8.24420730036503,1,265,132812800,133267456,454656,c8a29e7aad5beda367ce0f864c1adcbdfdf04763e5ce864b8ab8d6dc6cba78bd,274a1d494d11d87a1b767340d1f398f197810f93,2026-07-29T20:21:07.572944,1.108.207,c2201a55b6e1b0ea38043c514ab7bc3a372bad13,3369b1fcd5b12fcb1473031ec74bda8cc200d8860a09caa310c06e9f3ea8bf88,,1,wt-generation-safe-hybrid,87f0ef27d476ad303a854c40a984e645bf1074ff2207c8d112c741447dbbfcb2,"M src/jcodemunch_mcp/server.py
 M src/jcodemunch_mcp/storage/index_store.py
 M src/jcodemunch_mcp/storage/sqlite_store.py
 M src/jcodemunch_mcp/tools/check_references.py
 M src/jcodemunch_mcp/tools/find_references.py
 M src/jcodemunch_mcp/tools/get_blast_radius.py
 M src/jcodemunch_mcp/tools/get_churn_rate.py
 M src/jcodemunch_mcp/tools/get_file_outline.py
 M src/jcodemunch_mcp/tools/get_file_risk.py
 M src/jcodemunch_mcp/tools/get_file_tree.py
 M src/jcodemunch_mcp/tools/get_symbol_complexity.py
 M src/jcodemunch_mcp/tools/get_symbol_provenance.py
 M src/jcodemunch_mcp/tools/search_symbols.py
?? tests/test_generation_safe_hybrid.py","{""cache_entry_mtime_after_warmup"": null, ""cache_get_calls"": 0, ""cache_get_debug"": [], ""cache_get_hits"": 0, ""cache_key_present_after_warmup"": false, ""cache_policy"": ""cold"", ""cached_symbols_loaded_after_warmup"": true, ""hydration_trace"": {""lazy_ensure_calls"": 0, ""lazy_full_materializations"": 0, ""load_results"": [{""branch"": """", ""lazy_loaded_at_return"": false, ""repo"": ""local/django-3eb2e228"", ""requested_hydration"": ""auto"", ""symbol_collection_type"": ""LazySymbolList""}], ""sparse_by_file_calls"": 0, ""sparse_by_files_calls"": 0, ""sparse_by_id_calls"": 0, ""sparse_by_name_calls"": 0}, ""mtime_after_measure"": 1785370868232974500, ""mtime_after_warmup"": 1785370868232974500, ""mtime_before_measure"": 1785370868232974500, ""mtime_before_warmup"": 1785370868232974500, ""process_cpu_ms"": 187.5, ""runtime_distribution_version"": ""1.108.199"", ""target_policy"": ""middle stride target"", ""unsafe_global_partial_control"": false, ""wal_after_measure"": false, ""wal_after_warmup"": false, ""worker_pid"": 44820}"
django/django,django-3eb2e228,cross_repo_map_filtered,cold_generation_safe_hybrid_screen,get_cross_repo_map,all_files,baseline_full,3,"{""repo"": ""local/django-3eb2e228""}",1,2,45561,2730,39505920,643.8933,477.6672,74.18421654643711,1,265,361410560,384847872,23437312,c8a29e7aad5beda367ce0f864c1adcbdfdf04763e5ce864b8ab8d6dc6cba78bd,274a1d494d11d87a1b767340d1f398f197810f93,2026-07-29T20:21:07.572944,1.108.207,c2201a55b6e1b0ea38043c514ab7bc3a372bad13,3369b1fcd5b12fcb1473031ec74bda8cc200d8860a09caa310c06e9f3ea8bf88,,1,wt-1.108.207,e3b0c44298fc1c149afbf4c8996fb92427ae41e4649b934ca495991b7852b855,,"{""cache_entry_mtime_after_warmup"": 1785370868232974500, ""cache_get_calls"": 1, ""cache_get_debug"": [{""branch"": """", ""entry_mtime"": null, ""entry_present"": false, ""hit"": false, ""mtime_equal"": false, ""name"": ""django-3eb2e228"", ""owner"": ""local"", ""requested_mtime"": 1785370868232974500}], ""cache_get_hits"": 0, ""cache_key_present_after_warmup"": true, ""cache_policy"": ""cold"", ""cached_symbols_loaded_after_warmup"": true, ""hydration_trace"": {""lazy_ensure_calls"": 0, ""lazy_full_materializations"": 0, ""load_results"": [{""branch"": """", ""lazy_loaded_at_return"": null, ""repo"": ""local/django-3eb2e228"", ""requested_hydration"": ""auto"", ""symbol_collection_type"": ""list""}], ""sparse_by_file_calls"": 0, ""sparse_by_files_calls"": 0, ""sparse_by_id_calls"": 0, ""sparse_by_name_calls"": 0}, ""mtime_after_measure"": 1785370868232974500, ""mtime_after_warmup"": 1785370868232974500, ""mtime_before_measure"": 1785370868232974500, ""mtime_before_warmup"": 1785370868232974500, ""process_cpu_ms"": 640.625, ""runtime_distribution_version"": ""1.108.199"", ""target_policy"": ""middle stride target"", ""unsafe_global_partial_control"": false, ""wal_after_measure"": false, ""wal_after_warmup"": false, ""worker_pid"": 49336}"
django/django,django-3eb2e228,layer_violations,cold_generation_safe_hybrid_screen,get_layer_violations,all_files,baseline_full,3,"{""repo"": ""local/django-3eb2e228"", ""rules"": [{""may_not_import"": [], ""name"": ""all"", ""paths"": [""**/*""]}]}",1,1,45561,2730,39505920,740.6054,474.5403,64.07464757885913,1,176,361717760,383766528,22048768,d1b7f8d3c891fdf1b5613814668fd51355731992b665fa82f9ca2a91a34299f1,274a1d494d11d87a1b767340d1f398f197810f93,2026-07-29T20:21:07.572944,1.108.207,c2201a55b6e1b0ea38043c514ab7bc3a372bad13,3369b1fcd5b12fcb1473031ec74bda8cc200d8860a09caa310c06e9f3ea8bf88,,1,wt-1.108.207,e3b0c44298fc1c149afbf4c8996fb92427ae41e4649b934ca495991b7852b855,,"{""cache_entry_mtime_after_warmup"": 1785370868232974500, ""cache_get_calls"": 1, ""cache_get_debug"": [{""branch"": """", ""entry_mtime"": null, ""entry_present"": false, ""hit"": false, ""mtime_equal"": false, ""name"": ""django-3eb2e228"", ""owner"": ""local"", ""requested_mtime"": 1785370868232974500}], ""cache_get_hits"": 0, ""cache_key_present_after_warmup"": true, ""cache_policy"": ""cold"", ""cached_symbols_loaded_after_warmup"": true, ""hydration_trace"": {""lazy_ensure_calls"": 0, ""lazy_full_materializations"": 0, ""load_results"": [{""branch"": """", ""lazy_loaded_at_return"": null, ""repo"": ""local/django-3eb2e228"", ""requested_hydration"": ""auto"", ""symbol_collection_type"": ""list""}], ""sparse_by_file_calls"": 0, ""sparse_by_files_calls"": 0, ""sparse_by_id_calls"": 0, ""sparse_by_name_calls"": 0}, ""mtime_after_measure"": 1785370868232974500, ""mtime_after_warmup"": 1785370868232974500, ""mtime_before_measure"": 1785370868232974500, ""mtime_before_warmup"": 1785370868232974500, ""process_cpu_ms"": 750.0, ""runtime_distribution_version"": ""1.108.199"", ""target_policy"": ""middle stride target"", ""unsafe_global_partial_control"": false, ""wal_after_measure"": false, ""wal_after_warmup"": false, ""worker_pid"": 49336}"
django/django,django-3eb2e228,layer_violations,cold_generation_safe_hybrid_screen,get_layer_violations,all_files,generation_safe_hybrid,3,"{""repo"": ""local/django-3eb2e228"", ""rules"": [{""may_not_import"": [], ""name"": ""all"", ""paths"": [""**/*""]}]}",1,2,45561,2730,39505920,272.6282,15.0446,5.518357968838147,1,176,132997120,133197824,200704,d1b7f8d3c891fdf1b5613814668fd51355731992b665fa82f9ca2a91a34299f1,274a1d494d11d87a1b767340d1f398f197810f93,2026-07-29T20:21:07.572944,1.108.207,c2201a55b6e1b0ea38043c514ab7bc3a372bad13,3369b1fcd5b12fcb1473031ec74bda8cc200d8860a09caa310c06e9f3ea8bf88,,1,wt-generation-safe-hybrid,87f0ef27d476ad303a854c40a984e645bf1074ff2207c8d112c741447dbbfcb2,"M src/jcodemunch_mcp/server.py
 M src/jcodemunch_mcp/storage/index_store.py
 M src/jcodemunch_mcp/storage/sqlite_store.py
 M src/jcodemunch_mcp/tools/check_references.py
 M src/jcodemunch_mcp/tools/find_references.py
 M src/jcodemunch_mcp/tools/get_blast_radius.py
 M src/jcodemunch_mcp/tools/get_churn_rate.py
 M src/jcodemunch_mcp/tools/get_file_outline.py
 M src/jcodemunch_mcp/tools/get_file_risk.py
 M src/jcodemunch_mcp/tools/get_file_tree.py
 M src/jcodemunch_mcp/tools/get_symbol_complexity.py
 M src/jcodemunch_mcp/tools/get_symbol_provenance.py
 M src/jcodemunch_mcp/tools/search_symbols.py
?? tests/test_generation_safe_hybrid.py","{""cache_entry_mtime_after_warmup"": null, ""cache_get_calls"": 0, ""cache_get_debug"": [], ""cache_get_hits"": 0, ""cache_key_present_after_warmup"": false, ""cache_policy"": ""cold"", ""cached_symbols_loaded_after_warmup"": true, ""hydration_trace"": {""lazy_ensure_calls"": 0, ""lazy_full_materializations"": 0, ""load_results"": [{""branch"": """", ""lazy_loaded_at_return"": false, ""repo"": ""local/django-3eb2e228"", ""requested_hydration"": ""auto"", ""symbol_collection_type"": ""LazySymbolList""}], ""sparse_by_file_calls"": 0, ""sparse_by_files_calls"": 0, ""sparse_by_id_calls"": 0, ""sparse_by_name_calls"": 0}, ""mtime_after_measure"": 1785370868232974500, ""mtime_after_warmup"": 1785370868232974500, ""mtime_before_measure"": 1785370868232974500, ""mtime_before_warmup"": 1785370868232974500, ""process_cpu_ms"": 265.625, ""runtime_distribution_version"": ""1.108.199"", ""target_policy"": ""middle stride target"", ""unsafe_global_partial_control"": false, ""wal_after_measure"": false, ""wal_after_warmup"": false, ""worker_pid"": 44820}"
django/django,django-3eb2e228,file_tree_prefix,cold_generation_safe_hybrid_screen,get_file_tree,prefix_files,generation_safe_hybrid,3,"{""include_summaries"": true, ""path_prefix"": ""tests"", ""repo"": ""local/django-3eb2e228""}",1,1,45561,2730,39505920,83.4952,12.7649,15.288184230949806,1,105108,131686400,137207808,5521408,bddd7ea4becdd97ee13fd7ef44c0f5dbf11deea1da31dedb0e9efa7ed16f6780,274a1d494d11d87a1b767340d1f398f197810f93,2026-07-29T20:21:07.572944,1.108.207,c2201a55b6e1b0ea38043c514ab7bc3a372bad13,3369b1fcd5b12fcb1473031ec74bda8cc200d8860a09caa310c06e9f3ea8bf88,,1,wt-generation-safe-hybrid,87f0ef27d476ad303a854c40a984e645bf1074ff2207c8d112c741447dbbfcb2,"M src/jcodemunch_mcp/server.py
 M src/jcodemunch_mcp/storage/index_store.py
 M src/jcodemunch_mcp/storage/sqlite_store.py
 M src/jcodemunch_mcp/tools/check_references.py
 M src/jcodemunch_mcp/tools/find_references.py
 M src/jcodemunch_mcp/tools/get_blast_radius.py
 M src/jcodemunch_mcp/tools/get_churn_rate.py
 M src/jcodemunch_mcp/tools/get_file_outline.py
 M src/jcodemunch_mcp/tools/get_file_risk.py
 M src/jcodemunch_mcp/tools/get_file_tree.py
 M src/jcodemunch_mcp/tools/get_symbol_complexity.py
 M src/jcodemunch_mcp/tools/get_symbol_provenance.py
 M src/jcodemunch_mcp/tools/search_symbols.py
?? tests/test_generation_safe_hybrid.py","{""cache_entry_mtime_after_warmup"": null, ""cache_get_calls"": 0, ""cache_get_debug"": [], ""cache_get_hits"": 0, ""cache_key_present_after_warmup"": false, ""cache_policy"": ""cold"", ""cached_symbols_loaded_after_warmup"": true, ""hydration_trace"": {""lazy_ensure_calls"": 0, ""lazy_full_materializations"": 0, ""load_results"": [{""branch"": """", ""lazy_loaded_at_return"": false, ""repo"": ""local/django-3eb2e228"", ""requested_hydration"": ""auto"", ""symbol_collection_type"": ""LazySymbolList""}], ""sparse_by_file_calls"": 0, ""sparse_by_files_calls"": 1, ""sparse_by_id_calls"": 0, ""sparse_by_name_calls"": 0}, ""mtime_after_measure"": 1785370868232974500, ""mtime_after_warmup"": 1785370868232974500, ""mtime_before_measure"": 1785370868232974500, ""mtime_before_warmup"": 1785370868232974500, ""process_cpu_ms"": 109.375, ""runtime_distribution_version"": ""1.108.199"", ""target_policy"": ""middle stride target"", ""unsafe_global_partial_control"": false, ""wal_after_measure"": false, ""wal_after_warmup"": false, ""worker_pid"": 44820}"
django/django,django-3eb2e228,file_tree_prefix,cold_generation_safe_hybrid_screen,get_file_tree,prefix_files,baseline_full,3,"{""include_summaries"": true, ""path_prefix"": ""tests"", ""repo"": ""local/django-3eb2e228""}",1,2,45561,2730,39505920,503.145,478.6775,95.1370877182522,1,105109,361959424,385269760,23310336,bddd7ea4becdd97ee13fd7ef44c0f5dbf11deea1da31dedb0e9efa7ed16f6780,274a1d494d11d87a1b767340d1f398f197810f93,2026-07-29T20:21:07.572944,1.108.207,c2201a55b6e1b0ea38043c514ab7bc3a372bad13,3369b1fcd5b12fcb1473031ec74bda8cc200d8860a09caa310c06e9f3ea8bf88,,1,wt-1.108.207,e3b0c44298fc1c149afbf4c8996fb92427ae41e4649b934ca495991b7852b855,,"{""cache_entry_mtime_after_warmup"": 1785370868232974500, ""cache_get_calls"": 1, ""cache_get_debug"": [{""branch"": """", ""entry_mtime"": null, ""entry_present"": false, ""hit"": false, ""mtime_equal"": false, ""name"": ""django-3eb2e228"", ""owner"": ""local"", ""requested_mtime"": 1785370868232974500}], ""cache_get_hits"": 0, ""cache_key_present_after_warmup"": true, ""cache_policy"": ""cold"", ""cached_symbols_loaded_after_warmup"": true, ""hydration_trace"": {""lazy_ensure_calls"": 0, ""lazy_full_materializations"": 0, ""load_results"": [{""branch"": """", ""lazy_loaded_at_return"": null, ""repo"": ""local/django-3eb2e228"", ""requested_hydration"": ""auto"", ""symbol_collection_type"": ""list""}], ""sparse_by_file_calls"": 0, ""sparse_by_files_calls"": 0, ""sparse_by_id_calls"": 0, ""sparse_by_name_calls"": 0}, ""mtime_after_measure"": 1785370868232974500, ""mtime_after_warmup"": 1785370868232974500, ""mtime_before_measure"": 1785370868232974500, ""mtime_before_warmup"": 1785370868232974500, ""process_cpu_ms"": 500.0, ""runtime_distribution_version"": ""1.108.199"", ""target_policy"": ""middle stride target"", ""unsafe_global_partial_control"": false, ""wal_after_measure"": false, ""wal_after_warmup"": false, ""worker_pid"": 49336}"
expressjs/express,express-080294c3,symbol_source_single,cold_generation_safe_hybrid_screen,get_symbol_source,target_symbols,baseline_full,3,"{""repo"": ""local/express-080294c3"", ""symbol_id"": "".github/workflows/scorecard.yml::jobs.analysis.name#constant""}",1,1,471,172,507904,8.1597,4.9756,60.97773202446167,1,965,307101696,307179520,77824,ea0985f42b9fff945ec0f96b54568d4e42515e4962de7d7d8e31cd04712be12f,a3714473feb3d2908add734d340e7755fd85e0a3,2026-07-29T20:20:41.130953,1.108.207,c2201a55b6e1b0ea38043c514ab7bc3a372bad13,3369b1fcd5b12fcb1473031ec74bda8cc200d8860a09caa310c06e9f3ea8bf88,,1,wt-1.108.207,e3b0c44298fc1c149afbf4c8996fb92427ae41e4649b934ca495991b7852b855,,"{""cache_entry_mtime_after_warmup"": 1785370841152809700, ""cache_get_calls"": 1, ""cache_get_debug"": [{""branch"": """", ""entry_mtime"": null, ""entry_present"": false, ""hit"": false, ""mtime_equal"": false, ""name"": ""express-080294c3"", ""owner"": ""local"", ""requested_mtime"": 1785370841152809700}], ""cache_get_hits"": 0, ""cache_key_present_after_warmup"": true, ""cache_policy"": ""cold"", ""cached_symbols_loaded_after_warmup"": true, ""hydration_trace"": {""lazy_ensure_calls"": 0, ""lazy_full_materializations"": 0, ""load_results"": [{""branch"": """", ""lazy_loaded_at_return"": null, ""repo"": ""local/express-080294c3"", ""requested_hydration"": ""auto"", ""symbol_collection_type"": ""list""}], ""sparse_by_file_calls"": 0, ""sparse_by_files_calls"": 0, ""sparse_by_id_calls"": 0, ""sparse_by_name_calls"": 0}, ""mtime_after_measure"": 1785370841152809700, ""mtime_after_warmup"": 1785370841152809700, ""mtime_before_measure"": 1785370841152809700, ""mtime_before_warmup"": 1785370841152809700, ""process_cpu_ms"": 15.625, ""runtime_distribution_version"": ""1.108.199"", ""target_policy"": ""middle stride target"", ""unsafe_global_partial_control"": false, ""wal_after_measure"": false, ""wal_after_warmup"": false, ""worker_pid"": 49336}"
expressjs/express,express-080294c3,symbol_source_single,cold_generation_safe_hybrid_screen,get_symbol_source,target_symbols,generation_safe_hybrid,3,"{""repo"": ""local/express-080294c3"", ""symbol_id"": "".github/workflows/scorecard.yml::jobs.analysis.name#constant""}",1,2,471,172,507904,5.1741,1.6492,31.87414236292302,1,965,135806976,135806976,0,ea0985f42b9fff945ec0f96b54568d4e42515e4962de7d7d8e31cd04712be12f,a3714473feb3d2908add734d340e7755fd85e0a3,2026-07-29T20:20:41.130953,1.108.207,c2201a55b6e1b0ea38043c514ab7bc3a372bad13,3369b1fcd5b12fcb1473031ec74bda8cc200d8860a09caa310c06e9f3ea8bf88,,1,wt-generation-safe-hybrid,87f0ef27d476ad303a854c40a984e645bf1074ff2207c8d112c741447dbbfcb2,"M src/jcodemunch_mcp/server.py
 M src/jcodemunch_mcp/storage/index_store.py
 M src/jcodemunch_mcp/storage/sqlite_store.py
 M src/jcodemunch_mcp/tools/check_references.py
 M src/jcodemunch_mcp/tools/find_references.py
 M src/jcodemunch_mcp/tools/get_blast_radius.py
 M src/jcodemunch_mcp/tools/get_churn_rate.py
 M src/jcodemunch_mcp/tools/get_file_outline.py
 M src/jcodemunch_mcp/tools/get_file_risk.py
 M src/jcodemunch_mcp/tools/get_file_tree.py
 M src/jcodemunch_mcp/tools/get_symbol_complexity.py
 M src/jcodemunch_mcp/tools/get_symbol_provenance.py
 M src/jcodemunch_mcp/tools/search_symbols.py
?? tests/test_generation_safe_hybrid.py","{""cache_entry_mtime_after_warmup"": null, ""cache_get_calls"": 0, ""cache_get_debug"": [], ""cache_get_hits"": 0, ""cache_key_present_after_warmup"": false, ""cache_policy"": ""cold"", ""cached_symbols_loaded_after_warmup"": true, ""hydration_trace"": {""lazy_ensure_calls"": 0, ""lazy_full_materializations"": 0, ""load_results"": [{""branch"": """", ""lazy_loaded_at_return"": false, ""repo"": ""local/express-080294c3"", ""requested_hydration"": ""auto"", ""symbol_collection_type"": ""LazySymbolList""}], ""sparse_by_file_calls"": 0, ""sparse_by_files_calls"": 0, ""sparse_by_id_calls"": 2, ""sparse_by_name_calls"": 0}, ""mtime_after_measure"": 1785370841152809700, ""mtime_after_warmup"": 1785370841152809700, ""mtime_before_measure"": 1785370841152809700, ""mtime_before_warmup"": 1785370841152809700, ""process_cpu_ms"": 0.0, ""runtime_distribution_version"": ""1.108.199"", ""target_policy"": ""middle stride target"", ""unsafe_global_partial_control"": false, ""wal_after_measure"": false, ""wal_after_warmup"": false, ""worker_pid"": 44820}"
expressjs/express,express-080294c3,symbol_source_batch,cold_generation_safe_hybrid_screen,get_symbol_source,target_symbols,generation_safe_hybrid,3,"{""repo"": ""local/express-080294c3"", ""symbol_ids"": ["".github/workflows/scorecard.yml::jobs.analysis.name#constant"", "".github/workflows/scorecard.yml::jobs.analysis.runs-on#constant"", "".github/workflows/scorecard.yml::jobs.analysis.permissions#type""]}",1,1,471,172,507904,5.2195,1.3697,26.241977200881312,1,1890,135868416,135872512,4096,d10e6100facd9a9fc93ffc6957a60e773372763b295af47144fb373e43b70ebd,a3714473feb3d2908add734d340e7755fd85e0a3,2026-07-29T20:20:41.130953,1.108.207,c2201a55b6e1b0ea38043c514ab7bc3a372bad13,3369b1fcd5b12fcb1473031ec74bda8cc200d8860a09caa310c06e9f3ea8bf88,,1,wt-generation-safe-hybrid,87f0ef27d476ad303a854c40a984e645bf1074ff2207c8d112c741447dbbfcb2,"M src/jcodemunch_mcp/server.py
 M src/jcodemunch_mcp/storage/index_store.py
 M src/jcodemunch_mcp/storage/sqlite_store.py
 M src/jcodemunch_mcp/tools/check_references.py
 M src/jcodemunch_mcp/tools/find_references.py
 M src/jcodemunch_mcp/tools/get_blast_radius.py
 M src/jcodemunch_mcp/tools/get_churn_rate.py
 M src/jcodemunch_mcp/tools/get_file_outline.py
 M src/jcodemunch_mcp/tools/get_file_risk.py
 M src/jcodemunch_mcp/tools/get_file_tree.py
 M src/jcodemunch_mcp/tools/get_symbol_complexity.py
 M src/jcodemunch_mcp/tools/get_symbol_provenance.py
 M src/jcodemunch_mcp/tools/search_symbols.py
?? tests/test_generation_safe_hybrid.py","{""cache_entry_mtime_after_warmup"": null, ""cache_get_calls"": 0, ""cache_get_debug"": [], ""cache_get_hits"": 0, ""cache_key_present_after_warmup"": false, ""cache_policy"": ""cold"", ""cached_symbols_loaded_after_warmup"": true, ""hydration_trace"": {""lazy_ensure_calls"": 0, ""lazy_full_materializations"": 0, ""load_results"": [{""branch"": """", ""lazy_loaded_at_return"": false, ""repo"": ""local/express-080294c3"", ""requested_hydration"": ""auto"", ""symbol_collection_type"": ""LazySymbolList""}], ""sparse_by_file_calls"": 0, ""sparse_by_files_calls"": 0, ""sparse_by_id_calls"": 6, ""sparse_by_name_calls"": 0}, ""mtime_after_measure"": 1785370841152809700, ""mtime_after_warmup"": 1785370841152809700, ""mtime_before_measure"": 1785370841152809700, ""mtime_before_warmup"": 1785370841152809700, ""process_cpu_ms"": 0.0, ""runtime_distribution_version"": ""1.108.199"", ""target_policy"": ""middle stride target"", ""unsafe_global_partial_control"": false, ""wal_after_measure"": false, ""wal_after_warmup"": false, ""worker_pid"": 44820}"
expressjs/express,express-080294c3,symbol_source_batch,cold_generation_safe_hybrid_screen,get_symbol_source,target_symbols,baseline_full,3,"{""repo"": ""local/express-080294c3"", ""symbol_ids"": ["".github/workflows/scorecard.yml::jobs.analysis.name#constant"", "".github/workflows/scorecard.yml::jobs.analysis.runs-on#constant"", "".github/workflows/scorecard.yml::jobs.analysis.permissions#type""]}",1,2,471,172,507904,9.2436,5.1837,56.078800467350376,1,1890,307273728,307273728,0,d10e6100facd9a9fc93ffc6957a60e773372763b295af47144fb373e43b70ebd,a3714473feb3d2908add734d340e7755fd85e0a3,2026-07-29T20:20:41.130953,1.108.207,c2201a55b6e1b0ea38043c514ab7bc3a372bad13,3369b1fcd5b12fcb1473031ec74bda8cc200d8860a09caa310c06e9f3ea8bf88,,1,wt-1.108.207,e3b0c44298fc1c149afbf4c8996fb92427ae41e4649b934ca495991b7852b855,,"{""cache_entry_mtime_after_warmup"": 1785370841152809700, ""cache_get_calls"": 1, ""cache_get_debug"": [{""branch"": """", ""entry_mtime"": null, ""entry_present"": false, ""hit"": false, ""mtime_equal"": false, ""name"": ""express-080294c3"", ""owner"": ""local"", ""requested_mtime"": 1785370841152809700}], ""cache_get_hits"": 0, ""cache_key_present_after_warmup"": true, ""cache_policy"": ""cold"", ""cached_symbols_loaded_after_warmup"": true, ""hydration_trace"": {""lazy_ensure_calls"": 0, ""lazy_full_materializations"": 0, ""load_results"": [{""branch"": """", ""lazy_loaded_at_return"": null, ""repo"": ""local/express-080294c3"", ""requested_hydration"": ""auto"", ""symbol_collection_type"": ""list""}], ""sparse_by_file_calls"": 0, ""sparse_by_files_calls"": 0, ""sparse_by_id_calls"": 0, ""sparse_by_name_calls"": 0}, ""mtime_after_measure"": 1785370841152809700, ""mtime_after_warmup"": 1785370841152809700, ""mtime_before_measure"": 1785370841152809700, ""mtime_before_warmup"": 1785370841152809700, ""process_cpu_ms"": 0.0, ""runtime_distribution_version"": ""1.108.199"", ""target_policy"": ""middle stride target"", ""unsafe_global_partial_control"": false, ""wal_after_measure"": false, ""wal_after_warmup"": false, ""worker_pid"": 49336}"
expressjs/express,express-080294c3,context_single,cold_generation_safe_hybrid_screen,get_context_bundle,target_symbols,baseline_full,3,"{""repo"": ""local/express-080294c3"", ""symbol_id"": "".github/workflows/scorecard.yml::jobs.analysis.name#constant""}",1,1,471,172,507904,7.2976,4.4481,60.95291602718702,1,593,307273728,307277824,4096,7b2ba4eb6848734aa8d0c731b3319cc994482ee83354219afe45679d273e9cce,a3714473feb3d2908add734d340e7755fd85e0a3,2026-07-29T20:20:41.130953,1.108.207,c2201a55b6e1b0ea38043c514ab7bc3a372bad13,3369b1fcd5b12fcb1473031ec74bda8cc200d8860a09caa310c06e9f3ea8bf88,,1,wt-1.108.207,e3b0c44298fc1c149afbf4c8996fb92427ae41e4649b934ca495991b7852b855,,"{""cache_entry_mtime_after_warmup"": 1785370841152809700, ""cache_get_calls"": 1, ""cache_get_debug"": [{""branch"": """", ""entry_mtime"": null, ""entry_present"": false, ""hit"": false, ""mtime_equal"": false, ""name"": ""express-080294c3"", ""owner"": ""local"", ""requested_mtime"": 1785370841152809700}], ""cache_get_hits"": 0, ""cache_key_present_after_warmup"": true, ""cache_policy"": ""cold"", ""cached_symbols_loaded_after_warmup"": true, ""hydration_trace"": {""lazy_ensure_calls"": 0, ""lazy_full_materializations"": 0, ""load_results"": [{""branch"": """", ""lazy_loaded_at_return"": null, ""repo"": ""local/express-080294c3"", ""requested_hydration"": ""auto"", ""symbol_collection_type"": ""list""}], ""sparse_by_file_calls"": 0, ""sparse_by_files_calls"": 0, ""sparse_by_id_calls"": 0, ""sparse_by_name_calls"": 0}, ""mtime_after_measure"": 1785370841152809700, ""mtime_after_warmup"": 1785370841152809700, ""mtime_before_measure"": 1785370841152809700, ""mtime_before_warmup"": 1785370841152809700, ""process_cpu_ms"": 31.25, ""runtime_distribution_version"": ""1.108.199"", ""target_policy"": ""middle stride target"", ""unsafe_global_partial_control"": false, ""wal_after_measure"": false, ""wal_after_warmup"": false, ""worker_pid"": 49336}"
expressjs/express,express-080294c3,context_single,cold_generation_safe_hybrid_screen,get_context_bundle,target_symbols,generation_safe_hybrid,3,"{""repo"": ""local/express-080294c3"", ""symbol_id"": "".github/workflows/scorecard.yml::jobs.analysis.name#constant""}",1,2,471,172,507904,4.6636,1.4194,30.43571489836178,1,593,136011776,136019968,8192,7b2ba4eb6848734aa8d0c731b3319cc994482ee83354219afe45679d273e9cce,a3714473feb3d2908add734d340e7755fd85e0a3,2026-07-29T20:20:41.130953,1.108.207,c2201a55b6e1b0ea38043c514ab7bc3a372bad13,3369b1fcd5b12fcb1473031ec74bda8cc200d8860a09caa310c06e9f3ea8bf88,,1,wt-generation-safe-hybrid,87f0ef27d476ad303a854c40a984e645bf1074ff2207c8d112c741447dbbfcb2,"M src/jcodemunch_mcp/server.py
 M src/jcodemunch_mcp/storage/index_store.py
 M src/jcodemunch_mcp/storage/sqlite_store.py
 M src/jcodemunch_mcp/tools/check_references.py
 M src/jcodemunch_mcp/tools/find_references.py
 M src/jcodemunch_mcp/tools/get_blast_radius.py
 M src/jcodemunch_mcp/tools/get_churn_rate.py
 M src/jcodemunch_mcp/tools/get_file_outline.py
 M src/jcodemunch_mcp/tools/get_file_risk.py
 M src/jcodemunch_mcp/tools/get_file_tree.py
 M src/jcodemunch_mcp/tools/get_symbol_complexity.py
 M src/jcodemunch_mcp/tools/get_symbol_provenance.py
 M src/jcodemunch_mcp/tools/search_symbols.py
?? tests/test_generation_safe_hybrid.py","{""cache_entry_mtime_after_warmup"": null, ""cache_get_calls"": 0, ""cache_get_debug"": [], ""cache_get_hits"": 0, ""cache_key_present_after_warmup"": false, ""cache_policy"": ""cold"", ""cached_symbols_loaded_after_warmup"": true, ""hydration_trace"": {""lazy_ensure_calls"": 0, ""lazy_full_materializations"": 0, ""load_results"": [{""branch"": """", ""lazy_loaded_at_return"": false, ""repo"": ""local/express-080294c3"", ""requested_hydration"": ""auto"", ""symbol_collection_type"": ""LazySymbolList""}], ""sparse_by_file_calls"": 0, ""sparse_by_files_calls"": 0, ""sparse_by_id_calls"": 2, ""sparse_by_name_calls"": 0}, ""mtime_after_measure"": 1785370841152809700, ""mtime_after_warmup"": 1785370841152809700, ""mtime_before_measure"": 1785370841152809700, ""mtime_before_warmup"": 1785370841152809700, ""process_cpu_ms"": 0.0, ""runtime_distribution_version"": ""1.108.199"", ""target_policy"": ""middle stride target"", ""unsafe_global_partial_control"": false, ""wal_after_measure"": false, ""wal_after_warmup"": false, ""worker_pid"": 44820}"
expressjs/express,express-080294c3,context_batch,cold_generation_safe_hybrid_screen,get_context_bundle,target_symbols,generation_safe_hybrid,3,"{""repo"": ""local/express-080294c3"", ""symbol_ids"": ["".github/workflows/scorecard.yml::jobs.analysis.name#constant"", "".github/workflows/scorecard.yml::jobs.analysis.runs-on#constant"", "".github/workflows/scorecard.yml::jobs.analysis.permissions#type""]}",1,1,471,172,507904,4.7242,1.3631,28.853562507937852,1,1624,136019968,136019968,0,3daf9cd937fd929e72546ec932eec09509ae194462c6a00138c9930cc420c98e,a3714473feb3d2908add734d340e7755fd85e0a3,2026-07-29T20:20:41.130953,1.108.207,c2201a55b6e1b0ea38043c514ab7bc3a372bad13,3369b1fcd5b12fcb1473031ec74bda8cc200d8860a09caa310c06e9f3ea8bf88,,1,wt-generation-safe-hybrid,87f0ef27d476ad303a854c40a984e645bf1074ff2207c8d112c741447dbbfcb2,"M src/jcodemunch_mcp/server.py
 M src/jcodemunch_mcp/storage/index_store.py
 M src/jcodemunch_mcp/storage/sqlite_store.py
 M src/jcodemunch_mcp/tools/check_references.py
 M src/jcodemunch_mcp/tools/find_references.py
 M src/jcodemunch_mcp/tools/get_blast_radius.py
 M src/jcodemunch_mcp/tools/get_churn_rate.py
 M src/jcodemunch_mcp/tools/get_file_outline.py
 M src/jcodemunch_mcp/tools/get_file_risk.py
 M src/jcodemunch_mcp/tools/get_file_tree.py
 M src/jcodemunch_mcp/tools/get_symbol_complexity.py
 M src/jcodemunch_mcp/tools/get_symbol_provenance.py
 M src/jcodemunch_mcp/tools/search_symbols.py
?? tests/test_generation_safe_hybrid.py","{""cache_entry_mtime_after_warmup"": null, ""cache_get_calls"": 0, ""cache_get_debug"": [], ""cache_get_hits"": 0, ""cache_key_present_after_warmup"": false, ""cache_policy"": ""cold"", ""cached_symbols_loaded_after_warmup"": true, ""hydration_trace"": {""lazy_ensure_calls"": 0, ""lazy_full_materializations"": 0, ""load_results"": [{""branch"": """", ""lazy_loaded_at_return"": false, ""repo"": ""local/express-080294c3"", ""requested_hydration"": ""auto"", ""symbol_collection_type"": ""LazySymbolList""}], ""sparse_by_file_calls"": 0, ""sparse_by_files_calls"": 0, ""sparse_by_id_calls"": 6, ""sparse_by_name_calls"": 0}, ""mtime_after_measure"": 1785370841152809700, ""mtime_after_warmup"": 1785370841152809700, ""mtime_before_measure"": 1785370841152809700, ""mtime_before_warmup"": 1785370841152809700, ""process_cpu_ms"": 0.0, ""runtime_distribution_version"": ""1.108.199"", ""target_policy"": ""middle stride target"", ""unsafe_global_partial_control"": false, ""wal_after_measure"": false, ""wal_after_warmup"": false, ""worker_pid"": 44820}"
expressjs/express,express-080294c3,context_batch,cold_generation_safe_hybrid_screen,get_context_bundle,target_symbols,baseline_full,3,"{""repo"": ""local/express-080294c3"", ""symbol_ids"": ["".github/workflows/scorecard.yml::jobs.analysis.name#constant"", "".github/workflows/scorecard.yml::jobs.analysis.runs-on#constant"", "".github/workflows/scorecard.yml::jobs.analysis.permissions#type""]}",1,2,471,172,507904,7.2465,4.4785,61.80224936176085,1,1624,305360896,305360896,0,3daf9cd937fd929e72546ec932eec09509ae194462c6a00138c9930cc420c98e,a3714473feb3d2908add734d340e7755fd85e0a3,2026-07-29T20:20:41.130953,1.108.207,c2201a55b6e1b0ea38043c514ab7bc3a372bad13,3369b1fcd5b12fcb1473031ec74bda8cc200d8860a09caa310c06e9f3ea8bf88,,1,wt-1.108.207,e3b0c44298fc1c149afbf4c8996fb92427ae41e4649b934ca495991b7852b855,,"{""cache_entry_mtime_after_warmup"": 1785370841152809700, ""cache_get_calls"": 1, ""cache_get_debug"": [{""branch"": """", ""entry_mtime"": null, ""entry_present"": false, ""hit"": false, ""mtime_equal"": false, ""name"": ""express-080294c3"", ""owner"": ""local"", ""requested_mtime"": 1785370841152809700}], ""cache_get_hits"": 0, ""cache_key_present_after_warmup"": true, ""cache_policy"": ""cold"", ""cached_symbols_loaded_after_warmup"": true, ""hydration_trace"": {""lazy_ensure_calls"": 0, ""lazy_full_materializations"": 0, ""load_results"": [{""branch"": """", ""lazy_loaded_at_return"": null, ""repo"": ""local/express-080294c3"", ""requested_hydration"": ""auto"", ""symbol_collection_type"": ""list""}], ""sparse_by_file_calls"": 0, ""sparse_by_files_calls"": 0, ""sparse_by_id_calls"": 0, ""sparse_by_name_calls"": 0}, ""mtime_after_measure"": 1785370841152809700, ""mtime_after_warmup"": 1785370841152809700, ""mtime_before_measure"": 1785370841152809700, ""mtime_before_warmup"": 1785370841152809700, ""process_cpu_ms"": 31.25, ""runtime_distribution_version"": ""1.108.199"", ""target_policy"": ""middle stride target"", ""unsafe_global_partial_control"": false, ""wal_after_measure"": false, ""wal_after_warmup"": false, ""worker_pid"": 49336}"
expressjs/express,express-080294c3,context_single_callers,cold_generation_safe_hybrid_screen,get_context_bundle,all_files_target_symbols,baseline_full,3,"{""include_callers"": true, ""repo"": ""local/express-080294c3"", ""symbol_id"": "".github/workflows/scorecard.yml::jobs.analysis.name#constant""}",1,1,471,172,507904,8.9132,4.222,47.367948660413774,1,608,305360896,305389568,28672,04017f65dfba303ac54c7889c71bc44e3152404600c9d8f9dbcc1c0998b2dbf3,a3714473feb3d2908add734d340e7755fd85e0a3,2026-07-29T20:20:41.130953,1.108.207,c2201a55b6e1b0ea38043c514ab7bc3a372bad13,3369b1fcd5b12fcb1473031ec74bda8cc200d8860a09caa310c06e9f3ea8bf88,,1,wt-1.108.207,e3b0c44298fc1c149afbf4c8996fb92427ae41e4649b934ca495991b7852b855,,"{""cache_entry_mtime_after_warmup"": 1785370841152809700, ""cache_get_calls"": 1, ""cache_get_debug"": [{""branch"": """", ""entry_mtime"": null, ""entry_present"": false, ""hit"": false, ""mtime_equal"": false, ""name"": ""express-080294c3"", ""owner"": ""local"", ""requested_mtime"": 1785370841152809700}], ""cache_get_hits"": 0, ""cache_key_present_after_warmup"": true, ""cache_policy"": ""cold"", ""cached_symbols_loaded_after_warmup"": true, ""hydration_trace"": {""lazy_ensure_calls"": 0, ""lazy_full_materializations"": 0, ""load_results"": [{""branch"": """", ""lazy_loaded_at_return"": null, ""repo"": ""local/express-080294c3"", ""requested_hydration"": ""auto"", ""symbol_collection_type"": ""list""}], ""sparse_by_file_calls"": 0, ""sparse_by_files_calls"": 0, ""sparse_by_id_calls"": 0, ""sparse_by_name_calls"": 0}, ""mtime_after_measure"": 1785370841152809700, ""mtime_after_warmup"": 1785370841152809700, ""mtime_before_measure"": 1785370841152809700, ""mtime_before_warmup"": 1785370841152809700, ""process_cpu_ms"": 31.25, ""runtime_distribution_version"": ""1.108.199"", ""target_policy"": ""middle stride target"", ""unsafe_global_partial_control"": false, ""wal_after_measure"": false, ""wal_after_warmup"": false, ""worker_pid"": 49336}"
expressjs/express,express-080294c3,context_single_callers,cold_generation_safe_hybrid_screen,get_context_bundle,all_files_target_symbols,generation_safe_hybrid,3,"{""include_callers"": true, ""repo"": ""local/express-080294c3"", ""symbol_id"": "".github/workflows/scorecard.yml::jobs.analysis.name#constant""}",1,2,471,172,507904,6.7783,1.5536,22.920201230397005,1,608,136069120,136069120,0,04017f65dfba303ac54c7889c71bc44e3152404600c9d8f9dbcc1c0998b2dbf3,a3714473feb3d2908add734d340e7755fd85e0a3,2026-07-29T20:20:41.130953,1.108.207,c2201a55b6e1b0ea38043c514ab7bc3a372bad13,3369b1fcd5b12fcb1473031ec74bda8cc200d8860a09caa310c06e9f3ea8bf88,,1,wt-generation-safe-hybrid,87f0ef27d476ad303a854c40a984e645bf1074ff2207c8d112c741447dbbfcb2,"M src/jcodemunch_mcp/server.py
 M src/jcodemunch_mcp/storage/index_store.py
 M src/jcodemunch_mcp/storage/sqlite_store.py
 M src/jcodemunch_mcp/tools/check_references.py
 M src/jcodemunch_mcp/tools/find_references.py
 M src/jcodemunch_mcp/tools/get_blast_radius.py
 M src/jcodemunch_mcp/tools/get_churn_rate.py
 M src/jcodemunch_mcp/tools/get_file_outline.py
 M src/jcodemunch_mcp/tools/get_file_risk.py
 M src/jcodemunch_mcp/tools/get_file_tree.py
 M src/jcodemunch_mcp/tools/get_symbol_complexity.py
 M src/jcodemunch_mcp/tools/get_symbol_provenance.py
 M src/jcodemunch_mcp/tools/search_symbols.py
?? tests/test_generation_safe_hybrid.py","{""cache_entry_mtime_after_warmup"": null, ""cache_get_calls"": 0, ""cache_get_debug"": [], ""cache_get_hits"": 0, ""cache_key_present_after_warmup"": false, ""cache_policy"": ""cold"", ""cached_symbols_loaded_after_warmup"": true, ""hydration_trace"": {""lazy_ensure_calls"": 0, ""lazy_full_materializations"": 0, ""load_results"": [{""branch"": """", ""lazy_loaded_at_return"": false, ""repo"": ""local/express-080294c3"", ""requested_hydration"": ""auto"", ""symbol_collection_type"": ""LazySymbolList""}], ""sparse_by_file_calls"": 0, ""sparse_by_files_calls"": 0, ""sparse_by_id_calls"": 2, ""sparse_by_name_calls"": 0}, ""mtime_after_measure"": 1785370841152809700, ""mtime_after_warmup"": 1785370841152809700, ""mtime_before_measure"": 1785370841152809700, ""mtime_before_warmup"": 1785370841152809700, ""process_cpu_ms"": 0.0, ""runtime_distribution_version"": ""1.108.199"", ""target_policy"": ""middle stride target"", ""unsafe_global_partial_control"": false, ""wal_after_measure"": false, ""wal_after_warmup"": false, ""worker_pid"": 44820}"
expressjs/express,express-080294c3,context_batch_callers,cold_generation_safe_hybrid_screen,get_context_bundle,all_files_target_symbols,generation_safe_hybrid,3,"{""include_callers"": true, ""repo"": ""local/express-080294c3"", ""symbol_ids"": ["".github/workflows/scorecard.yml::jobs.analysis.name#constant"", "".github/workflows/scorecard.yml::jobs.analysis.runs-on#constant"", "".github/workflows/scorecard.yml::jobs.analysis.permissions#type""]}",1,1,471,172,507904,12.5884,1.4127,11.222236344571193,1,1670,136069120,136069120,0,7d7a60e773bc92519999a9f00808f9f0c55c3c33bbb1e4e5ff9a778431a0627f,a3714473feb3d2908add734d340e7755fd85e0a3,2026-07-29T20:20:41.130953,1.108.207,c2201a55b6e1b0ea38043c514ab7bc3a372bad13,3369b1fcd5b12fcb1473031ec74bda8cc200d8860a09caa310c06e9f3ea8bf88,,1,wt-generation-safe-hybrid,87f0ef27d476ad303a854c40a984e645bf1074ff2207c8d112c741447dbbfcb2,"M src/jcodemunch_mcp/server.py
 M src/jcodemunch_mcp/storage/index_store.py
 M src/jcodemunch_mcp/storage/sqlite_store.py
 M src/jcodemunch_mcp/tools/check_references.py
 M src/jcodemunch_mcp/tools/find_references.py
 M src/jcodemunch_mcp/tools/get_blast_radius.py
 M src/jcodemunch_mcp/tools/get_churn_rate.py
 M src/jcodemunch_mcp/tools/get_file_outline.py
 M src/jcodemunch_mcp/tools/get_file_risk.py
 M src/jcodemunch_mcp/tools/get_file_tree.py
 M src/jcodemunch_mcp/tools/get_symbol_complexity.py
 M src/jcodemunch_mcp/tools/get_symbol_provenance.py
 M src/jcodemunch_mcp/tools/search_symbols.py
?? tests/test_generation_safe_hybrid.py","{""cache_entry_mtime_after_warmup"": null, ""cache_get_calls"": 0, ""cache_get_debug"": [], ""cache_get_hits"": 0, ""cache_key_present_after_warmup"": false, ""cache_policy"": ""cold"", ""cached_symbols_loaded_after_warmup"": true, ""hydration_trace"": {""lazy_ensure_calls"": 0, ""lazy_full_materializations"": 0, ""load_results"": [{""branch"": """", ""lazy_loaded_at_return"": false, ""repo"": ""local/express-080294c3"", ""requested_hydration"": ""auto"", ""symbol_collection_type"": ""LazySymbolList""}], ""sparse_by_file_calls"": 0, ""sparse_by_files_calls"": 0, ""sparse_by_id_calls"": 6, ""sparse_by_name_calls"": 0}, ""mtime_after_measure"": 1785370841152809700, ""mtime_after_warmup"": 1785370841152809700, ""mtime_before_measure"": 1785370841152809700, ""mtime_before_warmup"": 1785370841152809700, ""process_cpu_ms"": 15.625, ""runtime_distribution_version"": ""1.108.199"", ""target_policy"": ""middle stride target"", ""unsafe_global_partial_control"": false, ""wal_after_measure"": false, ""wal_after_warmup"": false, ""worker_pid"": 44820}"
expressjs/express,express-080294c3,context_batch_callers,cold_generation_safe_hybrid_screen,get_context_bundle,all_files_target_symbols,baseline_full,3,"{""include_callers"": true, ""repo"": ""local/express-080294c3"", ""symbol_ids"": ["".github/workflows/scorecard.yml::jobs.analysis.name#constant"", "".github/workflows/scorecard.yml::jobs.analysis.runs-on#constant"", "".github/workflows/scorecard.yml::jobs.analysis.permissions#type""]}",1,2,471,172,507904,15.07,4.5994,30.52023888520239,1,1670,305455104,305459200,4096,7d7a60e773bc92519999a9f00808f9f0c55c3c33bbb1e4e5ff9a778431a0627f,a3714473feb3d2908add734d340e7755fd85e0a3,2026-07-29T20:20:41.130953,1.108.207,c2201a55b6e1b0ea38043c514ab7bc3a372bad13,3369b1fcd5b12fcb1473031ec74bda8cc200d8860a09caa310c06e9f3ea8bf88,,1,wt-1.108.207,e3b0c44298fc1c149afbf4c8996fb92427ae41e4649b934ca495991b7852b855,,"{""cache_entry_mtime_after_warmup"": 1785370841152809700, ""cache_get_calls"": 1, ""cache_get_debug"": [{""branch"": """", ""entry_mtime"": null, ""entry_present"": false, ""hit"": false, ""mtime_equal"": false, ""name"": ""express-080294c3"", ""owner"": ""local"", ""requested_mtime"": 1785370841152809700}], ""cache_get_hits"": 0, ""cache_key_present_after_warmup"": true, ""cache_policy"": ""cold"", ""cached_symbols_loaded_after_warmup"": true, ""hydration_trace"": {""lazy_ensure_calls"": 0, ""lazy_full_materializations"": 0, ""load_results"": [{""branch"": """", ""lazy_loaded_at_return"": null, ""repo"": ""local/express-080294c3"", ""requested_hydration"": ""auto"", ""symbol_collection_type"": ""list""}], ""sparse_by_file_calls"": 0, ""sparse_by_files_calls"": 0, ""sparse_by_id_calls"": 0, ""sparse_by_name_calls"": 0}, ""mtime_after_measure"": 1785370841152809700, ""mtime_after_warmup"": 1785370841152809700, ""mtime_before_measure"": 1785370841152809700, ""mtime_before_warmup"": 1785370841152809700, ""process_cpu_ms"": 15.625, ""runtime_distribution_version"": ""1.108.199"", ""target_policy"": ""middle stride target"", ""unsafe_global_partial_control"": false, ""wal_after_measure"": false, ""wal_after_warmup"": false, ""worker_pid"": 49336}"
expressjs/express,express-080294c3,file_content,cold_generation_safe_hybrid_screen,get_file_content,target_files,baseline_full,3,"{""file_path"": ""test/acceptance/cookies.js"", ""max_content_results"": 20, ""repo"": ""local/express-080294c3"", ""search_content"": true}",1,1,471,172,507904,5.676,4.1224,72.62861169837913,1,3027,305471488,305471488,0,fd78335b5e5f534e268452e25c22ce73d0aca55e5597636d78afd06ddcb2bcfe,a3714473feb3d2908add734d340e7755fd85e0a3,2026-07-29T20:20:41.130953,1.108.207,c2201a55b6e1b0ea38043c514ab7bc3a372bad13,3369b1fcd5b12fcb1473031ec74bda8cc200d8860a09caa310c06e9f3ea8bf88,,1,wt-1.108.207,e3b0c44298fc1c149afbf4c8996fb92427ae41e4649b934ca495991b7852b855,,"{""cache_entry_mtime_after_warmup"": 1785370841152809700, ""cache_get_calls"": 1, ""cache_get_debug"": [{""branch"": """", ""entry_mtime"": null, ""entry_present"": false, ""hit"": false, ""mtime_equal"": false, ""name"": ""express-080294c3"", ""owner"": ""local"", ""requested_mtime"": 1785370841152809700}], ""cache_get_hits"": 0, ""cache_key_present_after_warmup"": true, ""cache_policy"": ""cold"", ""cached_symbols_loaded_after_warmup"": true, ""hydration_trace"": {""lazy_ensure_calls"": 0, ""lazy_full_materializations"": 0, ""load_results"": [{""branch"": """", ""lazy_loaded_at_return"": null, ""repo"": ""local/express-080294c3"", ""requested_hydration"": ""auto"", ""symbol_collection_type"": ""list""}], ""sparse_by_file_calls"": 0, ""sparse_by_files_calls"": 0, ""sparse_by_id_calls"": 0, ""sparse_by_name_calls"": 0}, ""mtime_after_measure"": 1785370841152809700, ""mtime_after_warmup"": 1785370841152809700, ""mtime_before_measure"": 1785370841152809700, ""mtime_before_warmup"": 1785370841152809700, ""process_cpu_ms"": 0.0, ""runtime_distribution_version"": ""1.108.199"", ""target_policy"": ""middle stride target"", ""unsafe_global_partial_control"": false, ""wal_after_measure"": false, ""wal_after_warmup"": false, ""worker_pid"": 49336}"
expressjs/express,express-080294c3,file_content,cold_generation_safe_hybrid_screen,get_file_content,target_files,generation_safe_hybrid,3,"{""file_path"": ""test/acceptance/cookies.js"", ""max_content_results"": 20, ""repo"": ""local/express-080294c3"", ""search_content"": true}",1,2,471,172,507904,3.268,1.4265,43.65055079559364,1,3027,136069120,136089600,20480,fd78335b5e5f534e268452e25c22ce73d0aca55e5597636d78afd06ddcb2bcfe,a3714473feb3d2908add734d340e7755fd85e0a3,2026-07-29T20:20:41.130953,1.108.207,c2201a55b6e1b0ea38043c514ab7bc3a372bad13,3369b1fcd5b12fcb1473031ec74bda8cc200d8860a09caa310c06e9f3ea8bf88,,1,wt-generation-safe-hybrid,87f0ef27d476ad303a854c40a984e645bf1074ff2207c8d112c741447dbbfcb2,"M src/jcodemunch_mcp/server.py
 M src/jcodemunch_mcp/storage/index_store.py
 M src/jcodemunch_mcp/storage/sqlite_store.py
 M src/jcodemunch_mcp/tools/check_references.py
 M src/jcodemunch_mcp/tools/find_references.py
 M src/jcodemunch_mcp/tools/get_blast_radius.py
 M src/jcodemunch_mcp/tools/get_churn_rate.py
 M src/jcodemunch_mcp/tools/get_file_outline.py
 M src/jcodemunch_mcp/tools/get_file_risk.py
 M src/jcodemunch_mcp/tools/get_file_tree.py
 M src/jcodemunch_mcp/tools/get_symbol_complexity.py
 M src/jcodemunch_mcp/tools/get_symbol_provenance.py
 M src/jcodemunch_mcp/tools/search_symbols.py
?? tests/test_generation_safe_hybrid.py","{""cache_entry_mtime_after_warmup"": null, ""cache_get_calls"": 0, ""cache_get_debug"": [], ""cache_get_hits"": 0, ""cache_key_present_after_warmup"": false, ""cache_policy"": ""cold"", ""cached_symbols_loaded_after_warmup"": true, ""hydration_trace"": {""lazy_ensure_calls"": 0, ""lazy_full_materializations"": 0, ""load_results"": [{""branch"": """", ""lazy_loaded_at_return"": false, ""repo"": ""local/express-080294c3"", ""requested_hydration"": ""auto"", ""symbol_collection_type"": ""LazySymbolList""}], ""sparse_by_file_calls"": 0, ""sparse_by_files_calls"": 0, ""sparse_by_id_calls"": 0, ""sparse_by_name_calls"": 0}, ""mtime_after_measure"": 1785370841152809700, ""mtime_after_warmup"": 1785370841152809700, ""mtime_before_measure"": 1785370841152809700, ""mtime_before_warmup"": 1785370841152809700, ""process_cpu_ms"": 0.0, ""runtime_distribution_version"": ""1.108.199"", ""target_policy"": ""middle stride target"", ""unsafe_global_partial_control"": false, ""wal_after_measure"": false, ""wal_after_warmup"": false, ""worker_pid"": 44820}"
expressjs/express,express-080294c3,file_outline_single,cold_generation_safe_hybrid_screen,get_file_outline,target_file_symbols,generation_safe_hybrid,3,"{""file_path"": ""test/acceptance/cookies.js"", ""repo"": ""local/express-080294c3""}",1,1,471,172,507904,3.0228,1.352,44.72674341669975,1,939,136089600,136093696,4096,60e511ad664d2858b0d82698024682e0f72523991702c36074c6597f2f96bce7,a3714473feb3d2908add734d340e7755fd85e0a3,2026-07-29T20:20:41.130953,1.108.207,c2201a55b6e1b0ea38043c514ab7bc3a372bad13,3369b1fcd5b12fcb1473031ec74bda8cc200d8860a09caa310c06e9f3ea8bf88,,1,wt-generation-safe-hybrid,87f0ef27d476ad303a854c40a984e645bf1074ff2207c8d112c741447dbbfcb2,"M src/jcodemunch_mcp/server.py
 M src/jcodemunch_mcp/storage/index_store.py
 M src/jcodemunch_mcp/storage/sqlite_store.py
 M src/jcodemunch_mcp/tools/check_references.py
 M src/jcodemunch_mcp/tools/find_references.py
 M src/jcodemunch_mcp/tools/get_blast_radius.py
 M src/jcodemunch_mcp/tools/get_churn_rate.py
 M src/jcodemunch_mcp/tools/get_file_outline.py
 M src/jcodemunch_mcp/tools/get_file_risk.py
 M src/jcodemunch_mcp/tools/get_file_tree.py
 M src/jcodemunch_mcp/tools/get_symbol_complexity.py
 M src/jcodemunch_mcp/tools/get_symbol_provenance.py
 M src/jcodemunch_mcp/tools/search_symbols.py
?? tests/test_generation_safe_hybrid.py","{""cache_entry_mtime_after_warmup"": null, ""cache_get_calls"": 0, ""cache_get_debug"": [], ""cache_get_hits"": 0, ""cache_key_present_after_warmup"": false, ""cache_policy"": ""cold"", ""cached_symbols_loaded_after_warmup"": true, ""hydration_trace"": {""lazy_ensure_calls"": 0, ""lazy_full_materializations"": 0, ""load_results"": [{""branch"": """", ""lazy_loaded_at_return"": false, ""repo"": ""local/express-080294c3"", ""requested_hydration"": ""auto"", ""symbol_collection_type"": ""LazySymbolList""}], ""sparse_by_file_calls"": 1, ""sparse_by_files_calls"": 0, ""sparse_by_id_calls"": 0, ""sparse_by_name_calls"": 0}, ""mtime_after_measure"": 1785370841152809700, ""mtime_after_warmup"": 1785370841152809700, ""mtime_before_measure"": 1785370841152809700, ""mtime_before_warmup"": 1785370841152809700, ""process_cpu_ms"": 0.0, ""runtime_distribution_version"": ""1.108.199"", ""target_policy"": ""middle stride target"", ""unsafe_global_partial_control"": false, ""wal_after_measure"": false, ""wal_after_warmup"": false, ""worker_pid"": 44820}"
expressjs/express,express-080294c3,file_outline_single,cold_generation_safe_hybrid_screen,get_file_outline,target_file_symbols,baseline_full,3,"{""file_path"": ""test/acceptance/cookies.js"", ""repo"": ""local/express-080294c3""}",1,2,471,172,507904,6.2479,4.266,68.27894172441941,1,939,305479680,305561600,81920,60e511ad664d2858b0d82698024682e0f72523991702c36074c6597f2f96bce7,a3714473feb3d2908add734d340e7755fd85e0a3,2026-07-29T20:20:41.130953,1.108.207,c2201a55b6e1b0ea38043c514ab7bc3a372bad13,3369b1fcd5b12fcb1473031ec74bda8cc200d8860a09caa310c06e9f3ea8bf88,,1,wt-1.108.207,e3b0c44298fc1c149afbf4c8996fb92427ae41e4649b934ca495991b7852b855,,"{""cache_entry_mtime_after_warmup"": 1785370841152809700, ""cache_get_calls"": 1, ""cache_get_debug"": [{""branch"": """", ""entry_mtime"": null, ""entry_present"": false, ""hit"": false, ""mtime_equal"": false, ""name"": ""express-080294c3"", ""owner"": ""local"", ""requested_mtime"": 1785370841152809700}], ""cache_get_hits"": 0, ""cache_key_present_after_warmup"": true, ""cache_policy"": ""cold"", ""cached_symbols_loaded_after_warmup"": true, ""hydration_trace"": {""lazy_ensure_calls"": 0, ""lazy_full_materializations"": 0, ""load_results"": [{""branch"": """", ""lazy_loaded_at_return"": null, ""repo"": ""local/express-080294c3"", ""requested_hydration"": ""auto"", ""symbol_collection_type"": ""list""}], ""sparse_by_file_calls"": 0, ""sparse_by_files_calls"": 0, ""sparse_by_id_calls"": 0, ""sparse_by_name_calls"": 0}, ""mtime_after_measure"": 1785370841152809700, ""mtime_after_warmup"": 1785370841152809700, ""mtime_before_measure"": 1785370841152809700, ""mtime_before_warmup"": 1785370841152809700, ""process_cpu_ms"": 15.625, ""runtime_distribution_version"": ""1.108.199"", ""target_policy"": ""middle stride target"", ""unsafe_global_partial_control"": false, ""wal_after_measure"": false, ""wal_after_warmup"": false, ""worker_pid"": 49336}"
expressjs/express,express-080294c3,file_outline_batch,cold_generation_safe_hybrid_screen,get_file_outline,target_file_symbols,baseline_full,3,"{""file_paths"": [""test/acceptance/cookies.js"", ""test/acceptance/downloads.js"", ""test/acceptance/ejs.js""], ""repo"": ""local/express-080294c3""}",1,1,471,172,507904,7.0758,4.3292,61.18318776675429,1,472,305561600,305561600,0,5e315bf4a06a38eb67cb26d40422713ef9c2364b4d730c8210cd8e91c8243f6a,a3714473feb3d2908add734d340e7755fd85e0a3,2026-07-29T20:20:41.130953,1.108.207,c2201a55b6e1b0ea38043c514ab7bc3a372bad13,3369b1fcd5b12fcb1473031ec74bda8cc200d8860a09caa310c06e9f3ea8bf88,,1,wt-1.108.207,e3b0c44298fc1c149afbf4c8996fb92427ae41e4649b934ca495991b7852b855,,"{""cache_entry_mtime_after_warmup"": 1785370841152809700, ""cache_get_calls"": 1, ""cache_get_debug"": [{""branch"": """", ""entry_mtime"": null, ""entry_present"": false, ""hit"": false, ""mtime_equal"": false, ""name"": ""express-080294c3"", ""owner"": ""local"", ""requested_mtime"": 1785370841152809700}], ""cache_get_hits"": 0, ""cache_key_present_after_warmup"": true, ""cache_policy"": ""cold"", ""cached_symbols_loaded_after_warmup"": true, ""hydration_trace"": {""lazy_ensure_calls"": 0, ""lazy_full_materializations"": 0, ""load_results"": [{""branch"": """", ""lazy_loaded_at_return"": null, ""repo"": ""local/express-080294c3"", ""requested_hydration"": ""auto"", ""symbol_collection_type"": ""list""}], ""sparse_by_file_calls"": 0, ""sparse_by_files_calls"": 0, ""sparse_by_id_calls"": 0, ""sparse_by_name_calls"": 0}, ""mtime_after_measure"": 1785370841152809700, ""mtime_after_warmup"": 1785370841152809700, ""mtime_before_measure"": 1785370841152809700, ""mtime_before_warmup"": 1785370841152809700, ""process_cpu_ms"": 0.0, ""runtime_distribution_version"": ""1.108.199"", ""target_policy"": ""middle stride target"", ""unsafe_global_partial_control"": false, ""wal_after_measure"": false, ""wal_after_warmup"": false, ""worker_pid"": 49336}"
expressjs/express,express-080294c3,file_outline_batch,cold_generation_safe_hybrid_screen,get_file_outline,target_file_symbols,generation_safe_hybrid,3,"{""file_paths"": [""test/acceptance/cookies.js"", ""test/acceptance/downloads.js"", ""test/acceptance/ejs.js""], ""repo"": ""local/express-080294c3""}",1,2,471,172,507904,4.5586,1.4501,31.81020488746545,1,472,136093696,136093696,0,5e315bf4a06a38eb67cb26d40422713ef9c2364b4d730c8210cd8e91c8243f6a,a3714473feb3d2908add734d340e7755fd85e0a3,2026-07-29T20:20:41.130953,1.108.207,c2201a55b6e1b0ea38043c514ab7bc3a372bad13,3369b1fcd5b12fcb1473031ec74bda8cc200d8860a09caa310c06e9f3ea8bf88,,1,wt-generation-safe-hybrid,87f0ef27d476ad303a854c40a984e645bf1074ff2207c8d112c741447dbbfcb2,"M src/jcodemunch_mcp/server.py
 M src/jcodemunch_mcp/storage/index_store.py
 M src/jcodemunch_mcp/storage/sqlite_store.py
 M src/jcodemunch_mcp/tools/check_references.py
 M src/jcodemunch_mcp/tools/find_references.py
 M src/jcodemunch_mcp/tools/get_blast_radius.py
 M src/jcodemunch_mcp/tools/get_churn_rate.py
 M src/jcodemunch_mcp/tools/get_file_outline.py
 M src/jcodemunch_mcp/tools/get_file_risk.py
 M src/jcodemunch_mcp/tools/get_file_tree.py
 M src/jcodemunch_mcp/tools/get_symbol_complexity.py
 M src/jcodemunch_mcp/tools/get_symbol_provenance.py
 M src/jcodemunch_mcp/tools/search_symbols.py
?? tests/test_generation_safe_hybrid.py","{""cache_entry_mtime_after_warmup"": null, ""cache_get_calls"": 0, ""cache_get_debug"": [], ""cache_get_hits"": 0, ""cache_key_present_after_warmup"": false, ""cache_policy"": ""cold"", ""cached_symbols_loaded_after_warmup"": true, ""hydration_trace"": {""lazy_ensure_calls"": 0, ""lazy_full_materializations"": 0, ""load_results"": [{""branch"": """", ""lazy_loaded_at_return"": false, ""repo"": ""local/express-080294c3"", ""requested_hydration"": ""auto"", ""symbol_collection_type"": ""LazySymbolList""}], ""sparse_by_file_calls"": 3, ""sparse_by_files_calls"": 0, ""sparse_by_id_calls"": 0, ""sparse_by_name_calls"": 0}, ""mtime_after_measure"": 1785370841152809700, ""mtime_after_warmup"": 1785370841152809700, ""mtime_before_measure"": 1785370841152809700, ""mtime_before_warmup"": 1785370841152809700, ""process_cpu_ms"": 15.625, ""runtime_distribution_version"": ""1.108.199"", ""target_policy"": ""middle stride target"", ""unsafe_global_partial_control"": false, ""wal_after_measure"": false, ""wal_after_warmup"": false, ""worker_pid"": 44820}"
expressjs/express,express-080294c3,symbol_complexity,cold_generation_safe_hybrid_screen,get_symbol_complexity,target_symbols,generation_safe_hybrid,3,"{""repo"": ""local/express-080294c3"", ""symbol_id"": "".github/workflows/scorecard.yml::jobs.analysis.name#constant""}",1,1,471,172,507904,3.5607,1.9728,55.4048361277277,1,570,136097792,136097792,0,002c4169909c5df7fefd442ab986fec0ac3d63b34041eaffa20c563a0f08f9c5,a3714473feb3d2908add734d340e7755fd85e0a3,2026-07-29T20:20:41.130953,1.108.207,c2201a55b6e1b0ea38043c514ab7bc3a372bad13,3369b1fcd5b12fcb1473031ec74bda8cc200d8860a09caa310c06e9f3ea8bf88,,1,wt-generation-safe-hybrid,87f0ef27d476ad303a854c40a984e645bf1074ff2207c8d112c741447dbbfcb2,"M src/jcodemunch_mcp/server.py
 M src/jcodemunch_mcp/storage/index_store.py
 M src/jcodemunch_mcp/storage/sqlite_store.py
 M src/jcodemunch_mcp/tools/check_references.py
 M src/jcodemunch_mcp/tools/find_references.py
 M src/jcodemunch_mcp/tools/get_blast_radius.py
 M src/jcodemunch_mcp/tools/get_churn_rate.py
 M src/jcodemunch_mcp/tools/get_file_outline.py
 M src/jcodemunch_mcp/tools/get_file_risk.py
 M src/jcodemunch_mcp/tools/get_file_tree.py
 M src/jcodemunch_mcp/tools/get_symbol_complexity.py
 M src/jcodemunch_mcp/tools/get_symbol_provenance.py
 M src/jcodemunch_mcp/tools/search_symbols.py
?? tests/test_generation_safe_hybrid.py","{""cache_entry_mtime_after_warmup"": null, ""cache_get_calls"": 0, ""cache_get_debug"": [], ""cache_get_hits"": 0, ""cache_key_present_after_warmup"": false, ""cache_policy"": ""cold"", ""cached_symbols_loaded_after_warmup"": true, ""hydration_trace"": {""lazy_ensure_calls"": 0, ""lazy_full_materializations"": 0, ""load_results"": [{""branch"": """", ""lazy_loaded_at_return"": false, ""repo"": ""local/express-080294c3"", ""requested_hydration"": ""auto"", ""symbol_collection_type"": ""LazySymbolList""}], ""sparse_by_file_calls"": 0, ""sparse_by_files_calls"": 0, ""sparse_by_id_calls"": 1, ""sparse_by_name_calls"": 0}, ""mtime_after_measure"": 1785370841152809700, ""mtime_after_warmup"": 1785370841152809700, ""mtime_before_measure"": 1785370841152809700, ""mtime_before_warmup"": 1785370841152809700, ""process_cpu_ms"": 15.625, ""runtime_distribution_version"": ""1.108.199"", ""target_policy"": ""middle stride target"", ""unsafe_global_partial_control"": false, ""wal_after_measure"": false, ""wal_after_warmup"": false, ""worker_pid"": 44820}"
expressjs/express,express-080294c3,symbol_complexity,cold_generation_safe_hybrid_screen,get_symbol_complexity,target_symbols,baseline_full,3,"{""repo"": ""local/express-080294c3"", ""symbol_id"": "".github/workflows/scorecard.yml::jobs.analysis.name#constant""}",1,2,471,172,507904,5.4089,4.3152,79.77962247407051,1,570,305561600,305561600,0,002c4169909c5df7fefd442ab986fec0ac3d63b34041eaffa20c563a0f08f9c5,a3714473feb3d2908add734d340e7755fd85e0a3,2026-07-29T20:20:41.130953,1.108.207,c2201a55b6e1b0ea38043c514ab7bc3a372bad13,3369b1fcd5b12fcb1473031ec74bda8cc200d8860a09caa310c06e9f3ea8bf88,,1,wt-1.108.207,e3b0c44298fc1c149afbf4c8996fb92427ae41e4649b934ca495991b7852b855,,"{""cache_entry_mtime_after_warmup"": 1785370841152809700, ""cache_get_calls"": 1, ""cache_get_debug"": [{""branch"": """", ""entry_mtime"": null, ""entry_present"": false, ""hit"": false, ""mtime_equal"": false, ""name"": ""express-080294c3"", ""owner"": ""local"", ""requested_mtime"": 1785370841152809700}], ""cache_get_hits"": 0, ""cache_key_present_after_warmup"": true, ""cache_policy"": ""cold"", ""cached_symbols_loaded_after_warmup"": true, ""hydration_trace"": {""lazy_ensure_calls"": 0, ""lazy_full_materializations"": 0, ""load_results"": [{""branch"": """", ""lazy_loaded_at_return"": null, ""repo"": ""local/express-080294c3"", ""requested_hydration"": ""auto"", ""symbol_collection_type"": ""list""}], ""sparse_by_file_calls"": 0, ""sparse_by_files_calls"": 0, ""sparse_by_id_calls"": 0, ""sparse_by_name_calls"": 0}, ""mtime_after_measure"": 1785370841152809700, ""mtime_after_warmup"": 1785370841152809700, ""mtime_before_measure"": 1785370841152809700, ""mtime_before_warmup"": 1785370841152809700, ""process_cpu_ms"": 0.0, ""runtime_distribution_version"": ""1.108.199"", ""target_policy"": ""middle stride target"", ""unsafe_global_partial_control"": false, ""wal_after_measure"": false, ""wal_after_warmup"": false, ""worker_pid"": 49336}"
expressjs/express,express-080294c3,churn_symbol,cold_generation_safe_hybrid_screen,get_churn_rate,target_symbols,baseline_full,3,"{""days"": 30, ""repo"": ""local/express-080294c3"", ""target"": "".github/workflows/scorecard.yml::jobs.analysis.name#constant""}",1,1,471,172,507904,64.1695,4.7198,7.355207692127881,1,586,305561600,305561600,0,0107a985a684f4be4d432e57eecc7686b5091b8a3e1791b61e519717743bb1ed,a3714473feb3d2908add734d340e7755fd85e0a3,2026-07-29T20:20:41.130953,1.108.207,c2201a55b6e1b0ea38043c514ab7bc3a372bad13,3369b1fcd5b12fcb1473031ec74bda8cc200d8860a09caa310c06e9f3ea8bf88,,1,wt-1.108.207,e3b0c44298fc1c149afbf4c8996fb92427ae41e4649b934ca495991b7852b855,,"{""cache_entry_mtime_after_warmup"": 1785370841152809700, ""cache_get_calls"": 1, ""cache_get_debug"": [{""branch"": """", ""entry_mtime"": null, ""entry_present"": false, ""hit"": false, ""mtime_equal"": false, ""name"": ""express-080294c3"", ""owner"": ""local"", ""requested_mtime"": 1785370841152809700}], ""cache_get_hits"": 0, ""cache_key_present_after_warmup"": true, ""cache_policy"": ""cold"", ""cached_symbols_loaded_after_warmup"": true, ""hydration_trace"": {""lazy_ensure_calls"": 0, ""lazy_full_materializations"": 0, ""load_results"": [{""branch"": """", ""lazy_loaded_at_return"": null, ""repo"": ""local/express-080294c3"", ""requested_hydration"": ""auto"", ""symbol_collection_type"": ""list""}], ""sparse_by_file_calls"": 0, ""sparse_by_files_calls"": 0, ""sparse_by_id_calls"": 0, ""sparse_by_name_calls"": 0}, ""mtime_after_measure"": 1785370841152809700, ""mtime_after_warmup"": 1785370841152809700, ""mtime_before_measure"": 1785370841152809700, ""mtime_before_warmup"": 1785370841152809700, ""process_cpu_ms"": 93.75, ""runtime_distribution_version"": ""1.108.199"", ""target_policy"": ""middle stride target"", ""unsafe_global_partial_control"": false, ""wal_after_measure"": false, ""wal_after_warmup"": false, ""worker_pid"": 49336}"
expressjs/express,express-080294c3,churn_symbol,cold_generation_safe_hybrid_screen,get_churn_rate,target_symbols,generation_safe_hybrid,3,"{""days"": 30, ""repo"": ""local/express-080294c3"", ""target"": "".github/workflows/scorecard.yml::jobs.analysis.name#constant""}",1,2,471,172,507904,55.1587,1.6674,3.022913883032051,1,586,136146944,136163328,16384,0107a985a684f4be4d432e57eecc7686b5091b8a3e1791b61e519717743bb1ed,a3714473feb3d2908add734d340e7755fd85e0a3,2026-07-29T20:20:41.130953,1.108.207,c2201a55b6e1b0ea38043c514ab7bc3a372bad13,3369b1fcd5b12fcb1473031ec74bda8cc200d8860a09caa310c06e9f3ea8bf88,,1,wt-generation-safe-hybrid,87f0ef27d476ad303a854c40a984e645bf1074ff2207c8d112c741447dbbfcb2,"M src/jcodemunch_mcp/server.py
 M src/jcodemunch_mcp/storage/index_store.py
 M src/jcodemunch_mcp/storage/sqlite_store.py
 M src/jcodemunch_mcp/tools/check_references.py
 M src/jcodemunch_mcp/tools/find_references.py
 M src/jcodemunch_mcp/tools/get_blast_radius.py
 M src/jcodemunch_mcp/tools/get_churn_rate.py
 M src/jcodemunch_mcp/tools/get_file_outline.py
 M src/jcodemunch_mcp/tools/get_file_risk.py
 M src/jcodemunch_mcp/tools/get_file_tree.py
 M src/jcodemunch_mcp/tools/get_symbol_complexity.py
 M src/jcodemunch_mcp/tools/get_symbol_provenance.py
 M src/jcodemunch_mcp/tools/search_symbols.py
?? tests/test_generation_safe_hybrid.py","{""cache_entry_mtime_after_warmup"": null, ""cache_get_calls"": 0, ""cache_get_debug"": [], ""cache_get_hits"": 0, ""cache_key_present_after_warmup"": false, ""cache_policy"": ""cold"", ""cached_symbols_loaded_after_warmup"": true, ""hydration_trace"": {""lazy_ensure_calls"": 0, ""lazy_full_materializations"": 0, ""load_results"": [{""branch"": """", ""lazy_loaded_at_return"": false, ""repo"": ""local/express-080294c3"", ""requested_hydration"": ""auto"", ""symbol_collection_type"": ""LazySymbolList""}], ""sparse_by_file_calls"": 0, ""sparse_by_files_calls"": 0, ""sparse_by_id_calls"": 1, ""sparse_by_name_calls"": 0}, ""mtime_after_measure"": 1785370841152809700, ""mtime_after_warmup"": 1785370841152809700, ""mtime_before_measure"": 1785370841152809700, ""mtime_before_warmup"": 1785370841152809700, ""process_cpu_ms"": 0.0, ""runtime_distribution_version"": ""1.108.199"", ""target_policy"": ""middle stride target"", ""unsafe_global_partial_control"": false, ""wal_after_measure"": false, ""wal_after_warmup"": false, ""worker_pid"": 44820}"
expressjs/express,express-080294c3,churn_file,cold_generation_safe_hybrid_screen,get_churn_rate,metadata,generation_safe_hybrid,3,"{""days"": 30, ""repo"": ""local/express-080294c3"", ""target"": ""test/acceptance/cookies.js""}",1,1,471,172,507904,55.9035,2.2057,3.9455490264473605,1,520,136245248,136290304,45056,3e35e251d33132221f8f81f7531503c5818f6acec70446b6135fae5db1d36cbc,a3714473feb3d2908add734d340e7755fd85e0a3,2026-07-29T20:20:41.130953,1.108.207,c2201a55b6e1b0ea38043c514ab7bc3a372bad13,3369b1fcd5b12fcb1473031ec74bda8cc200d8860a09caa310c06e9f3ea8bf88,,1,wt-generation-safe-hybrid,87f0ef27d476ad303a854c40a984e645bf1074ff2207c8d112c741447dbbfcb2,"M src/jcodemunch_mcp/server.py
 M src/jcodemunch_mcp/storage/index_store.py
 M src/jcodemunch_mcp/storage/sqlite_store.py
 M src/jcodemunch_mcp/tools/check_references.py
 M src/jcodemunch_mcp/tools/find_references.py
 M src/jcodemunch_mcp/tools/get_blast_radius.py
 M src/jcodemunch_mcp/tools/get_churn_rate.py
 M src/jcodemunch_mcp/tools/get_file_outline.py
 M src/jcodemunch_mcp/tools/get_file_risk.py
 M src/jcodemunch_mcp/tools/get_file_tree.py
 M src/jcodemunch_mcp/tools/get_symbol_complexity.py
 M src/jcodemunch_mcp/tools/get_symbol_provenance.py
 M src/jcodemunch_mcp/tools/search_symbols.py
?? tests/test_generation_safe_hybrid.py","{""cache_entry_mtime_after_warmup"": null, ""cache_get_calls"": 0, ""cache_get_debug"": [], ""cache_get_hits"": 0, ""cache_key_present_after_warmup"": false, ""cache_policy"": ""cold"", ""cached_symbols_loaded_after_warmup"": true, ""hydration_trace"": {""lazy_ensure_calls"": 0, ""lazy_full_materializations"": 0, ""load_results"": [{""branch"": """", ""lazy_loaded_at_return"": false, ""repo"": ""local/express-080294c3"", ""requested_hydration"": ""auto"", ""symbol_collection_type"": ""LazySymbolList""}], ""sparse_by_file_calls"": 0, ""sparse_by_files_calls"": 0, ""sparse_by_id_calls"": 1, ""sparse_by_name_calls"": 0}, ""mtime_after_measure"": 1785370841152809700, ""mtime_after_warmup"": 1785370841152809700, ""mtime_before_measure"": 1785370841152809700, ""mtime_before_warmup"": 1785370841152809700, ""process_cpu_ms"": 62.5, ""runtime_distribution_version"": ""1.108.199"", ""target_policy"": ""middle stride target"", ""unsafe_global_partial_control"": false, ""wal_after_measure"": false, ""wal_after_warmup"": false, ""worker_pid"": 44820}"
expressjs/express,express-080294c3,churn_file,cold_generation_safe_hybrid_screen,get_churn_rate,metadata,baseline_full,3,"{""days"": 30, ""repo"": ""local/express-080294c3"", ""target"": ""test/acceptance/cookies.js""}",1,2,471,172,507904,104.2428,4.8618,4.663919234709734,1,521,305954816,305958912,4096,3e35e251d33132221f8f81f7531503c5818f6acec70446b6135fae5db1d36cbc,a3714473feb3d2908add734d340e7755fd85e0a3,2026-07-29T20:20:41.130953,1.108.207,c2201a55b6e1b0ea38043c514ab7bc3a372bad13,3369b1fcd5b12fcb1473031ec74bda8cc200d8860a09caa310c06e9f3ea8bf88,,1,wt-1.108.207,e3b0c44298fc1c149afbf4c8996fb92427ae41e4649b934ca495991b7852b855,,"{""cache_entry_mtime_after_warmup"": 1785370841152809700, ""cache_get_calls"": 1, ""cache_get_debug"": [{""branch"": """", ""entry_mtime"": null, ""entry_present"": false, ""hit"": false, ""mtime_equal"": false, ""name"": ""express-080294c3"", ""owner"": ""local"", ""requested_mtime"": 1785370841152809700}], ""cache_get_hits"": 0, ""cache_key_present_after_warmup"": true, ""cache_policy"": ""cold"", ""cached_symbols_loaded_after_warmup"": true, ""hydration_trace"": {""lazy_ensure_calls"": 0, ""lazy_full_materializations"": 0, ""load_results"": [{""branch"": """", ""lazy_loaded_at_return"": null, ""repo"": ""local/express-080294c3"", ""requested_hydration"": ""auto"", ""symbol_collection_type"": ""list""}], ""sparse_by_file_calls"": 0, ""sparse_by_files_calls"": 0, ""sparse_by_id_calls"": 0, ""sparse_by_name_calls"": 0}, ""mtime_after_measure"": 1785370841152809700, ""mtime_after_warmup"": 1785370841152809700, ""mtime_before_measure"": 1785370841152809700, ""mtime_before_warmup"": 1785370841152809700, ""process_cpu_ms"": 15.625, ""runtime_distribution_version"": ""1.108.199"", ""target_policy"": ""middle stride target"", ""unsafe_global_partial_control"": false, ""wal_after_measure"": false, ""wal_after_warmup"": false, ""worker_pid"": 49336}"
expressjs/express,express-080294c3,symbol_provenance,cold_generation_safe_hybrid_screen,get_symbol_provenance,target_symbols,baseline_full,3,"{""max_commits"": 3, ""repo"": ""local/express-080294c3"", ""symbol"": "".github/workflows/scorecard.yml::jobs.analysis.name#constant""}",1,1,471,172,507904,58.7758,4.9083,8.350885908826422,1,1643,306012160,306012160,0,5f5ed567fd1ee3225c12a4eb23144be1dd585d436b69bff423a6ba7645c9e839,a3714473feb3d2908add734d340e7755fd85e0a3,2026-07-29T20:20:41.130953,1.108.207,c2201a55b6e1b0ea38043c514ab7bc3a372bad13,3369b1fcd5b12fcb1473031ec74bda8cc200d8860a09caa310c06e9f3ea8bf88,,1,wt-1.108.207,e3b0c44298fc1c149afbf4c8996fb92427ae41e4649b934ca495991b7852b855,,"{""cache_entry_mtime_after_warmup"": 1785370841152809700, ""cache_get_calls"": 1, ""cache_get_debug"": [{""branch"": """", ""entry_mtime"": null, ""entry_present"": false, ""hit"": false, ""mtime_equal"": false, ""name"": ""express-080294c3"", ""owner"": ""local"", ""requested_mtime"": 1785370841152809700}], ""cache_get_hits"": 0, ""cache_key_present_after_warmup"": true, ""cache_policy"": ""cold"", ""cached_symbols_loaded_after_warmup"": true, ""hydration_trace"": {""lazy_ensure_calls"": 0, ""lazy_full_materializations"": 0, ""load_results"": [{""branch"": """", ""lazy_loaded_at_return"": null, ""repo"": ""local/express-080294c3"", ""requested_hydration"": ""auto"", ""symbol_collection_type"": ""list""}], ""sparse_by_file_calls"": 0, ""sparse_by_files_calls"": 0, ""sparse_by_id_calls"": 0, ""sparse_by_name_calls"": 0}, ""mtime_after_measure"": 1785370841152809700, ""mtime_after_warmup"": 1785370841152809700, ""mtime_before_measure"": 1785370841152809700, ""mtime_before_warmup"": 1785370841152809700, ""process_cpu_ms"": 78.125, ""runtime_distribution_version"": ""1.108.199"", ""target_policy"": ""middle stride target"", ""unsafe_global_partial_control"": false, ""wal_after_measure"": false, ""wal_after_warmup"": false, ""worker_pid"": 49336}"
expressjs/express,express-080294c3,symbol_provenance,cold_generation_safe_hybrid_screen,get_symbol_provenance,target_symbols,generation_safe_hybrid,3,"{""max_commits"": 3, ""repo"": ""local/express-080294c3"", ""symbol"": "".github/workflows/scorecard.yml::jobs.analysis.name#constant""}",1,2,471,172,507904,54.854,1.5843,2.888212345498961,1,1643,136474624,136474624,0,5f5ed567fd1ee3225c12a4eb23144be1dd585d436b69bff423a6ba7645c9e839,a3714473feb3d2908add734d340e7755fd85e0a3,2026-07-29T20:20:41.130953,1.108.207,c2201a55b6e1b0ea38043c514ab7bc3a372bad13,3369b1fcd5b12fcb1473031ec74bda8cc200d8860a09caa310c06e9f3ea8bf88,,1,wt-generation-safe-hybrid,87f0ef27d476ad303a854c40a984e645bf1074ff2207c8d112c741447dbbfcb2,"M src/jcodemunch_mcp/server.py
 M src/jcodemunch_mcp/storage/index_store.py
 M src/jcodemunch_mcp/storage/sqlite_store.py
 M src/jcodemunch_mcp/tools/check_references.py
 M src/jcodemunch_mcp/tools/find_references.py
 M src/jcodemunch_mcp/tools/get_blast_radius.py
 M src/jcodemunch_mcp/tools/get_churn_rate.py
 M src/jcodemunch_mcp/tools/get_file_outline.py
 M src/jcodemunch_mcp/tools/get_file_risk.py
 M src/jcodemunch_mcp/tools/get_file_tree.py
 M src/jcodemunch_mcp/tools/get_symbol_complexity.py
 M src/jcodemunch_mcp/tools/get_symbol_provenance.py
 M src/jcodemunch_mcp/tools/search_symbols.py
?? tests/test_generation_safe_hybrid.py","{""cache_entry_mtime_after_warmup"": null, ""cache_get_calls"": 0, ""cache_get_debug"": [], ""cache_get_hits"": 0, ""cache_key_present_after_warmup"": false, ""cache_policy"": ""cold"", ""cached_symbols_loaded_after_warmup"": true, ""hydration_trace"": {""lazy_ensure_calls"": 0, ""lazy_full_materializations"": 0, ""load_results"": [{""branch"": """", ""lazy_loaded_at_return"": false, ""repo"": ""local/express-080294c3"", ""requested_hydration"": ""auto"", ""symbol_collection_type"": ""LazySymbolList""}], ""sparse_by_file_calls"": 0, ""sparse_by_files_calls"": 0, ""sparse_by_id_calls"": 1, ""sparse_by_name_calls"": 0}, ""mtime_after_measure"": 1785370841152809700, ""mtime_after_warmup"": 1785370841152809700, ""mtime_before_measure"": 1785370841152809700, ""mtime_before_warmup"": 1785370841152809700, ""process_cpu_ms"": 0.0, ""runtime_distribution_version"": ""1.108.199"", ""target_policy"": ""middle stride target"", ""unsafe_global_partial_control"": false, ""wal_after_measure"": false, ""wal_after_warmup"": false, ""worker_pid"": 44820}"
expressjs/express,express-080294c3,references_single,cold_generation_safe_hybrid_screen,find_references,all_files,generation_safe_hybrid,3,"{""identifier"": ""name"", ""repo"": ""local/express-080294c3""}",1,1,471,172,507904,3.5448,1.3049,36.81166779508012,1,365,136474624,136474624,0,829edb94ddc8b3ebb40b5dcc7523467a108cb824cf1b00f8c72da8dcbd0b199e,a3714473feb3d2908add734d340e7755fd85e0a3,2026-07-29T20:20:41.130953,1.108.207,c2201a55b6e1b0ea38043c514ab7bc3a372bad13,3369b1fcd5b12fcb1473031ec74bda8cc200d8860a09caa310c06e9f3ea8bf88,,1,wt-generation-safe-hybrid,87f0ef27d476ad303a854c40a984e645bf1074ff2207c8d112c741447dbbfcb2,"M src/jcodemunch_mcp/server.py
 M src/jcodemunch_mcp/storage/index_store.py
 M src/jcodemunch_mcp/storage/sqlite_store.py
 M src/jcodemunch_mcp/tools/check_references.py
 M src/jcodemunch_mcp/tools/find_references.py
 M src/jcodemunch_mcp/tools/get_blast_radius.py
 M src/jcodemunch_mcp/tools/get_churn_rate.py
 M src/jcodemunch_mcp/tools/get_file_outline.py
 M src/jcodemunch_mcp/tools/get_file_risk.py
 M src/jcodemunch_mcp/tools/get_file_tree.py
 M src/jcodemunch_mcp/tools/get_symbol_complexity.py
 M src/jcodemunch_mcp/tools/get_symbol_provenance.py
 M src/jcodemunch_mcp/tools/search_symbols.py
?? tests/test_generation_safe_hybrid.py","{""cache_entry_mtime_after_warmup"": null, ""cache_get_calls"": 0, ""cache_get_debug"": [], ""cache_get_hits"": 0, ""cache_key_present_after_warmup"": false, ""cache_policy"": ""cold"", ""cached_symbols_loaded_after_warmup"": true, ""hydration_trace"": {""lazy_ensure_calls"": 0, ""lazy_full_materializations"": 0, ""load_results"": [{""branch"": """", ""lazy_loaded_at_return"": false, ""repo"": ""local/express-080294c3"", ""requested_hydration"": ""auto"", ""symbol_collection_type"": ""LazySymbolList""}], ""sparse_by_file_calls"": 0, ""sparse_by_files_calls"": 0, ""sparse_by_id_calls"": 0, ""sparse_by_name_calls"": 0}, ""mtime_after_measure"": 1785370841152809700, ""mtime_after_warmup"": 1785370841152809700, ""mtime_before_measure"": 1785370841152809700, ""mtime_before_warmup"": 1785370841152809700, ""process_cpu_ms"": 0.0, ""runtime_distribution_version"": ""1.108.199"", ""target_policy"": ""middle stride target"", ""unsafe_global_partial_control"": false, ""wal_after_measure"": false, ""wal_after_warmup"": false, ""worker_pid"": 44820}"
expressjs/express,express-080294c3,references_single,cold_generation_safe_hybrid_screen,find_references,all_files,baseline_full,3,"{""identifier"": ""name"", ""repo"": ""local/express-080294c3""}",1,2,471,172,507904,6.3403,4.2091,66.3864485907607,1,365,306016256,306016256,0,829edb94ddc8b3ebb40b5dcc7523467a108cb824cf1b00f8c72da8dcbd0b199e,a3714473feb3d2908add734d340e7755fd85e0a3,2026-07-29T20:20:41.130953,1.108.207,c2201a55b6e1b0ea38043c514ab7bc3a372bad13,3369b1fcd5b12fcb1473031ec74bda8cc200d8860a09caa310c06e9f3ea8bf88,,1,wt-1.108.207,e3b0c44298fc1c149afbf4c8996fb92427ae41e4649b934ca495991b7852b855,,"{""cache_entry_mtime_after_warmup"": 1785370841152809700, ""cache_get_calls"": 1, ""cache_get_debug"": [{""branch"": """", ""entry_mtime"": null, ""entry_present"": false, ""hit"": false, ""mtime_equal"": false, ""name"": ""express-080294c3"", ""owner"": ""local"", ""requested_mtime"": 1785569481654474700}], ""cache_get_hits"": 0, ""cache_key_present_after_warmup"": true, ""cache_policy"": ""cold"", ""cached_symbols_loaded_after_warmup"": true, ""hydration_trace"": {""lazy_ensure_calls"": 0, ""lazy_full_materializations"": 0, ""load_results"": [{""branch"": """", ""lazy_loaded_at_return"": null, ""repo"": ""local/express-080294c3"", ""requested_hydration"": ""auto"", ""symbol_collection_type"": ""list""}], ""sparse_by_file_calls"": 0, ""sparse_by_files_calls"": 0, ""sparse_by_id_calls"": 0, ""sparse_by_name_calls"": 0}, ""mtime_after_measure"": 1785569481661474700, ""mtime_after_warmup"": 1785569481654474700, ""mtime_before_measure"": 1785569481654474700, ""mtime_before_warmup"": 1785370841152809700, ""process_cpu_ms"": 0.0, ""runtime_distribution_version"": ""1.108.199"", ""target_policy"": ""middle stride target"", ""unsafe_global_partial_control"": false, ""wal_after_measure"": true, ""wal_after_warmup"": true, ""worker_pid"": 49336}"
expressjs/express,express-080294c3,references_batch,cold_generation_safe_hybrid_screen,find_references,all_files,baseline_full,3,"{""identifiers"": [""name"", ""runs-on"", ""permissions""], ""repo"": ""local/express-080294c3""}",1,1,471,172,507904,6.5653,4.4313,67.49577323199244,1,339,306085888,306085888,0,2f91b1b571892d5e48135add2910a1d143f8a5af1db68170d3187eb6219a1b03,a3714473feb3d2908add734d340e7755fd85e0a3,2026-07-29T20:20:41.130953,1.108.207,c2201a55b6e1b0ea38043c514ab7bc3a372bad13,3369b1fcd5b12fcb1473031ec74bda8cc200d8860a09caa310c06e9f3ea8bf88,,1,wt-1.108.207,e3b0c44298fc1c149afbf4c8996fb92427ae41e4649b934ca495991b7852b855,,"{""cache_entry_mtime_after_warmup"": 1785370841152809700, ""cache_get_calls"": 1, ""cache_get_debug"": [{""branch"": """", ""entry_mtime"": null, ""entry_present"": false, ""hit"": false, ""mtime_equal"": false, ""name"": ""express-080294c3"", ""owner"": ""local"", ""requested_mtime"": 1785569481675475200}], ""cache_get_hits"": 0, ""cache_key_present_after_warmup"": true, ""cache_policy"": ""cold"", ""cached_symbols_loaded_after_warmup"": true, ""hydration_trace"": {""lazy_ensure_calls"": 0, ""lazy_full_materializations"": 0, ""load_results"": [{""branch"": """", ""lazy_loaded_at_return"": null, ""repo"": ""local/express-080294c3"", ""requested_hydration"": ""auto"", ""symbol_collection_type"": ""list""}], ""sparse_by_file_calls"": 0, ""sparse_by_files_calls"": 0, ""sparse_by_id_calls"": 0, ""sparse_by_name_calls"": 0}, ""mtime_after_measure"": 1785569481682556000, ""mtime_after_warmup"": 1785569481675475200, ""mtime_before_measure"": 1785569481675475200, ""mtime_before_warmup"": 1785569481661474700, ""process_cpu_ms"": 15.625, ""runtime_distribution_version"": ""1.108.199"", ""target_policy"": ""middle stride target"", ""unsafe_global_partial_control"": false, ""wal_after_measure"": true, ""wal_after_warmup"": true, ""worker_pid"": 49336}"
expressjs/express,express-080294c3,references_batch,cold_generation_safe_hybrid_screen,find_references,all_files,generation_safe_hybrid,3,"{""identifiers"": [""name"", ""runs-on"", ""permissions""], ""repo"": ""local/express-080294c3""}",1,2,471,172,507904,3.4596,1.2708,36.732570239334024,1,339,136560640,136560640,0,2f91b1b571892d5e48135add2910a1d143f8a5af1db68170d3187eb6219a1b03,a3714473feb3d2908add734d340e7755fd85e0a3,2026-07-29T20:20:41.130953,1.108.207,c2201a55b6e1b0ea38043c514ab7bc3a372bad13,3369b1fcd5b12fcb1473031ec74bda8cc200d8860a09caa310c06e9f3ea8bf88,,1,wt-generation-safe-hybrid,87f0ef27d476ad303a854c40a984e645bf1074ff2207c8d112c741447dbbfcb2,"M src/jcodemunch_mcp/server.py
 M src/jcodemunch_mcp/storage/index_store.py
 M src/jcodemunch_mcp/storage/sqlite_store.py
 M src/jcodemunch_mcp/tools/check_references.py
 M src/jcodemunch_mcp/tools/find_references.py
 M src/jcodemunch_mcp/tools/get_blast_radius.py
 M src/jcodemunch_mcp/tools/get_churn_rate.py
 M src/jcodemunch_mcp/tools/get_file_outline.py
 M src/jcodemunch_mcp/tools/get_file_risk.py
 M src/jcodemunch_mcp/tools/get_file_tree.py
 M src/jcodemunch_mcp/tools/get_symbol_complexity.py
 M src/jcodemunch_mcp/tools/get_symbol_provenance.py
 M src/jcodemunch_mcp/tools/search_symbols.py
?? tests/test_generation_safe_hybrid.py","{""cache_entry_mtime_after_warmup"": null, ""cache_get_calls"": 0, ""cache_get_debug"": [], ""cache_get_hits"": 0, ""cache_key_present_after_warmup"": false, ""cache_policy"": ""cold"", ""cached_symbols_loaded_after_warmup"": true, ""hydration_trace"": {""lazy_ensure_calls"": 0, ""lazy_full_materializations"": 0, ""load_results"": [{""branch"": """", ""lazy_loaded_at_return"": false, ""repo"": ""local/express-080294c3"", ""requested_hydration"": ""auto"", ""symbol_collection_type"": ""LazySymbolList""}], ""sparse_by_file_calls"": 0, ""sparse_by_files_calls"": 0, ""sparse_by_id_calls"": 0, ""sparse_by_name_calls"": 0}, ""mtime_after_measure"": 1785370841152809700, ""mtime_after_warmup"": 1785370841152809700, ""mtime_before_measure"": 1785370841152809700, ""mtime_before_warmup"": 1785569481682556000, ""process_cpu_ms"": 15.625, ""runtime_distribution_version"": ""1.108.199"", ""target_policy"": ""middle stride target"", ""unsafe_global_partial_control"": false, ""wal_after_measure"": false, ""wal_after_warmup"": false, ""worker_pid"": 44820}"
expressjs/express,express-080294c3,references_call_chain,cold_generation_safe_hybrid_screen,find_references,reference_call_chain,generation_safe_hybrid,3,"{""identifier"": ""name"", ""include_call_chain"": true, ""repo"": ""local/express-080294c3""}",1,1,471,172,507904,3.628,1.3149,36.243109151047406,1,365,136560640,136560640,0,829edb94ddc8b3ebb40b5dcc7523467a108cb824cf1b00f8c72da8dcbd0b199e,a3714473feb3d2908add734d340e7755fd85e0a3,2026-07-29T20:20:41.130953,1.108.207,c2201a55b6e1b0ea38043c514ab7bc3a372bad13,3369b1fcd5b12fcb1473031ec74bda8cc200d8860a09caa310c06e9f3ea8bf88,,1,wt-generation-safe-hybrid,87f0ef27d476ad303a854c40a984e645bf1074ff2207c8d112c741447dbbfcb2,"M src/jcodemunch_mcp/server.py
 M src/jcodemunch_mcp/storage/index_store.py
 M src/jcodemunch_mcp/storage/sqlite_store.py
 M src/jcodemunch_mcp/tools/check_references.py
 M src/jcodemunch_mcp/tools/find_references.py
 M src/jcodemunch_mcp/tools/get_blast_radius.py
 M src/jcodemunch_mcp/tools/get_churn_rate.py
 M src/jcodemunch_mcp/tools/get_file_outline.py
 M src/jcodemunch_mcp/tools/get_file_risk.py
 M src/jcodemunch_mcp/tools/get_file_tree.py
 M src/jcodemunch_mcp/tools/get_symbol_complexity.py
 M src/jcodemunch_mcp/tools/get_symbol_provenance.py
 M src/jcodemunch_mcp/tools/search_symbols.py
?? tests/test_generation_safe_hybrid.py","{""cache_entry_mtime_after_warmup"": null, ""cache_get_calls"": 0, ""cache_get_debug"": [], ""cache_get_hits"": 0, ""cache_key_present_after_warmup"": false, ""cache_policy"": ""cold"", ""cached_symbols_loaded_after_warmup"": true, ""hydration_trace"": {""lazy_ensure_calls"": 0, ""lazy_full_materializations"": 0, ""load_results"": [{""branch"": """", ""lazy_loaded_at_return"": false, ""repo"": ""local/express-080294c3"", ""requested_hydration"": ""auto"", ""symbol_collection_type"": ""LazySymbolList""}], ""sparse_by_file_calls"": 0, ""sparse_by_files_calls"": 0, ""sparse_by_id_calls"": 0, ""sparse_by_name_calls"": 0}, ""mtime_after_measure"": 1785370841152809700, ""mtime_after_warmup"": 1785370841152809700, ""mtime_before_measure"": 1785370841152809700, ""mtime_before_warmup"": 1785370841152809700, ""process_cpu_ms"": 15.625, ""runtime_distribution_version"": ""1.108.199"", ""target_policy"": ""middle stride target"", ""unsafe_global_partial_control"": false, ""wal_after_measure"": false, ""wal_after_warmup"": false, ""worker_pid"": 44820}"
expressjs/express,express-080294c3,references_call_chain,cold_generation_safe_hybrid_screen,find_references,reference_call_chain,baseline_full,3,"{""identifier"": ""name"", ""include_call_chain"": true, ""repo"": ""local/express-080294c3""}",1,2,471,172,507904,6.2946,4.1659,66.18212436056302,1,365,306085888,306085888,0,829edb94ddc8b3ebb40b5dcc7523467a108cb824cf1b00f8c72da8dcbd0b199e,a3714473feb3d2908add734d340e7755fd85e0a3,2026-07-29T20:20:41.130953,1.108.207,c2201a55b6e1b0ea38043c514ab7bc3a372bad13,3369b1fcd5b12fcb1473031ec74bda8cc200d8860a09caa310c06e9f3ea8bf88,,1,wt-1.108.207,e3b0c44298fc1c149afbf4c8996fb92427ae41e4649b934ca495991b7852b855,,"{""cache_entry_mtime_after_warmup"": 1785370841152809700, ""cache_get_calls"": 1, ""cache_get_debug"": [{""branch"": """", ""entry_mtime"": null, ""entry_present"": false, ""hit"": false, ""mtime_equal"": false, ""name"": ""express-080294c3"", ""owner"": ""local"", ""requested_mtime"": 1785569481731626900}], ""cache_get_hits"": 0, ""cache_key_present_after_warmup"": true, ""cache_policy"": ""cold"", ""cached_symbols_loaded_after_warmup"": true, ""hydration_trace"": {""lazy_ensure_calls"": 0, ""lazy_full_materializations"": 0, ""load_results"": [{""branch"": """", ""lazy_loaded_at_return"": null, ""repo"": ""local/express-080294c3"", ""requested_hydration"": ""auto"", ""symbol_collection_type"": ""list""}], ""sparse_by_file_calls"": 0, ""sparse_by_files_calls"": 0, ""sparse_by_id_calls"": 0, ""sparse_by_name_calls"": 0}, ""mtime_after_measure"": 1785569481737627000, ""mtime_after_warmup"": 1785569481731626900, ""mtime_before_measure"": 1785569481731626900, ""mtime_before_warmup"": 1785370841152809700, ""process_cpu_ms"": 0.0, ""runtime_distribution_version"": ""1.108.199"", ""target_policy"": ""middle stride target"", ""unsafe_global_partial_control"": false, ""wal_after_measure"": true, ""wal_after_warmup"": true, ""worker_pid"": 49336}"
expressjs/express,express-080294c3,importers_single,cold_generation_safe_hybrid_screen,find_importers,all_files,baseline_full,3,"{""cross_repo"": false, ""file_path"": ""test/acceptance/cookies.js"", ""repo"": ""local/express-080294c3""}",1,1,471,172,507904,11.0749,4.6735,42.199026627779936,1,401,306085888,306085888,0,549c5cb63878699287a1ddfabd729c54d297095f36fbbae07d98cc776255793a,a3714473feb3d2908add734d340e7755fd85e0a3,2026-07-29T20:20:41.130953,1.108.207,c2201a55b6e1b0ea38043c514ab7bc3a372bad13,3369b1fcd5b12fcb1473031ec74bda8cc200d8860a09caa310c06e9f3ea8bf88,,1,wt-1.108.207,e3b0c44298fc1c149afbf4c8996fb92427ae41e4649b934ca495991b7852b855,,"{""cache_entry_mtime_after_warmup"": 1785370841152809700, ""cache_get_calls"": 1, ""cache_get_debug"": [{""branch"": """", ""entry_mtime"": null, ""entry_present"": false, ""hit"": false, ""mtime_equal"": false, ""name"": ""express-080294c3"", ""owner"": ""local"", ""requested_mtime"": 1785370841152809700}], ""cache_get_hits"": 0, ""cache_key_present_after_warmup"": true, ""cache_policy"": ""cold"", ""cached_symbols_loaded_after_warmup"": true, ""hydration_trace"": {""lazy_ensure_calls"": 0, ""lazy_full_materializations"": 0, ""load_results"": [{""branch"": """", ""lazy_loaded_at_return"": null, ""repo"": ""local/express-080294c3"", ""requested_hydration"": ""auto"", ""symbol_collection_type"": ""list""}], ""sparse_by_file_calls"": 0, ""sparse_by_files_calls"": 0, ""sparse_by_id_calls"": 0, ""sparse_by_name_calls"": 0}, ""mtime_after_measure"": 1785370841152809700, ""mtime_after_warmup"": 1785370841152809700, ""mtime_before_measure"": 1785370841152809700, ""mtime_before_warmup"": 1785569481737627000, ""process_cpu_ms"": 31.25, ""runtime_distribution_version"": ""1.108.199"", ""target_policy"": ""middle stride target"", ""unsafe_global_partial_control"": false, ""wal_after_measure"": false, ""wal_after_warmup"": false, ""worker_pid"": 49336}"
expressjs/express,express-080294c3,importers_single,cold_generation_safe_hybrid_screen,find_importers,all_files,generation_safe_hybrid,3,"{""cross_repo"": false, ""file_path"": ""test/acceptance/cookies.js"", ""repo"": ""local/express-080294c3""}",1,2,471,172,507904,8.5494,2.0185,23.60984396565841,1,401,136560640,136560640,0,549c5cb63878699287a1ddfabd729c54d297095f36fbbae07d98cc776255793a,a3714473feb3d2908add734d340e7755fd85e0a3,2026-07-29T20:20:41.130953,1.108.207,c2201a55b6e1b0ea38043c514ab7bc3a372bad13,3369b1fcd5b12fcb1473031ec74bda8cc200d8860a09caa310c06e9f3ea8bf88,,1,wt-generation-safe-hybrid,87f0ef27d476ad303a854c40a984e645bf1074ff2207c8d112c741447dbbfcb2,"M src/jcodemunch_mcp/server.py
 M src/jcodemunch_mcp/storage/index_store.py
 M src/jcodemunch_mcp/storage/sqlite_store.py
 M src/jcodemunch_mcp/tools/check_references.py
 M src/jcodemunch_mcp/tools/find_references.py
 M src/jcodemunch_mcp/tools/get_blast_radius.py
 M src/jcodemunch_mcp/tools/get_churn_rate.py
 M src/jcodemunch_mcp/tools/get_file_outline.py
 M src/jcodemunch_mcp/tools/get_file_risk.py
 M src/jcodemunch_mcp/tools/get_file_tree.py
 M src/jcodemunch_mcp/tools/get_symbol_complexity.py
 M src/jcodemunch_mcp/tools/get_symbol_provenance.py
 M src/jcodemunch_mcp/tools/search_symbols.py
?? tests/test_generation_safe_hybrid.py","{""cache_entry_mtime_after_warmup"": null, ""cache_get_calls"": 0, ""cache_get_debug"": [], ""cache_get_hits"": 0, ""cache_key_present_after_warmup"": false, ""cache_policy"": ""cold"", ""cached_symbols_loaded_after_warmup"": true, ""hydration_trace"": {""lazy_ensure_calls"": 0, ""lazy_full_materializations"": 0, ""load_results"": [{""branch"": """", ""lazy_loaded_at_return"": false, ""repo"": ""local/express-080294c3"", ""requested_hydration"": ""auto"", ""symbol_collection_type"": ""LazySymbolList""}], ""sparse_by_file_calls"": 0, ""sparse_by_files_calls"": 0, ""sparse_by_id_calls"": 0, ""sparse_by_name_calls"": 0}, ""mtime_after_measure"": 1785370841152809700, ""mtime_after_warmup"": 1785370841152809700, ""mtime_before_measure"": 1785370841152809700, ""mtime_before_warmup"": 1785370841152809700, ""process_cpu_ms"": 31.25, ""runtime_distribution_version"": ""1.108.199"", ""target_policy"": ""middle stride target"", ""unsafe_global_partial_control"": false, ""wal_after_measure"": false, ""wal_after_warmup"": false, ""worker_pid"": 44820}"
expressjs/express,express-080294c3,importers_batch,cold_generation_safe_hybrid_screen,find_importers,all_files,generation_safe_hybrid,3,"{""cross_repo"": false, ""file_paths"": [""test/acceptance/cookies.js"", ""test/acceptance/downloads.js"", ""test/acceptance/ejs.js""], ""repo"": ""local/express-080294c3""}",1,1,471,172,507904,8.2373,1.3856,16.82104573100409,1,384,136560640,136560640,0,7eb7d5f84e3fc1452eefd12909458adaa2f261346450e3c04a18b4a4e08a3bf4,a3714473feb3d2908add734d340e7755fd85e0a3,2026-07-29T20:20:41.130953,1.108.207,c2201a55b6e1b0ea38043c514ab7bc3a372bad13,3369b1fcd5b12fcb1473031ec74bda8cc200d8860a09caa310c06e9f3ea8bf88,,1,wt-generation-safe-hybrid,87f0ef27d476ad303a854c40a984e645bf1074ff2207c8d112c741447dbbfcb2,"M src/jcodemunch_mcp/server.py
 M src/jcodemunch_mcp/storage/index_store.py
 M src/jcodemunch_mcp/storage/sqlite_store.py
 M src/jcodemunch_mcp/tools/check_references.py
 M src/jcodemunch_mcp/tools/find_references.py
 M src/jcodemunch_mcp/tools/get_blast_radius.py
 M src/jcodemunch_mcp/tools/get_churn_rate.py
 M src/jcodemunch_mcp/tools/get_file_outline.py
 M src/jcodemunch_mcp/tools/get_file_risk.py
 M src/jcodemunch_mcp/tools/get_file_tree.py
 M src/jcodemunch_mcp/tools/get_symbol_complexity.py
 M src/jcodemunch_mcp/tools/get_symbol_provenance.py
 M src/jcodemunch_mcp/tools/search_symbols.py
?? tests/test_generation_safe_hybrid.py","{""cache_entry_mtime_after_warmup"": null, ""cache_get_calls"": 0, ""cache_get_debug"": [], ""cache_get_hits"": 0, ""cache_key_present_after_warmup"": false, ""cache_policy"": ""cold"", ""cached_symbols_loaded_after_warmup"": true, ""hydration_trace"": {""lazy_ensure_calls"": 0, ""lazy_full_materializations"": 0, ""load_results"": [{""branch"": """", ""lazy_loaded_at_return"": false, ""repo"": ""local/express-080294c3"", ""requested_hydration"": ""auto"", ""symbol_collection_type"": ""LazySymbolList""}], ""sparse_by_file_calls"": 0, ""sparse_by_files_calls"": 0, ""sparse_by_id_calls"": 0, ""sparse_by_name_calls"": 0}, ""mtime_after_measure"": 1785370841152809700, ""mtime_after_warmup"": 1785370841152809700, ""mtime_before_measure"": 1785370841152809700, ""mtime_before_warmup"": 1785370841152809700, ""process_cpu_ms"": 0.0, ""runtime_distribution_version"": ""1.108.199"", ""target_policy"": ""middle stride target"", ""unsafe_global_partial_control"": false, ""wal_after_measure"": false, ""wal_after_warmup"": false, ""worker_pid"": 44820}"
expressjs/express,express-080294c3,importers_batch,cold_generation_safe_hybrid_screen,find_importers,all_files,baseline_full,3,"{""cross_repo"": false, ""file_paths"": [""test/acceptance/cookies.js"", ""test/acceptance/downloads.js"", ""test/acceptance/ejs.js""], ""repo"": ""local/express-080294c3""}",1,2,471,172,507904,11.4584,4.8311,42.16208196606856,1,384,306085888,306085888,0,7eb7d5f84e3fc1452eefd12909458adaa2f261346450e3c04a18b4a4e08a3bf4,a3714473feb3d2908add734d340e7755fd85e0a3,2026-07-29T20:20:41.130953,1.108.207,c2201a55b6e1b0ea38043c514ab7bc3a372bad13,3369b1fcd5b12fcb1473031ec74bda8cc200d8860a09caa310c06e9f3ea8bf88,,1,wt-1.108.207,e3b0c44298fc1c149afbf4c8996fb92427ae41e4649b934ca495991b7852b855,,"{""cache_entry_mtime_after_warmup"": 1785370841152809700, ""cache_get_calls"": 1, ""cache_get_debug"": [{""branch"": """", ""entry_mtime"": null, ""entry_present"": false, ""hit"": false, ""mtime_equal"": false, ""name"": ""express-080294c3"", ""owner"": ""local"", ""requested_mtime"": 1785370841152809700}], ""cache_get_hits"": 0, ""cache_key_present_after_warmup"": true, ""cache_policy"": ""cold"", ""cached_symbols_loaded_after_warmup"": true, ""hydration_trace"": {""lazy_ensure_calls"": 0, ""lazy_full_materializations"": 0, ""load_results"": [{""branch"": """", ""lazy_loaded_at_return"": null, ""repo"": ""local/express-080294c3"", ""requested_hydration"": ""auto"", ""symbol_collection_type"": ""list""}], ""sparse_by_file_calls"": 0, ""sparse_by_files_calls"": 0, ""sparse_by_id_calls"": 0, ""sparse_by_name_calls"": 0}, ""mtime_after_measure"": 1785370841152809700, ""mtime_after_warmup"": 1785370841152809700, ""mtime_before_measure"": 1785370841152809700, ""mtime_before_warmup"": 1785370841152809700, ""process_cpu_ms"": 31.25, ""runtime_distribution_version"": ""1.108.199"", ""target_policy"": ""middle stride target"", ""unsafe_global_partial_control"": false, ""wal_after_measure"": false, ""wal_after_warmup"": false, ""worker_pid"": 49336}"
expressjs/express,express-080294c3,check_refs_single_imports,cold_generation_safe_hybrid_screen,check_references,all_files_definitions,baseline_full,3,"{""identifier"": ""name"", ""repo"": ""local/express-080294c3"", ""search_content"": false}",1,1,471,172,507904,5.8835,4.2323,71.93507266083114,1,229,306094080,306094080,0,e1c98ff59046427b5b73bd11eca617f958283cca7557946d578fb64cad4773b6,a3714473feb3d2908add734d340e7755fd85e0a3,2026-07-29T20:20:41.130953,1.108.207,c2201a55b6e1b0ea38043c514ab7bc3a372bad13,3369b1fcd5b12fcb1473031ec74bda8cc200d8860a09caa310c06e9f3ea8bf88,,1,wt-1.108.207,e3b0c44298fc1c149afbf4c8996fb92427ae41e4649b934ca495991b7852b855,,"{""cache_entry_mtime_after_warmup"": 1785370841152809700, ""cache_get_calls"": 1, ""cache_get_debug"": [{""branch"": """", ""entry_mtime"": null, ""entry_present"": false, ""hit"": false, ""mtime_equal"": false, ""name"": ""express-080294c3"", ""owner"": ""local"", ""requested_mtime"": 1785370841152809700}], ""cache_get_hits"": 0, ""cache_key_present_after_warmup"": true, ""cache_policy"": ""cold"", ""cached_symbols_loaded_after_warmup"": true, ""hydration_trace"": {""lazy_ensure_calls"": 0, ""lazy_full_materializations"": 0, ""load_results"": [{""branch"": """", ""lazy_loaded_at_return"": null, ""repo"": ""local/express-080294c3"", ""requested_hydration"": ""auto"", ""symbol_collection_type"": ""list""}], ""sparse_by_file_calls"": 0, ""sparse_by_files_calls"": 0, ""sparse_by_id_calls"": 0, ""sparse_by_name_calls"": 0}, ""mtime_after_measure"": 1785370841152809700, ""mtime_after_warmup"": 1785370841152809700, ""mtime_before_measure"": 1785370841152809700, ""mtime_before_warmup"": 1785370841152809700, ""process_cpu_ms"": 31.25, ""runtime_distribution_version"": ""1.108.199"", ""target_policy"": ""middle stride target"", ""unsafe_global_partial_control"": false, ""wal_after_measure"": false, ""wal_after_warmup"": false, ""worker_pid"": 49336}"
expressjs/express,express-080294c3,check_refs_single_imports,cold_generation_safe_hybrid_screen,check_references,all_files_definitions,generation_safe_hybrid,3,"{""identifier"": ""name"", ""repo"": ""local/express-080294c3"", ""search_content"": false}",1,2,471,172,507904,3.5434,1.4675,41.41502511711915,1,229,136560640,136560640,0,e1c98ff59046427b5b73bd11eca617f958283cca7557946d578fb64cad4773b6,a3714473feb3d2908add734d340e7755fd85e0a3,2026-07-29T20:20:41.130953,1.108.207,c2201a55b6e1b0ea38043c514ab7bc3a372bad13,3369b1fcd5b12fcb1473031ec74bda8cc200d8860a09caa310c06e9f3ea8bf88,,1,wt-generation-safe-hybrid,87f0ef27d476ad303a854c40a984e645bf1074ff2207c8d112c741447dbbfcb2,"M src/jcodemunch_mcp/server.py
 M src/jcodemunch_mcp/storage/index_store.py
 M src/jcodemunch_mcp/storage/sqlite_store.py
 M src/jcodemunch_mcp/tools/check_references.py
 M src/jcodemunch_mcp/tools/find_references.py
 M src/jcodemunch_mcp/tools/get_blast_radius.py
 M src/jcodemunch_mcp/tools/get_churn_rate.py
 M src/jcodemunch_mcp/tools/get_file_outline.py
 M src/jcodemunch_mcp/tools/get_file_risk.py
 M src/jcodemunch_mcp/tools/get_file_tree.py
 M src/jcodemunch_mcp/tools/get_symbol_complexity.py
 M src/jcodemunch_mcp/tools/get_symbol_provenance.py
 M src/jcodemunch_mcp/tools/search_symbols.py
?? tests/test_generation_safe_hybrid.py","{""cache_entry_mtime_after_warmup"": null, ""cache_get_calls"": 0, ""cache_get_debug"": [], ""cache_get_hits"": 0, ""cache_key_present_after_warmup"": false, ""cache_policy"": ""cold"", ""cached_symbols_loaded_after_warmup"": true, ""hydration_trace"": {""lazy_ensure_calls"": 0, ""lazy_full_materializations"": 0, ""load_results"": [{""branch"": """", ""lazy_loaded_at_return"": false, ""repo"": ""local/express-080294c3"", ""requested_hydration"": ""auto"", ""symbol_collection_type"": ""LazySymbolList""}], ""sparse_by_file_calls"": 0, ""sparse_by_files_calls"": 0, ""sparse_by_id_calls"": 0, ""sparse_by_name_calls"": 1}, ""mtime_after_measure"": 1785370841152809700, ""mtime_after_warmup"": 1785370841152809700, ""mtime_before_measure"": 1785370841152809700, ""mtime_before_warmup"": 1785370841152809700, ""process_cpu_ms"": 0.0, ""runtime_distribution_version"": ""1.108.199"", ""target_policy"": ""middle stride target"", ""unsafe_global_partial_control"": false, ""wal_after_measure"": false, ""wal_after_warmup"": false, ""worker_pid"": 44820}"
expressjs/express,express-080294c3,check_refs_batch_imports,cold_generation_safe_hybrid_screen,check_references,all_files_definitions,generation_safe_hybrid,3,"{""identifiers"": [""name"", ""runs-on"", ""permissions""], ""repo"": ""local/express-080294c3"", ""search_content"": false}",1,1,471,172,507904,4.1394,1.4057,33.95902787843649,1,373,136560640,136560640,0,12c6df9925a8c7673955a725648a2b64f2aaeb665582e6b6684b7156cb6e421b,a3714473feb3d2908add734d340e7755fd85e0a3,2026-07-29T20:20:41.130953,1.108.207,c2201a55b6e1b0ea38043c514ab7bc3a372bad13,3369b1fcd5b12fcb1473031ec74bda8cc200d8860a09caa310c06e9f3ea8bf88,,1,wt-generation-safe-hybrid,87f0ef27d476ad303a854c40a984e645bf1074ff2207c8d112c741447dbbfcb2,"M src/jcodemunch_mcp/server.py
 M src/jcodemunch_mcp/storage/index_store.py
 M src/jcodemunch_mcp/storage/sqlite_store.py
 M src/jcodemunch_mcp/tools/check_references.py
 M src/jcodemunch_mcp/tools/find_references.py
 M src/jcodemunch_mcp/tools/get_blast_radius.py
 M src/jcodemunch_mcp/tools/get_churn_rate.py
 M src/jcodemunch_mcp/tools/get_file_outline.py
 M src/jcodemunch_mcp/tools/get_file_risk.py
 M src/jcodemunch_mcp/tools/get_file_tree.py
 M src/jcodemunch_mcp/tools/get_symbol_complexity.py
 M src/jcodemunch_mcp/tools/get_symbol_provenance.py
 M src/jcodemunch_mcp/tools/search_symbols.py
?? tests/test_generation_safe_hybrid.py","{""cache_entry_mtime_after_warmup"": null, ""cache_get_calls"": 0, ""cache_get_debug"": [], ""cache_get_hits"": 0, ""cache_key_present_after_warmup"": false, ""cache_policy"": ""cold"", ""cached_symbols_loaded_after_warmup"": true, ""hydration_trace"": {""lazy_ensure_calls"": 0, ""lazy_full_materializations"": 0, ""load_results"": [{""branch"": """", ""lazy_loaded_at_return"": false, ""repo"": ""local/express-080294c3"", ""requested_hydration"": ""auto"", ""symbol_collection_type"": ""LazySymbolList""}], ""sparse_by_file_calls"": 0, ""sparse_by_files_calls"": 0, ""sparse_by_id_calls"": 0, ""sparse_by_name_calls"": 3}, ""mtime_after_measure"": 1785370841152809700, ""mtime_after_warmup"": 1785370841152809700, ""mtime_before_measure"": 1785370841152809700, ""mtime_before_warmup"": 1785370841152809700, ""process_cpu_ms"": 0.0, ""runtime_distribution_version"": ""1.108.199"", ""target_policy"": ""middle stride target"", ""unsafe_global_partial_control"": false, ""wal_after_measure"": false, ""wal_after_warmup"": false, ""worker_pid"": 44820}"
expressjs/express,express-080294c3,check_refs_batch_imports,cold_generation_safe_hybrid_screen,check_references,all_files_definitions,baseline_full,3,"{""identifiers"": [""name"", ""runs-on"", ""permissions""], ""repo"": ""local/express-080294c3"", ""search_content"": false}",1,2,471,172,507904,6.3194,4.209,66.60442447067759,1,373,306098176,306098176,0,12c6df9925a8c7673955a725648a2b64f2aaeb665582e6b6684b7156cb6e421b,a3714473feb3d2908add734d340e7755fd85e0a3,2026-07-29T20:20:41.130953,1.108.207,c2201a55b6e1b0ea38043c514ab7bc3a372bad13,3369b1fcd5b12fcb1473031ec74bda8cc200d8860a09caa310c06e9f3ea8bf88,,1,wt-1.108.207,e3b0c44298fc1c149afbf4c8996fb92427ae41e4649b934ca495991b7852b855,,"{""cache_entry_mtime_after_warmup"": 1785370841152809700, ""cache_get_calls"": 1, ""cache_get_debug"": [{""branch"": """", ""entry_mtime"": null, ""entry_present"": false, ""hit"": false, ""mtime_equal"": false, ""name"": ""express-080294c3"", ""owner"": ""local"", ""requested_mtime"": 1785370841152809700}], ""cache_get_hits"": 0, ""cache_key_present_after_warmup"": true, ""cache_policy"": ""cold"", ""cached_symbols_loaded_after_warmup"": true, ""hydration_trace"": {""lazy_ensure_calls"": 0, ""lazy_full_materializations"": 0, ""load_results"": [{""branch"": """", ""lazy_loaded_at_return"": null, ""repo"": ""local/express-080294c3"", ""requested_hydration"": ""auto"", ""symbol_collection_type"": ""list""}], ""sparse_by_file_calls"": 0, ""sparse_by_files_calls"": 0, ""sparse_by_id_calls"": 0, ""sparse_by_name_calls"": 0}, ""mtime_after_measure"": 1785370841152809700, ""mtime_after_warmup"": 1785370841152809700, ""mtime_before_measure"": 1785370841152809700, ""mtime_before_warmup"": 1785370841152809700, ""process_cpu_ms"": 0.0, ""runtime_distribution_version"": ""1.108.199"", ""target_policy"": ""middle stride target"", ""unsafe_global_partial_control"": false, ""wal_after_measure"": false, ""wal_after_warmup"": false, ""worker_pid"": 49336}"
expressjs/express,express-080294c3,check_refs_single_content,cold_generation_safe_hybrid_screen,check_references,all_files_definitions,baseline_full,3,"{""identifier"": ""name"", ""max_content_results"": 20, ""repo"": ""local/express-080294c3"", ""search_content"": true}",1,1,471,172,507904,11.3131,4.5129,39.89092291237592,1,6057,306098176,306098176,0,8aa86f0305e9a79445303cc1e7b73dc94742f38812d668e19bcac6a294a0b093,a3714473feb3d2908add734d340e7755fd85e0a3,2026-07-29T20:20:41.130953,1.108.207,c2201a55b6e1b0ea38043c514ab7bc3a372bad13,3369b1fcd5b12fcb1473031ec74bda8cc200d8860a09caa310c06e9f3ea8bf88,,1,wt-1.108.207,e3b0c44298fc1c149afbf4c8996fb92427ae41e4649b934ca495991b7852b855,,"{""cache_entry_mtime_after_warmup"": 1785370841152809700, ""cache_get_calls"": 1, ""cache_get_debug"": [{""branch"": """", ""entry_mtime"": null, ""entry_present"": false, ""hit"": false, ""mtime_equal"": false, ""name"": ""express-080294c3"", ""owner"": ""local"", ""requested_mtime"": 1785370841152809700}], ""cache_get_hits"": 0, ""cache_key_present_after_warmup"": true, ""cache_policy"": ""cold"", ""cached_symbols_loaded_after_warmup"": true, ""hydration_trace"": {""lazy_ensure_calls"": 0, ""lazy_full_materializations"": 0, ""load_results"": [{""branch"": """", ""lazy_loaded_at_return"": null, ""repo"": ""local/express-080294c3"", ""requested_hydration"": ""auto"", ""symbol_collection_type"": ""list""}], ""sparse_by_file_calls"": 0, ""sparse_by_files_calls"": 0, ""sparse_by_id_calls"": 0, ""sparse_by_name_calls"": 0}, ""mtime_after_measure"": 1785370841152809700, ""mtime_after_warmup"": 1785370841152809700, ""mtime_before_measure"": 1785370841152809700, ""mtime_before_warmup"": 1785370841152809700, ""process_cpu_ms"": 0.0, ""runtime_distribution_version"": ""1.108.199"", ""target_policy"": ""middle stride target"", ""unsafe_global_partial_control"": false, ""wal_after_measure"": false, ""wal_after_warmup"": false, ""worker_pid"": 49336}"
expressjs/express,express-080294c3,check_refs_single_content,cold_generation_safe_hybrid_screen,check_references,all_files_definitions,generation_safe_hybrid,3,"{""identifier"": ""name"", ""max_content_results"": 20, ""repo"": ""local/express-080294c3"", ""search_content"": true}",1,2,471,172,507904,8.6765,1.39,16.020284677001094,1,6057,136560640,136560640,0,8aa86f0305e9a79445303cc1e7b73dc94742f38812d668e19bcac6a294a0b093,a3714473feb3d2908add734d340e7755fd85e0a3,2026-07-29T20:20:41.130953,1.108.207,c2201a55b6e1b0ea38043c514ab7bc3a372bad13,3369b1fcd5b12fcb1473031ec74bda8cc200d8860a09caa310c06e9f3ea8bf88,,1,wt-generation-safe-hybrid,87f0ef27d476ad303a854c40a984e645bf1074ff2207c8d112c741447dbbfcb2,"M src/jcodemunch_mcp/server.py
 M src/jcodemunch_mcp/storage/index_store.py
 M src/jcodemunch_mcp/storage/sqlite_store.py
 M src/jcodemunch_mcp/tools/check_references.py
 M src/jcodemunch_mcp/tools/find_references.py
 M src/jcodemunch_mcp/tools/get_blast_radius.py
 M src/jcodemunch_mcp/tools/get_churn_rate.py
 M src/jcodemunch_mcp/tools/get_file_outline.py
 M src/jcodemunch_mcp/tools/get_file_risk.py
 M src/jcodemunch_mcp/tools/get_file_tree.py
 M src/jcodemunch_mcp/tools/get_symbol_complexity.py
 M src/jcodemunch_mcp/tools/get_symbol_provenance.py
 M src/jcodemunch_mcp/tools/search_symbols.py
?? tests/test_generation_safe_hybrid.py","{""cache_entry_mtime_after_warmup"": null, ""cache_get_calls"": 0, ""cache_get_debug"": [], ""cache_get_hits"": 0, ""cache_key_present_after_warmup"": false, ""cache_policy"": ""cold"", ""cached_symbols_loaded_after_warmup"": true, ""hydration_trace"": {""lazy_ensure_calls"": 0, ""lazy_full_materializations"": 0, ""load_results"": [{""branch"": """", ""lazy_loaded_at_return"": false, ""repo"": ""local/express-080294c3"", ""requested_hydration"": ""auto"", ""symbol_collection_type"": ""LazySymbolList""}], ""sparse_by_file_calls"": 0, ""sparse_by_files_calls"": 0, ""sparse_by_id_calls"": 0, ""sparse_by_name_calls"": 1}, ""mtime_after_measure"": 1785370841152809700, ""mtime_after_warmup"": 1785370841152809700, ""mtime_before_measure"": 1785370841152809700, ""mtime_before_warmup"": 1785370841152809700, ""process_cpu_ms"": 0.0, ""runtime_distribution_version"": ""1.108.199"", ""target_policy"": ""middle stride target"", ""unsafe_global_partial_control"": false, ""wal_after_measure"": false, ""wal_after_warmup"": false, ""worker_pid"": 44820}"
expressjs/express,express-080294c3,check_refs_batch_content,cold_generation_safe_hybrid_screen,check_references,all_files_definitions,generation_safe_hybrid,3,"{""identifiers"": [""name"", ""runs-on"", ""permissions""], ""max_content_results"": 20, ""repo"": ""local/express-080294c3"", ""search_content"": true}",1,1,471,172,507904,60.5922,1.4388,2.3745630625724106,1,6390,136908800,137048064,139264,5f3c6b55ef3ad3d6d9a576d36f36429a164b240ba69211a3bd4618fa94037a0b,a3714473feb3d2908add734d340e7755fd85e0a3,2026-07-29T20:20:41.130953,1.108.207,c2201a55b6e1b0ea38043c514ab7bc3a372bad13,3369b1fcd5b12fcb1473031ec74bda8cc200d8860a09caa310c06e9f3ea8bf88,,1,wt-generation-safe-hybrid,87f0ef27d476ad303a854c40a984e645bf1074ff2207c8d112c741447dbbfcb2,"M src/jcodemunch_mcp/server.py
 M src/jcodemunch_mcp/storage/index_store.py
 M src/jcodemunch_mcp/storage/sqlite_store.py
 M src/jcodemunch_mcp/tools/check_references.py
 M src/jcodemunch_mcp/tools/find_references.py
 M src/jcodemunch_mcp/tools/get_blast_radius.py
 M src/jcodemunch_mcp/tools/get_churn_rate.py
 M src/jcodemunch_mcp/tools/get_file_outline.py
 M src/jcodemunch_mcp/tools/get_file_risk.py
 M src/jcodemunch_mcp/tools/get_file_tree.py
 M src/jcodemunch_mcp/tools/get_symbol_complexity.py
 M src/jcodemunch_mcp/tools/get_symbol_provenance.py
 M src/jcodemunch_mcp/tools/search_symbols.py
?? tests/test_generation_safe_hybrid.py","{""cache_entry_mtime_after_warmup"": null, ""cache_get_calls"": 0, ""cache_get_debug"": [], ""cache_get_hits"": 0, ""cache_key_present_after_warmup"": false, ""cache_policy"": ""cold"", ""cached_symbols_loaded_after_warmup"": true, ""hydration_trace"": {""lazy_ensure_calls"": 0, ""lazy_full_materializations"": 0, ""load_results"": [{""branch"": """", ""lazy_loaded_at_return"": false, ""repo"": ""local/express-080294c3"", ""requested_hydration"": ""auto"", ""symbol_collection_type"": ""LazySymbolList""}], ""sparse_by_file_calls"": 0, ""sparse_by_files_calls"": 0, ""sparse_by_id_calls"": 0, ""sparse_by_name_calls"": 3}, ""mtime_after_measure"": 1785370841152809700, ""mtime_after_warmup"": 1785370841152809700, ""mtime_before_measure"": 1785370841152809700, ""mtime_before_warmup"": 1785370841152809700, ""process_cpu_ms"": 46.875, ""runtime_distribution_version"": ""1.108.199"", ""target_policy"": ""middle stride target"", ""unsafe_global_partial_control"": false, ""wal_after_measure"": false, ""wal_after_warmup"": false, ""worker_pid"": 44820}"
expressjs/express,express-080294c3,check_refs_batch_content,cold_generation_safe_hybrid_screen,check_references,all_files_definitions,baseline_full,3,"{""identifiers"": [""name"", ""runs-on"", ""permissions""], ""max_content_results"": 20, ""repo"": ""local/express-080294c3"", ""search_content"": true}",1,2,471,172,507904,62.7722,4.4984,7.166229636686304,1,6390,306298880,306479104,180224,5f3c6b55ef3ad3d6d9a576d36f36429a164b240ba69211a3bd4618fa94037a0b,a3714473feb3d2908add734d340e7755fd85e0a3,2026-07-29T20:20:41.130953,1.108.207,c2201a55b6e1b0ea38043c514ab7bc3a372bad13,3369b1fcd5b12fcb1473031ec74bda8cc200d8860a09caa310c06e9f3ea8bf88,,1,wt-1.108.207,e3b0c44298fc1c149afbf4c8996fb92427ae41e4649b934ca495991b7852b855,,"{""cache_entry_mtime_after_warmup"": 1785370841152809700, ""cache_get_calls"": 1, ""cache_get_debug"": [{""branch"": """", ""entry_mtime"": null, ""entry_present"": false, ""hit"": false, ""mtime_equal"": false, ""name"": ""express-080294c3"", ""owner"": ""local"", ""requested_mtime"": 1785370841152809700}], ""cache_get_hits"": 0, ""cache_key_present_after_warmup"": true, ""cache_policy"": ""cold"", ""cached_symbols_loaded_after_warmup"": true, ""hydration_trace"": {""lazy_ensure_calls"": 0, ""lazy_full_materializations"": 0, ""load_results"": [{""branch"": """", ""lazy_loaded_at_return"": null, ""repo"": ""local/express-080294c3"", ""requested_hydration"": ""auto"", ""symbol_collection_type"": ""list""}], ""sparse_by_file_calls"": 0, ""sparse_by_files_calls"": 0, ""sparse_by_id_calls"": 0, ""sparse_by_name_calls"": 0}, ""mtime_after_measure"": 1785370841152809700, ""mtime_after_warmup"": 1785370841152809700, ""mtime_before_measure"": 1785370841152809700, ""mtime_before_warmup"": 1785370841152809700, ""process_cpu_ms"": 125.0, ""runtime_distribution_version"": ""1.108.199"", ""target_policy"": ""middle stride target"", ""unsafe_global_partial_control"": false, ""wal_after_measure"": false, ""wal_after_warmup"": false, ""worker_pid"": 49336}"
expressjs/express,express-080294c3,file_risk,cold_generation_safe_hybrid_screen,get_file_risk,all_files_target_file_symbols,baseline_full,3,"{""file_path"": ""test/acceptance/cookies.js"", ""repo"": ""local/express-080294c3""}",1,1,471,172,507904,27.5543,4.3068,15.630228312822316,1,231,306479104,306479104,0,c0e71ecfb98e662c235676c816d4681a767e9c8f768a492bcfac0232e4207ad8,a3714473feb3d2908add734d340e7755fd85e0a3,2026-07-29T20:20:41.130953,1.108.207,c2201a55b6e1b0ea38043c514ab7bc3a372bad13,3369b1fcd5b12fcb1473031ec74bda8cc200d8860a09caa310c06e9f3ea8bf88,,1,wt-1.108.207,e3b0c44298fc1c149afbf4c8996fb92427ae41e4649b934ca495991b7852b855,,"{""cache_entry_mtime_after_warmup"": 1785370841152809700, ""cache_get_calls"": 1, ""cache_get_debug"": [{""branch"": """", ""entry_mtime"": null, ""entry_present"": false, ""hit"": false, ""mtime_equal"": false, ""name"": ""express-080294c3"", ""owner"": ""local"", ""requested_mtime"": 1785370841152809700}], ""cache_get_hits"": 0, ""cache_key_present_after_warmup"": true, ""cache_policy"": ""cold"", ""cached_symbols_loaded_after_warmup"": true, ""hydration_trace"": {""lazy_ensure_calls"": 0, ""lazy_full_materializations"": 0, ""load_results"": [{""branch"": """", ""lazy_loaded_at_return"": null, ""repo"": ""local/express-080294c3"", ""requested_hydration"": ""auto"", ""symbol_collection_type"": ""list""}], ""sparse_by_file_calls"": 0, ""sparse_by_files_calls"": 0, ""sparse_by_id_calls"": 0, ""sparse_by_name_calls"": 0}, ""mtime_after_measure"": 1785370841152809700, ""mtime_after_warmup"": 1785370841152809700, ""mtime_before_measure"": 1785370841152809700, ""mtime_before_warmup"": 1785370841152809700, ""process_cpu_ms"": 15.625, ""runtime_distribution_version"": ""1.108.199"", ""target_policy"": ""middle stride target"", ""unsafe_global_partial_control"": false, ""wal_after_measure"": false, ""wal_after_warmup"": false, ""worker_pid"": 49336}"
expressjs/express,express-080294c3,file_risk,cold_generation_safe_hybrid_screen,get_file_risk,all_files_target_file_symbols,generation_safe_hybrid,3,"{""file_path"": ""test/acceptance/cookies.js"", ""repo"": ""local/express-080294c3""}",1,2,471,172,507904,24.2172,1.5911,6.570123713724129,1,231,137052160,137052160,0,c0e71ecfb98e662c235676c816d4681a767e9c8f768a492bcfac0232e4207ad8,a3714473feb3d2908add734d340e7755fd85e0a3,2026-07-29T20:20:41.130953,1.108.207,c2201a55b6e1b0ea38043c514ab7bc3a372bad13,3369b1fcd5b12fcb1473031ec74bda8cc200d8860a09caa310c06e9f3ea8bf88,,1,wt-generation-safe-hybrid,87f0ef27d476ad303a854c40a984e645bf1074ff2207c8d112c741447dbbfcb2,"M src/jcodemunch_mcp/server.py
 M src/jcodemunch_mcp/storage/index_store.py
 M src/jcodemunch_mcp/storage/sqlite_store.py
 M src/jcodemunch_mcp/tools/check_references.py
 M src/jcodemunch_mcp/tools/find_references.py
 M src/jcodemunch_mcp/tools/get_blast_radius.py
 M src/jcodemunch_mcp/tools/get_churn_rate.py
 M src/jcodemunch_mcp/tools/get_file_outline.py
 M src/jcodemunch_mcp/tools/get_file_risk.py
 M src/jcodemunch_mcp/tools/get_file_tree.py
 M src/jcodemunch_mcp/tools/get_symbol_complexity.py
 M src/jcodemunch_mcp/tools/get_symbol_provenance.py
 M src/jcodemunch_mcp/tools/search_symbols.py
?? tests/test_generation_safe_hybrid.py","{""cache_entry_mtime_after_warmup"": null, ""cache_get_calls"": 0, ""cache_get_debug"": [], ""cache_get_hits"": 0, ""cache_key_present_after_warmup"": false, ""cache_policy"": ""cold"", ""cached_symbols_loaded_after_warmup"": true, ""hydration_trace"": {""lazy_ensure_calls"": 0, ""lazy_full_materializations"": 0, ""load_results"": [{""branch"": """", ""lazy_loaded_at_return"": false, ""repo"": ""local/express-080294c3"", ""requested_hydration"": ""auto"", ""symbol_collection_type"": ""LazySymbolList""}], ""sparse_by_file_calls"": 1, ""sparse_by_files_calls"": 0, ""sparse_by_id_calls"": 0, ""sparse_by_name_calls"": 0}, ""mtime_after_measure"": 1785370841152809700, ""mtime_after_warmup"": 1785370841152809700, ""mtime_before_measure"": 1785370841152809700, ""mtime_before_warmup"": 1785370841152809700, ""process_cpu_ms"": 0.0, ""runtime_distribution_version"": ""1.108.199"", ""target_policy"": ""middle stride target"", ""unsafe_global_partial_control"": false, ""wal_after_measure"": false, ""wal_after_warmup"": false, ""worker_pid"": 44820}"
expressjs/express,express-080294c3,changed_symbols,cold_generation_safe_hybrid_screen,get_changed_symbols,metadata,generation_safe_hybrid,3,"{""include_blast_radius"": false, ""repo"": ""local/express-080294c3"", ""since_sha"": ""a3714473feb3d2908add734d340e7755fd85e0a3"", ""until_sha"": ""a3714473feb3d2908add734d340e7755fd85e0a3""}",1,1,471,172,507904,135.6811,2.051,1.511632791892165,1,539,136863744,136863744,0,19b90ce501c4f89468cf324af26a45f4909661dfad12b8a2a1a692e675bfbe42,a3714473feb3d2908add734d340e7755fd85e0a3,2026-07-29T20:20:41.130953,1.108.207,c2201a55b6e1b0ea38043c514ab7bc3a372bad13,3369b1fcd5b12fcb1473031ec74bda8cc200d8860a09caa310c06e9f3ea8bf88,,1,wt-generation-safe-hybrid,87f0ef27d476ad303a854c40a984e645bf1074ff2207c8d112c741447dbbfcb2,"M src/jcodemunch_mcp/server.py
 M src/jcodemunch_mcp/storage/index_store.py
 M src/jcodemunch_mcp/storage/sqlite_store.py
 M src/jcodemunch_mcp/tools/check_references.py
 M src/jcodemunch_mcp/tools/find_references.py
 M src/jcodemunch_mcp/tools/get_blast_radius.py
 M src/jcodemunch_mcp/tools/get_churn_rate.py
 M src/jcodemunch_mcp/tools/get_file_outline.py
 M src/jcodemunch_mcp/tools/get_file_risk.py
 M src/jcodemunch_mcp/tools/get_file_tree.py
 M src/jcodemunch_mcp/tools/get_symbol_complexity.py
 M src/jcodemunch_mcp/tools/get_symbol_provenance.py
 M src/jcodemunch_mcp/tools/search_symbols.py
?? tests/test_generation_safe_hybrid.py","{""cache_entry_mtime_after_warmup"": null, ""cache_get_calls"": 0, ""cache_get_debug"": [], ""cache_get_hits"": 0, ""cache_key_present_after_warmup"": false, ""cache_policy"": ""cold"", ""cached_symbols_loaded_after_warmup"": true, ""hydration_trace"": {""lazy_ensure_calls"": 0, ""lazy_full_materializations"": 0, ""load_results"": [{""branch"": """", ""lazy_loaded_at_return"": false, ""repo"": ""local/express-080294c3"", ""requested_hydration"": ""auto"", ""symbol_collection_type"": ""LazySymbolList""}], ""sparse_by_file_calls"": 0, ""sparse_by_files_calls"": 0, ""sparse_by_id_calls"": 0, ""sparse_by_name_calls"": 0}, ""mtime_after_measure"": 1785370841152809700, ""mtime_after_warmup"": 1785370841152809700, ""mtime_before_measure"": 1785370841152809700, ""mtime_before_warmup"": 1785370841152809700, ""process_cpu_ms"": 78.125, ""runtime_distribution_version"": ""1.108.199"", ""target_policy"": ""middle stride target"", ""unsafe_global_partial_control"": false, ""wal_after_measure"": false, ""wal_after_warmup"": false, ""worker_pid"": 44820}"
expressjs/express,express-080294c3,changed_symbols,cold_generation_safe_hybrid_screen,get_changed_symbols,metadata,baseline_full,3,"{""include_blast_radius"": false, ""repo"": ""local/express-080294c3"", ""since_sha"": ""a3714473feb3d2908add734d340e7755fd85e0a3"", ""until_sha"": ""a3714473feb3d2908add734d340e7755fd85e0a3""}",1,2,471,172,507904,137.0926,4.5156,3.2938320522041304,1,539,306483200,306499584,16384,19b90ce501c4f89468cf324af26a45f4909661dfad12b8a2a1a692e675bfbe42,a3714473feb3d2908add734d340e7755fd85e0a3,2026-07-29T20:20:41.130953,1.108.207,c2201a55b6e1b0ea38043c514ab7bc3a372bad13,3369b1fcd5b12fcb1473031ec74bda8cc200d8860a09caa310c06e9f3ea8bf88,,1,wt-1.108.207,e3b0c44298fc1c149afbf4c8996fb92427ae41e4649b934ca495991b7852b855,,"{""cache_entry_mtime_after_warmup"": 1785370841152809700, ""cache_get_calls"": 1, ""cache_get_debug"": [{""branch"": """", ""entry_mtime"": null, ""entry_present"": false, ""hit"": false, ""mtime_equal"": false, ""name"": ""express-080294c3"", ""owner"": ""local"", ""requested_mtime"": 1785370841152809700}], ""cache_get_hits"": 0, ""cache_key_present_after_warmup"": true, ""cache_policy"": ""cold"", ""cached_symbols_loaded_after_warmup"": true, ""hydration_trace"": {""lazy_ensure_calls"": 0, ""lazy_full_materializations"": 0, ""load_results"": [{""branch"": """", ""lazy_loaded_at_return"": null, ""repo"": ""local/express-080294c3"", ""requested_hydration"": ""auto"", ""symbol_collection_type"": ""list""}], ""sparse_by_file_calls"": 0, ""sparse_by_files_calls"": 0, ""sparse_by_id_calls"": 0, ""sparse_by_name_calls"": 0}, ""mtime_after_measure"": 1785370841152809700, ""mtime_after_warmup"": 1785370841152809700, ""mtime_before_measure"": 1785370841152809700, ""mtime_before_warmup"": 1785370841152809700, ""process_cpu_ms"": 125.0, ""runtime_distribution_version"": ""1.108.199"", ""target_policy"": ""middle stride target"", ""unsafe_global_partial_control"": false, ""wal_after_measure"": false, ""wal_after_warmup"": false, ""worker_pid"": 49336}"
expressjs/express,express-080294c3,changed_symbols_blast,cold_generation_safe_hybrid_screen,get_changed_symbols,all_files,baseline_full,3,"{""include_blast_radius"": true, ""repo"": ""local/express-080294c3"", ""since_sha"": ""a3714473feb3d2908add734d340e7755fd85e0a3"", ""until_sha"": ""a3714473feb3d2908add734d340e7755fd85e0a3""}",1,1,471,172,507904,93.6191,4.6192,4.934035896521117,1,538,306499584,306499584,0,19b90ce501c4f89468cf324af26a45f4909661dfad12b8a2a1a692e675bfbe42,a3714473feb3d2908add734d340e7755fd85e0a3,2026-07-29T20:20:41.130953,1.108.207,c2201a55b6e1b0ea38043c514ab7bc3a372bad13,3369b1fcd5b12fcb1473031ec74bda8cc200d8860a09caa310c06e9f3ea8bf88,,1,wt-1.108.207,e3b0c44298fc1c149afbf4c8996fb92427ae41e4649b934ca495991b7852b855,,"{""cache_entry_mtime_after_warmup"": 1785370841152809700, ""cache_get_calls"": 1, ""cache_get_debug"": [{""branch"": """", ""entry_mtime"": null, ""entry_present"": false, ""hit"": false, ""mtime_equal"": false, ""name"": ""express-080294c3"", ""owner"": ""local"", ""requested_mtime"": 1785370841152809700}], ""cache_get_hits"": 0, ""cache_key_present_after_warmup"": true, ""cache_policy"": ""cold"", ""cached_symbols_loaded_after_warmup"": true, ""hydration_trace"": {""lazy_ensure_calls"": 0, ""lazy_full_materializations"": 0, ""load_results"": [{""branch"": """", ""lazy_loaded_at_return"": null, ""repo"": ""local/express-080294c3"", ""requested_hydration"": ""auto"", ""symbol_collection_type"": ""list""}], ""sparse_by_file_calls"": 0, ""sparse_by_files_calls"": 0, ""sparse_by_id_calls"": 0, ""sparse_by_name_calls"": 0}, ""mtime_after_measure"": 1785370841152809700, ""mtime_after_warmup"": 1785370841152809700, ""mtime_before_measure"": 1785370841152809700, ""mtime_before_warmup"": 1785370841152809700, ""process_cpu_ms"": 0.0, ""runtime_distribution_version"": ""1.108.199"", ""target_policy"": ""middle stride target"", ""unsafe_global_partial_control"": false, ""wal_after_measure"": false, ""wal_after_warmup"": false, ""worker_pid"": 49336}"
expressjs/express,express-080294c3,changed_symbols_blast,cold_generation_safe_hybrid_screen,get_changed_symbols,all_files,generation_safe_hybrid,3,"{""include_blast_radius"": true, ""repo"": ""local/express-080294c3"", ""since_sha"": ""a3714473feb3d2908add734d340e7755fd85e0a3"", ""until_sha"": ""a3714473feb3d2908add734d340e7755fd85e0a3""}",1,2,471,172,507904,89.1846,2.1975,2.4639904198706946,1,538,136876032,136876032,0,19b90ce501c4f89468cf324af26a45f4909661dfad12b8a2a1a692e675bfbe42,a3714473feb3d2908add734d340e7755fd85e0a3,2026-07-29T20:20:41.130953,1.108.207,c2201a55b6e1b0ea38043c514ab7bc3a372bad13,3369b1fcd5b12fcb1473031ec74bda8cc200d8860a09caa310c06e9f3ea8bf88,,1,wt-generation-safe-hybrid,87f0ef27d476ad303a854c40a984e645bf1074ff2207c8d112c741447dbbfcb2,"M src/jcodemunch_mcp/server.py
 M src/jcodemunch_mcp/storage/index_store.py
 M src/jcodemunch_mcp/storage/sqlite_store.py
 M src/jcodemunch_mcp/tools/check_references.py
 M src/jcodemunch_mcp/tools/find_references.py
 M src/jcodemunch_mcp/tools/get_blast_radius.py
 M src/jcodemunch_mcp/tools/get_churn_rate.py
 M src/jcodemunch_mcp/tools/get_file_outline.py
 M src/jcodemunch_mcp/tools/get_file_risk.py
 M src/jcodemunch_mcp/tools/get_file_tree.py
 M src/jcodemunch_mcp/tools/get_symbol_complexity.py
 M src/jcodemunch_mcp/tools/get_symbol_provenance.py
 M src/jcodemunch_mcp/tools/search_symbols.py
?? tests/test_generation_safe_hybrid.py","{""cache_entry_mtime_after_warmup"": null, ""cache_get_calls"": 0, ""cache_get_debug"": [], ""cache_get_hits"": 0, ""cache_key_present_after_warmup"": false, ""cache_policy"": ""cold"", ""cached_symbols_loaded_after_warmup"": true, ""hydration_trace"": {""lazy_ensure_calls"": 0, ""lazy_full_materializations"": 0, ""load_results"": [{""branch"": """", ""lazy_loaded_at_return"": false, ""repo"": ""local/express-080294c3"", ""requested_hydration"": ""auto"", ""symbol_collection_type"": ""LazySymbolList""}], ""sparse_by_file_calls"": 0, ""sparse_by_files_calls"": 0, ""sparse_by_id_calls"": 0, ""sparse_by_name_calls"": 0}, ""mtime_after_measure"": 1785370841152809700, ""mtime_after_warmup"": 1785370841152809700, ""mtime_before_measure"": 1785370841152809700, ""mtime_before_warmup"": 1785370841152809700, ""process_cpu_ms"": 15.625, ""runtime_distribution_version"": ""1.108.199"", ""target_policy"": ""middle stride target"", ""unsafe_global_partial_control"": false, ""wal_after_measure"": false, ""wal_after_warmup"": false, ""worker_pid"": 44820}"
expressjs/express,express-080294c3,blast_radius_default,cold_generation_safe_hybrid_screen,get_blast_radius,all_files_target_symbols,generation_safe_hybrid,3,"{""cross_repo"": false, ""repo"": ""local/express-080294c3"", ""symbol"": "".github/workflows/scorecard.yml::jobs.analysis.name#constant""}",1,1,471,172,507904,7.2884,1.7869,24.517040777125292,1,652,136876032,136876032,0,76be9a74a06e9cabbe0f783389c6d6caf33c92dd9a19bdc67135e3d306c91287,a3714473feb3d2908add734d340e7755fd85e0a3,2026-07-29T20:20:41.130953,1.108.207,c2201a55b6e1b0ea38043c514ab7bc3a372bad13,3369b1fcd5b12fcb1473031ec74bda8cc200d8860a09caa310c06e9f3ea8bf88,,1,wt-generation-safe-hybrid,87f0ef27d476ad303a854c40a984e645bf1074ff2207c8d112c741447dbbfcb2,"M src/jcodemunch_mcp/server.py
 M src/jcodemunch_mcp/storage/index_store.py
 M src/jcodemunch_mcp/storage/sqlite_store.py
 M src/jcodemunch_mcp/tools/check_references.py
 M src/jcodemunch_mcp/tools/find_references.py
 M src/jcodemunch_mcp/tools/get_blast_radius.py
 M src/jcodemunch_mcp/tools/get_churn_rate.py
 M src/jcodemunch_mcp/tools/get_file_outline.py
 M src/jcodemunch_mcp/tools/get_file_risk.py
 M src/jcodemunch_mcp/tools/get_file_tree.py
 M src/jcodemunch_mcp/tools/get_symbol_complexity.py
 M src/jcodemunch_mcp/tools/get_symbol_provenance.py
 M src/jcodemunch_mcp/tools/search_symbols.py
?? tests/test_generation_safe_hybrid.py","{""cache_entry_mtime_after_warmup"": null, ""cache_get_calls"": 0, ""cache_get_debug"": [], ""cache_get_hits"": 0, ""cache_key_present_after_warmup"": false, ""cache_policy"": ""cold"", ""cached_symbols_loaded_after_warmup"": true, ""hydration_trace"": {""lazy_ensure_calls"": 0, ""lazy_full_materializations"": 0, ""load_results"": [{""branch"": """", ""lazy_loaded_at_return"": false, ""repo"": ""local/express-080294c3"", ""requested_hydration"": ""auto"", ""symbol_collection_type"": ""LazySymbolList""}], ""sparse_by_file_calls"": 0, ""sparse_by_files_calls"": 0, ""sparse_by_id_calls"": 1, ""sparse_by_name_calls"": 0}, ""mtime_after_measure"": 1785370841152809700, ""mtime_after_warmup"": 1785370841152809700, ""mtime_before_measure"": 1785370841152809700, ""mtime_before_warmup"": 1785370841152809700, ""process_cpu_ms"": 15.625, ""runtime_distribution_version"": ""1.108.199"", ""target_policy"": ""middle stride target"", ""unsafe_global_partial_control"": false, ""wal_after_measure"": false, ""wal_after_warmup"": false, ""worker_pid"": 44820}"
expressjs/express,express-080294c3,blast_radius_default,cold_generation_safe_hybrid_screen,get_blast_radius,all_files_target_symbols,baseline_full,3,"{""cross_repo"": false, ""repo"": ""local/express-080294c3"", ""symbol"": "".github/workflows/scorecard.yml::jobs.analysis.name#constant""}",1,2,471,172,507904,9.7078,4.114,42.37829374317559,1,652,306499584,306499584,0,76be9a74a06e9cabbe0f783389c6d6caf33c92dd9a19bdc67135e3d306c91287,a3714473feb3d2908add734d340e7755fd85e0a3,2026-07-29T20:20:41.130953,1.108.207,c2201a55b6e1b0ea38043c514ab7bc3a372bad13,3369b1fcd5b12fcb1473031ec74bda8cc200d8860a09caa310c06e9f3ea8bf88,,1,wt-1.108.207,e3b0c44298fc1c149afbf4c8996fb92427ae41e4649b934ca495991b7852b855,,"{""cache_entry_mtime_after_warmup"": 1785370841152809700, ""cache_get_calls"": 1, ""cache_get_debug"": [{""branch"": """", ""entry_mtime"": null, ""entry_present"": false, ""hit"": false, ""mtime_equal"": false, ""name"": ""express-080294c3"", ""owner"": ""local"", ""requested_mtime"": 1785569483479092800}], ""cache_get_hits"": 0, ""cache_key_present_after_warmup"": true, ""cache_policy"": ""cold"", ""cached_symbols_loaded_after_warmup"": true, ""hydration_trace"": {""lazy_ensure_calls"": 0, ""lazy_full_materializations"": 0, ""load_results"": [{""branch"": """", ""lazy_loaded_at_return"": null, ""repo"": ""local/express-080294c3"", ""requested_hydration"": ""auto"", ""symbol_collection_type"": ""list""}], ""sparse_by_file_calls"": 0, ""sparse_by_files_calls"": 0, ""sparse_by_id_calls"": 0, ""sparse_by_name_calls"": 0}, ""mtime_after_measure"": 1785569483489093000, ""mtime_after_warmup"": 1785569483479092800, ""mtime_before_measure"": 1785569483479092800, ""mtime_before_warmup"": 1785370841152809700, ""process_cpu_ms"": 0.0, ""runtime_distribution_version"": ""1.108.199"", ""target_policy"": ""middle stride target"", ""unsafe_global_partial_control"": false, ""wal_after_measure"": true, ""wal_after_warmup"": true, ""worker_pid"": 49336}"
expressjs/express,express-080294c3,blast_radius_source,cold_generation_safe_hybrid_screen,get_blast_radius,blast_enrichment,baseline_full,3,"{""cross_repo"": false, ""include_source"": true, ""repo"": ""local/express-080294c3"", ""source_budget"": 1000, ""symbol"": "".github/workflows/scorecard.yml::jobs.analysis.name#constant""}",1,1,471,172,507904,9.8904,4.392,44.406697403542836,1,652,306499584,306499584,0,76be9a74a06e9cabbe0f783389c6d6caf33c92dd9a19bdc67135e3d306c91287,a3714473feb3d2908add734d340e7755fd85e0a3,2026-07-29T20:20:41.130953,1.108.207,c2201a55b6e1b0ea38043c514ab7bc3a372bad13,3369b1fcd5b12fcb1473031ec74bda8cc200d8860a09caa310c06e9f3ea8bf88,,1,wt-1.108.207,e3b0c44298fc1c149afbf4c8996fb92427ae41e4649b934ca495991b7852b855,,"{""cache_entry_mtime_after_warmup"": 1785370841152809700, ""cache_get_calls"": 1, ""cache_get_debug"": [{""branch"": """", ""entry_mtime"": null, ""entry_present"": false, ""hit"": false, ""mtime_equal"": false, ""name"": ""express-080294c3"", ""owner"": ""local"", ""requested_mtime"": 1785569483507096000}], ""cache_get_hits"": 0, ""cache_key_present_after_warmup"": true, ""cache_policy"": ""cold"", ""cached_symbols_loaded_after_warmup"": true, ""hydration_trace"": {""lazy_ensure_calls"": 0, ""lazy_full_materializations"": 0, ""load_results"": [{""branch"": """", ""lazy_loaded_at_return"": null, ""repo"": ""local/express-080294c3"", ""requested_hydration"": ""auto"", ""symbol_collection_type"": ""list""}], ""sparse_by_file_calls"": 0, ""sparse_by_files_calls"": 0, ""sparse_by_id_calls"": 0, ""sparse_by_name_calls"": 0}, ""mtime_after_measure"": 1785569483517092700, ""mtime_after_warmup"": 1785569483507096000, ""mtime_before_measure"": 1785569483507096000, ""mtime_before_warmup"": 1785569483489093000, ""process_cpu_ms"": 15.625, ""runtime_distribution_version"": ""1.108.199"", ""target_policy"": ""middle stride target"", ""unsafe_global_partial_control"": false, ""wal_after_measure"": true, ""wal_after_warmup"": true, ""worker_pid"": 49336}"
expressjs/express,express-080294c3,blast_radius_source,cold_generation_safe_hybrid_screen,get_blast_radius,blast_enrichment,generation_safe_hybrid,3,"{""cross_repo"": false, ""include_source"": true, ""repo"": ""local/express-080294c3"", ""source_budget"": 1000, ""symbol"": "".github/workflows/scorecard.yml::jobs.analysis.name#constant""}",1,2,471,172,507904,7.0946,1.6146,22.758154089025457,1,652,136876032,136876032,0,76be9a74a06e9cabbe0f783389c6d6caf33c92dd9a19bdc67135e3d306c91287,a3714473feb3d2908add734d340e7755fd85e0a3,2026-07-29T20:20:41.130953,1.108.207,c2201a55b6e1b0ea38043c514ab7bc3a372bad13,3369b1fcd5b12fcb1473031ec74bda8cc200d8860a09caa310c06e9f3ea8bf88,,1,wt-generation-safe-hybrid,87f0ef27d476ad303a854c40a984e645bf1074ff2207c8d112c741447dbbfcb2,"M src/jcodemunch_mcp/server.py
 M src/jcodemunch_mcp/storage/index_store.py
 M src/jcodemunch_mcp/storage/sqlite_store.py
 M src/jcodemunch_mcp/tools/check_references.py
 M src/jcodemunch_mcp/tools/find_references.py
 M src/jcodemunch_mcp/tools/get_blast_radius.py
 M src/jcodemunch_mcp/tools/get_churn_rate.py
 M src/jcodemunch_mcp/tools/get_file_outline.py
 M src/jcodemunch_mcp/tools/get_file_risk.py
 M src/jcodemunch_mcp/tools/get_file_tree.py
 M src/jcodemunch_mcp/tools/get_symbol_complexity.py
 M src/jcodemunch_mcp/tools/get_symbol_provenance.py
 M src/jcodemunch_mcp/tools/search_symbols.py
?? tests/test_generation_safe_hybrid.py","{""cache_entry_mtime_after_warmup"": null, ""cache_get_calls"": 0, ""cache_get_debug"": [], ""cache_get_hits"": 0, ""cache_key_present_after_warmup"": false, ""cache_policy"": ""cold"", ""cached_symbols_loaded_after_warmup"": true, ""hydration_trace"": {""lazy_ensure_calls"": 0, ""lazy_full_materializations"": 0, ""load_results"": [{""branch"": """", ""lazy_loaded_at_return"": false, ""repo"": ""local/express-080294c3"", ""requested_hydration"": ""auto"", ""symbol_collection_type"": ""LazySymbolList""}], ""sparse_by_file_calls"": 0, ""sparse_by_files_calls"": 0, ""sparse_by_id_calls"": 1, ""sparse_by_name_calls"": 0}, ""mtime_after_measure"": 1785370841152809700, ""mtime_after_warmup"": 1785370841152809700, ""mtime_before_measure"": 1785370841152809700, ""mtime_before_warmup"": 1785569483517092700, ""process_cpu_ms"": 15.625, ""runtime_distribution_version"": ""1.108.199"", ""target_policy"": ""middle stride target"", ""unsafe_global_partial_control"": false, ""wal_after_measure"": false, ""wal_after_warmup"": false, ""worker_pid"": 44820}"
expressjs/express,express-080294c3,delivery_metrics,cold_generation_safe_hybrid_screen,get_delivery_metrics,metadata,generation_safe_hybrid,3,"{""repo"": ""local/express-080294c3"", ""window_days"": 90}",1,1,471,172,507904,84.8988,1.5164,1.786126541246755,1,734,136876032,136876032,0,0d7ffbc77fd00c12447a5f44cabff88942517598ad54b6ae74417087f0027607,a3714473feb3d2908add734d340e7755fd85e0a3,2026-07-29T20:20:41.130953,1.108.207,c2201a55b6e1b0ea38043c514ab7bc3a372bad13,3369b1fcd5b12fcb1473031ec74bda8cc200d8860a09caa310c06e9f3ea8bf88,,1,wt-generation-safe-hybrid,87f0ef27d476ad303a854c40a984e645bf1074ff2207c8d112c741447dbbfcb2,"M src/jcodemunch_mcp/server.py
 M src/jcodemunch_mcp/storage/index_store.py
 M src/jcodemunch_mcp/storage/sqlite_store.py
 M src/jcodemunch_mcp/tools/check_references.py
 M src/jcodemunch_mcp/tools/find_references.py
 M src/jcodemunch_mcp/tools/get_blast_radius.py
 M src/jcodemunch_mcp/tools/get_churn_rate.py
 M src/jcodemunch_mcp/tools/get_file_outline.py
 M src/jcodemunch_mcp/tools/get_file_risk.py
 M src/jcodemunch_mcp/tools/get_file_tree.py
 M src/jcodemunch_mcp/tools/get_symbol_complexity.py
 M src/jcodemunch_mcp/tools/get_symbol_provenance.py
 M src/jcodemunch_mcp/tools/search_symbols.py
?? tests/test_generation_safe_hybrid.py","{""cache_entry_mtime_after_warmup"": null, ""cache_get_calls"": 0, ""cache_get_debug"": [], ""cache_get_hits"": 0, ""cache_key_present_after_warmup"": false, ""cache_policy"": ""cold"", ""cached_symbols_loaded_after_warmup"": true, ""hydration_trace"": {""lazy_ensure_calls"": 0, ""lazy_full_materializations"": 0, ""load_results"": [{""branch"": """", ""lazy_loaded_at_return"": false, ""repo"": ""local/express-080294c3"", ""requested_hydration"": ""auto"", ""symbol_collection_type"": ""LazySymbolList""}], ""sparse_by_file_calls"": 0, ""sparse_by_files_calls"": 0, ""sparse_by_id_calls"": 0, ""sparse_by_name_calls"": 0}, ""mtime_after_measure"": 1785370841152809700, ""mtime_after_warmup"": 1785370841152809700, ""mtime_before_measure"": 1785370841152809700, ""mtime_before_warmup"": 1785370841152809700, ""process_cpu_ms"": 62.5, ""runtime_distribution_version"": ""1.108.199"", ""target_policy"": ""middle stride target"", ""unsafe_global_partial_control"": false, ""wal_after_measure"": false, ""wal_after_warmup"": false, ""worker_pid"": 44820}"
expressjs/express,express-080294c3,delivery_metrics,cold_generation_safe_hybrid_screen,get_delivery_metrics,metadata,baseline_full,3,"{""repo"": ""local/express-080294c3"", ""window_days"": 90}",1,2,471,172,507904,40.3274,4.2709,10.590566215525921,1,734,306499584,306499584,0,0d7ffbc77fd00c12447a5f44cabff88942517598ad54b6ae74417087f0027607,a3714473feb3d2908add734d340e7755fd85e0a3,2026-07-29T20:20:41.130953,1.108.207,c2201a55b6e1b0ea38043c514ab7bc3a372bad13,3369b1fcd5b12fcb1473031ec74bda8cc200d8860a09caa310c06e9f3ea8bf88,,1,wt-1.108.207,e3b0c44298fc1c149afbf4c8996fb92427ae41e4649b934ca495991b7852b855,,"{""cache_entry_mtime_after_warmup"": 1785370841152809700, ""cache_get_calls"": 1, ""cache_get_debug"": [{""branch"": """", ""entry_mtime"": null, ""entry_present"": false, ""hit"": false, ""mtime_equal"": false, ""name"": ""express-080294c3"", ""owner"": ""local"", ""requested_mtime"": 1785370841152809700}], ""cache_get_hits"": 0, ""cache_key_present_after_warmup"": true, ""cache_policy"": ""cold"", ""cached_symbols_loaded_after_warmup"": true, ""hydration_trace"": {""lazy_ensure_calls"": 0, ""lazy_full_materializations"": 0, ""load_results"": [{""branch"": """", ""lazy_loaded_at_return"": null, ""repo"": ""local/express-080294c3"", ""requested_hydration"": ""auto"", ""symbol_collection_type"": ""list""}], ""sparse_by_file_calls"": 0, ""sparse_by_files_calls"": 0, ""sparse_by_id_calls"": 0, ""sparse_by_name_calls"": 0}, ""mtime_after_measure"": 1785370841152809700, ""mtime_after_warmup"": 1785370841152809700, ""mtime_before_measure"": 1785370841152809700, ""mtime_before_warmup"": 1785370841152809700, ""process_cpu_ms"": 15.625, ""runtime_distribution_version"": ""1.108.199"", ""target_policy"": ""middle stride target"", ""unsafe_global_partial_control"": false, ""wal_after_measure"": false, ""wal_after_warmup"": false, ""worker_pid"": 49336}"
expressjs/express,express-080294c3,list_workspaces,cold_generation_safe_hybrid_screen,list_workspaces,metadata,baseline_full,3,"{""repo"": ""local/express-080294c3""}",1,1,471,172,507904,5.2029,4.1048,78.89446270349228,1,296,306499584,306499584,0,15ef5e2b51b89ec3d084ed3d297036c1df6d7e3dfb009675cf423ac80e99caa9,a3714473feb3d2908add734d340e7755fd85e0a3,2026-07-29T20:20:41.130953,1.108.207,c2201a55b6e1b0ea38043c514ab7bc3a372bad13,3369b1fcd5b12fcb1473031ec74bda8cc200d8860a09caa310c06e9f3ea8bf88,,1,wt-1.108.207,e3b0c44298fc1c149afbf4c8996fb92427ae41e4649b934ca495991b7852b855,,"{""cache_entry_mtime_after_warmup"": 1785370841152809700, ""cache_get_calls"": 1, ""cache_get_debug"": [{""branch"": """", ""entry_mtime"": null, ""entry_present"": false, ""hit"": false, ""mtime_equal"": false, ""name"": ""express-080294c3"", ""owner"": ""local"", ""requested_mtime"": 1785370841152809700}], ""cache_get_hits"": 0, ""cache_key_present_after_warmup"": true, ""cache_policy"": ""cold"", ""cached_symbols_loaded_after_warmup"": true, ""hydration_trace"": {""lazy_ensure_calls"": 0, ""lazy_full_materializations"": 0, ""load_results"": [{""branch"": """", ""lazy_loaded_at_return"": null, ""repo"": ""local/express-080294c3"", ""requested_hydration"": ""auto"", ""symbol_collection_type"": ""list""}], ""sparse_by_file_calls"": 0, ""sparse_by_files_calls"": 0, ""sparse_by_id_calls"": 0, ""sparse_by_name_calls"": 0}, ""mtime_after_measure"": 1785370841152809700, ""mtime_after_warmup"": 1785370841152809700, ""mtime_before_measure"": 1785370841152809700, ""mtime_before_warmup"": 1785370841152809700, ""process_cpu_ms"": 0.0, ""runtime_distribution_version"": ""1.108.199"", ""target_policy"": ""middle stride target"", ""unsafe_global_partial_control"": false, ""wal_after_measure"": false, ""wal_after_warmup"": false, ""worker_pid"": 49336}"
expressjs/express,express-080294c3,list_workspaces,cold_generation_safe_hybrid_screen,list_workspaces,metadata,generation_safe_hybrid,3,"{""repo"": ""local/express-080294c3""}",1,2,471,172,507904,2.6711,1.442,53.98524952266857,1,296,136876032,136876032,0,15ef5e2b51b89ec3d084ed3d297036c1df6d7e3dfb009675cf423ac80e99caa9,a3714473feb3d2908add734d340e7755fd85e0a3,2026-07-29T20:20:41.130953,1.108.207,c2201a55b6e1b0ea38043c514ab7bc3a372bad13,3369b1fcd5b12fcb1473031ec74bda8cc200d8860a09caa310c06e9f3ea8bf88,,1,wt-generation-safe-hybrid,87f0ef27d476ad303a854c40a984e645bf1074ff2207c8d112c741447dbbfcb2,"M src/jcodemunch_mcp/server.py
 M src/jcodemunch_mcp/storage/index_store.py
 M src/jcodemunch_mcp/storage/sqlite_store.py
 M src/jcodemunch_mcp/tools/check_references.py
 M src/jcodemunch_mcp/tools/find_references.py
 M src/jcodemunch_mcp/tools/get_blast_radius.py
 M src/jcodemunch_mcp/tools/get_churn_rate.py
 M src/jcodemunch_mcp/tools/get_file_outline.py
 M src/jcodemunch_mcp/tools/get_file_risk.py
 M src/jcodemunch_mcp/tools/get_file_tree.py
 M src/jcodemunch_mcp/tools/get_symbol_complexity.py
 M src/jcodemunch_mcp/tools/get_symbol_provenance.py
 M src/jcodemunch_mcp/tools/search_symbols.py
?? tests/test_generation_safe_hybrid.py","{""cache_entry_mtime_after_warmup"": null, ""cache_get_calls"": 0, ""cache_get_debug"": [], ""cache_get_hits"": 0, ""cache_key_present_after_warmup"": false, ""cache_policy"": ""cold"", ""cached_symbols_loaded_after_warmup"": true, ""hydration_trace"": {""lazy_ensure_calls"": 0, ""lazy_full_materializations"": 0, ""load_results"": [{""branch"": """", ""lazy_loaded_at_return"": false, ""repo"": ""local/express-080294c3"", ""requested_hydration"": ""auto"", ""symbol_collection_type"": ""LazySymbolList""}], ""sparse_by_file_calls"": 0, ""sparse_by_files_calls"": 0, ""sparse_by_id_calls"": 0, ""sparse_by_name_calls"": 0}, ""mtime_after_measure"": 1785370841152809700, ""mtime_after_warmup"": 1785370841152809700, ""mtime_before_measure"": 1785370841152809700, ""mtime_before_warmup"": 1785370841152809700, ""process_cpu_ms"": 31.25, ""runtime_distribution_version"": ""1.108.199"", ""target_policy"": ""middle stride target"", ""unsafe_global_partial_control"": false, ""wal_after_measure"": false, ""wal_after_warmup"": false, ""worker_pid"": 44820}"
expressjs/express,express-080294c3,search_text,cold_generation_safe_hybrid_screen,search_text,all_files,generation_safe_hybrid,3,"{""max_results"": 20, ""query"": ""name"", ""repo"": ""local/express-080294c3""}",1,1,471,172,507904,4.4485,1.4393,32.354726312240075,1,1978,136876032,136876032,0,27433f46ee4e6b682bff53d7313ac33675a54d30b949907cf72478ffb89a8cbc,a3714473feb3d2908add734d340e7755fd85e0a3,2026-07-29T20:20:41.130953,1.108.207,c2201a55b6e1b0ea38043c514ab7bc3a372bad13,3369b1fcd5b12fcb1473031ec74bda8cc200d8860a09caa310c06e9f3ea8bf88,,1,wt-generation-safe-hybrid,87f0ef27d476ad303a854c40a984e645bf1074ff2207c8d112c741447dbbfcb2,"M src/jcodemunch_mcp/server.py
 M src/jcodemunch_mcp/storage/index_store.py
 M src/jcodemunch_mcp/storage/sqlite_store.py
 M src/jcodemunch_mcp/tools/check_references.py
 M src/jcodemunch_mcp/tools/find_references.py
 M src/jcodemunch_mcp/tools/get_blast_radius.py
 M src/jcodemunch_mcp/tools/get_churn_rate.py
 M src/jcodemunch_mcp/tools/get_file_outline.py
 M src/jcodemunch_mcp/tools/get_file_risk.py
 M src/jcodemunch_mcp/tools/get_file_tree.py
 M src/jcodemunch_mcp/tools/get_symbol_complexity.py
 M src/jcodemunch_mcp/tools/get_symbol_provenance.py
 M src/jcodemunch_mcp/tools/search_symbols.py
?? tests/test_generation_safe_hybrid.py","{""cache_entry_mtime_after_warmup"": null, ""cache_get_calls"": 0, ""cache_get_debug"": [], ""cache_get_hits"": 0, ""cache_key_present_after_warmup"": false, ""cache_policy"": ""cold"", ""cached_symbols_loaded_after_warmup"": true, ""hydration_trace"": {""lazy_ensure_calls"": 0, ""lazy_full_materializations"": 0, ""load_results"": [{""branch"": """", ""lazy_loaded_at_return"": false, ""repo"": ""local/express-080294c3"", ""requested_hydration"": ""auto"", ""symbol_collection_type"": ""LazySymbolList""}], ""sparse_by_file_calls"": 0, ""sparse_by_files_calls"": 0, ""sparse_by_id_calls"": 0, ""sparse_by_name_calls"": 0}, ""mtime_after_measure"": 1785370841152809700, ""mtime_after_warmup"": 1785370841152809700, ""mtime_before_measure"": 1785370841152809700, ""mtime_before_warmup"": 1785370841152809700, ""process_cpu_ms"": 15.625, ""runtime_distribution_version"": ""1.108.199"", ""target_policy"": ""middle stride target"", ""unsafe_global_partial_control"": false, ""wal_after_measure"": false, ""wal_after_warmup"": false, ""worker_pid"": 44820}"
expressjs/express,express-080294c3,search_text,cold_generation_safe_hybrid_screen,search_text,all_files,baseline_full,3,"{""max_results"": 20, ""query"": ""name"", ""repo"": ""local/express-080294c3""}",1,2,471,172,507904,6.7511,4.2303,62.66089970523322,1,1978,306499584,306499584,0,27433f46ee4e6b682bff53d7313ac33675a54d30b949907cf72478ffb89a8cbc,a3714473feb3d2908add734d340e7755fd85e0a3,2026-07-29T20:20:41.130953,1.108.207,c2201a55b6e1b0ea38043c514ab7bc3a372bad13,3369b1fcd5b12fcb1473031ec74bda8cc200d8860a09caa310c06e9f3ea8bf88,,1,wt-1.108.207,e3b0c44298fc1c149afbf4c8996fb92427ae41e4649b934ca495991b7852b855,,"{""cache_entry_mtime_after_warmup"": 1785370841152809700, ""cache_get_calls"": 1, ""cache_get_debug"": [{""branch"": """", ""entry_mtime"": null, ""entry_present"": false, ""hit"": false, ""mtime_equal"": false, ""name"": ""express-080294c3"", ""owner"": ""local"", ""requested_mtime"": 1785370841152809700}], ""cache_get_hits"": 0, ""cache_key_present_after_warmup"": true, ""cache_policy"": ""cold"", ""cached_symbols_loaded_after_warmup"": true, ""hydration_trace"": {""lazy_ensure_calls"": 0, ""lazy_full_materializations"": 0, ""load_results"": [{""branch"": """", ""lazy_loaded_at_return"": null, ""repo"": ""local/express-080294c3"", ""requested_hydration"": ""auto"", ""symbol_collection_type"": ""list""}], ""sparse_by_file_calls"": 0, ""sparse_by_files_calls"": 0, ""sparse_by_id_calls"": 0, ""sparse_by_name_calls"": 0}, ""mtime_after_measure"": 1785370841152809700, ""mtime_after_warmup"": 1785370841152809700, ""mtime_before_measure"": 1785370841152809700, ""mtime_before_warmup"": 1785370841152809700, ""process_cpu_ms"": 0.0, ""runtime_distribution_version"": ""1.108.199"", ""target_policy"": ""middle stride target"", ""unsafe_global_partial_control"": false, ""wal_after_measure"": false, ""wal_after_warmup"": false, ""worker_pid"": 49336}"
expressjs/express,express-080294c3,coupling_metrics,cold_generation_safe_hybrid_screen,get_coupling_metrics,all_files,baseline_full,3,"{""module_path"": ""test/acceptance/cookies.js"", ""repo"": ""local/express-080294c3""}",1,1,471,172,507904,7.5687,4.2106,55.63174653507208,1,317,306499584,306499584,0,d53bbd7cc6a6892a1fe73a2b93324d364f73266b29c230ac173abde65a793d7f,a3714473feb3d2908add734d340e7755fd85e0a3,2026-07-29T20:20:41.130953,1.108.207,c2201a55b6e1b0ea38043c514ab7bc3a372bad13,3369b1fcd5b12fcb1473031ec74bda8cc200d8860a09caa310c06e9f3ea8bf88,,1,wt-1.108.207,e3b0c44298fc1c149afbf4c8996fb92427ae41e4649b934ca495991b7852b855,,"{""cache_entry_mtime_after_warmup"": 1785370841152809700, ""cache_get_calls"": 1, ""cache_get_debug"": [{""branch"": """", ""entry_mtime"": null, ""entry_present"": false, ""hit"": false, ""mtime_equal"": false, ""name"": ""express-080294c3"", ""owner"": ""local"", ""requested_mtime"": 1785370841152809700}], ""cache_get_hits"": 0, ""cache_key_present_after_warmup"": true, ""cache_policy"": ""cold"", ""cached_symbols_loaded_after_warmup"": true, ""hydration_trace"": {""lazy_ensure_calls"": 0, ""lazy_full_materializations"": 0, ""load_results"": [{""branch"": """", ""lazy_loaded_at_return"": null, ""repo"": ""local/express-080294c3"", ""requested_hydration"": ""auto"", ""symbol_collection_type"": ""list""}], ""sparse_by_file_calls"": 0, ""sparse_by_files_calls"": 0, ""sparse_by_id_calls"": 0, ""sparse_by_name_calls"": 0}, ""mtime_after_measure"": 1785370841152809700, ""mtime_after_warmup"": 1785370841152809700, ""mtime_before_measure"": 1785370841152809700, ""mtime_before_warmup"": 1785370841152809700, ""process_cpu_ms"": 15.625, ""runtime_distribution_version"": ""1.108.199"", ""target_policy"": ""middle stride target"", ""unsafe_global_partial_control"": false, ""wal_after_measure"": false, ""wal_after_warmup"": false, ""worker_pid"": 49336}"
expressjs/express,express-080294c3,coupling_metrics,cold_generation_safe_hybrid_screen,get_coupling_metrics,all_files,generation_safe_hybrid,3,"{""module_path"": ""test/acceptance/cookies.js"", ""repo"": ""local/express-080294c3""}",1,2,471,172,507904,5.0684,1.4163,27.943729776655356,1,317,136876032,136876032,0,d53bbd7cc6a6892a1fe73a2b93324d364f73266b29c230ac173abde65a793d7f,a3714473feb3d2908add734d340e7755fd85e0a3,2026-07-29T20:20:41.130953,1.108.207,c2201a55b6e1b0ea38043c514ab7bc3a372bad13,3369b1fcd5b12fcb1473031ec74bda8cc200d8860a09caa310c06e9f3ea8bf88,,1,wt-generation-safe-hybrid,87f0ef27d476ad303a854c40a984e645bf1074ff2207c8d112c741447dbbfcb2,"M src/jcodemunch_mcp/server.py
 M src/jcodemunch_mcp/storage/index_store.py
 M src/jcodemunch_mcp/storage/sqlite_store.py
 M src/jcodemunch_mcp/tools/check_references.py
 M src/jcodemunch_mcp/tools/find_references.py
 M src/jcodemunch_mcp/tools/get_blast_radius.py
 M src/jcodemunch_mcp/tools/get_churn_rate.py
 M src/jcodemunch_mcp/tools/get_file_outline.py
 M src/jcodemunch_mcp/tools/get_file_risk.py
 M src/jcodemunch_mcp/tools/get_file_tree.py
 M src/jcodemunch_mcp/tools/get_symbol_complexity.py
 M src/jcodemunch_mcp/tools/get_symbol_provenance.py
 M src/jcodemunch_mcp/tools/search_symbols.py
?? tests/test_generation_safe_hybrid.py","{""cache_entry_mtime_after_warmup"": null, ""cache_get_calls"": 0, ""cache_get_debug"": [], ""cache_get_hits"": 0, ""cache_key_present_after_warmup"": false, ""cache_policy"": ""cold"", ""cached_symbols_loaded_after_warmup"": true, ""hydration_trace"": {""lazy_ensure_calls"": 0, ""lazy_full_materializations"": 0, ""load_results"": [{""branch"": """", ""lazy_loaded_at_return"": false, ""repo"": ""local/express-080294c3"", ""requested_hydration"": ""auto"", ""symbol_collection_type"": ""LazySymbolList""}], ""sparse_by_file_calls"": 0, ""sparse_by_files_calls"": 0, ""sparse_by_id_calls"": 0, ""sparse_by_name_calls"": 0}, ""mtime_after_measure"": 1785370841152809700, ""mtime_after_warmup"": 1785370841152809700, ""mtime_before_measure"": 1785370841152809700, ""mtime_before_warmup"": 1785370841152809700, ""process_cpu_ms"": 0.0, ""runtime_distribution_version"": ""1.108.199"", ""target_policy"": ""middle stride target"", ""unsafe_global_partial_control"": false, ""wal_after_measure"": false, ""wal_after_warmup"": false, ""worker_pid"": 44820}"
expressjs/express,express-080294c3,dependency_cycles,cold_generation_safe_hybrid_screen,get_dependency_cycles,all_files,generation_safe_hybrid,3,"{""repo"": ""local/express-080294c3""}",1,1,471,172,507904,5.4049,1.7446,32.27811800403338,1,149,136876032,136876032,0,53dea643e4a99922b7bf8d68864434ae9ce8cfa2542a60a2ab5148d45d39cc05,a3714473feb3d2908add734d340e7755fd85e0a3,2026-07-29T20:20:41.130953,1.108.207,c2201a55b6e1b0ea38043c514ab7bc3a372bad13,3369b1fcd5b12fcb1473031ec74bda8cc200d8860a09caa310c06e9f3ea8bf88,,1,wt-generation-safe-hybrid,87f0ef27d476ad303a854c40a984e645bf1074ff2207c8d112c741447dbbfcb2,"M src/jcodemunch_mcp/server.py
 M src/jcodemunch_mcp/storage/index_store.py
 M src/jcodemunch_mcp/storage/sqlite_store.py
 M src/jcodemunch_mcp/tools/check_references.py
 M src/jcodemunch_mcp/tools/find_references.py
 M src/jcodemunch_mcp/tools/get_blast_radius.py
 M src/jcodemunch_mcp/tools/get_churn_rate.py
 M src/jcodemunch_mcp/tools/get_file_outline.py
 M src/jcodemunch_mcp/tools/get_file_risk.py
 M src/jcodemunch_mcp/tools/get_file_tree.py
 M src/jcodemunch_mcp/tools/get_symbol_complexity.py
 M src/jcodemunch_mcp/tools/get_symbol_provenance.py
 M src/jcodemunch_mcp/tools/search_symbols.py
?? tests/test_generation_safe_hybrid.py","{""cache_entry_mtime_after_warmup"": null, ""cache_get_calls"": 0, ""cache_get_debug"": [], ""cache_get_hits"": 0, ""cache_key_present_after_warmup"": false, ""cache_policy"": ""cold"", ""cached_symbols_loaded_after_warmup"": true, ""hydration_trace"": {""lazy_ensure_calls"": 0, ""lazy_full_materializations"": 0, ""load_results"": [{""branch"": """", ""lazy_loaded_at_return"": false, ""repo"": ""local/express-080294c3"", ""requested_hydration"": ""auto"", ""symbol_collection_type"": ""LazySymbolList""}], ""sparse_by_file_calls"": 0, ""sparse_by_files_calls"": 0, ""sparse_by_id_calls"": 0, ""sparse_by_name_calls"": 0}, ""mtime_after_measure"": 1785370841152809700, ""mtime_after_warmup"": 1785370841152809700, ""mtime_before_measure"": 1785370841152809700, ""mtime_before_warmup"": 1785370841152809700, ""process_cpu_ms"": 0.0, ""runtime_distribution_version"": ""1.108.199"", ""target_policy"": ""middle stride target"", ""unsafe_global_partial_control"": false, ""wal_after_measure"": false, ""wal_after_warmup"": false, ""worker_pid"": 44820}"
expressjs/express,express-080294c3,dependency_cycles,cold_generation_safe_hybrid_screen,get_dependency_cycles,all_files,baseline_full,3,"{""repo"": ""local/express-080294c3""}",1,2,471,172,507904,7.5808,4.1209,54.35969818488814,1,149,306499584,306499584,0,53dea643e4a99922b7bf8d68864434ae9ce8cfa2542a60a2ab5148d45d39cc05,a3714473feb3d2908add734d340e7755fd85e0a3,2026-07-29T20:20:41.130953,1.108.207,c2201a55b6e1b0ea38043c514ab7bc3a372bad13,3369b1fcd5b12fcb1473031ec74bda8cc200d8860a09caa310c06e9f3ea8bf88,,1,wt-1.108.207,e3b0c44298fc1c149afbf4c8996fb92427ae41e4649b934ca495991b7852b855,,"{""cache_entry_mtime_after_warmup"": 1785370841152809700, ""cache_get_calls"": 1, ""cache_get_debug"": [{""branch"": """", ""entry_mtime"": null, ""entry_present"": false, ""hit"": false, ""mtime_equal"": false, ""name"": ""express-080294c3"", ""owner"": ""local"", ""requested_mtime"": 1785370841152809700}], ""cache_get_hits"": 0, ""cache_key_present_after_warmup"": true, ""cache_policy"": ""cold"", ""cached_symbols_loaded_after_warmup"": true, ""hydration_trace"": {""lazy_ensure_calls"": 0, ""lazy_full_materializations"": 0, ""load_results"": [{""branch"": """", ""lazy_loaded_at_return"": null, ""repo"": ""local/express-080294c3"", ""requested_hydration"": ""auto"", ""symbol_collection_type"": ""list""}], ""sparse_by_file_calls"": 0, ""sparse_by_files_calls"": 0, ""sparse_by_id_calls"": 0, ""sparse_by_name_calls"": 0}, ""mtime_after_measure"": 1785370841152809700, ""mtime_after_warmup"": 1785370841152809700, ""mtime_before_measure"": 1785370841152809700, ""mtime_before_warmup"": 1785370841152809700, ""process_cpu_ms"": 15.625, ""runtime_distribution_version"": ""1.108.199"", ""target_policy"": ""middle stride target"", ""unsafe_global_partial_control"": false, ""wal_after_measure"": false, ""wal_after_warmup"": false, ""worker_pid"": 49336}"
expressjs/express,express-080294c3,dependency_graph,cold_generation_safe_hybrid_screen,get_dependency_graph,all_files,baseline_full,3,"{""cross_repo"": false, ""depth"": 3, ""direction"": ""both"", ""file"": ""test/acceptance/cookies.js"", ""repo"": ""local/express-080294c3""}",1,1,471,172,507904,8.3251,4.1719,50.112310963231664,1,823,306499584,306499584,0,10e2b216d2dc1a4e675eb3048db420f9a2a02dce32e8d7daeb3ceb72b7b094eb,a3714473feb3d2908add734d340e7755fd85e0a3,2026-07-29T20:20:41.130953,1.108.207,c2201a55b6e1b0ea38043c514ab7bc3a372bad13,3369b1fcd5b12fcb1473031ec74bda8cc200d8860a09caa310c06e9f3ea8bf88,,1,wt-1.108.207,e3b0c44298fc1c149afbf4c8996fb92427ae41e4649b934ca495991b7852b855,,"{""cache_entry_mtime_after_warmup"": 1785370841152809700, ""cache_get_calls"": 1, ""cache_get_debug"": [{""branch"": """", ""entry_mtime"": null, ""entry_present"": false, ""hit"": false, ""mtime_equal"": false, ""name"": ""express-080294c3"", ""owner"": ""local"", ""requested_mtime"": 1785370841152809700}], ""cache_get_hits"": 0, ""cache_key_present_after_warmup"": true, ""cache_policy"": ""cold"", ""cached_symbols_loaded_after_warmup"": true, ""hydration_trace"": {""lazy_ensure_calls"": 0, ""lazy_full_materializations"": 0, ""load_results"": [{""branch"": """", ""lazy_loaded_at_return"": null, ""repo"": ""local/express-080294c3"", ""requested_hydration"": ""auto"", ""symbol_collection_type"": ""list""}], ""sparse_by_file_calls"": 0, ""sparse_by_files_calls"": 0, ""sparse_by_id_calls"": 0, ""sparse_by_name_calls"": 0}, ""mtime_after_measure"": 1785370841152809700, ""mtime_after_warmup"": 1785370841152809700, ""mtime_before_measure"": 1785370841152809700, ""mtime_before_warmup"": 1785370841152809700, ""process_cpu_ms"": 0.0, ""runtime_distribution_version"": ""1.108.199"", ""target_policy"": ""middle stride target"", ""unsafe_global_partial_control"": false, ""wal_after_measure"": false, ""wal_after_warmup"": false, ""worker_pid"": 49336}"
expressjs/express,express-080294c3,dependency_graph,cold_generation_safe_hybrid_screen,get_dependency_graph,all_files,generation_safe_hybrid,3,"{""cross_repo"": false, ""depth"": 3, ""direction"": ""both"", ""file"": ""test/acceptance/cookies.js"", ""repo"": ""local/express-080294c3""}",1,2,471,172,507904,5.5646,1.4634,26.298386227222082,1,823,136876032,136876032,0,10e2b216d2dc1a4e675eb3048db420f9a2a02dce32e8d7daeb3ceb72b7b094eb,a3714473feb3d2908add734d340e7755fd85e0a3,2026-07-29T20:20:41.130953,1.108.207,c2201a55b6e1b0ea38043c514ab7bc3a372bad13,3369b1fcd5b12fcb1473031ec74bda8cc200d8860a09caa310c06e9f3ea8bf88,,1,wt-generation-safe-hybrid,87f0ef27d476ad303a854c40a984e645bf1074ff2207c8d112c741447dbbfcb2,"M src/jcodemunch_mcp/server.py
 M src/jcodemunch_mcp/storage/index_store.py
 M src/jcodemunch_mcp/storage/sqlite_store.py
 M src/jcodemunch_mcp/tools/check_references.py
 M src/jcodemunch_mcp/tools/find_references.py
 M src/jcodemunch_mcp/tools/get_blast_radius.py
 M src/jcodemunch_mcp/tools/get_churn_rate.py
 M src/jcodemunch_mcp/tools/get_file_outline.py
 M src/jcodemunch_mcp/tools/get_file_risk.py
 M src/jcodemunch_mcp/tools/get_file_tree.py
 M src/jcodemunch_mcp/tools/get_symbol_complexity.py
 M src/jcodemunch_mcp/tools/get_symbol_provenance.py
 M src/jcodemunch_mcp/tools/search_symbols.py
?? tests/test_generation_safe_hybrid.py","{""cache_entry_mtime_after_warmup"": null, ""cache_get_calls"": 0, ""cache_get_debug"": [], ""cache_get_hits"": 0, ""cache_key_present_after_warmup"": false, ""cache_policy"": ""cold"", ""cached_symbols_loaded_after_warmup"": true, ""hydration_trace"": {""lazy_ensure_calls"": 0, ""lazy_full_materializations"": 0, ""load_results"": [{""branch"": """", ""lazy_loaded_at_return"": false, ""repo"": ""local/express-080294c3"", ""requested_hydration"": ""auto"", ""symbol_collection_type"": ""LazySymbolList""}], ""sparse_by_file_calls"": 0, ""sparse_by_files_calls"": 0, ""sparse_by_id_calls"": 0, ""sparse_by_name_calls"": 0}, ""mtime_after_measure"": 1785370841152809700, ""mtime_after_warmup"": 1785370841152809700, ""mtime_before_measure"": 1785370841152809700, ""mtime_before_warmup"": 1785370841152809700, ""process_cpu_ms"": 31.25, ""runtime_distribution_version"": ""1.108.199"", ""target_policy"": ""middle stride target"", ""unsafe_global_partial_control"": false, ""wal_after_measure"": false, ""wal_after_warmup"": false, ""worker_pid"": 44820}"
expressjs/express,express-080294c3,cross_repo_map_filtered,cold_generation_safe_hybrid_screen,get_cross_repo_map,all_files,generation_safe_hybrid,3,"{""repo"": ""local/express-080294c3""}",1,1,471,172,507904,167.5635,1.4628,0.8729824812682953,1,256,135888896,135888896,0,cde5fd077fb7eaffd74411552f1aa9f16966d8c451b4e45e381ef8e8495a89ae,a3714473feb3d2908add734d340e7755fd85e0a3,2026-07-29T20:20:41.130953,1.108.207,c2201a55b6e1b0ea38043c514ab7bc3a372bad13,3369b1fcd5b12fcb1473031ec74bda8cc200d8860a09caa310c06e9f3ea8bf88,,1,wt-generation-safe-hybrid,87f0ef27d476ad303a854c40a984e645bf1074ff2207c8d112c741447dbbfcb2,"M src/jcodemunch_mcp/server.py
 M src/jcodemunch_mcp/storage/index_store.py
 M src/jcodemunch_mcp/storage/sqlite_store.py
 M src/jcodemunch_mcp/tools/check_references.py
 M src/jcodemunch_mcp/tools/find_references.py
 M src/jcodemunch_mcp/tools/get_blast_radius.py
 M src/jcodemunch_mcp/tools/get_churn_rate.py
 M src/jcodemunch_mcp/tools/get_file_outline.py
 M src/jcodemunch_mcp/tools/get_file_risk.py
 M src/jcodemunch_mcp/tools/get_file_tree.py
 M src/jcodemunch_mcp/tools/get_symbol_complexity.py
 M src/jcodemunch_mcp/tools/get_symbol_provenance.py
 M src/jcodemunch_mcp/tools/search_symbols.py
?? tests/test_generation_safe_hybrid.py","{""cache_entry_mtime_after_warmup"": null, ""cache_get_calls"": 0, ""cache_get_debug"": [], ""cache_get_hits"": 0, ""cache_key_present_after_warmup"": false, ""cache_policy"": ""cold"", ""cached_symbols_loaded_after_warmup"": true, ""hydration_trace"": {""lazy_ensure_calls"": 0, ""lazy_full_materializations"": 0, ""load_results"": [{""branch"": """", ""lazy_loaded_at_return"": false, ""repo"": ""local/express-080294c3"", ""requested_hydration"": ""auto"", ""symbol_collection_type"": ""LazySymbolList""}], ""sparse_by_file_calls"": 0, ""sparse_by_files_calls"": 0, ""sparse_by_id_calls"": 0, ""sparse_by_name_calls"": 0}, ""mtime_after_measure"": 1785370841152809700, ""mtime_after_warmup"": 1785370841152809700, ""mtime_before_measure"": 1785370841152809700, ""mtime_before_warmup"": 1785370841152809700, ""process_cpu_ms"": 171.875, ""runtime_distribution_version"": ""1.108.199"", ""target_policy"": ""middle stride target"", ""unsafe_global_partial_control"": false, ""wal_after_measure"": false, ""wal_after_warmup"": false, ""worker_pid"": 44820}"
expressjs/express,express-080294c3,cross_repo_map_filtered,cold_generation_safe_hybrid_screen,get_cross_repo_map,all_files,baseline_full,3,"{""repo"": ""local/express-080294c3""}",1,2,471,172,507904,162.201,4.6001,2.8360490995739855,1,256,313958400,314109952,151552,cde5fd077fb7eaffd74411552f1aa9f16966d8c451b4e45e381ef8e8495a89ae,a3714473feb3d2908add734d340e7755fd85e0a3,2026-07-29T20:20:41.130953,1.108.207,c2201a55b6e1b0ea38043c514ab7bc3a372bad13,3369b1fcd5b12fcb1473031ec74bda8cc200d8860a09caa310c06e9f3ea8bf88,,1,wt-1.108.207,e3b0c44298fc1c149afbf4c8996fb92427ae41e4649b934ca495991b7852b855,,"{""cache_entry_mtime_after_warmup"": 1785370841152809700, ""cache_get_calls"": 1, ""cache_get_debug"": [{""branch"": """", ""entry_mtime"": null, ""entry_present"": false, ""hit"": false, ""mtime_equal"": false, ""name"": ""express-080294c3"", ""owner"": ""local"", ""requested_mtime"": 1785370841152809700}], ""cache_get_hits"": 0, ""cache_key_present_after_warmup"": true, ""cache_policy"": ""cold"", ""cached_symbols_loaded_after_warmup"": true, ""hydration_trace"": {""lazy_ensure_calls"": 0, ""lazy_full_materializations"": 0, ""load_results"": [{""branch"": """", ""lazy_loaded_at_return"": null, ""repo"": ""local/express-080294c3"", ""requested_hydration"": ""auto"", ""symbol_collection_type"": ""list""}], ""sparse_by_file_calls"": 0, ""sparse_by_files_calls"": 0, ""sparse_by_id_calls"": 0, ""sparse_by_name_calls"": 0}, ""mtime_after_measure"": 1785370841152809700, ""mtime_after_warmup"": 1785370841152809700, ""mtime_before_measure"": 1785370841152809700, ""mtime_before_warmup"": 1785370841152809700, ""process_cpu_ms"": 156.25, ""runtime_distribution_version"": ""1.108.199"", ""target_policy"": ""middle stride target"", ""unsafe_global_partial_control"": false, ""wal_after_measure"": false, ""wal_after_warmup"": false, ""worker_pid"": 49336}"
expressjs/express,express-080294c3,layer_violations,cold_generation_safe_hybrid_screen,get_layer_violations,all_files,baseline_full,3,"{""repo"": ""local/express-080294c3"", ""rules"": [{""may_not_import"": [], ""name"": ""all"", ""paths"": [""**/*""]}]}",1,1,471,172,507904,7.563,4.1527,54.908105249239725,1,175,314109952,314109952,0,ba39fe2cf78bfcb4ad8da4dcc68cc6f8c5331152fac1d5a4d2d9e5ce47722555,a3714473feb3d2908add734d340e7755fd85e0a3,2026-07-29T20:20:41.130953,1.108.207,c2201a55b6e1b0ea38043c514ab7bc3a372bad13,3369b1fcd5b12fcb1473031ec74bda8cc200d8860a09caa310c06e9f3ea8bf88,,1,wt-1.108.207,e3b0c44298fc1c149afbf4c8996fb92427ae41e4649b934ca495991b7852b855,,"{""cache_entry_mtime_after_warmup"": 1785370841152809700, ""cache_get_calls"": 1, ""cache_get_debug"": [{""branch"": """", ""entry_mtime"": null, ""entry_present"": false, ""hit"": false, ""mtime_equal"": false, ""name"": ""express-080294c3"", ""owner"": ""local"", ""requested_mtime"": 1785370841152809700}], ""cache_get_hits"": 0, ""cache_key_present_after_warmup"": true, ""cache_policy"": ""cold"", ""cached_symbols_loaded_after_warmup"": true, ""hydration_trace"": {""lazy_ensure_calls"": 0, ""lazy_full_materializations"": 0, ""load_results"": [{""branch"": """", ""lazy_loaded_at_return"": null, ""repo"": ""local/express-080294c3"", ""requested_hydration"": ""auto"", ""symbol_collection_type"": ""list""}], ""sparse_by_file_calls"": 0, ""sparse_by_files_calls"": 0, ""sparse_by_id_calls"": 0, ""sparse_by_name_calls"": 0}, ""mtime_after_measure"": 1785370841152809700, ""mtime_after_warmup"": 1785370841152809700, ""mtime_before_measure"": 1785370841152809700, ""mtime_before_warmup"": 1785370841152809700, ""process_cpu_ms"": 0.0, ""runtime_distribution_version"": ""1.108.199"", ""target_policy"": ""middle stride target"", ""unsafe_global_partial_control"": false, ""wal_after_measure"": false, ""wal_after_warmup"": false, ""worker_pid"": 49336}"
expressjs/express,express-080294c3,layer_violations,cold_generation_safe_hybrid_screen,get_layer_violations,all_files,generation_safe_hybrid,3,"{""repo"": ""local/express-080294c3"", ""rules"": [{""may_not_import"": [], ""name"": ""all"", ""paths"": [""**/*""]}]}",1,2,471,172,507904,5.1817,1.3871,26.769207017002138,1,175,135888896,135888896,0,ba39fe2cf78bfcb4ad8da4dcc68cc6f8c5331152fac1d5a4d2d9e5ce47722555,a3714473feb3d2908add734d340e7755fd85e0a3,2026-07-29T20:20:41.130953,1.108.207,c2201a55b6e1b0ea38043c514ab7bc3a372bad13,3369b1fcd5b12fcb1473031ec74bda8cc200d8860a09caa310c06e9f3ea8bf88,,1,wt-generation-safe-hybrid,87f0ef27d476ad303a854c40a984e645bf1074ff2207c8d112c741447dbbfcb2,"M src/jcodemunch_mcp/server.py
 M src/jcodemunch_mcp/storage/index_store.py
 M src/jcodemunch_mcp/storage/sqlite_store.py
 M src/jcodemunch_mcp/tools/check_references.py
 M src/jcodemunch_mcp/tools/find_references.py
 M src/jcodemunch_mcp/tools/get_blast_radius.py
 M src/jcodemunch_mcp/tools/get_churn_rate.py
 M src/jcodemunch_mcp/tools/get_file_outline.py
 M src/jcodemunch_mcp/tools/get_file_risk.py
 M src/jcodemunch_mcp/tools/get_file_tree.py
 M src/jcodemunch_mcp/tools/get_symbol_complexity.py
 M src/jcodemunch_mcp/tools/get_symbol_provenance.py
 M src/jcodemunch_mcp/tools/search_symbols.py
?? tests/test_generation_safe_hybrid.py","{""cache_entry_mtime_after_warmup"": null, ""cache_get_calls"": 0, ""cache_get_debug"": [], ""cache_get_hits"": 0, ""cache_key_present_after_warmup"": false, ""cache_policy"": ""cold"", ""cached_symbols_loaded_after_warmup"": true, ""hydration_trace"": {""lazy_ensure_calls"": 0, ""lazy_full_materializations"": 0, ""load_results"": [{""branch"": """", ""lazy_loaded_at_return"": false, ""repo"": ""local/express-080294c3"", ""requested_hydration"": ""auto"", ""symbol_collection_type"": ""LazySymbolList""}], ""sparse_by_file_calls"": 0, ""sparse_by_files_calls"": 0, ""sparse_by_id_calls"": 0, ""sparse_by_name_calls"": 0}, ""mtime_after_measure"": 1785370841152809700, ""mtime_after_warmup"": 1785370841152809700, ""mtime_before_measure"": 1785370841152809700, ""mtime_before_warmup"": 1785370841152809700, ""process_cpu_ms"": 15.625, ""runtime_distribution_version"": ""1.108.199"", ""target_policy"": ""middle stride target"", ""unsafe_global_partial_control"": false, ""wal_after_measure"": false, ""wal_after_warmup"": false, ""worker_pid"": 44820}"
expressjs/express,express-080294c3,file_tree_prefix,cold_generation_safe_hybrid_screen,get_file_tree,prefix_files,generation_safe_hybrid,3,"{""include_summaries"": true, ""path_prefix"": ""test"", ""repo"": ""local/express-080294c3""}",1,1,471,172,507904,5.4154,1.3683,25.266831628319242,1,13311,136097792,136130560,32768,315f301f99f93b5fd2e47d09797a077b426652a011765f8e65c87b43074c40f1,a3714473feb3d2908add734d340e7755fd85e0a3,2026-07-29T20:20:41.130953,1.108.207,c2201a55b6e1b0ea38043c514ab7bc3a372bad13,3369b1fcd5b12fcb1473031ec74bda8cc200d8860a09caa310c06e9f3ea8bf88,,1,wt-generation-safe-hybrid,87f0ef27d476ad303a854c40a984e645bf1074ff2207c8d112c741447dbbfcb2,"M src/jcodemunch_mcp/server.py
 M src/jcodemunch_mcp/storage/index_store.py
 M src/jcodemunch_mcp/storage/sqlite_store.py
 M src/jcodemunch_mcp/tools/check_references.py
 M src/jcodemunch_mcp/tools/find_references.py
 M src/jcodemunch_mcp/tools/get_blast_radius.py
 M src/jcodemunch_mcp/tools/get_churn_rate.py
 M src/jcodemunch_mcp/tools/get_file_outline.py
 M src/jcodemunch_mcp/tools/get_file_risk.py
 M src/jcodemunch_mcp/tools/get_file_tree.py
 M src/jcodemunch_mcp/tools/get_symbol_complexity.py
 M src/jcodemunch_mcp/tools/get_symbol_provenance.py
 M src/jcodemunch_mcp/tools/search_symbols.py
?? tests/test_generation_safe_hybrid.py","{""cache_entry_mtime_after_warmup"": null, ""cache_get_calls"": 0, ""cache_get_debug"": [], ""cache_get_hits"": 0, ""cache_key_present_after_warmup"": false, ""cache_policy"": ""cold"", ""cached_symbols_loaded_after_warmup"": true, ""hydration_trace"": {""lazy_ensure_calls"": 0, ""lazy_full_materializations"": 0, ""load_results"": [{""branch"": """", ""lazy_loaded_at_return"": false, ""repo"": ""local/express-080294c3"", ""requested_hydration"": ""auto"", ""symbol_collection_type"": ""LazySymbolList""}], ""sparse_by_file_calls"": 0, ""sparse_by_files_calls"": 1, ""sparse_by_id_calls"": 0, ""sparse_by_name_calls"": 0}, ""mtime_after_measure"": 1785370841152809700, ""mtime_after_warmup"": 1785370841152809700, ""mtime_before_measure"": 1785370841152809700, ""mtime_before_warmup"": 1785370841152809700, ""process_cpu_ms"": 15.625, ""runtime_distribution_version"": ""1.108.199"", ""target_policy"": ""middle stride target"", ""unsafe_global_partial_control"": false, ""wal_after_measure"": false, ""wal_after_warmup"": false, ""worker_pid"": 44820}"
expressjs/express,express-080294c3,file_tree_prefix,cold_generation_safe_hybrid_screen,get_file_tree,prefix_files,baseline_full,3,"{""include_summaries"": true, ""path_prefix"": ""test"", ""repo"": ""local/express-080294c3""}",1,2,471,172,507904,7.2279,4.2897,59.349188560992815,1,13311,314126336,314126336,0,315f301f99f93b5fd2e47d09797a077b426652a011765f8e65c87b43074c40f1,a3714473feb3d2908add734d340e7755fd85e0a3,2026-07-29T20:20:41.130953,1.108.207,c2201a55b6e1b0ea38043c514ab7bc3a372bad13,3369b1fcd5b12fcb1473031ec74bda8cc200d8860a09caa310c06e9f3ea8bf88,,1,wt-1.108.207,e3b0c44298fc1c149afbf4c8996fb92427ae41e4649b934ca495991b7852b855,,"{""cache_entry_mtime_after_warmup"": 1785370841152809700, ""cache_get_calls"": 1, ""cache_get_debug"": [{""branch"": """", ""entry_mtime"": null, ""entry_present"": false, ""hit"": false, ""mtime_equal"": false, ""name"": ""express-080294c3"", ""owner"": ""local"", ""requested_mtime"": 1785370841152809700}], ""cache_get_hits"": 0, ""cache_key_present_after_warmup"": true, ""cache_policy"": ""cold"", ""cached_symbols_loaded_after_warmup"": true, ""hydration_trace"": {""lazy_ensure_calls"": 0, ""lazy_full_materializations"": 0, ""load_results"": [{""branch"": """", ""lazy_loaded_at_return"": null, ""repo"": ""local/express-080294c3"", ""requested_hydration"": ""auto"", ""symbol_collection_type"": ""list""}], ""sparse_by_file_calls"": 0, ""sparse_by_files_calls"": 0, ""sparse_by_id_calls"": 0, ""sparse_by_name_calls"": 0}, ""mtime_after_measure"": 1785370841152809700, ""mtime_after_warmup"": 1785370841152809700, ""mtime_before_measure"": 1785370841152809700, ""mtime_before_warmup"": 1785370841152809700, ""process_cpu_ms"": 0.0, ""runtime_distribution_version"": ""1.108.199"", ""target_policy"": ""middle stride target"", ""unsafe_global_partial_control"": false, ""wal_after_measure"": false, ""wal_after_warmup"": false, ""worker_pid"": 49336}"
fastapi/fastapi,fastapi-c1d6b9c4,symbol_source_single,cold_generation_safe_hybrid_screen,get_symbol_source,target_symbols,baseline_full,3,"{""repo"": ""local/fastapi-c1d6b9c4"", ""symbol_id"": ""docs_src/body_multiple_params/tutorial002_py310.py::User.username#field""}",1,1,13405,1191,14544896,101.5628,98.0996,96.59009007234933,1,978,317906944,328744960,10838016,1ab8ff051ea316b69169e5e1747d2f5232e2ece543707c9a147d490870a48f1c,95f8322ee1dcda7ceace7b1c4f6c9915b36d748f,2026-07-29T20:20:52.765681,1.108.207,c2201a55b6e1b0ea38043c514ab7bc3a372bad13,3369b1fcd5b12fcb1473031ec74bda8cc200d8860a09caa310c06e9f3ea8bf88,,1,wt-1.108.207,e3b0c44298fc1c149afbf4c8996fb92427ae41e4649b934ca495991b7852b855,,"{""cache_entry_mtime_after_warmup"": 1785370852988741000, ""cache_get_calls"": 1, ""cache_get_debug"": [{""branch"": """", ""entry_mtime"": null, ""entry_present"": false, ""hit"": false, ""mtime_equal"": false, ""name"": ""fastapi-c1d6b9c4"", ""owner"": ""local"", ""requested_mtime"": 1785370852988741000}], ""cache_get_hits"": 0, ""cache_key_present_after_warmup"": true, ""cache_policy"": ""cold"", ""cached_symbols_loaded_after_warmup"": true, ""hydration_trace"": {""lazy_ensure_calls"": 0, ""lazy_full_materializations"": 0, ""load_results"": [{""branch"": """", ""lazy_loaded_at_return"": null, ""repo"": ""local/fastapi-c1d6b9c4"", ""requested_hydration"": ""auto"", ""symbol_collection_type"": ""list""}], ""sparse_by_file_calls"": 0, ""sparse_by_files_calls"": 0, ""sparse_by_id_calls"": 0, ""sparse_by_name_calls"": 0}, ""mtime_after_measure"": 1785370852988741000, ""mtime_after_warmup"": 1785370852988741000, ""mtime_before_measure"": 1785370852988741000, ""mtime_before_warmup"": 1785370852988741000, ""process_cpu_ms"": 109.375, ""runtime_distribution_version"": ""1.108.199"", ""target_policy"": ""middle stride target"", ""unsafe_global_partial_control"": false, ""wal_after_measure"": false, ""wal_after_warmup"": false, ""worker_pid"": 49336}"
fastapi/fastapi,fastapi-c1d6b9c4,symbol_source_single,cold_generation_safe_hybrid_screen,get_symbol_source,target_symbols,generation_safe_hybrid,3,"{""repo"": ""local/fastapi-c1d6b9c4"", ""symbol_id"": ""docs_src/body_multiple_params/tutorial002_py310.py::User.username#field""}",1,2,13405,1191,14544896,10.8357,6.9409,64.05585241378037,1,977,138010624,138219520,208896,1ab8ff051ea316b69169e5e1747d2f5232e2ece543707c9a147d490870a48f1c,95f8322ee1dcda7ceace7b1c4f6c9915b36d748f,2026-07-29T20:20:52.765681,1.108.207,c2201a55b6e1b0ea38043c514ab7bc3a372bad13,3369b1fcd5b12fcb1473031ec74bda8cc200d8860a09caa310c06e9f3ea8bf88,,1,wt-generation-safe-hybrid,87f0ef27d476ad303a854c40a984e645bf1074ff2207c8d112c741447dbbfcb2,"M src/jcodemunch_mcp/server.py
 M src/jcodemunch_mcp/storage/index_store.py
 M src/jcodemunch_mcp/storage/sqlite_store.py
 M src/jcodemunch_mcp/tools/check_references.py
 M src/jcodemunch_mcp/tools/find_references.py
 M src/jcodemunch_mcp/tools/get_blast_radius.py
 M src/jcodemunch_mcp/tools/get_churn_rate.py
 M src/jcodemunch_mcp/tools/get_file_outline.py
 M src/jcodemunch_mcp/tools/get_file_risk.py
 M src/jcodemunch_mcp/tools/get_file_tree.py
 M src/jcodemunch_mcp/tools/get_symbol_complexity.py
 M src/jcodemunch_mcp/tools/get_symbol_provenance.py
 M src/jcodemunch_mcp/tools/search_symbols.py
?? tests/test_generation_safe_hybrid.py","{""cache_entry_mtime_after_warmup"": null, ""cache_get_calls"": 0, ""cache_get_debug"": [], ""cache_get_hits"": 0, ""cache_key_present_after_warmup"": false, ""cache_policy"": ""cold"", ""cached_symbols_loaded_after_warmup"": true, ""hydration_trace"": {""lazy_ensure_calls"": 0, ""lazy_full_materializations"": 0, ""load_results"": [{""branch"": """", ""lazy_loaded_at_return"": false, ""repo"": ""local/fastapi-c1d6b9c4"", ""requested_hydration"": ""auto"", ""symbol_collection_type"": ""LazySymbolList""}], ""sparse_by_file_calls"": 0, ""sparse_by_files_calls"": 0, ""sparse_by_id_calls"": 2, ""sparse_by_name_calls"": 0}, ""mtime_after_measure"": 1785370852988741000, ""mtime_after_warmup"": 1785370852988741000, ""mtime_before_measure"": 1785370852988741000, ""mtime_before_warmup"": 1785370852988741000, ""process_cpu_ms"": 15.625, ""runtime_distribution_version"": ""1.108.199"", ""target_policy"": ""middle stride target"", ""unsafe_global_partial_control"": false, ""wal_after_measure"": false, ""wal_after_warmup"": false, ""worker_pid"": 44820}"
fastapi/fastapi,fastapi-c1d6b9c4,symbol_source_batch,cold_generation_safe_hybrid_screen,get_symbol_source,target_symbols,generation_safe_hybrid,3,"{""repo"": ""local/fastapi-c1d6b9c4"", ""symbol_ids"": [""docs_src/body_multiple_params/tutorial002_py310.py::User.username#field"", ""docs_src/body_multiple_params/tutorial002_py310.py::User.full_name#field"", ""docs_src/body_multiple_params/tutorial002_py310.py::update_item#function""]}",1,1,13405,1191,14544896,9.5969,5.5118,57.433129448050934,1,2249,138219520,138219520,0,c6902e4e08d2987e10e71934d2593abc4e73a14bc3021daa4d57cbe16416e133,95f8322ee1dcda7ceace7b1c4f6c9915b36d748f,2026-07-29T20:20:52.765681,1.108.207,c2201a55b6e1b0ea38043c514ab7bc3a372bad13,3369b1fcd5b12fcb1473031ec74bda8cc200d8860a09caa310c06e9f3ea8bf88,,1,wt-generation-safe-hybrid,87f0ef27d476ad303a854c40a984e645bf1074ff2207c8d112c741447dbbfcb2,"M src/jcodemunch_mcp/server.py
 M src/jcodemunch_mcp/storage/index_store.py
 M src/jcodemunch_mcp/storage/sqlite_store.py
 M src/jcodemunch_mcp/tools/check_references.py
 M src/jcodemunch_mcp/tools/find_references.py
 M src/jcodemunch_mcp/tools/get_blast_radius.py
 M src/jcodemunch_mcp/tools/get_churn_rate.py
 M src/jcodemunch_mcp/tools/get_file_outline.py
 M src/jcodemunch_mcp/tools/get_file_risk.py
 M src/jcodemunch_mcp/tools/get_file_tree.py
 M src/jcodemunch_mcp/tools/get_symbol_complexity.py
 M src/jcodemunch_mcp/tools/get_symbol_provenance.py
 M src/jcodemunch_mcp/tools/search_symbols.py
?? tests/test_generation_safe_hybrid.py","{""cache_entry_mtime_after_warmup"": null, ""cache_get_calls"": 0, ""cache_get_debug"": [], ""cache_get_hits"": 0, ""cache_key_present_after_warmup"": false, ""cache_policy"": ""cold"", ""cached_symbols_loaded_after_warmup"": true, ""hydration_trace"": {""lazy_ensure_calls"": 0, ""lazy_full_materializations"": 0, ""load_results"": [{""branch"": """", ""lazy_loaded_at_return"": false, ""repo"": ""local/fastapi-c1d6b9c4"", ""requested_hydration"": ""auto"", ""symbol_collection_type"": ""LazySymbolList""}], ""sparse_by_file_calls"": 0, ""sparse_by_files_calls"": 0, ""sparse_by_id_calls"": 6, ""sparse_by_name_calls"": 0}, ""mtime_after_measure"": 1785370852988741000, ""mtime_after_warmup"": 1785370852988741000, ""mtime_before_measure"": 1785370852988741000, ""mtime_before_warmup"": 1785370852988741000, ""process_cpu_ms"": 15.625, ""runtime_distribution_version"": ""1.108.199"", ""target_policy"": ""middle stride target"", ""unsafe_global_partial_control"": false, ""wal_after_measure"": false, ""wal_after_warmup"": false, ""worker_pid"": 44820}"
fastapi/fastapi,fastapi-c1d6b9c4,symbol_source_batch,cold_generation_safe_hybrid_screen,get_symbol_source,target_symbols,baseline_full,3,"{""repo"": ""local/fastapi-c1d6b9c4"", ""symbol_ids"": [""docs_src/body_multiple_params/tutorial002_py310.py::User.username#field"", ""docs_src/body_multiple_params/tutorial002_py310.py::User.full_name#field"", ""docs_src/body_multiple_params/tutorial002_py310.py::update_item#function""]}",1,2,13405,1191,14544896,101.9507,98.0845,96.20777493435554,1,2250,322920448,328740864,5820416,c6902e4e08d2987e10e71934d2593abc4e73a14bc3021daa4d57cbe16416e133,95f8322ee1dcda7ceace7b1c4f6c9915b36d748f,2026-07-29T20:20:52.765681,1.108.207,c2201a55b6e1b0ea38043c514ab7bc3a372bad13,3369b1fcd5b12fcb1473031ec74bda8cc200d8860a09caa310c06e9f3ea8bf88,,1,wt-1.108.207,e3b0c44298fc1c149afbf4c8996fb92427ae41e4649b934ca495991b7852b855,,"{""cache_entry_mtime_after_warmup"": 1785370852988741000, ""cache_get_calls"": 1, ""cache_get_debug"": [{""branch"": """", ""entry_mtime"": null, ""entry_present"": false, ""hit"": false, ""mtime_equal"": false, ""name"": ""fastapi-c1d6b9c4"", ""owner"": ""local"", ""requested_mtime"": 1785370852988741000}], ""cache_get_hits"": 0, ""cache_key_present_after_warmup"": true, ""cache_policy"": ""cold"", ""cached_symbols_loaded_after_warmup"": true, ""hydration_trace"": {""lazy_ensure_calls"": 0, ""lazy_full_materializations"": 0, ""load_results"": [{""branch"": """", ""lazy_loaded_at_return"": null, ""repo"": ""local/fastapi-c1d6b9c4"", ""requested_hydration"": ""auto"", ""symbol_collection_type"": ""list""}], ""sparse_by_file_calls"": 0, ""sparse_by_files_calls"": 0, ""sparse_by_id_calls"": 0, ""sparse_by_name_calls"": 0}, ""mtime_after_measure"": 1785370852988741000, ""mtime_after_warmup"": 1785370852988741000, ""mtime_before_measure"": 1785370852988741000, ""mtime_before_warmup"": 1785370852988741000, ""process_cpu_ms"": 187.5, ""runtime_distribution_version"": ""1.108.199"", ""target_policy"": ""middle stride target"", ""unsafe_global_partial_control"": false, ""wal_after_measure"": false, ""wal_after_warmup"": false, ""worker_pid"": 49336}"
fastapi/fastapi,fastapi-c1d6b9c4,context_single,cold_generation_safe_hybrid_screen,get_context_bundle,target_symbols,baseline_full,3,"{""repo"": ""local/fastapi-c1d6b9c4"", ""symbol_id"": ""docs_src/body_multiple_params/tutorial002_py310.py::User.username#field""}",1,1,13405,1191,14544896,97.8238,94.462,96.56341299356598,1,672,321667072,329379840,7712768,e3161dd7d37ee5ef7757ae6917b2ffb189a1cdeb072d4bb2814e0627537c18f9,95f8322ee1dcda7ceace7b1c4f6c9915b36d748f,2026-07-29T20:20:52.765681,1.108.207,c2201a55b6e1b0ea38043c514ab7bc3a372bad13,3369b1fcd5b12fcb1473031ec74bda8cc200d8860a09caa310c06e9f3ea8bf88,,1,wt-1.108.207,e3b0c44298fc1c149afbf4c8996fb92427ae41e4649b934ca495991b7852b855,,"{""cache_entry_mtime_after_warmup"": 1785370852988741000, ""cache_get_calls"": 1, ""cache_get_debug"": [{""branch"": """", ""entry_mtime"": null, ""entry_present"": false, ""hit"": false, ""mtime_equal"": false, ""name"": ""fastapi-c1d6b9c4"", ""owner"": ""local"", ""requested_mtime"": 1785370852988741000}], ""cache_get_hits"": 0, ""cache_key_present_after_warmup"": true, ""cache_policy"": ""cold"", ""cached_symbols_loaded_after_warmup"": true, ""hydration_trace"": {""lazy_ensure_calls"": 0, ""lazy_full_materializations"": 0, ""load_results"": [{""branch"": """", ""lazy_loaded_at_return"": null, ""repo"": ""local/fastapi-c1d6b9c4"", ""requested_hydration"": ""auto"", ""symbol_collection_type"": ""list""}], ""sparse_by_file_calls"": 0, ""sparse_by_files_calls"": 0, ""sparse_by_id_calls"": 0, ""sparse_by_name_calls"": 0}, ""mtime_after_measure"": 1785370852988741000, ""mtime_after_warmup"": 1785370852988741000, ""mtime_before_measure"": 1785370852988741000, ""mtime_before_warmup"": 1785370852988741000, ""process_cpu_ms"": 109.375, ""runtime_distribution_version"": ""1.108.199"", ""target_policy"": ""middle stride target"", ""unsafe_global_partial_control"": false, ""wal_after_measure"": false, ""wal_after_warmup"": false, ""worker_pid"": 49336}"
fastapi/fastapi,fastapi-c1d6b9c4,context_single,cold_generation_safe_hybrid_screen,get_context_bundle,target_symbols,generation_safe_hybrid,3,"{""repo"": ""local/fastapi-c1d6b9c4"", ""symbol_id"": ""docs_src/body_multiple_params/tutorial002_py310.py::User.username#field""}",1,2,13405,1191,14544896,9.9183,6.1278,61.782765191615496,1,671,138289152,138391552,102400,e3161dd7d37ee5ef7757ae6917b2ffb189a1cdeb072d4bb2814e0627537c18f9,95f8322ee1dcda7ceace7b1c4f6c9915b36d748f,2026-07-29T20:20:52.765681,1.108.207,c2201a55b6e1b0ea38043c514ab7bc3a372bad13,3369b1fcd5b12fcb1473031ec74bda8cc200d8860a09caa310c06e9f3ea8bf88,,1,wt-generation-safe-hybrid,87f0ef27d476ad303a854c40a984e645bf1074ff2207c8d112c741447dbbfcb2,"M src/jcodemunch_mcp/server.py
 M src/jcodemunch_mcp/storage/index_store.py
 M src/jcodemunch_mcp/storage/sqlite_store.py
 M src/jcodemunch_mcp/tools/check_references.py
 M src/jcodemunch_mcp/tools/find_references.py
 M src/jcodemunch_mcp/tools/get_blast_radius.py
 M src/jcodemunch_mcp/tools/get_churn_rate.py
 M src/jcodemunch_mcp/tools/get_file_outline.py
 M src/jcodemunch_mcp/tools/get_file_risk.py
 M src/jcodemunch_mcp/tools/get_file_tree.py
 M src/jcodemunch_mcp/tools/get_symbol_complexity.py
 M src/jcodemunch_mcp/tools/get_symbol_provenance.py
 M src/jcodemunch_mcp/tools/search_symbols.py
?? tests/test_generation_safe_hybrid.py","{""cache_entry_mtime_after_warmup"": null, ""cache_get_calls"": 0, ""cache_get_debug"": [], ""cache_get_hits"": 0, ""cache_key_present_after_warmup"": false, ""cache_policy"": ""cold"", ""cached_symbols_loaded_after_warmup"": true, ""hydration_trace"": {""lazy_ensure_calls"": 0, ""lazy_full_materializations"": 0, ""load_results"": [{""branch"": """", ""lazy_loaded_at_return"": false, ""repo"": ""local/fastapi-c1d6b9c4"", ""requested_hydration"": ""auto"", ""symbol_collection_type"": ""LazySymbolList""}], ""sparse_by_file_calls"": 0, ""sparse_by_files_calls"": 0, ""sparse_by_id_calls"": 2, ""sparse_by_name_calls"": 0}, ""mtime_after_measure"": 1785370852988741000, ""mtime_after_warmup"": 1785370852988741000, ""mtime_before_measure"": 1785370852988741000, ""mtime_before_warmup"": 1785370852988741000, ""process_cpu_ms"": 15.625, ""runtime_distribution_version"": ""1.108.199"", ""target_policy"": ""middle stride target"", ""unsafe_global_partial_control"": false, ""wal_after_measure"": false, ""wal_after_warmup"": false, ""worker_pid"": 44820}"
fastapi/fastapi,fastapi-c1d6b9c4,context_batch,cold_generation_safe_hybrid_screen,get_context_bundle,target_symbols,generation_safe_hybrid,3,"{""repo"": ""local/fastapi-c1d6b9c4"", ""symbol_ids"": [""docs_src/body_multiple_params/tutorial002_py310.py::User.username#field"", ""docs_src/body_multiple_params/tutorial002_py310.py::User.full_name#field"", ""docs_src/body_multiple_params/tutorial002_py310.py::update_item#function""]}",1,1,13405,1191,14544896,9.1602,5.8311,63.65690705443113,1,2224,138391552,138395648,4096,a400c98c2294c88bcbedd7fb5a886a6fe298d03b1d9b3a7c88e4f391aeb60f91,95f8322ee1dcda7ceace7b1c4f6c9915b36d748f,2026-07-29T20:20:52.765681,1.108.207,c2201a55b6e1b0ea38043c514ab7bc3a372bad13,3369b1fcd5b12fcb1473031ec74bda8cc200d8860a09caa310c06e9f3ea8bf88,,1,wt-generation-safe-hybrid,87f0ef27d476ad303a854c40a984e645bf1074ff2207c8d112c741447dbbfcb2,"M src/jcodemunch_mcp/server.py
 M src/jcodemunch_mcp/storage/index_store.py
 M src/jcodemunch_mcp/storage/sqlite_store.py
 M src/jcodemunch_mcp/tools/check_references.py
 M src/jcodemunch_mcp/tools/find_references.py
 M src/jcodemunch_mcp/tools/get_blast_radius.py
 M src/jcodemunch_mcp/tools/get_churn_rate.py
 M src/jcodemunch_mcp/tools/get_file_outline.py
 M src/jcodemunch_mcp/tools/get_file_risk.py
 M src/jcodemunch_mcp/tools/get_file_tree.py
 M src/jcodemunch_mcp/tools/get_symbol_complexity.py
 M src/jcodemunch_mcp/tools/get_symbol_provenance.py
 M src/jcodemunch_mcp/tools/search_symbols.py
?? tests/test_generation_safe_hybrid.py","{""cache_entry_mtime_after_warmup"": null, ""cache_get_calls"": 0, ""cache_get_debug"": [], ""cache_get_hits"": 0, ""cache_key_present_after_warmup"": false, ""cache_policy"": ""cold"", ""cached_symbols_loaded_after_warmup"": true, ""hydration_trace"": {""lazy_ensure_calls"": 0, ""lazy_full_materializations"": 0, ""load_results"": [{""branch"": """", ""lazy_loaded_at_return"": false, ""repo"": ""local/fastapi-c1d6b9c4"", ""requested_hydration"": ""auto"", ""symbol_collection_type"": ""LazySymbolList""}], ""sparse_by_file_calls"": 0, ""sparse_by_files_calls"": 0, ""sparse_by_id_calls"": 6, ""sparse_by_name_calls"": 0}, ""mtime_after_measure"": 1785370852988741000, ""mtime_after_warmup"": 1785370852988741000, ""mtime_before_measure"": 1785370852988741000, ""mtime_before_warmup"": 1785370852988741000, ""process_cpu_ms"": 31.25, ""runtime_distribution_version"": ""1.108.199"", ""target_policy"": ""middle stride target"", ""unsafe_global_partial_control"": false, ""wal_after_measure"": false, ""wal_after_warmup"": false, ""worker_pid"": 44820}"
fastapi/fastapi,fastapi-c1d6b9c4,context_batch,cold_generation_safe_hybrid_screen,get_context_bundle,target_symbols,baseline_full,3,"{""repo"": ""local/fastapi-c1d6b9c4"", ""symbol_ids"": [""docs_src/body_multiple_params/tutorial002_py310.py::User.username#field"", ""docs_src/body_multiple_params/tutorial002_py310.py::User.full_name#field"", ""docs_src/body_multiple_params/tutorial002_py310.py::update_item#function""]}",1,2,13405,1191,14544896,100.5736,97.3463,96.79110621475219,1,2225,329883648,330022912,139264,a400c98c2294c88bcbedd7fb5a886a6fe298d03b1d9b3a7c88e4f391aeb60f91,95f8322ee1dcda7ceace7b1c4f6c9915b36d748f,2026-07-29T20:20:52.765681,1.108.207,c2201a55b6e1b0ea38043c514ab7bc3a372bad13,3369b1fcd5b12fcb1473031ec74bda8cc200d8860a09caa310c06e9f3ea8bf88,,1,wt-1.108.207,e3b0c44298fc1c149afbf4c8996fb92427ae41e4649b934ca495991b7852b855,,"{""cache_entry_mtime_after_warmup"": 1785370852988741000, ""cache_get_calls"": 1, ""cache_get_debug"": [{""branch"": """", ""entry_mtime"": null, ""entry_present"": false, ""hit"": false, ""mtime_equal"": false, ""name"": ""fastapi-c1d6b9c4"", ""owner"": ""local"", ""requested_mtime"": 1785370852988741000}], ""cache_get_hits"": 0, ""cache_key_present_after_warmup"": true, ""cache_policy"": ""cold"", ""cached_symbols_loaded_after_warmup"": true, ""hydration_trace"": {""lazy_ensure_calls"": 0, ""lazy_full_materializations"": 0, ""load_results"": [{""branch"": """", ""lazy_loaded_at_return"": null, ""repo"": ""local/fastapi-c1d6b9c4"", ""requested_hydration"": ""auto"", ""symbol_collection_type"": ""list""}], ""sparse_by_file_calls"": 0, ""sparse_by_files_calls"": 0, ""sparse_by_id_calls"": 0, ""sparse_by_name_calls"": 0}, ""mtime_after_measure"": 1785370852988741000, ""mtime_after_warmup"": 1785370852988741000, ""mtime_before_measure"": 1785370852988741000, ""mtime_before_warmup"": 1785370852988741000, ""process_cpu_ms"": 125.0, ""runtime_distribution_version"": ""1.108.199"", ""target_policy"": ""middle stride target"", ""unsafe_global_partial_control"": false, ""wal_after_measure"": false, ""wal_after_warmup"": false, ""worker_pid"": 49336}"
fastapi/fastapi,fastapi-c1d6b9c4,context_single_callers,cold_generation_safe_hybrid_screen,get_context_bundle,all_files_target_symbols,baseline_full,3,"{""include_callers"": true, ""repo"": ""local/fastapi-c1d6b9c4"", ""symbol_id"": ""docs_src/body_multiple_params/tutorial002_py310.py::User.username#field""}",1,1,13405,1191,14544896,157.4524,95.2013,60.46354326767963,1,688,330035200,330838016,802816,24c843dec2c19013e18f5530724d599ce2d14d4d62b6040a15b92dcbedc3053a,95f8322ee1dcda7ceace7b1c4f6c9915b36d748f,2026-07-29T20:20:52.765681,1.108.207,c2201a55b6e1b0ea38043c514ab7bc3a372bad13,3369b1fcd5b12fcb1473031ec74bda8cc200d8860a09caa310c06e9f3ea8bf88,,1,wt-1.108.207,e3b0c44298fc1c149afbf4c8996fb92427ae41e4649b934ca495991b7852b855,,"{""cache_entry_mtime_after_warmup"": 1785370852988741000, ""cache_get_calls"": 1, ""cache_get_debug"": [{""branch"": """", ""entry_mtime"": null, ""entry_present"": false, ""hit"": false, ""mtime_equal"": false, ""name"": ""fastapi-c1d6b9c4"", ""owner"": ""local"", ""requested_mtime"": 1785370852988741000}], ""cache_get_hits"": 0, ""cache_key_present_after_warmup"": true, ""cache_policy"": ""cold"", ""cached_symbols_loaded_after_warmup"": true, ""hydration_trace"": {""lazy_ensure_calls"": 0, ""lazy_full_materializations"": 0, ""load_results"": [{""branch"": """", ""lazy_loaded_at_return"": null, ""repo"": ""local/fastapi-c1d6b9c4"", ""requested_hydration"": ""auto"", ""symbol_collection_type"": ""list""}], ""sparse_by_file_calls"": 0, ""sparse_by_files_calls"": 0, ""sparse_by_id_calls"": 0, ""sparse_by_name_calls"": 0}, ""mtime_after_measure"": 1785370852988741000, ""mtime_after_warmup"": 1785370852988741000, ""mtime_before_measure"": 1785370852988741000, ""mtime_before_warmup"": 1785370852988741000, ""process_cpu_ms"": 265.625, ""runtime_distribution_version"": ""1.108.199"", ""target_policy"": ""middle stride target"", ""unsafe_global_partial_control"": false, ""wal_after_measure"": false, ""wal_after_warmup"": false, ""worker_pid"": 49336}"
fastapi/fastapi,fastapi-c1d6b9c4,context_single_callers,cold_generation_safe_hybrid_screen,get_context_bundle,all_files_target_symbols,generation_safe_hybrid,3,"{""include_callers"": true, ""repo"": ""local/fastapi-c1d6b9c4"", ""symbol_id"": ""docs_src/body_multiple_params/tutorial002_py310.py::User.username#field""}",1,2,13405,1191,14544896,70.614,5.6924,8.061290962132155,1,687,138469376,138473472,4096,24c843dec2c19013e18f5530724d599ce2d14d4d62b6040a15b92dcbedc3053a,95f8322ee1dcda7ceace7b1c4f6c9915b36d748f,2026-07-29T20:20:52.765681,1.108.207,c2201a55b6e1b0ea38043c514ab7bc3a372bad13,3369b1fcd5b12fcb1473031ec74bda8cc200d8860a09caa310c06e9f3ea8bf88,,1,wt-generation-safe-hybrid,87f0ef27d476ad303a854c40a984e645bf1074ff2207c8d112c741447dbbfcb2,"M src/jcodemunch_mcp/server.py
 M src/jcodemunch_mcp/storage/index_store.py
 M src/jcodemunch_mcp/storage/sqlite_store.py
 M src/jcodemunch_mcp/tools/check_references.py
 M src/jcodemunch_mcp/tools/find_references.py
 M src/jcodemunch_mcp/tools/get_blast_radius.py
 M src/jcodemunch_mcp/tools/get_churn_rate.py
 M src/jcodemunch_mcp/tools/get_file_outline.py
 M src/jcodemunch_mcp/tools/get_file_risk.py
 M src/jcodemunch_mcp/tools/get_file_tree.py
 M src/jcodemunch_mcp/tools/get_symbol_complexity.py
 M src/jcodemunch_mcp/tools/get_symbol_provenance.py
 M src/jcodemunch_mcp/tools/search_symbols.py
?? tests/test_generation_safe_hybrid.py","{""cache_entry_mtime_after_warmup"": null, ""cache_get_calls"": 0, ""cache_get_debug"": [], ""cache_get_hits"": 0, ""cache_key_present_after_warmup"": false, ""cache_policy"": ""cold"", ""cached_symbols_loaded_after_warmup"": true, ""hydration_trace"": {""lazy_ensure_calls"": 0, ""lazy_full_materializations"": 0, ""load_results"": [{""branch"": """", ""lazy_loaded_at_return"": false, ""repo"": ""local/fastapi-c1d6b9c4"", ""requested_hydration"": ""auto"", ""symbol_collection_type"": ""LazySymbolList""}], ""sparse_by_file_calls"": 0, ""sparse_by_files_calls"": 0, ""sparse_by_id_calls"": 2, ""sparse_by_name_calls"": 0}, ""mtime_after_measure"": 1785370852988741000, ""mtime_after_warmup"": 1785370852988741000, ""mtime_before_measure"": 1785370852988741000, ""mtime_before_warmup"": 1785370852988741000, ""process_cpu_ms"": 156.25, ""runtime_distribution_version"": ""1.108.199"", ""target_policy"": ""middle stride target"", ""unsafe_global_partial_control"": false, ""wal_after_measure"": false, ""wal_after_warmup"": false, ""worker_pid"": 44820}"
fastapi/fastapi,fastapi-c1d6b9c4,context_batch_callers,cold_generation_safe_hybrid_screen,get_context_bundle,all_files_target_symbols,generation_safe_hybrid,3,"{""include_callers"": true, ""repo"": ""local/fastapi-c1d6b9c4"", ""symbol_ids"": [""docs_src/body_multiple_params/tutorial002_py310.py::User.username#field"", ""docs_src/body_multiple_params/tutorial002_py310.py::User.full_name#field"", ""docs_src/body_multiple_params/tutorial002_py310.py::update_item#function""]}",1,1,13405,1191,14544896,190.1977,5.9788,3.1434659830271343,1,2271,138563584,138563584,0,99f9b49c2ac92902253ec72d4894b03334e0e910565a73a0da011bf2fa41950a,95f8322ee1dcda7ceace7b1c4f6c9915b36d748f,2026-07-29T20:20:52.765681,1.108.207,c2201a55b6e1b0ea38043c514ab7bc3a372bad13,3369b1fcd5b12fcb1473031ec74bda8cc200d8860a09caa310c06e9f3ea8bf88,,1,wt-generation-safe-hybrid,87f0ef27d476ad303a854c40a984e645bf1074ff2207c8d112c741447dbbfcb2,"M src/jcodemunch_mcp/server.py
 M src/jcodemunch_mcp/storage/index_store.py
 M src/jcodemunch_mcp/storage/sqlite_store.py
 M src/jcodemunch_mcp/tools/check_references.py
 M src/jcodemunch_mcp/tools/find_references.py
 M src/jcodemunch_mcp/tools/get_blast_radius.py
 M src/jcodemunch_mcp/tools/get_churn_rate.py
 M src/jcodemunch_mcp/tools/get_file_outline.py
 M src/jcodemunch_mcp/tools/get_file_risk.py
 M src/jcodemunch_mcp/tools/get_file_tree.py
 M src/jcodemunch_mcp/tools/get_symbol_complexity.py
 M src/jcodemunch_mcp/tools/get_symbol_provenance.py
 M src/jcodemunch_mcp/tools/search_symbols.py
?? tests/test_generation_safe_hybrid.py","{""cache_entry_mtime_after_warmup"": null, ""cache_get_calls"": 0, ""cache_get_debug"": [], ""cache_get_hits"": 0, ""cache_key_present_after_warmup"": false, ""cache_policy"": ""cold"", ""cached_symbols_loaded_after_warmup"": true, ""hydration_trace"": {""lazy_ensure_calls"": 0, ""lazy_full_materializations"": 0, ""load_results"": [{""branch"": """", ""lazy_loaded_at_return"": false, ""repo"": ""local/fastapi-c1d6b9c4"", ""requested_hydration"": ""auto"", ""symbol_collection_type"": ""LazySymbolList""}], ""sparse_by_file_calls"": 0, ""sparse_by_files_calls"": 0, ""sparse_by_id_calls"": 6, ""sparse_by_name_calls"": 0}, ""mtime_after_measure"": 1785370852988741000, ""mtime_after_warmup"": 1785370852988741000, ""mtime_before_measure"": 1785370852988741000, ""mtime_before_warmup"": 1785370852988741000, ""process_cpu_ms"": 187.5, ""runtime_distribution_version"": ""1.108.199"", ""target_policy"": ""middle stride target"", ""unsafe_global_partial_control"": false, ""wal_after_measure"": false, ""wal_after_warmup"": false, ""worker_pid"": 44820}"
fastapi/fastapi,fastapi-c1d6b9c4,context_batch_callers,cold_generation_safe_hybrid_screen,get_context_bundle,all_files_target_symbols,baseline_full,3,"{""include_callers"": true, ""repo"": ""local/fastapi-c1d6b9c4"", ""symbol_ids"": [""docs_src/body_multiple_params/tutorial002_py310.py::User.username#field"", ""docs_src/body_multiple_params/tutorial002_py310.py::User.full_name#field"", ""docs_src/body_multiple_params/tutorial002_py310.py::update_item#function""]}",1,2,13405,1191,14544896,296.6372,113.5343,38.27379034052371,1,2271,328994816,329949184,954368,99f9b49c2ac92902253ec72d4894b03334e0e910565a73a0da011bf2fa41950a,95f8322ee1dcda7ceace7b1c4f6c9915b36d748f,2026-07-29T20:20:52.765681,1.108.207,c2201a55b6e1b0ea38043c514ab7bc3a372bad13,3369b1fcd5b12fcb1473031ec74bda8cc200d8860a09caa310c06e9f3ea8bf88,,1,wt-1.108.207,e3b0c44298fc1c149afbf4c8996fb92427ae41e4649b934ca495991b7852b855,,"{""cache_entry_mtime_after_warmup"": 1785370852988741000, ""cache_get_calls"": 1, ""cache_get_debug"": [{""branch"": """", ""entry_mtime"": null, ""entry_present"": false, ""hit"": false, ""mtime_equal"": false, ""name"": ""fastapi-c1d6b9c4"", ""owner"": ""local"", ""requested_mtime"": 1785370852988741000}], ""cache_get_hits"": 0, ""cache_key_present_after_warmup"": true, ""cache_policy"": ""cold"", ""cached_symbols_loaded_after_warmup"": true, ""hydration_trace"": {""lazy_ensure_calls"": 0, ""lazy_full_materializations"": 0, ""load_results"": [{""branch"": """", ""lazy_loaded_at_return"": null, ""repo"": ""local/fastapi-c1d6b9c4"", ""requested_hydration"": ""auto"", ""symbol_collection_type"": ""list""}], ""sparse_by_file_calls"": 0, ""sparse_by_files_calls"": 0, ""sparse_by_id_calls"": 0, ""sparse_by_name_calls"": 0}, ""mtime_after_measure"": 1785370852988741000, ""mtime_after_warmup"": 1785370852988741000, ""mtime_before_measure"": 1785370852988741000, ""mtime_before_warmup"": 1785370852988741000, ""process_cpu_ms"": 296.875, ""runtime_distribution_version"": ""1.108.199"", ""target_policy"": ""middle stride target"", ""unsafe_global_partial_control"": false, ""wal_after_measure"": false, ""wal_after_warmup"": false, ""worker_pid"": 49336}"
fastapi/fastapi,fastapi-c1d6b9c4,file_content,cold_generation_safe_hybrid_screen,get_file_content,target_files,baseline_full,3,"{""file_path"": ""scripts/topic_repos.py"", ""max_content_results"": 20, ""repo"": ""local/fastapi-c1d6b9c4"", ""search_content"": true}",1,1,13405,1191,14544896,99.9001,97.9172,98.01511710198488,1,4604,324341760,329674752,5332992,e6b150aaacc47f2339b7af496b0dd762b590901d8ab42c3c364b15c4758eafdb,95f8322ee1dcda7ceace7b1c4f6c9915b36d748f,2026-07-29T20:20:52.765681,1.108.207,c2201a55b6e1b0ea38043c514ab7bc3a372bad13,3369b1fcd5b12fcb1473031ec74bda8cc200d8860a09caa310c06e9f3ea8bf88,,1,wt-1.108.207,e3b0c44298fc1c149afbf4c8996fb92427ae41e4649b934ca495991b7852b855,,"{""cache_entry_mtime_after_warmup"": 1785370852988741000, ""cache_get_calls"": 1, ""cache_get_debug"": [{""branch"": """", ""entry_mtime"": null, ""entry_present"": false, ""hit"": false, ""mtime_equal"": false, ""name"": ""fastapi-c1d6b9c4"", ""owner"": ""local"", ""requested_mtime"": 1785370852988741000}], ""cache_get_hits"": 0, ""cache_key_present_after_warmup"": true, ""cache_policy"": ""cold"", ""cached_symbols_loaded_after_warmup"": true, ""hydration_trace"": {""lazy_ensure_calls"": 0, ""lazy_full_materializations"": 0, ""load_results"": [{""branch"": """", ""lazy_loaded_at_return"": null, ""repo"": ""local/fastapi-c1d6b9c4"", ""requested_hydration"": ""auto"", ""symbol_collection_type"": ""list""}], ""sparse_by_file_calls"": 0, ""sparse_by_files_calls"": 0, ""sparse_by_id_calls"": 0, ""sparse_by_name_calls"": 0}, ""mtime_after_measure"": 1785370852988741000, ""mtime_after_warmup"": 1785370852988741000, ""mtime_before_measure"": 1785370852988741000, ""mtime_before_warmup"": 1785370852988741000, ""process_cpu_ms"": 93.75, ""runtime_distribution_version"": ""1.108.199"", ""target_policy"": ""middle stride target"", ""unsafe_global_partial_control"": false, ""wal_after_measure"": false, ""wal_after_warmup"": false, ""worker_pid"": 49336}"
fastapi/fastapi,fastapi-c1d6b9c4,file_content,cold_generation_safe_hybrid_screen,get_file_content,target_files,generation_safe_hybrid,3,"{""file_path"": ""scripts/topic_repos.py"", ""max_content_results"": 20, ""repo"": ""local/fastapi-c1d6b9c4"", ""search_content"": true}",1,2,13405,1191,14544896,7.9155,5.8496,73.90057482155264,1,4603,138936320,138944512,8192,e6b150aaacc47f2339b7af496b0dd762b590901d8ab42c3c364b15c4758eafdb,95f8322ee1dcda7ceace7b1c4f6c9915b36d748f,2026-07-29T20:20:52.765681,1.108.207,c2201a55b6e1b0ea38043c514ab7bc3a372bad13,3369b1fcd5b12fcb1473031ec74bda8cc200d8860a09caa310c06e9f3ea8bf88,,1,wt-generation-safe-hybrid,87f0ef27d476ad303a854c40a984e645bf1074ff2207c8d112c741447dbbfcb2,"M src/jcodemunch_mcp/server.py
 M src/jcodemunch_mcp/storage/index_store.py
 M src/jcodemunch_mcp/storage/sqlite_store.py
 M src/jcodemunch_mcp/tools/check_references.py
 M src/jcodemunch_mcp/tools/find_references.py
 M src/jcodemunch_mcp/tools/get_blast_radius.py
 M src/jcodemunch_mcp/tools/get_churn_rate.py
 M src/jcodemunch_mcp/tools/get_file_outline.py
 M src/jcodemunch_mcp/tools/get_file_risk.py
 M src/jcodemunch_mcp/tools/get_file_tree.py
 M src/jcodemunch_mcp/tools/get_symbol_complexity.py
 M src/jcodemunch_mcp/tools/get_symbol_provenance.py
 M src/jcodemunch_mcp/tools/search_symbols.py
?? tests/test_generation_safe_hybrid.py","{""cache_entry_mtime_after_warmup"": null, ""cache_get_calls"": 0, ""cache_get_debug"": [], ""cache_get_hits"": 0, ""cache_key_present_after_warmup"": false, ""cache_policy"": ""cold"", ""cached_symbols_loaded_after_warmup"": true, ""hydration_trace"": {""lazy_ensure_calls"": 0, ""lazy_full_materializations"": 0, ""load_results"": [{""branch"": """", ""lazy_loaded_at_return"": false, ""repo"": ""local/fastapi-c1d6b9c4"", ""requested_hydration"": ""auto"", ""symbol_collection_type"": ""LazySymbolList""}], ""sparse_by_file_calls"": 0, ""sparse_by_files_calls"": 0, ""sparse_by_id_calls"": 0, ""sparse_by_name_calls"": 0}, ""mtime_after_measure"": 1785370852988741000, ""mtime_after_warmup"": 1785370852988741000, ""mtime_before_measure"": 1785370852988741000, ""mtime_before_warmup"": 1785370852988741000, ""process_cpu_ms"": 0.0, ""runtime_distribution_version"": ""1.108.199"", ""target_policy"": ""middle stride target"", ""unsafe_global_partial_control"": false, ""wal_after_measure"": false, ""wal_after_warmup"": false, ""worker_pid"": 44820}"
fastapi/fastapi,fastapi-c1d6b9c4,file_outline_single,cold_generation_safe_hybrid_screen,get_file_outline,target_file_symbols,generation_safe_hybrid,3,"{""file_path"": ""scripts/topic_repos.py"", ""repo"": ""local/fastapi-c1d6b9c4""}",1,1,13405,1191,14544896,8.284,5.4387,65.65306615161757,1,1651,138952704,138952704,0,81998dc763a2a3aa8f025f0f9ce9254e3edb729c72c9971b8214a6dae07d46d0,95f8322ee1dcda7ceace7b1c4f6c9915b36d748f,2026-07-29T20:20:52.765681,1.108.207,c2201a55b6e1b0ea38043c514ab7bc3a372bad13,3369b1fcd5b12fcb1473031ec74bda8cc200d8860a09caa310c06e9f3ea8bf88,,1,wt-generation-safe-hybrid,87f0ef27d476ad303a854c40a984e645bf1074ff2207c8d112c741447dbbfcb2,"M src/jcodemunch_mcp/server.py
 M src/jcodemunch_mcp/storage/index_store.py
 M src/jcodemunch_mcp/storage/sqlite_store.py
 M src/jcodemunch_mcp/tools/check_references.py
 M src/jcodemunch_mcp/tools/find_references.py
 M src/jcodemunch_mcp/tools/get_blast_radius.py
 M src/jcodemunch_mcp/tools/get_churn_rate.py
 M src/jcodemunch_mcp/tools/get_file_outline.py
 M src/jcodemunch_mcp/tools/get_file_risk.py
 M src/jcodemunch_mcp/tools/get_file_tree.py
 M src/jcodemunch_mcp/tools/get_symbol_complexity.py
 M src/jcodemunch_mcp/tools/get_symbol_provenance.py
 M src/jcodemunch_mcp/tools/search_symbols.py
?? tests/test_generation_safe_hybrid.py","{""cache_entry_mtime_after_warmup"": null, ""cache_get_calls"": 0, ""cache_get_debug"": [], ""cache_get_hits"": 0, ""cache_key_present_after_warmup"": false, ""cache_policy"": ""cold"", ""cached_symbols_loaded_after_warmup"": true, ""hydration_trace"": {""lazy_ensure_calls"": 0, ""lazy_full_materializations"": 0, ""load_results"": [{""branch"": """", ""lazy_loaded_at_return"": false, ""repo"": ""local/fastapi-c1d6b9c4"", ""requested_hydration"": ""auto"", ""symbol_collection_type"": ""LazySymbolList""}], ""sparse_by_file_calls"": 1, ""sparse_by_files_calls"": 0, ""sparse_by_id_calls"": 0, ""sparse_by_name_calls"": 0}, ""mtime_after_measure"": 1785370852988741000, ""mtime_after_warmup"": 1785370852988741000, ""mtime_before_measure"": 1785370852988741000, ""mtime_before_warmup"": 1785370852988741000, ""process_cpu_ms"": 0.0, ""runtime_distribution_version"": ""1.108.199"", ""target_policy"": ""middle stride target"", ""unsafe_global_partial_control"": false, ""wal_after_measure"": false, ""wal_after_warmup"": false, ""worker_pid"": 44820}"
fastapi/fastapi,fastapi-c1d6b9c4,file_outline_single,cold_generation_safe_hybrid_screen,get_file_outline,target_file_symbols,baseline_full,3,"{""file_path"": ""scripts/topic_repos.py"", ""repo"": ""local/fastapi-c1d6b9c4""}",1,2,13405,1191,14544896,112.9944,109.7934,97.16711624646885,1,1653,329285632,330231808,946176,81998dc763a2a3aa8f025f0f9ce9254e3edb729c72c9971b8214a6dae07d46d0,95f8322ee1dcda7ceace7b1c4f6c9915b36d748f,2026-07-29T20:20:52.765681,1.108.207,c2201a55b6e1b0ea38043c514ab7bc3a372bad13,3369b1fcd5b12fcb1473031ec74bda8cc200d8860a09caa310c06e9f3ea8bf88,,1,wt-1.108.207,e3b0c44298fc1c149afbf4c8996fb92427ae41e4649b934ca495991b7852b855,,"{""cache_entry_mtime_after_warmup"": 1785370852988741000, ""cache_get_calls"": 1, ""cache_get_debug"": [{""branch"": """", ""entry_mtime"": null, ""entry_present"": false, ""hit"": false, ""mtime_equal"": false, ""name"": ""fastapi-c1d6b9c4"", ""owner"": ""local"", ""requested_mtime"": 1785370852988741000}], ""cache_get_hits"": 0, ""cache_key_present_after_warmup"": true, ""cache_policy"": ""cold"", ""cached_symbols_loaded_after_warmup"": true, ""hydration_trace"": {""lazy_ensure_calls"": 0, ""lazy_full_materializations"": 0, ""load_results"": [{""branch"": """", ""lazy_loaded_at_return"": null, ""repo"": ""local/fastapi-c1d6b9c4"", ""requested_hydration"": ""auto"", ""symbol_collection_type"": ""list""}], ""sparse_by_file_calls"": 0, ""sparse_by_files_calls"": 0, ""sparse_by_id_calls"": 0, ""sparse_by_name_calls"": 0}, ""mtime_after_measure"": 1785370852988741000, ""mtime_after_warmup"": 1785370852988741000, ""mtime_before_measure"": 1785370852988741000, ""mtime_before_warmup"": 1785370852988741000, ""process_cpu_ms"": 218.75, ""runtime_distribution_version"": ""1.108.199"", ""target_policy"": ""middle stride target"", ""unsafe_global_partial_control"": false, ""wal_after_measure"": false, ""wal_after_warmup"": false, ""worker_pid"": 49336}"
fastapi/fastapi,fastapi-c1d6b9c4,file_outline_batch,cold_generation_safe_hybrid_screen,get_file_outline,target_file_symbols,baseline_full,3,"{""file_paths"": [""scripts/topic_repos.py"", ""scripts/translate.py"", ""scripts/translation_fixer.py""], ""repo"": ""local/fastapi-c1d6b9c4""}",1,1,13405,1191,14544896,101.0091,95.0794,94.12953882372975,1,8886,330313728,330424320,110592,cb39cd7ca78d17359c6d08a708cde9247e511dcd304bdb02faa83924412b99f1,95f8322ee1dcda7ceace7b1c4f6c9915b36d748f,2026-07-29T20:20:52.765681,1.108.207,c2201a55b6e1b0ea38043c514ab7bc3a372bad13,3369b1fcd5b12fcb1473031ec74bda8cc200d8860a09caa310c06e9f3ea8bf88,,1,wt-1.108.207,e3b0c44298fc1c149afbf4c8996fb92427ae41e4649b934ca495991b7852b855,,"{""cache_entry_mtime_after_warmup"": 1785370852988741000, ""cache_get_calls"": 1, ""cache_get_debug"": [{""branch"": """", ""entry_mtime"": null, ""entry_present"": false, ""hit"": false, ""mtime_equal"": false, ""name"": ""fastapi-c1d6b9c4"", ""owner"": ""local"", ""requested_mtime"": 1785370852988741000}], ""cache_get_hits"": 0, ""cache_key_present_after_warmup"": true, ""cache_policy"": ""cold"", ""cached_symbols_loaded_after_warmup"": true, ""hydration_trace"": {""lazy_ensure_calls"": 0, ""lazy_full_materializations"": 0, ""load_results"": [{""branch"": """", ""lazy_loaded_at_return"": null, ""repo"": ""local/fastapi-c1d6b9c4"", ""requested_hydration"": ""auto"", ""symbol_collection_type"": ""list""}], ""sparse_by_file_calls"": 0, ""sparse_by_files_calls"": 0, ""sparse_by_id_calls"": 0, ""sparse_by_name_calls"": 0}, ""mtime_after_measure"": 1785370852988741000, ""mtime_after_warmup"": 1785370852988741000, ""mtime_before_measure"": 1785370852988741000, ""mtime_before_warmup"": 1785370852988741000, ""process_cpu_ms"": 109.375, ""runtime_distribution_version"": ""1.108.199"", ""target_policy"": ""middle stride target"", ""unsafe_global_partial_control"": false, ""wal_after_measure"": false, ""wal_after_warmup"": false, ""worker_pid"": 49336}"
fastapi/fastapi,fastapi-c1d6b9c4,file_outline_batch,cold_generation_safe_hybrid_screen,get_file_outline,target_file_symbols,generation_safe_hybrid,3,"{""file_paths"": [""scripts/topic_repos.py"", ""scripts/translate.py"", ""scripts/translation_fixer.py""], ""repo"": ""local/fastapi-c1d6b9c4""}",1,2,13405,1191,14544896,10.6376,5.6588,53.196209671354445,1,8885,139022336,139038720,16384,cb39cd7ca78d17359c6d08a708cde9247e511dcd304bdb02faa83924412b99f1,95f8322ee1dcda7ceace7b1c4f6c9915b36d748f,2026-07-29T20:20:52.765681,1.108.207,c2201a55b6e1b0ea38043c514ab7bc3a372bad13,3369b1fcd5b12fcb1473031ec74bda8cc200d8860a09caa310c06e9f3ea8bf88,,1,wt-generation-safe-hybrid,87f0ef27d476ad303a854c40a984e645bf1074ff2207c8d112c741447dbbfcb2,"M src/jcodemunch_mcp/server.py
 M src/jcodemunch_mcp/storage/index_store.py
 M src/jcodemunch_mcp/storage/sqlite_store.py
 M src/jcodemunch_mcp/tools/check_references.py
 M src/jcodemunch_mcp/tools/find_references.py
 M src/jcodemunch_mcp/tools/get_blast_radius.py
 M src/jcodemunch_mcp/tools/get_churn_rate.py
 M src/jcodemunch_mcp/tools/get_file_outline.py
 M src/jcodemunch_mcp/tools/get_file_risk.py
 M src/jcodemunch_mcp/tools/get_file_tree.py
 M src/jcodemunch_mcp/tools/get_symbol_complexity.py
 M src/jcodemunch_mcp/tools/get_symbol_provenance.py
 M src/jcodemunch_mcp/tools/search_symbols.py
?? tests/test_generation_safe_hybrid.py","{""cache_entry_mtime_after_warmup"": null, ""cache_get_calls"": 0, ""cache_get_debug"": [], ""cache_get_hits"": 0, ""cache_key_present_after_warmup"": false, ""cache_policy"": ""cold"", ""cached_symbols_loaded_after_warmup"": true, ""hydration_trace"": {""lazy_ensure_calls"": 0, ""lazy_full_materializations"": 0, ""load_results"": [{""branch"": """", ""lazy_loaded_at_return"": false, ""repo"": ""local/fastapi-c1d6b9c4"", ""requested_hydration"": ""auto"", ""symbol_collection_type"": ""LazySymbolList""}], ""sparse_by_file_calls"": 3, ""sparse_by_files_calls"": 0, ""sparse_by_id_calls"": 0, ""sparse_by_name_calls"": 0}, ""mtime_after_measure"": 1785370852988741000, ""mtime_after_warmup"": 1785370852988741000, ""mtime_before_measure"": 1785370852988741000, ""mtime_before_warmup"": 1785370852988741000, ""process_cpu_ms"": 0.0, ""runtime_distribution_version"": ""1.108.199"", ""target_policy"": ""middle stride target"", ""unsafe_global_partial_control"": false, ""wal_after_measure"": false, ""wal_after_warmup"": false, ""worker_pid"": 44820}"
fastapi/fastapi,fastapi-c1d6b9c4,symbol_complexity,cold_generation_safe_hybrid_screen,get_symbol_complexity,target_symbols,generation_safe_hybrid,3,"{""repo"": ""local/fastapi-c1d6b9c4"", ""symbol_id"": ""docs_src/body_multiple_params/tutorial002_py310.py::User.username#field""}",1,1,13405,1191,14544896,6.9646,5.5359,79.48625908164144,1,601,139042816,139075584,32768,4ebba128cdc821202d81332e1c05573707fac62a7753cb926c21d66821315edf,95f8322ee1dcda7ceace7b1c4f6c9915b36d748f,2026-07-29T20:20:52.765681,1.108.207,c2201a55b6e1b0ea38043c514ab7bc3a372bad13,3369b1fcd5b12fcb1473031ec74bda8cc200d8860a09caa310c06e9f3ea8bf88,,1,wt-generation-safe-hybrid,87f0ef27d476ad303a854c40a984e645bf1074ff2207c8d112c741447dbbfcb2,"M src/jcodemunch_mcp/server.py
 M src/jcodemunch_mcp/storage/index_store.py
 M src/jcodemunch_mcp/storage/sqlite_store.py
 M src/jcodemunch_mcp/tools/check_references.py
 M src/jcodemunch_mcp/tools/find_references.py
 M src/jcodemunch_mcp/tools/get_blast_radius.py
 M src/jcodemunch_mcp/tools/get_churn_rate.py
 M src/jcodemunch_mcp/tools/get_file_outline.py
 M src/jcodemunch_mcp/tools/get_file_risk.py
 M src/jcodemunch_mcp/tools/get_file_tree.py
 M src/jcodemunch_mcp/tools/get_symbol_complexity.py
 M src/jcodemunch_mcp/tools/get_symbol_provenance.py
 M src/jcodemunch_mcp/tools/search_symbols.py
?? tests/test_generation_safe_hybrid.py","{""cache_entry_mtime_after_warmup"": null, ""cache_get_calls"": 0, ""cache_get_debug"": [], ""cache_get_hits"": 0, ""cache_key_present_after_warmup"": false, ""cache_policy"": ""cold"", ""cached_symbols_loaded_after_warmup"": true, ""hydration_trace"": {""lazy_ensure_calls"": 0, ""lazy_full_materializations"": 0, ""load_results"": [{""branch"": """", ""lazy_loaded_at_return"": false, ""repo"": ""local/fastapi-c1d6b9c4"", ""requested_hydration"": ""auto"", ""symbol_collection_type"": ""LazySymbolList""}], ""sparse_by_file_calls"": 0, ""sparse_by_files_calls"": 0, ""sparse_by_id_calls"": 1, ""sparse_by_name_calls"": 0}, ""mtime_after_measure"": 1785370852988741000, ""mtime_after_warmup"": 1785370852988741000, ""mtime_before_measure"": 1785370852988741000, ""mtime_before_warmup"": 1785370852988741000, ""process_cpu_ms"": 0.0, ""runtime_distribution_version"": ""1.108.199"", ""target_policy"": ""middle stride target"", ""unsafe_global_partial_control"": false, ""wal_after_measure"": false, ""wal_after_warmup"": false, ""worker_pid"": 44820}"
fastapi/fastapi,fastapi-c1d6b9c4,symbol_complexity,cold_generation_safe_hybrid_screen,get_symbol_complexity,target_symbols,baseline_full,3,"{""repo"": ""local/fastapi-c1d6b9c4"", ""symbol_id"": ""docs_src/body_multiple_params/tutorial002_py310.py::User.username#field""}",1,2,13405,1191,14544896,100.8231,99.4168,98.60518075718758,1,602,330424320,330432512,8192,4ebba128cdc821202d81332e1c05573707fac62a7753cb926c21d66821315edf,95f8322ee1dcda7ceace7b1c4f6c9915b36d748f,2026-07-29T20:20:52.765681,1.108.207,c2201a55b6e1b0ea38043c514ab7bc3a372bad13,3369b1fcd5b12fcb1473031ec74bda8cc200d8860a09caa310c06e9f3ea8bf88,,1,wt-1.108.207,e3b0c44298fc1c149afbf4c8996fb92427ae41e4649b934ca495991b7852b855,,"{""cache_entry_mtime_after_warmup"": 1785370852988741000, ""cache_get_calls"": 1, ""cache_get_debug"": [{""branch"": """", ""entry_mtime"": null, ""entry_present"": false, ""hit"": false, ""mtime_equal"": false, ""name"": ""fastapi-c1d6b9c4"", ""owner"": ""local"", ""requested_mtime"": 1785370852988741000}], ""cache_get_hits"": 0, ""cache_key_present_after_warmup"": true, ""cache_policy"": ""cold"", ""cached_symbols_loaded_after_warmup"": true, ""hydration_trace"": {""lazy_ensure_calls"": 0, ""lazy_full_materializations"": 0, ""load_results"": [{""branch"": """", ""lazy_loaded_at_return"": null, ""repo"": ""local/fastapi-c1d6b9c4"", ""requested_hydration"": ""auto"", ""symbol_collection_type"": ""list""}], ""sparse_by_file_calls"": 0, ""sparse_by_files_calls"": 0, ""sparse_by_id_calls"": 0, ""sparse_by_name_calls"": 0}, ""mtime_after_measure"": 1785370852988741000, ""mtime_after_warmup"": 1785370852988741000, ""mtime_before_measure"": 1785370852988741000, ""mtime_before_warmup"": 1785370852988741000, ""process_cpu_ms"": 140.625, ""runtime_distribution_version"": ""1.108.199"", ""target_policy"": ""middle stride target"", ""unsafe_global_partial_control"": false, ""wal_after_measure"": false, ""wal_after_warmup"": false, ""worker_pid"": 49336}"
fastapi/fastapi,fastapi-c1d6b9c4,churn_symbol,cold_generation_safe_hybrid_screen,get_churn_rate,target_symbols,baseline_full,3,"{""days"": 30, ""repo"": ""local/fastapi-c1d6b9c4"", ""target"": ""docs_src/body_multiple_params/tutorial002_py310.py::User.username#field""}",1,1,13405,1191,14544896,160.3943,100.291,62.5277830945364,1,590,325292032,329580544,4288512,a6bfc85622604614bb6b86a03e0b089d6133ca58050711a47f235974b5d0b94a,95f8322ee1dcda7ceace7b1c4f6c9915b36d748f,2026-07-29T20:20:52.765681,1.108.207,c2201a55b6e1b0ea38043c514ab7bc3a372bad13,3369b1fcd5b12fcb1473031ec74bda8cc200d8860a09caa310c06e9f3ea8bf88,,1,wt-1.108.207,e3b0c44298fc1c149afbf4c8996fb92427ae41e4649b934ca495991b7852b855,,"{""cache_entry_mtime_after_warmup"": 1785370852988741000, ""cache_get_calls"": 1, ""cache_get_debug"": [{""branch"": """", ""entry_mtime"": null, ""entry_present"": false, ""hit"": false, ""mtime_equal"": false, ""name"": ""fastapi-c1d6b9c4"", ""owner"": ""local"", ""requested_mtime"": 1785370852988741000}], ""cache_get_hits"": 0, ""cache_key_present_after_warmup"": true, ""cache_policy"": ""cold"", ""cached_symbols_loaded_after_warmup"": true, ""hydration_trace"": {""lazy_ensure_calls"": 0, ""lazy_full_materializations"": 0, ""load_results"": [{""branch"": """", ""lazy_loaded_at_return"": null, ""repo"": ""local/fastapi-c1d6b9c4"", ""requested_hydration"": ""auto"", ""symbol_collection_type"": ""list""}], ""sparse_by_file_calls"": 0, ""sparse_by_files_calls"": 0, ""sparse_by_id_calls"": 0, ""sparse_by_name_calls"": 0}, ""mtime_after_measure"": 1785370852988741000, ""mtime_after_warmup"": 1785370852988741000, ""mtime_before_measure"": 1785370852988741000, ""mtime_before_warmup"": 1785370852988741000, ""process_cpu_ms"": 234.375, ""runtime_distribution_version"": ""1.108.199"", ""target_policy"": ""middle stride target"", ""unsafe_global_partial_control"": false, ""wal_after_measure"": false, ""wal_after_warmup"": false, ""worker_pid"": 49336}"
fastapi/fastapi,fastapi-c1d6b9c4,churn_symbol,cold_generation_safe_hybrid_screen,get_churn_rate,target_symbols,generation_safe_hybrid,3,"{""days"": 30, ""repo"": ""local/fastapi-c1d6b9c4"", ""target"": ""docs_src/body_multiple_params/tutorial002_py310.py::User.username#field""}",1,2,13405,1191,14544896,62.1053,7.037,11.330755990229498,1,589,139583488,139649024,65536,a6bfc85622604614bb6b86a03e0b089d6133ca58050711a47f235974b5d0b94a,95f8322ee1dcda7ceace7b1c4f6c9915b36d748f,2026-07-29T20:20:52.765681,1.108.207,c2201a55b6e1b0ea38043c514ab7bc3a372bad13,3369b1fcd5b12fcb1473031ec74bda8cc200d8860a09caa310c06e9f3ea8bf88,,1,wt-generation-safe-hybrid,87f0ef27d476ad303a854c40a984e645bf1074ff2207c8d112c741447dbbfcb2,"M src/jcodemunch_mcp/server.py
 M src/jcodemunch_mcp/storage/index_store.py
 M src/jcodemunch_mcp/storage/sqlite_store.py
 M src/jcodemunch_mcp/tools/check_references.py
 M src/jcodemunch_mcp/tools/find_references.py
 M src/jcodemunch_mcp/tools/get_blast_radius.py
 M src/jcodemunch_mcp/tools/get_churn_rate.py
 M src/jcodemunch_mcp/tools/get_file_outline.py
 M src/jcodemunch_mcp/tools/get_file_risk.py
 M src/jcodemunch_mcp/tools/get_file_tree.py
 M src/jcodemunch_mcp/tools/get_symbol_complexity.py
 M src/jcodemunch_mcp/tools/get_symbol_provenance.py
 M src/jcodemunch_mcp/tools/search_symbols.py
?? tests/test_generation_safe_hybrid.py","{""cache_entry_mtime_after_warmup"": null, ""cache_get_calls"": 0, ""cache_get_debug"": [], ""cache_get_hits"": 0, ""cache_key_present_after_warmup"": false, ""cache_policy"": ""cold"", ""cached_symbols_loaded_after_warmup"": true, ""hydration_trace"": {""lazy_ensure_calls"": 0, ""lazy_full_materializations"": 0, ""load_results"": [{""branch"": """", ""lazy_loaded_at_return"": false, ""repo"": ""local/fastapi-c1d6b9c4"", ""requested_hydration"": ""auto"", ""symbol_collection_type"": ""LazySymbolList""}], ""sparse_by_file_calls"": 0, ""sparse_by_files_calls"": 0, ""sparse_by_id_calls"": 1, ""sparse_by_name_calls"": 0}, ""mtime_after_measure"": 1785370852988741000, ""mtime_after_warmup"": 1785370852988741000, ""mtime_before_measure"": 1785370852988741000, ""mtime_before_warmup"": 1785370852988741000, ""process_cpu_ms"": 15.625, ""runtime_distribution_version"": ""1.108.199"", ""target_policy"": ""middle stride target"", ""unsafe_global_partial_control"": false, ""wal_after_measure"": false, ""wal_after_warmup"": false, ""worker_pid"": 44820}"
fastapi/fastapi,fastapi-c1d6b9c4,churn_file,cold_generation_safe_hybrid_screen,get_churn_rate,metadata,generation_safe_hybrid,3,"{""days"": 30, ""repo"": ""local/fastapi-c1d6b9c4"", ""target"": ""scripts/topic_repos.py""}",1,1,13405,1191,14544896,108.7479,6.7504,6.207384234546138,1,482,139649024,139649024,0,7dcb2e1bd547846d1c670511b17e9ac6bd45f286f7a6b78e9edb3736fdaf496a,95f8322ee1dcda7ceace7b1c4f6c9915b36d748f,2026-07-29T20:20:52.765681,1.108.207,c2201a55b6e1b0ea38043c514ab7bc3a372bad13,3369b1fcd5b12fcb1473031ec74bda8cc200d8860a09caa310c06e9f3ea8bf88,,1,wt-generation-safe-hybrid,87f0ef27d476ad303a854c40a984e645bf1074ff2207c8d112c741447dbbfcb2,"M src/jcodemunch_mcp/server.py
 M src/jcodemunch_mcp/storage/index_store.py
 M src/jcodemunch_mcp/storage/sqlite_store.py
 M src/jcodemunch_mcp/tools/check_references.py
 M src/jcodemunch_mcp/tools/find_references.py
 M src/jcodemunch_mcp/tools/get_blast_radius.py
 M src/jcodemunch_mcp/tools/get_churn_rate.py
 M src/jcodemunch_mcp/tools/get_file_outline.py
 M src/jcodemunch_mcp/tools/get_file_risk.py
 M src/jcodemunch_mcp/tools/get_file_tree.py
 M src/jcodemunch_mcp/tools/get_symbol_complexity.py
 M src/jcodemunch_mcp/tools/get_symbol_provenance.py
 M src/jcodemunch_mcp/tools/search_symbols.py
?? tests/test_generation_safe_hybrid.py","{""cache_entry_mtime_after_warmup"": null, ""cache_get_calls"": 0, ""cache_get_debug"": [], ""cache_get_hits"": 0, ""cache_key_present_after_warmup"": false, ""cache_policy"": ""cold"", ""cached_symbols_loaded_after_warmup"": true, ""hydration_trace"": {""lazy_ensure_calls"": 0, ""lazy_full_materializations"": 0, ""load_results"": [{""branch"": """", ""lazy_loaded_at_return"": false, ""repo"": ""local/fastapi-c1d6b9c4"", ""requested_hydration"": ""auto"", ""symbol_collection_type"": ""LazySymbolList""}], ""sparse_by_file_calls"": 0, ""sparse_by_files_calls"": 0, ""sparse_by_id_calls"": 1, ""sparse_by_name_calls"": 0}, ""mtime_after_measure"": 1785370852988741000, ""mtime_after_warmup"": 1785370852988741000, ""mtime_before_measure"": 1785370852988741000, ""mtime_before_warmup"": 1785370852988741000, ""process_cpu_ms"": 78.125, ""runtime_distribution_version"": ""1.108.199"", ""target_policy"": ""middle stride target"", ""unsafe_global_partial_control"": false, ""wal_after_measure"": false, ""wal_after_warmup"": false, ""worker_pid"": 44820}"
fastapi/fastapi,fastapi-c1d6b9c4,churn_file,cold_generation_safe_hybrid_screen,get_churn_rate,metadata,baseline_full,3,"{""days"": 30, ""repo"": ""local/fastapi-c1d6b9c4"", ""target"": ""scripts/topic_repos.py""}",1,2,13405,1191,14544896,163.9637,103.5082,63.128729102844105,1,482,330616832,331022336,405504,7dcb2e1bd547846d1c670511b17e9ac6bd45f286f7a6b78e9edb3736fdaf496a,95f8322ee1dcda7ceace7b1c4f6c9915b36d748f,2026-07-29T20:20:52.765681,1.108.207,c2201a55b6e1b0ea38043c514ab7bc3a372bad13,3369b1fcd5b12fcb1473031ec74bda8cc200d8860a09caa310c06e9f3ea8bf88,,1,wt-1.108.207,e3b0c44298fc1c149afbf4c8996fb92427ae41e4649b934ca495991b7852b855,,"{""cache_entry_mtime_after_warmup"": 1785370852988741000, ""cache_get_calls"": 1, ""cache_get_debug"": [{""branch"": """", ""entry_mtime"": null, ""entry_present"": false, ""hit"": false, ""mtime_equal"": false, ""name"": ""fastapi-c1d6b9c4"", ""owner"": ""local"", ""requested_mtime"": 1785370852988741000}], ""cache_get_hits"": 0, ""cache_key_present_after_warmup"": true, ""cache_policy"": ""cold"", ""cached_symbols_loaded_after_warmup"": true, ""hydration_trace"": {""lazy_ensure_calls"": 0, ""lazy_full_materializations"": 0, ""load_results"": [{""branch"": """", ""lazy_loaded_at_return"": null, ""repo"": ""local/fastapi-c1d6b9c4"", ""requested_hydration"": ""auto"", ""symbol_collection_type"": ""list""}], ""sparse_by_file_calls"": 0, ""sparse_by_files_calls"": 0, ""sparse_by_id_calls"": 0, ""sparse_by_name_calls"": 0}, ""mtime_after_measure"": 1785370852988741000, ""mtime_after_warmup"": 1785370852988741000, ""mtime_before_measure"": 1785370852988741000, ""mtime_before_warmup"": 1785370852988741000, ""process_cpu_ms"": 109.375, ""runtime_distribution_version"": ""1.108.199"", ""target_policy"": ""middle stride target"", ""unsafe_global_partial_control"": false, ""wal_after_measure"": false, ""wal_after_warmup"": false, ""worker_pid"": 49336}"
fastapi/fastapi,fastapi-c1d6b9c4,symbol_provenance,cold_generation_safe_hybrid_screen,get_symbol_provenance,target_symbols,baseline_full,3,"{""max_commits"": 3, ""repo"": ""local/fastapi-c1d6b9c4"", ""symbol"": ""docs_src/body_multiple_params/tutorial002_py310.py::User.username#field""}",1,1,13405,1191,14544896,157.6651,100.2864,63.60722823250041,1,1717,329404416,330207232,802816,bdd7cf8be527946e9533b01a05a3c5c19f479de1899e2531cd13594a5e203961,95f8322ee1dcda7ceace7b1c4f6c9915b36d748f,2026-07-29T20:20:52.765681,1.108.207,c2201a55b6e1b0ea38043c514ab7bc3a372bad13,3369b1fcd5b12fcb1473031ec74bda8cc200d8860a09caa310c06e9f3ea8bf88,,1,wt-1.108.207,e3b0c44298fc1c149afbf4c8996fb92427ae41e4649b934ca495991b7852b855,,"{""cache_entry_mtime_after_warmup"": 1785370852988741000, ""cache_get_calls"": 1, ""cache_get_debug"": [{""branch"": """", ""entry_mtime"": null, ""entry_present"": false, ""hit"": false, ""mtime_equal"": false, ""name"": ""fastapi-c1d6b9c4"", ""owner"": ""local"", ""requested_mtime"": 1785370852988741000}], ""cache_get_hits"": 0, ""cache_key_present_after_warmup"": true, ""cache_policy"": ""cold"", ""cached_symbols_loaded_after_warmup"": true, ""hydration_trace"": {""lazy_ensure_calls"": 0, ""lazy_full_materializations"": 0, ""load_results"": [{""branch"": """", ""lazy_loaded_at_return"": null, ""repo"": ""local/fastapi-c1d6b9c4"", ""requested_hydration"": ""auto"", ""symbol_collection_type"": ""list""}], ""sparse_by_file_calls"": 0, ""sparse_by_files_calls"": 0, ""sparse_by_id_calls"": 0, ""sparse_by_name_calls"": 0}, ""mtime_after_measure"": 1785370852988741000, ""mtime_after_warmup"": 1785370852988741000, ""mtime_before_measure"": 1785370852988741000, ""mtime_before_warmup"": 1785370852988741000, ""process_cpu_ms"": 93.75, ""runtime_distribution_version"": ""1.108.199"", ""target_policy"": ""middle stride target"", ""unsafe_global_partial_control"": false, ""wal_after_measure"": false, ""wal_after_warmup"": false, ""worker_pid"": 49336}"
fastapi/fastapi,fastapi-c1d6b9c4,symbol_provenance,cold_generation_safe_hybrid_screen,get_symbol_provenance,target_symbols,generation_safe_hybrid,3,"{""max_commits"": 3, ""repo"": ""local/fastapi-c1d6b9c4"", ""symbol"": ""docs_src/body_multiple_params/tutorial002_py310.py::User.username#field""}",1,2,13405,1191,14544896,106.7067,6.2829,5.8880089066572205,1,1717,138264576,138571776,307200,bdd7cf8be527946e9533b01a05a3c5c19f479de1899e2531cd13594a5e203961,95f8322ee1dcda7ceace7b1c4f6c9915b36d748f,2026-07-29T20:20:52.765681,1.108.207,c2201a55b6e1b0ea38043c514ab7bc3a372bad13,3369b1fcd5b12fcb1473031ec74bda8cc200d8860a09caa310c06e9f3ea8bf88,,1,wt-generation-safe-hybrid,87f0ef27d476ad303a854c40a984e645bf1074ff2207c8d112c741447dbbfcb2,"M src/jcodemunch_mcp/server.py
 M src/jcodemunch_mcp/storage/index_store.py
 M src/jcodemunch_mcp/storage/sqlite_store.py
 M src/jcodemunch_mcp/tools/check_references.py
 M src/jcodemunch_mcp/tools/find_references.py
 M src/jcodemunch_mcp/tools/get_blast_radius.py
 M src/jcodemunch_mcp/tools/get_churn_rate.py
 M src/jcodemunch_mcp/tools/get_file_outline.py
 M src/jcodemunch_mcp/tools/get_file_risk.py
 M src/jcodemunch_mcp/tools/get_file_tree.py
 M src/jcodemunch_mcp/tools/get_symbol_complexity.py
 M src/jcodemunch_mcp/tools/get_symbol_provenance.py
 M src/jcodemunch_mcp/tools/search_symbols.py
?? tests/test_generation_safe_hybrid.py","{""cache_entry_mtime_after_warmup"": null, ""cache_get_calls"": 0, ""cache_get_debug"": [], ""cache_get_hits"": 0, ""cache_key_present_after_warmup"": false, ""cache_policy"": ""cold"", ""cached_symbols_loaded_after_warmup"": true, ""hydration_trace"": {""lazy_ensure_calls"": 0, ""lazy_full_materializations"": 0, ""load_results"": [{""branch"": """", ""lazy_loaded_at_return"": false, ""repo"": ""local/fastapi-c1d6b9c4"", ""requested_hydration"": ""auto"", ""symbol_collection_type"": ""LazySymbolList""}], ""sparse_by_file_calls"": 0, ""sparse_by_files_calls"": 0, ""sparse_by_id_calls"": 1, ""sparse_by_name_calls"": 0}, ""mtime_after_measure"": 1785370852988741000, ""mtime_after_warmup"": 1785370852988741000, ""mtime_before_measure"": 1785370852988741000, ""mtime_before_warmup"": 1785370852988741000, ""process_cpu_ms"": 62.5, ""runtime_distribution_version"": ""1.108.199"", ""target_policy"": ""middle stride target"", ""unsafe_global_partial_control"": false, ""wal_after_measure"": false, ""wal_after_warmup"": false, ""worker_pid"": 44820}"
fastapi/fastapi,fastapi-c1d6b9c4,references_single,cold_generation_safe_hybrid_screen,find_references,all_files,generation_safe_hybrid,3,"{""identifier"": ""username"", ""repo"": ""local/fastapi-c1d6b9c4""}",1,1,13405,1191,14544896,11.8832,7.5424,63.47111889053453,1,369,138625024,138825728,200704,eb503f009166d546afe5671bb0b18665894f6e8f47fa78a937396526794b0681,95f8322ee1dcda7ceace7b1c4f6c9915b36d748f,2026-07-29T20:20:52.765681,1.108.207,c2201a55b6e1b0ea38043c514ab7bc3a372bad13,3369b1fcd5b12fcb1473031ec74bda8cc200d8860a09caa310c06e9f3ea8bf88,,1,wt-generation-safe-hybrid,87f0ef27d476ad303a854c40a984e645bf1074ff2207c8d112c741447dbbfcb2,"M src/jcodemunch_mcp/server.py
 M src/jcodemunch_mcp/storage/index_store.py
 M src/jcodemunch_mcp/storage/sqlite_store.py
 M src/jcodemunch_mcp/tools/check_references.py
 M src/jcodemunch_mcp/tools/find_references.py
 M src/jcodemunch_mcp/tools/get_blast_radius.py
 M src/jcodemunch_mcp/tools/get_churn_rate.py
 M src/jcodemunch_mcp/tools/get_file_outline.py
 M src/jcodemunch_mcp/tools/get_file_risk.py
 M src/jcodemunch_mcp/tools/get_file_tree.py
 M src/jcodemunch_mcp/tools/get_symbol_complexity.py
 M src/jcodemunch_mcp/tools/get_symbol_provenance.py
 M src/jcodemunch_mcp/tools/search_symbols.py
?? tests/test_generation_safe_hybrid.py","{""cache_entry_mtime_after_warmup"": null, ""cache_get_calls"": 0, ""cache_get_debug"": [], ""cache_get_hits"": 0, ""cache_key_present_after_warmup"": false, ""cache_policy"": ""cold"", ""cached_symbols_loaded_after_warmup"": true, ""hydration_trace"": {""lazy_ensure_calls"": 0, ""lazy_full_materializations"": 0, ""load_results"": [{""branch"": """", ""lazy_loaded_at_return"": false, ""repo"": ""local/fastapi-c1d6b9c4"", ""requested_hydration"": ""auto"", ""symbol_collection_type"": ""LazySymbolList""}], ""sparse_by_file_calls"": 0, ""sparse_by_files_calls"": 0, ""sparse_by_id_calls"": 0, ""sparse_by_name_calls"": 0}, ""mtime_after_measure"": 1785370852988741000, ""mtime_after_warmup"": 1785370852988741000, ""mtime_before_measure"": 1785370852988741000, ""mtime_before_warmup"": 1785370852988741000, ""process_cpu_ms"": 0.0, ""runtime_distribution_version"": ""1.108.199"", ""target_policy"": ""middle stride target"", ""unsafe_global_partial_control"": false, ""wal_after_measure"": false, ""wal_after_warmup"": false, ""worker_pid"": 44820}"
fastapi/fastapi,fastapi-c1d6b9c4,references_single,cold_generation_safe_hybrid_screen,find_references,all_files,baseline_full,3,"{""identifier"": ""username"", ""repo"": ""local/fastapi-c1d6b9c4""}",1,2,13405,1191,14544896,99.3403,93.7914,94.41425081261079,1,370,330379264,330481664,102400,eb503f009166d546afe5671bb0b18665894f6e8f47fa78a937396526794b0681,95f8322ee1dcda7ceace7b1c4f6c9915b36d748f,2026-07-29T20:20:52.765681,1.108.207,c2201a55b6e1b0ea38043c514ab7bc3a372bad13,3369b1fcd5b12fcb1473031ec74bda8cc200d8860a09caa310c06e9f3ea8bf88,,1,wt-1.108.207,e3b0c44298fc1c149afbf4c8996fb92427ae41e4649b934ca495991b7852b855,,"{""cache_entry_mtime_after_warmup"": 1785370852988741000, ""cache_get_calls"": 1, ""cache_get_debug"": [{""branch"": """", ""entry_mtime"": null, ""entry_present"": false, ""hit"": false, ""mtime_equal"": false, ""name"": ""fastapi-c1d6b9c4"", ""owner"": ""local"", ""requested_mtime"": 1785569490711326600}], ""cache_get_hits"": 0, ""cache_key_present_after_warmup"": true, ""cache_policy"": ""cold"", ""cached_symbols_loaded_after_warmup"": true, ""hydration_trace"": {""lazy_ensure_calls"": 0, ""lazy_full_materializations"": 0, ""load_results"": [{""branch"": """", ""lazy_loaded_at_return"": null, ""repo"": ""local/fastapi-c1d6b9c4"", ""requested_hydration"": ""auto"", ""symbol_collection_type"": ""list""}], ""sparse_by_file_calls"": 0, ""sparse_by_files_calls"": 0, ""sparse_by_id_calls"": 0, ""sparse_by_name_calls"": 0}, ""mtime_after_measure"": 1785569490818498100, ""mtime_after_warmup"": 1785569490711326600, ""mtime_before_measure"": 1785569490711326600, ""mtime_before_warmup"": 1785370852988741000, ""process_cpu_ms"": 93.75, ""runtime_distribution_version"": ""1.108.199"", ""target_policy"": ""middle stride target"", ""unsafe_global_partial_control"": false, ""wal_after_measure"": true, ""wal_after_warmup"": true, ""worker_pid"": 49336}"
fastapi/fastapi,fastapi-c1d6b9c4,references_batch,cold_generation_safe_hybrid_screen,find_references,all_files,baseline_full,3,"{""identifiers"": [""username"", ""full_name"", ""update_item""], ""repo"": ""local/fastapi-c1d6b9c4""}",1,1,13405,1191,14544896,99.4598,94.8615,95.37672506882177,1,346,330481664,330481664,0,be03c1717f2099c6674c4bcffbf1d2d178f349b83120e91e2dd8509ece9a20b6,95f8322ee1dcda7ceace7b1c4f6c9915b36d748f,2026-07-29T20:20:52.765681,1.108.207,c2201a55b6e1b0ea38043c514ab7bc3a372bad13,3369b1fcd5b12fcb1473031ec74bda8cc200d8860a09caa310c06e9f3ea8bf88,,1,wt-1.108.207,e3b0c44298fc1c149afbf4c8996fb92427ae41e4649b934ca495991b7852b855,,"{""cache_entry_mtime_after_warmup"": 1785370852988741000, ""cache_get_calls"": 1, ""cache_get_debug"": [{""branch"": """", ""entry_mtime"": null, ""entry_present"": false, ""hit"": false, ""mtime_equal"": false, ""name"": ""fastapi-c1d6b9c4"", ""owner"": ""local"", ""requested_mtime"": 1785569490954787900}], ""cache_get_hits"": 0, ""cache_key_present_after_warmup"": true, ""cache_policy"": ""cold"", ""cached_symbols_loaded_after_warmup"": true, ""hydration_trace"": {""lazy_ensure_calls"": 0, ""lazy_full_materializations"": 0, ""load_results"": [{""branch"": """", ""lazy_loaded_at_return"": null, ""repo"": ""local/fastapi-c1d6b9c4"", ""requested_hydration"": ""auto"", ""symbol_collection_type"": ""list""}], ""sparse_by_file_calls"": 0, ""sparse_by_files_calls"": 0, ""sparse_by_id_calls"": 0, ""sparse_by_name_calls"": 0}, ""mtime_after_measure"": 1785569491061788000, ""mtime_after_warmup"": 1785569490954787900, ""mtime_before_measure"": 1785569490954787900, ""mtime_before_warmup"": 1785569490818498100, ""process_cpu_ms"": 109.375, ""runtime_distribution_version"": ""1.108.199"", ""target_policy"": ""middle stride target"", ""unsafe_global_partial_control"": false, ""wal_after_measure"": true, ""wal_after_warmup"": true, ""worker_pid"": 49336}"
fastapi/fastapi,fastapi-c1d6b9c4,references_batch,cold_generation_safe_hybrid_screen,find_references,all_files,generation_safe_hybrid,3,"{""identifiers"": [""username"", ""full_name"", ""update_item""], ""repo"": ""local/fastapi-c1d6b9c4""}",1,2,13405,1191,14544896,12.4997,8.4414,67.5328207876989,1,346,137678848,137801728,122880,be03c1717f2099c6674c4bcffbf1d2d178f349b83120e91e2dd8509ece9a20b6,95f8322ee1dcda7ceace7b1c4f6c9915b36d748f,2026-07-29T20:20:52.765681,1.108.207,c2201a55b6e1b0ea38043c514ab7bc3a372bad13,3369b1fcd5b12fcb1473031ec74bda8cc200d8860a09caa310c06e9f3ea8bf88,,1,wt-generation-safe-hybrid,87f0ef27d476ad303a854c40a984e645bf1074ff2207c8d112c741447dbbfcb2,"M src/jcodemunch_mcp/server.py
 M src/jcodemunch_mcp/storage/index_store.py
 M src/jcodemunch_mcp/storage/sqlite_store.py
 M src/jcodemunch_mcp/tools/check_references.py
 M src/jcodemunch_mcp/tools/find_references.py
 M src/jcodemunch_mcp/tools/get_blast_radius.py
 M src/jcodemunch_mcp/tools/get_churn_rate.py
 M src/jcodemunch_mcp/tools/get_file_outline.py
 M src/jcodemunch_mcp/tools/get_file_risk.py
 M src/jcodemunch_mcp/tools/get_file_tree.py
 M src/jcodemunch_mcp/tools/get_symbol_complexity.py
 M src/jcodemunch_mcp/tools/get_symbol_provenance.py
 M src/jcodemunch_mcp/tools/search_symbols.py
?? tests/test_generation_safe_hybrid.py","{""cache_entry_mtime_after_warmup"": null, ""cache_get_calls"": 0, ""cache_get_debug"": [], ""cache_get_hits"": 0, ""cache_key_present_after_warmup"": false, ""cache_policy"": ""cold"", ""cached_symbols_loaded_after_warmup"": true, ""hydration_trace"": {""lazy_ensure_calls"": 0, ""lazy_full_materializations"": 0, ""load_results"": [{""branch"": """", ""lazy_loaded_at_return"": false, ""repo"": ""local/fastapi-c1d6b9c4"", ""requested_hydration"": ""auto"", ""symbol_collection_type"": ""LazySymbolList""}], ""sparse_by_file_calls"": 0, ""sparse_by_files_calls"": 0, ""sparse_by_id_calls"": 0, ""sparse_by_name_calls"": 0}, ""mtime_after_measure"": 1785370852988741000, ""mtime_after_warmup"": 1785370852988741000, ""mtime_before_measure"": 1785370852988741000, ""mtime_before_warmup"": 1785569491061788000, ""process_cpu_ms"": 15.625, ""runtime_distribution_version"": ""1.108.199"", ""target_policy"": ""middle stride target"", ""unsafe_global_partial_control"": false, ""wal_after_measure"": false, ""wal_after_warmup"": false, ""worker_pid"": 44820}"
fastapi/fastapi,fastapi-c1d6b9c4,references_call_chain,cold_generation_safe_hybrid_screen,find_references,reference_call_chain,generation_safe_hybrid,3,"{""identifier"": ""username"", ""include_call_chain"": true, ""repo"": ""local/fastapi-c1d6b9c4""}",1,1,13405,1191,14544896,12.0429,7.898,65.5822102649694,1,369,137809920,137830400,20480,eb503f009166d546afe5671bb0b18665894f6e8f47fa78a937396526794b0681,95f8322ee1dcda7ceace7b1c4f6c9915b36d748f,2026-07-29T20:20:52.765681,1.108.207,c2201a55b6e1b0ea38043c514ab7bc3a372bad13,3369b1fcd5b12fcb1473031ec74bda8cc200d8860a09caa310c06e9f3ea8bf88,,1,wt-generation-safe-hybrid,87f0ef27d476ad303a854c40a984e645bf1074ff2207c8d112c741447dbbfcb2,"M src/jcodemunch_mcp/server.py
 M src/jcodemunch_mcp/storage/index_store.py
 M src/jcodemunch_mcp/storage/sqlite_store.py
 M src/jcodemunch_mcp/tools/check_references.py
 M src/jcodemunch_mcp/tools/find_references.py
 M src/jcodemunch_mcp/tools/get_blast_radius.py
 M src/jcodemunch_mcp/tools/get_churn_rate.py
 M src/jcodemunch_mcp/tools/get_file_outline.py
 M src/jcodemunch_mcp/tools/get_file_risk.py
 M src/jcodemunch_mcp/tools/get_file_tree.py
 M src/jcodemunch_mcp/tools/get_symbol_complexity.py
 M src/jcodemunch_mcp/tools/get_symbol_provenance.py
 M src/jcodemunch_mcp/tools/search_symbols.py
?? tests/test_generation_safe_hybrid.py","{""cache_entry_mtime_after_warmup"": null, ""cache_get_calls"": 0, ""cache_get_debug"": [], ""cache_get_hits"": 0, ""cache_key_present_after_warmup"": false, ""cache_policy"": ""cold"", ""cached_symbols_loaded_after_warmup"": true, ""hydration_trace"": {""lazy_ensure_calls"": 0, ""lazy_full_materializations"": 0, ""load_results"": [{""branch"": """", ""lazy_loaded_at_return"": false, ""repo"": ""local/fastapi-c1d6b9c4"", ""requested_hydration"": ""auto"", ""symbol_collection_type"": ""LazySymbolList""}], ""sparse_by_file_calls"": 0, ""sparse_by_files_calls"": 0, ""sparse_by_id_calls"": 0, ""sparse_by_name_calls"": 0}, ""mtime_after_measure"": 1785370852988741000, ""mtime_after_warmup"": 1785370852988741000, ""mtime_before_measure"": 1785370852988741000, ""mtime_before_warmup"": 1785370852988741000, ""process_cpu_ms"": 15.625, ""runtime_distribution_version"": ""1.108.199"", ""target_policy"": ""middle stride target"", ""unsafe_global_partial_control"": false, ""wal_after_measure"": false, ""wal_after_warmup"": false, ""worker_pid"": 44820}"
fastapi/fastapi,fastapi-c1d6b9c4,references_call_chain,cold_generation_safe_hybrid_screen,find_references,reference_call_chain,baseline_full,3,"{""identifier"": ""username"", ""include_call_chain"": true, ""repo"": ""local/fastapi-c1d6b9c4""}",1,2,13405,1191,14544896,105.1538,100.1353,95.22746681527438,1,371,330477568,330489856,12288,eb503f009166d546afe5671bb0b18665894f6e8f47fa78a937396526794b0681,95f8322ee1dcda7ceace7b1c4f6c9915b36d748f,2026-07-29T20:20:52.765681,1.108.207,c2201a55b6e1b0ea38043c514ab7bc3a372bad13,3369b1fcd5b12fcb1473031ec74bda8cc200d8860a09caa310c06e9f3ea8bf88,,1,wt-1.108.207,e3b0c44298fc1c149afbf4c8996fb92427ae41e4649b934ca495991b7852b855,,"{""cache_entry_mtime_after_warmup"": 1785370852988741000, ""cache_get_calls"": 1, ""cache_get_debug"": [{""branch"": """", ""entry_mtime"": null, ""entry_present"": false, ""hit"": false, ""mtime_equal"": false, ""name"": ""fastapi-c1d6b9c4"", ""owner"": ""local"", ""requested_mtime"": 1785569491275248800}], ""cache_get_hits"": 0, ""cache_key_present_after_warmup"": true, ""cache_policy"": ""cold"", ""cached_symbols_loaded_after_warmup"": true, ""hydration_trace"": {""lazy_ensure_calls"": 0, ""lazy_full_materializations"": 0, ""load_results"": [{""branch"": """", ""lazy_loaded_at_return"": null, ""repo"": ""local/fastapi-c1d6b9c4"", ""requested_hydration"": ""auto"", ""symbol_collection_type"": ""list""}], ""sparse_by_file_calls"": 0, ""sparse_by_files_calls"": 0, ""sparse_by_id_calls"": 0, ""sparse_by_name_calls"": 0}, ""mtime_after_measure"": 1785569491387842300, ""mtime_after_warmup"": 1785569491275248800, ""mtime_before_measure"": 1785569491275248800, ""mtime_before_warmup"": 1785370852988741000, ""process_cpu_ms"": 109.375, ""runtime_distribution_version"": ""1.108.199"", ""target_policy"": ""middle stride target"", ""unsafe_global_partial_control"": false, ""wal_after_measure"": true, ""wal_after_warmup"": true, ""worker_pid"": 49336}"
fastapi/fastapi,fastapi-c1d6b9c4,importers_single,cold_generation_safe_hybrid_screen,find_importers,all_files,baseline_full,3,"{""cross_repo"": false, ""file_path"": ""scripts/topic_repos.py"", ""repo"": ""local/fastapi-c1d6b9c4""}",1,1,13405,1191,14544896,220.7755,95.6018,43.30272154292483,1,395,330489856,330489856,0,90c8586e30221484ff2003a75b482846456cd133c9af010dbaccb081ef7d44fa,95f8322ee1dcda7ceace7b1c4f6c9915b36d748f,2026-07-29T20:20:52.765681,1.108.207,c2201a55b6e1b0ea38043c514ab7bc3a372bad13,3369b1fcd5b12fcb1473031ec74bda8cc200d8860a09caa310c06e9f3ea8bf88,,1,wt-1.108.207,e3b0c44298fc1c149afbf4c8996fb92427ae41e4649b934ca495991b7852b855,,"{""cache_entry_mtime_after_warmup"": 1785370852988741000, ""cache_get_calls"": 1, ""cache_get_debug"": [{""branch"": """", ""entry_mtime"": null, ""entry_present"": false, ""hit"": false, ""mtime_equal"": false, ""name"": ""fastapi-c1d6b9c4"", ""owner"": ""local"", ""requested_mtime"": 1785370852988741000}], ""cache_get_hits"": 0, ""cache_key_present_after_warmup"": true, ""cache_policy"": ""cold"", ""cached_symbols_loaded_after_warmup"": true, ""hydration_trace"": {""lazy_ensure_calls"": 0, ""lazy_full_materializations"": 0, ""load_results"": [{""branch"": """", ""lazy_loaded_at_return"": null, ""repo"": ""local/fastapi-c1d6b9c4"", ""requested_hydration"": ""auto"", ""symbol_collection_type"": ""list""}], ""sparse_by_file_calls"": 0, ""sparse_by_files_calls"": 0, ""sparse_by_id_calls"": 0, ""sparse_by_name_calls"": 0}, ""mtime_after_measure"": 1785370852988741000, ""mtime_after_warmup"": 1785370852988741000, ""mtime_before_measure"": 1785370852988741000, ""mtime_before_warmup"": 1785569491387842300, ""process_cpu_ms"": 218.75, ""runtime_distribution_version"": ""1.108.199"", ""target_policy"": ""middle stride target"", ""unsafe_global_partial_control"": false, ""wal_after_measure"": false, ""wal_after_warmup"": false, ""worker_pid"": 49336}"
fastapi/fastapi,fastapi-c1d6b9c4,importers_single,cold_generation_safe_hybrid_screen,find_importers,all_files,generation_safe_hybrid,3,"{""cross_repo"": false, ""file_path"": ""scripts/topic_repos.py"", ""repo"": ""local/fastapi-c1d6b9c4""}",1,2,13405,1191,14544896,130.1504,6.5918,5.064755851691582,1,395,137834496,138031104,196608,90c8586e30221484ff2003a75b482846456cd133c9af010dbaccb081ef7d44fa,95f8322ee1dcda7ceace7b1c4f6c9915b36d748f,2026-07-29T20:20:52.765681,1.108.207,c2201a55b6e1b0ea38043c514ab7bc3a372bad13,3369b1fcd5b12fcb1473031ec74bda8cc200d8860a09caa310c06e9f3ea8bf88,,1,wt-generation-safe-hybrid,87f0ef27d476ad303a854c40a984e645bf1074ff2207c8d112c741447dbbfcb2,"M src/jcodemunch_mcp/server.py
 M src/jcodemunch_mcp/storage/index_store.py
 M src/jcodemunch_mcp/storage/sqlite_store.py
 M src/jcodemunch_mcp/tools/check_references.py
 M src/jcodemunch_mcp/tools/find_references.py
 M src/jcodemunch_mcp/tools/get_blast_radius.py
 M src/jcodemunch_mcp/tools/get_churn_rate.py
 M src/jcodemunch_mcp/tools/get_file_outline.py
 M src/jcodemunch_mcp/tools/get_file_risk.py
 M src/jcodemunch_mcp/tools/get_file_tree.py
 M src/jcodemunch_mcp/tools/get_symbol_complexity.py
 M src/jcodemunch_mcp/tools/get_symbol_provenance.py
 M src/jcodemunch_mcp/tools/search_symbols.py
?? tests/test_generation_safe_hybrid.py","{""cache_entry_mtime_after_warmup"": null, ""cache_get_calls"": 0, ""cache_get_debug"": [], ""cache_get_hits"": 0, ""cache_key_present_after_warmup"": false, ""cache_policy"": ""cold"", ""cached_symbols_loaded_after_warmup"": true, ""hydration_trace"": {""lazy_ensure_calls"": 0, ""lazy_full_materializations"": 0, ""load_results"": [{""branch"": """", ""lazy_loaded_at_return"": false, ""repo"": ""local/fastapi-c1d6b9c4"", ""requested_hydration"": ""auto"", ""symbol_collection_type"": ""LazySymbolList""}], ""sparse_by_file_calls"": 0, ""sparse_by_files_calls"": 0, ""sparse_by_id_calls"": 0, ""sparse_by_name_calls"": 0}, ""mtime_after_measure"": 1785370852988741000, ""mtime_after_warmup"": 1785370852988741000, ""mtime_before_measure"": 1785370852988741000, ""mtime_before_warmup"": 1785370852988741000, ""process_cpu_ms"": 125.0, ""runtime_distribution_version"": ""1.108.199"", ""target_policy"": ""middle stride target"", ""unsafe_global_partial_control"": false, ""wal_after_measure"": false, ""wal_after_warmup"": false, ""worker_pid"": 44820}"
fastapi/fastapi,fastapi-c1d6b9c4,importers_batch,cold_generation_safe_hybrid_screen,find_importers,all_files,generation_safe_hybrid,3,"{""cross_repo"": false, ""file_paths"": [""scripts/topic_repos.py"", ""scripts/translate.py"", ""scripts/translation_fixer.py""], ""repo"": ""local/fastapi-c1d6b9c4""}",1,1,13405,1191,14544896,132.6788,6.5319,4.923092460890512,1,2281,138039296,138039296,0,703eebae111fbee905473d4a7fe83ca58e83579c623b3a365f7bc2b2024c54bb,95f8322ee1dcda7ceace7b1c4f6c9915b36d748f,2026-07-29T20:20:52.765681,1.108.207,c2201a55b6e1b0ea38043c514ab7bc3a372bad13,3369b1fcd5b12fcb1473031ec74bda8cc200d8860a09caa310c06e9f3ea8bf88,,1,wt-generation-safe-hybrid,87f0ef27d476ad303a854c40a984e645bf1074ff2207c8d112c741447dbbfcb2,"M src/jcodemunch_mcp/server.py
 M src/jcodemunch_mcp/storage/index_store.py
 M src/jcodemunch_mcp/storage/sqlite_store.py
 M src/jcodemunch_mcp/tools/check_references.py
 M src/jcodemunch_mcp/tools/find_references.py
 M src/jcodemunch_mcp/tools/get_blast_radius.py
 M src/jcodemunch_mcp/tools/get_churn_rate.py
 M src/jcodemunch_mcp/tools/get_file_outline.py
 M src/jcodemunch_mcp/tools/get_file_risk.py
 M src/jcodemunch_mcp/tools/get_file_tree.py
 M src/jcodemunch_mcp/tools/get_symbol_complexity.py
 M src/jcodemunch_mcp/tools/get_symbol_provenance.py
 M src/jcodemunch_mcp/tools/search_symbols.py
?? tests/test_generation_safe_hybrid.py","{""cache_entry_mtime_after_warmup"": null, ""cache_get_calls"": 0, ""cache_get_debug"": [], ""cache_get_hits"": 0, ""cache_key_present_after_warmup"": false, ""cache_policy"": ""cold"", ""cached_symbols_loaded_after_warmup"": true, ""hydration_trace"": {""lazy_ensure_calls"": 0, ""lazy_full_materializations"": 0, ""load_results"": [{""branch"": """", ""lazy_loaded_at_return"": false, ""repo"": ""local/fastapi-c1d6b9c4"", ""requested_hydration"": ""auto"", ""symbol_collection_type"": ""LazySymbolList""}], ""sparse_by_file_calls"": 0, ""sparse_by_files_calls"": 0, ""sparse_by_id_calls"": 0, ""sparse_by_name_calls"": 0}, ""mtime_after_measure"": 1785370852988741000, ""mtime_after_warmup"": 1785370852988741000, ""mtime_before_measure"": 1785370852988741000, ""mtime_before_warmup"": 1785370852988741000, ""process_cpu_ms"": 140.625, ""runtime_distribution_version"": ""1.108.199"", ""target_policy"": ""middle stride target"", ""unsafe_global_partial_control"": false, ""wal_after_measure"": false, ""wal_after_warmup"": false, ""worker_pid"": 44820}"
fastapi/fastapi,fastapi-c1d6b9c4,importers_batch,cold_generation_safe_hybrid_screen,find_importers,all_files,baseline_full,3,"{""cross_repo"": false, ""file_paths"": [""scripts/topic_repos.py"", ""scripts/translate.py"", ""scripts/translation_fixer.py""], ""repo"": ""local/fastapi-c1d6b9c4""}",1,2,13405,1191,14544896,224.34,98.1677,43.75844700008915,1,2281,330489856,330489856,0,703eebae111fbee905473d4a7fe83ca58e83579c623b3a365f7bc2b2024c54bb,95f8322ee1dcda7ceace7b1c4f6c9915b36d748f,2026-07-29T20:20:52.765681,1.108.207,c2201a55b6e1b0ea38043c514ab7bc3a372bad13,3369b1fcd5b12fcb1473031ec74bda8cc200d8860a09caa310c06e9f3ea8bf88,,1,wt-1.108.207,e3b0c44298fc1c149afbf4c8996fb92427ae41e4649b934ca495991b7852b855,,"{""cache_entry_mtime_after_warmup"": 1785370852988741000, ""cache_get_calls"": 1, ""cache_get_debug"": [{""branch"": """", ""entry_mtime"": null, ""entry_present"": false, ""hit"": false, ""mtime_equal"": false, ""name"": ""fastapi-c1d6b9c4"", ""owner"": ""local"", ""requested_mtime"": 1785370852988741000}], ""cache_get_hits"": 0, ""cache_key_present_after_warmup"": true, ""cache_policy"": ""cold"", ""cached_symbols_loaded_after_warmup"": true, ""hydration_trace"": {""lazy_ensure_calls"": 0, ""lazy_full_materializations"": 0, ""load_results"": [{""branch"": """", ""lazy_loaded_at_return"": null, ""repo"": ""local/fastapi-c1d6b9c4"", ""requested_hydration"": ""auto"", ""symbol_collection_type"": ""list""}], ""sparse_by_file_calls"": 0, ""sparse_by_files_calls"": 0, ""sparse_by_id_calls"": 0, ""sparse_by_name_calls"": 0}, ""mtime_after_measure"": 1785370852988741000, ""mtime_after_warmup"": 1785370852988741000, ""mtime_before_measure"": 1785370852988741000, ""mtime_before_warmup"": 1785370852988741000, ""process_cpu_ms"": 218.75, ""runtime_distribution_version"": ""1.108.199"", ""target_policy"": ""middle stride target"", ""unsafe_global_partial_control"": false, ""wal_after_measure"": false, ""wal_after_warmup"": false, ""worker_pid"": 49336}"
fastapi/fastapi,fastapi-c1d6b9c4,check_refs_single_imports,cold_generation_safe_hybrid_screen,check_references,all_files_definitions,baseline_full,3,"{""identifier"": ""username"", ""repo"": ""local/fastapi-c1d6b9c4"", ""search_content"": false}",1,1,13405,1191,14544896,101.9471,97.5701,95.70659685268143,1,235,330489856,330489856,0,d9259a9f031094dcf6041eb2875b757f9fc6fa67ae5736e996c1bb3f93d455ed,95f8322ee1dcda7ceace7b1c4f6c9915b36d748f,2026-07-29T20:20:52.765681,1.108.207,c2201a55b6e1b0ea38043c514ab7bc3a372bad13,3369b1fcd5b12fcb1473031ec74bda8cc200d8860a09caa310c06e9f3ea8bf88,,1,wt-1.108.207,e3b0c44298fc1c149afbf4c8996fb92427ae41e4649b934ca495991b7852b855,,"{""cache_entry_mtime_after_warmup"": 1785370852988741000, ""cache_get_calls"": 1, ""cache_get_debug"": [{""branch"": """", ""entry_mtime"": null, ""entry_present"": false, ""hit"": false, ""mtime_equal"": false, ""name"": ""fastapi-c1d6b9c4"", ""owner"": ""local"", ""requested_mtime"": 1785370852988741000}], ""cache_get_hits"": 0, ""cache_key_present_after_warmup"": true, ""cache_policy"": ""cold"", ""cached_symbols_loaded_after_warmup"": true, ""hydration_trace"": {""lazy_ensure_calls"": 0, ""lazy_full_materializations"": 0, ""load_results"": [{""branch"": """", ""lazy_loaded_at_return"": null, ""repo"": ""local/fastapi-c1d6b9c4"", ""requested_hydration"": ""auto"", ""symbol_collection_type"": ""list""}], ""sparse_by_file_calls"": 0, ""sparse_by_files_calls"": 0, ""sparse_by_id_calls"": 0, ""sparse_by_name_calls"": 0}, ""mtime_after_measure"": 1785370852988741000, ""mtime_after_warmup"": 1785370852988741000, ""mtime_before_measure"": 1785370852988741000, ""mtime_before_warmup"": 1785370852988741000, ""process_cpu_ms"": 93.75, ""runtime_distribution_version"": ""1.108.199"", ""target_policy"": ""middle stride target"", ""unsafe_global_partial_control"": false, ""wal_after_measure"": false, ""wal_after_warmup"": false, ""worker_pid"": 49336}"
fastapi/fastapi,fastapi-c1d6b9c4,check_refs_single_imports,cold_generation_safe_hybrid_screen,check_references,all_files_definitions,generation_safe_hybrid,3,"{""identifier"": ""username"", ""repo"": ""local/fastapi-c1d6b9c4"", ""search_content"": false}",1,2,13405,1191,14544896,13.932,5.7222,41.07235142118863,1,234,138039296,138063872,24576,d9259a9f031094dcf6041eb2875b757f9fc6fa67ae5736e996c1bb3f93d455ed,95f8322ee1dcda7ceace7b1c4f6c9915b36d748f,2026-07-29T20:20:52.765681,1.108.207,c2201a55b6e1b0ea38043c514ab7bc3a372bad13,3369b1fcd5b12fcb1473031ec74bda8cc200d8860a09caa310c06e9f3ea8bf88,,1,wt-generation-safe-hybrid,87f0ef27d476ad303a854c40a984e645bf1074ff2207c8d112c741447dbbfcb2,"M src/jcodemunch_mcp/server.py
 M src/jcodemunch_mcp/storage/index_store.py
 M src/jcodemunch_mcp/storage/sqlite_store.py
 M src/jcodemunch_mcp/tools/check_references.py
 M src/jcodemunch_mcp/tools/find_references.py
 M src/jcodemunch_mcp/tools/get_blast_radius.py
 M src/jcodemunch_mcp/tools/get_churn_rate.py
 M src/jcodemunch_mcp/tools/get_file_outline.py
 M src/jcodemunch_mcp/tools/get_file_risk.py
 M src/jcodemunch_mcp/tools/get_file_tree.py
 M src/jcodemunch_mcp/tools/get_symbol_complexity.py
 M src/jcodemunch_mcp/tools/get_symbol_provenance.py
 M src/jcodemunch_mcp/tools/search_symbols.py
?? tests/test_generation_safe_hybrid.py","{""cache_entry_mtime_after_warmup"": null, ""cache_get_calls"": 0, ""cache_get_debug"": [], ""cache_get_hits"": 0, ""cache_key_present_after_warmup"": false, ""cache_policy"": ""cold"", ""cached_symbols_loaded_after_warmup"": true, ""hydration_trace"": {""lazy_ensure_calls"": 0, ""lazy_full_materializations"": 0, ""load_results"": [{""branch"": """", ""lazy_loaded_at_return"": false, ""repo"": ""local/fastapi-c1d6b9c4"", ""requested_hydration"": ""auto"", ""symbol_collection_type"": ""LazySymbolList""}], ""sparse_by_file_calls"": 0, ""sparse_by_files_calls"": 0, ""sparse_by_id_calls"": 0, ""sparse_by_name_calls"": 1}, ""mtime_after_measure"": 1785370852988741000, ""mtime_after_warmup"": 1785370852988741000, ""mtime_before_measure"": 1785370852988741000, ""mtime_before_warmup"": 1785370852988741000, ""process_cpu_ms"": 15.625, ""runtime_distribution_version"": ""1.108.199"", ""target_policy"": ""middle stride target"", ""unsafe_global_partial_control"": false, ""wal_after_measure"": false, ""wal_after_warmup"": false, ""worker_pid"": 44820}"
fastapi/fastapi,fastapi-c1d6b9c4,check_refs_batch_imports,cold_generation_safe_hybrid_screen,check_references,all_files_definitions,generation_safe_hybrid,3,"{""identifiers"": [""username"", ""full_name"", ""update_item""], ""repo"": ""local/fastapi-c1d6b9c4"", ""search_content"": false}",1,1,13405,1191,14544896,20.1959,5.8807,29.11828638486029,1,380,138067968,138104832,36864,f8e83756714f87a2521484d769e276dd2fa44c5eab167ba9e65e76df112302f4,95f8322ee1dcda7ceace7b1c4f6c9915b36d748f,2026-07-29T20:20:52.765681,1.108.207,c2201a55b6e1b0ea38043c514ab7bc3a372bad13,3369b1fcd5b12fcb1473031ec74bda8cc200d8860a09caa310c06e9f3ea8bf88,,1,wt-generation-safe-hybrid,87f0ef27d476ad303a854c40a984e645bf1074ff2207c8d112c741447dbbfcb2,"M src/jcodemunch_mcp/server.py
 M src/jcodemunch_mcp/storage/index_store.py
 M src/jcodemunch_mcp/storage/sqlite_store.py
 M src/jcodemunch_mcp/tools/check_references.py
 M src/jcodemunch_mcp/tools/find_references.py
 M src/jcodemunch_mcp/tools/get_blast_radius.py
 M src/jcodemunch_mcp/tools/get_churn_rate.py
 M src/jcodemunch_mcp/tools/get_file_outline.py
 M src/jcodemunch_mcp/tools/get_file_risk.py
 M src/jcodemunch_mcp/tools/get_file_tree.py
 M src/jcodemunch_mcp/tools/get_symbol_complexity.py
 M src/jcodemunch_mcp/tools/get_symbol_provenance.py
 M src/jcodemunch_mcp/tools/search_symbols.py
?? tests/test_generation_safe_hybrid.py","{""cache_entry_mtime_after_warmup"": null, ""cache_get_calls"": 0, ""cache_get_debug"": [], ""cache_get_hits"": 0, ""cache_key_present_after_warmup"": false, ""cache_policy"": ""cold"", ""cached_symbols_loaded_after_warmup"": true, ""hydration_trace"": {""lazy_ensure_calls"": 0, ""lazy_full_materializations"": 0, ""load_results"": [{""branch"": """", ""lazy_loaded_at_return"": false, ""repo"": ""local/fastapi-c1d6b9c4"", ""requested_hydration"": ""auto"", ""symbol_collection_type"": ""LazySymbolList""}], ""sparse_by_file_calls"": 0, ""sparse_by_files_calls"": 0, ""sparse_by_id_calls"": 0, ""sparse_by_name_calls"": 3}, ""mtime_after_measure"": 1785370852988741000, ""mtime_after_warmup"": 1785370852988741000, ""mtime_before_measure"": 1785370852988741000, ""mtime_before_warmup"": 1785370852988741000, ""process_cpu_ms"": 62.5, ""runtime_distribution_version"": ""1.108.199"", ""target_policy"": ""middle stride target"", ""unsafe_global_partial_control"": false, ""wal_after_measure"": false, ""wal_after_warmup"": false, ""worker_pid"": 44820}"
fastapi/fastapi,fastapi-c1d6b9c4,check_refs_batch_imports,cold_generation_safe_hybrid_screen,check_references,all_files_definitions,baseline_full,3,"{""identifiers"": [""username"", ""full_name"", ""update_item""], ""repo"": ""local/fastapi-c1d6b9c4"", ""search_content"": false}",1,2,13405,1191,14544896,107.3708,97.1249,90.45746143271727,1,381,330489856,330641408,151552,f8e83756714f87a2521484d769e276dd2fa44c5eab167ba9e65e76df112302f4,95f8322ee1dcda7ceace7b1c4f6c9915b36d748f,2026-07-29T20:20:52.765681,1.108.207,c2201a55b6e1b0ea38043c514ab7bc3a372bad13,3369b1fcd5b12fcb1473031ec74bda8cc200d8860a09caa310c06e9f3ea8bf88,,1,wt-1.108.207,e3b0c44298fc1c149afbf4c8996fb92427ae41e4649b934ca495991b7852b855,,"{""cache_entry_mtime_after_warmup"": 1785370852988741000, ""cache_get_calls"": 1, ""cache_get_debug"": [{""branch"": """", ""entry_mtime"": null, ""entry_present"": false, ""hit"": false, ""mtime_equal"": false, ""name"": ""fastapi-c1d6b9c4"", ""owner"": ""local"", ""requested_mtime"": 1785370852988741000}], ""cache_get_hits"": 0, ""cache_key_present_after_warmup"": true, ""cache_policy"": ""cold"", ""cached_symbols_loaded_after_warmup"": true, ""hydration_trace"": {""lazy_ensure_calls"": 0, ""lazy_full_materializations"": 0, ""load_results"": [{""branch"": """", ""lazy_loaded_at_return"": null, ""repo"": ""local/fastapi-c1d6b9c4"", ""requested_hydration"": ""auto"", ""symbol_collection_type"": ""list""}], ""sparse_by_file_calls"": 0, ""sparse_by_files_calls"": 0, ""sparse_by_id_calls"": 0, ""sparse_by_name_calls"": 0}, ""mtime_after_measure"": 1785370852988741000, ""mtime_after_warmup"": 1785370852988741000, ""mtime_before_measure"": 1785370852988741000, ""mtime_before_warmup"": 1785370852988741000, ""process_cpu_ms"": 218.75, ""runtime_distribution_version"": ""1.108.199"", ""target_policy"": ""middle stride target"", ""unsafe_global_partial_control"": false, ""wal_after_measure"": false, ""wal_after_warmup"": false, ""worker_pid"": 49336}"
fastapi/fastapi,fastapi-c1d6b9c4,check_refs_single_content,cold_generation_safe_hybrid_screen,check_references,all_files_definitions,baseline_full,3,"{""identifier"": ""username"", ""max_content_results"": 20, ""repo"": ""local/fastapi-c1d6b9c4"", ""search_content"": true}",1,1,13405,1191,14544896,156.2816,96.4672,61.726524427699744,1,6102,330756096,331137024,380928,6c7da0a6d5672ba2b2610ff4ad44864474e121e9cc72526b5097ac96fd7360dc,95f8322ee1dcda7ceace7b1c4f6c9915b36d748f,2026-07-29T20:20:52.765681,1.108.207,c2201a55b6e1b0ea38043c514ab7bc3a372bad13,3369b1fcd5b12fcb1473031ec74bda8cc200d8860a09caa310c06e9f3ea8bf88,,1,wt-1.108.207,e3b0c44298fc1c149afbf4c8996fb92427ae41e4649b934ca495991b7852b855,,"{""cache_entry_mtime_after_warmup"": 1785370852988741000, ""cache_get_calls"": 1, ""cache_get_debug"": [{""branch"": """", ""entry_mtime"": null, ""entry_present"": false, ""hit"": false, ""mtime_equal"": false, ""name"": ""fastapi-c1d6b9c4"", ""owner"": ""local"", ""requested_mtime"": 1785370852988741000}], ""cache_get_hits"": 0, ""cache_key_present_after_warmup"": true, ""cache_policy"": ""cold"", ""cached_symbols_loaded_after_warmup"": true, ""hydration_trace"": {""lazy_ensure_calls"": 0, ""lazy_full_materializations"": 0, ""load_results"": [{""branch"": """", ""lazy_loaded_at_return"": null, ""repo"": ""local/fastapi-c1d6b9c4"", ""requested_hydration"": ""auto"", ""symbol_collection_type"": ""list""}], ""sparse_by_file_calls"": 0, ""sparse_by_files_calls"": 0, ""sparse_by_id_calls"": 0, ""sparse_by_name_calls"": 0}, ""mtime_after_measure"": 1785370852988741000, ""mtime_after_warmup"": 1785370852988741000, ""mtime_before_measure"": 1785370852988741000, ""mtime_before_warmup"": 1785370852988741000, ""process_cpu_ms"": 156.25, ""runtime_distribution_version"": ""1.108.199"", ""target_policy"": ""middle stride target"", ""unsafe_global_partial_control"": false, ""wal_after_measure"": false, ""wal_after_warmup"": false, ""worker_pid"": 49336}"
fastapi/fastapi,fastapi-c1d6b9c4,check_refs_single_content,cold_generation_safe_hybrid_screen,check_references,all_files_definitions,generation_safe_hybrid,3,"{""identifier"": ""username"", ""max_content_results"": 20, ""repo"": ""local/fastapi-c1d6b9c4"", ""search_content"": true}",1,2,13405,1191,14544896,68.1446,5.9602,8.746401035445215,1,6101,138723328,138821632,98304,6c7da0a6d5672ba2b2610ff4ad44864474e121e9cc72526b5097ac96fd7360dc,95f8322ee1dcda7ceace7b1c4f6c9915b36d748f,2026-07-29T20:20:52.765681,1.108.207,c2201a55b6e1b0ea38043c514ab7bc3a372bad13,3369b1fcd5b12fcb1473031ec74bda8cc200d8860a09caa310c06e9f3ea8bf88,,1,wt-generation-safe-hybrid,87f0ef27d476ad303a854c40a984e645bf1074ff2207c8d112c741447dbbfcb2,"M src/jcodemunch_mcp/server.py
 M src/jcodemunch_mcp/storage/index_store.py
 M src/jcodemunch_mcp/storage/sqlite_store.py
 M src/jcodemunch_mcp/tools/check_references.py
 M src/jcodemunch_mcp/tools/find_references.py
 M src/jcodemunch_mcp/tools/get_blast_radius.py
 M src/jcodemunch_mcp/tools/get_churn_rate.py
 M src/jcodemunch_mcp/tools/get_file_outline.py
 M src/jcodemunch_mcp/tools/get_file_risk.py
 M src/jcodemunch_mcp/tools/get_file_tree.py
 M src/jcodemunch_mcp/tools/get_symbol_complexity.py
 M src/jcodemunch_mcp/tools/get_symbol_provenance.py
 M src/jcodemunch_mcp/tools/search_symbols.py
?? tests/test_generation_safe_hybrid.py","{""cache_entry_mtime_after_warmup"": null, ""cache_get_calls"": 0, ""cache_get_debug"": [], ""cache_get_hits"": 0, ""cache_key_present_after_warmup"": false, ""cache_policy"": ""cold"", ""cached_symbols_loaded_after_warmup"": true, ""hydration_trace"": {""lazy_ensure_calls"": 0, ""lazy_full_materializations"": 0, ""load_results"": [{""branch"": """", ""lazy_loaded_at_return"": false, ""repo"": ""local/fastapi-c1d6b9c4"", ""requested_hydration"": ""auto"", ""symbol_collection_type"": ""LazySymbolList""}], ""sparse_by_file_calls"": 0, ""sparse_by_files_calls"": 0, ""sparse_by_id_calls"": 0, ""sparse_by_name_calls"": 1}, ""mtime_after_measure"": 1785370852988741000, ""mtime_after_warmup"": 1785370852988741000, ""mtime_before_measure"": 1785370852988741000, ""mtime_before_warmup"": 1785370852988741000, ""process_cpu_ms"": 62.5, ""runtime_distribution_version"": ""1.108.199"", ""target_policy"": ""middle stride target"", ""unsafe_global_partial_control"": false, ""wal_after_measure"": false, ""wal_after_warmup"": false, ""worker_pid"": 44820}"
fastapi/fastapi,fastapi-c1d6b9c4,check_refs_batch_content,cold_generation_safe_hybrid_screen,check_references,all_files_definitions,generation_safe_hybrid,3,"{""identifiers"": [""username"", ""full_name"", ""update_item""], ""max_content_results"": 20, ""repo"": ""local/fastapi-c1d6b9c4"", ""search_content"": true}",1,1,13405,1191,14544896,408.9869,6.3483,1.5522013052251795,1,17509,140230656,140320768,90112,1fe5ce4b4e7d1db4af91355dd4417b9e1313576d1b7c3e49ec374997fe80442a,95f8322ee1dcda7ceace7b1c4f6c9915b36d748f,2026-07-29T20:20:52.765681,1.108.207,c2201a55b6e1b0ea38043c514ab7bc3a372bad13,3369b1fcd5b12fcb1473031ec74bda8cc200d8860a09caa310c06e9f3ea8bf88,,1,wt-generation-safe-hybrid,87f0ef27d476ad303a854c40a984e645bf1074ff2207c8d112c741447dbbfcb2,"M src/jcodemunch_mcp/server.py
 M src/jcodemunch_mcp/storage/index_store.py
 M src/jcodemunch_mcp/storage/sqlite_store.py
 M src/jcodemunch_mcp/tools/check_references.py
 M src/jcodemunch_mcp/tools/find_references.py
 M src/jcodemunch_mcp/tools/get_blast_radius.py
 M src/jcodemunch_mcp/tools/get_churn_rate.py
 M src/jcodemunch_mcp/tools/get_file_outline.py
 M src/jcodemunch_mcp/tools/get_file_risk.py
 M src/jcodemunch_mcp/tools/get_file_tree.py
 M src/jcodemunch_mcp/tools/get_symbol_complexity.py
 M src/jcodemunch_mcp/tools/get_symbol_provenance.py
 M src/jcodemunch_mcp/tools/search_symbols.py
?? tests/test_generation_safe_hybrid.py","{""cache_entry_mtime_after_warmup"": null, ""cache_get_calls"": 0, ""cache_get_debug"": [], ""cache_get_hits"": 0, ""cache_key_present_after_warmup"": false, ""cache_policy"": ""cold"", ""cached_symbols_loaded_after_warmup"": true, ""hydration_trace"": {""lazy_ensure_calls"": 0, ""lazy_full_materializations"": 0, ""load_results"": [{""branch"": """", ""lazy_loaded_at_return"": false, ""repo"": ""local/fastapi-c1d6b9c4"", ""requested_hydration"": ""auto"", ""symbol_collection_type"": ""LazySymbolList""}], ""sparse_by_file_calls"": 0, ""sparse_by_files_calls"": 0, ""sparse_by_id_calls"": 0, ""sparse_by_name_calls"": 3}, ""mtime_after_measure"": 1785370852988741000, ""mtime_after_warmup"": 1785370852988741000, ""mtime_before_measure"": 1785370852988741000, ""mtime_before_warmup"": 1785370852988741000, ""process_cpu_ms"": 406.25, ""runtime_distribution_version"": ""1.108.199"", ""target_policy"": ""middle stride target"", ""unsafe_global_partial_control"": false, ""wal_after_measure"": false, ""wal_after_warmup"": false, ""worker_pid"": 44820}"
fastapi/fastapi,fastapi-c1d6b9c4,check_refs_batch_content,cold_generation_safe_hybrid_screen,check_references,all_files_definitions,baseline_full,3,"{""identifiers"": [""username"", ""full_name"", ""update_item""], ""max_content_results"": 20, ""repo"": ""local/fastapi-c1d6b9c4"", ""search_content"": true}",1,2,13405,1191,14544896,502.5818,99.7985,19.857165540017565,1,17509,331309056,332083200,774144,1fe5ce4b4e7d1db4af91355dd4417b9e1313576d1b7c3e49ec374997fe80442a,95f8322ee1dcda7ceace7b1c4f6c9915b36d748f,2026-07-29T20:20:52.765681,1.108.207,c2201a55b6e1b0ea38043c514ab7bc3a372bad13,3369b1fcd5b12fcb1473031ec74bda8cc200d8860a09caa310c06e9f3ea8bf88,,1,wt-1.108.207,e3b0c44298fc1c149afbf4c8996fb92427ae41e4649b934ca495991b7852b855,,"{""cache_entry_mtime_after_warmup"": 1785370852988741000, ""cache_get_calls"": 1, ""cache_get_debug"": [{""branch"": """", ""entry_mtime"": null, ""entry_present"": false, ""hit"": false, ""mtime_equal"": false, ""name"": ""fastapi-c1d6b9c4"", ""owner"": ""local"", ""requested_mtime"": 1785370852988741000}], ""cache_get_hits"": 0, ""cache_key_present_after_warmup"": true, ""cache_policy"": ""cold"", ""cached_symbols_loaded_after_warmup"": true, ""hydration_trace"": {""lazy_ensure_calls"": 0, ""lazy_full_materializations"": 0, ""load_results"": [{""branch"": """", ""lazy_loaded_at_return"": null, ""repo"": ""local/fastapi-c1d6b9c4"", ""requested_hydration"": ""auto"", ""symbol_collection_type"": ""list""}], ""sparse_by_file_calls"": 0, ""sparse_by_files_calls"": 0, ""sparse_by_id_calls"": 0, ""sparse_by_name_calls"": 0}, ""mtime_after_measure"": 1785370852988741000, ""mtime_after_warmup"": 1785370852988741000, ""mtime_before_measure"": 1785370852988741000, ""mtime_before_warmup"": 1785370852988741000, ""process_cpu_ms"": 500.0, ""runtime_distribution_version"": ""1.108.199"", ""target_policy"": ""middle stride target"", ""unsafe_global_partial_control"": false, ""wal_after_measure"": false, ""wal_after_warmup"": false, ""worker_pid"": 49336}"
fastapi/fastapi,fastapi-c1d6b9c4,file_risk,cold_generation_safe_hybrid_screen,get_file_risk,all_files_target_file_symbols,baseline_full,3,"{""file_path"": ""scripts/topic_repos.py"", ""repo"": ""local/fastapi-c1d6b9c4""}",1,1,13405,1191,14544896,217.5338,97.1008,44.63710926761726,1,509,331034624,331038720,4096,a3bcfca446fbe6393e6ddfbebd7ad6cdb2a80f57c03cb5235410194f019cef05,95f8322ee1dcda7ceace7b1c4f6c9915b36d748f,2026-07-29T20:20:52.765681,1.108.207,c2201a55b6e1b0ea38043c514ab7bc3a372bad13,3369b1fcd5b12fcb1473031ec74bda8cc200d8860a09caa310c06e9f3ea8bf88,,1,wt-1.108.207,e3b0c44298fc1c149afbf4c8996fb92427ae41e4649b934ca495991b7852b855,,"{""cache_entry_mtime_after_warmup"": 1785370852988741000, ""cache_get_calls"": 1, ""cache_get_debug"": [{""branch"": """", ""entry_mtime"": null, ""entry_present"": false, ""hit"": false, ""mtime_equal"": false, ""name"": ""fastapi-c1d6b9c4"", ""owner"": ""local"", ""requested_mtime"": 1785370852988741000}], ""cache_get_hits"": 0, ""cache_key_present_after_warmup"": true, ""cache_policy"": ""cold"", ""cached_symbols_loaded_after_warmup"": true, ""hydration_trace"": {""lazy_ensure_calls"": 0, ""lazy_full_materializations"": 0, ""load_results"": [{""branch"": """", ""lazy_loaded_at_return"": null, ""repo"": ""local/fastapi-c1d6b9c4"", ""requested_hydration"": ""auto"", ""symbol_collection_type"": ""list""}], ""sparse_by_file_calls"": 0, ""sparse_by_files_calls"": 0, ""sparse_by_id_calls"": 0, ""sparse_by_name_calls"": 0}, ""mtime_after_measure"": 1785370852988741000, ""mtime_after_warmup"": 1785370852988741000, ""mtime_before_measure"": 1785370852988741000, ""mtime_before_warmup"": 1785370852988741000, ""process_cpu_ms"": 203.125, ""runtime_distribution_version"": ""1.108.199"", ""target_policy"": ""middle stride target"", ""unsafe_global_partial_control"": false, ""wal_after_measure"": false, ""wal_after_warmup"": false, ""worker_pid"": 49336}"
fastapi/fastapi,fastapi-c1d6b9c4,file_risk,cold_generation_safe_hybrid_screen,get_file_risk,all_files_target_file_symbols,generation_safe_hybrid,3,"{""file_path"": ""scripts/topic_repos.py"", ""repo"": ""local/fastapi-c1d6b9c4""}",1,2,13405,1191,14544896,126.0338,6.3352,5.026588105730368,1,509,137560064,137748480,188416,a3bcfca446fbe6393e6ddfbebd7ad6cdb2a80f57c03cb5235410194f019cef05,95f8322ee1dcda7ceace7b1c4f6c9915b36d748f,2026-07-29T20:20:52.765681,1.108.207,c2201a55b6e1b0ea38043c514ab7bc3a372bad13,3369b1fcd5b12fcb1473031ec74bda8cc200d8860a09caa310c06e9f3ea8bf88,,1,wt-generation-safe-hybrid,87f0ef27d476ad303a854c40a984e645bf1074ff2207c8d112c741447dbbfcb2,"M src/jcodemunch_mcp/server.py
 M src/jcodemunch_mcp/storage/index_store.py
 M src/jcodemunch_mcp/storage/sqlite_store.py
 M src/jcodemunch_mcp/tools/check_references.py
 M src/jcodemunch_mcp/tools/find_references.py
 M src/jcodemunch_mcp/tools/get_blast_radius.py
 M src/jcodemunch_mcp/tools/get_churn_rate.py
 M src/jcodemunch_mcp/tools/get_file_outline.py
 M src/jcodemunch_mcp/tools/get_file_risk.py
 M src/jcodemunch_mcp/tools/get_file_tree.py
 M src/jcodemunch_mcp/tools/get_symbol_complexity.py
 M src/jcodemunch_mcp/tools/get_symbol_provenance.py
 M src/jcodemunch_mcp/tools/search_symbols.py
?? tests/test_generation_safe_hybrid.py","{""cache_entry_mtime_after_warmup"": null, ""cache_get_calls"": 0, ""cache_get_debug"": [], ""cache_get_hits"": 0, ""cache_key_present_after_warmup"": false, ""cache_policy"": ""cold"", ""cached_symbols_loaded_after_warmup"": true, ""hydration_trace"": {""lazy_ensure_calls"": 0, ""lazy_full_materializations"": 0, ""load_results"": [{""branch"": """", ""lazy_loaded_at_return"": false, ""repo"": ""local/fastapi-c1d6b9c4"", ""requested_hydration"": ""auto"", ""symbol_collection_type"": ""LazySymbolList""}], ""sparse_by_file_calls"": 1, ""sparse_by_files_calls"": 0, ""sparse_by_id_calls"": 0, ""sparse_by_name_calls"": 0}, ""mtime_after_measure"": 1785370852988741000, ""mtime_after_warmup"": 1785370852988741000, ""mtime_before_measure"": 1785370852988741000, ""mtime_before_warmup"": 1785370852988741000, ""process_cpu_ms"": 109.375, ""runtime_distribution_version"": ""1.108.199"", ""target_policy"": ""middle stride target"", ""unsafe_global_partial_control"": false, ""wal_after_measure"": false, ""wal_after_warmup"": false, ""worker_pid"": 44820}"
fastapi/fastapi,fastapi-c1d6b9c4,changed_symbols,cold_generation_safe_hybrid_screen,get_changed_symbols,metadata,generation_safe_hybrid,3,"{""include_blast_radius"": false, ""repo"": ""local/fastapi-c1d6b9c4"", ""since_sha"": ""95f8322ee1dcda7ceace7b1c4f6c9915b36d748f"", ""until_sha"": ""95f8322ee1dcda7ceace7b1c4f6c9915b36d748f""}",1,1,13405,1191,14544896,93.1863,7.7096,8.273319146698602,1,538,137764864,137875456,110592,567cf452d846b80d813f45d9d15d929e4cbfda9503c77f60a1f8052421559b2d,95f8322ee1dcda7ceace7b1c4f6c9915b36d748f,2026-07-29T20:20:52.765681,1.108.207,c2201a55b6e1b0ea38043c514ab7bc3a372bad13,3369b1fcd5b12fcb1473031ec74bda8cc200d8860a09caa310c06e9f3ea8bf88,,1,wt-generation-safe-hybrid,87f0ef27d476ad303a854c40a984e645bf1074ff2207c8d112c741447dbbfcb2,"M src/jcodemunch_mcp/server.py
 M src/jcodemunch_mcp/storage/index_store.py
 M src/jcodemunch_mcp/storage/sqlite_store.py
 M src/jcodemunch_mcp/tools/check_references.py
 M src/jcodemunch_mcp/tools/find_references.py
 M src/jcodemunch_mcp/tools/get_blast_radius.py
 M src/jcodemunch_mcp/tools/get_churn_rate.py
 M src/jcodemunch_mcp/tools/get_file_outline.py
 M src/jcodemunch_mcp/tools/get_file_risk.py
 M src/jcodemunch_mcp/tools/get_file_tree.py
 M src/jcodemunch_mcp/tools/get_symbol_complexity.py
 M src/jcodemunch_mcp/tools/get_symbol_provenance.py
 M src/jcodemunch_mcp/tools/search_symbols.py
?? tests/test_generation_safe_hybrid.py","{""cache_entry_mtime_after_warmup"": null, ""cache_get_calls"": 0, ""cache_get_debug"": [], ""cache_get_hits"": 0, ""cache_key_present_after_warmup"": false, ""cache_policy"": ""cold"", ""cached_symbols_loaded_after_warmup"": true, ""hydration_trace"": {""lazy_ensure_calls"": 0, ""lazy_full_materializations"": 0, ""load_results"": [{""branch"": """", ""lazy_loaded_at_return"": false, ""repo"": ""local/fastapi-c1d6b9c4"", ""requested_hydration"": ""auto"", ""symbol_collection_type"": ""LazySymbolList""}], ""sparse_by_file_calls"": 0, ""sparse_by_files_calls"": 0, ""sparse_by_id_calls"": 0, ""sparse_by_name_calls"": 0}, ""mtime_after_measure"": 1785370852988741000, ""mtime_after_warmup"": 1785370852988741000, ""mtime_before_measure"": 1785370852988741000, ""mtime_before_warmup"": 1785370852988741000, ""process_cpu_ms"": 15.625, ""runtime_distribution_version"": ""1.108.199"", ""target_policy"": ""middle stride target"", ""unsafe_global_partial_control"": false, ""wal_after_measure"": false, ""wal_after_warmup"": false, ""worker_pid"": 44820}"
fastapi/fastapi,fastapi-c1d6b9c4,changed_symbols,cold_generation_safe_hybrid_screen,get_changed_symbols,metadata,baseline_full,3,"{""include_blast_radius"": false, ""repo"": ""local/fastapi-c1d6b9c4"", ""since_sha"": ""95f8322ee1dcda7ceace7b1c4f6c9915b36d748f"", ""until_sha"": ""95f8322ee1dcda7ceace7b1c4f6c9915b36d748f""}",1,2,13405,1191,14544896,241.733,104.571,43.258884802654165,1,539,331038720,331038720,0,567cf452d846b80d813f45d9d15d929e4cbfda9503c77f60a1f8052421559b2d,95f8322ee1dcda7ceace7b1c4f6c9915b36d748f,2026-07-29T20:20:52.765681,1.108.207,c2201a55b6e1b0ea38043c514ab7bc3a372bad13,3369b1fcd5b12fcb1473031ec74bda8cc200d8860a09caa310c06e9f3ea8bf88,,1,wt-1.108.207,e3b0c44298fc1c149afbf4c8996fb92427ae41e4649b934ca495991b7852b855,,"{""cache_entry_mtime_after_warmup"": 1785370852988741000, ""cache_get_calls"": 1, ""cache_get_debug"": [{""branch"": """", ""entry_mtime"": null, ""entry_present"": false, ""hit"": false, ""mtime_equal"": false, ""name"": ""fastapi-c1d6b9c4"", ""owner"": ""local"", ""requested_mtime"": 1785370852988741000}], ""cache_get_hits"": 0, ""cache_key_present_after_warmup"": true, ""cache_policy"": ""cold"", ""cached_symbols_loaded_after_warmup"": true, ""hydration_trace"": {""lazy_ensure_calls"": 0, ""lazy_full_materializations"": 0, ""load_results"": [{""branch"": """", ""lazy_loaded_at_return"": null, ""repo"": ""local/fastapi-c1d6b9c4"", ""requested_hydration"": ""auto"", ""symbol_collection_type"": ""list""}], ""sparse_by_file_calls"": 0, ""sparse_by_files_calls"": 0, ""sparse_by_id_calls"": 0, ""sparse_by_name_calls"": 0}, ""mtime_after_measure"": 1785370852988741000, ""mtime_after_warmup"": 1785370852988741000, ""mtime_before_measure"": 1785370852988741000, ""mtime_before_warmup"": 1785370852988741000, ""process_cpu_ms"": 156.25, ""runtime_distribution_version"": ""1.108.199"", ""target_policy"": ""middle stride target"", ""unsafe_global_partial_control"": false, ""wal_after_measure"": false, ""wal_after_warmup"": false, ""worker_pid"": 49336}"
fastapi/fastapi,fastapi-c1d6b9c4,changed_symbols_blast,cold_generation_safe_hybrid_screen,get_changed_symbols,all_files,baseline_full,3,"{""include_blast_radius"": true, ""repo"": ""local/fastapi-c1d6b9c4"", ""since_sha"": ""95f8322ee1dcda7ceace7b1c4f6c9915b36d748f"", ""until_sha"": ""95f8322ee1dcda7ceace7b1c4f6c9915b36d748f""}",1,1,13405,1191,14544896,299.9752,100.4019,33.470066858860335,1,539,331038720,331038720,0,567cf452d846b80d813f45d9d15d929e4cbfda9503c77f60a1f8052421559b2d,95f8322ee1dcda7ceace7b1c4f6c9915b36d748f,2026-07-29T20:20:52.765681,1.108.207,c2201a55b6e1b0ea38043c514ab7bc3a372bad13,3369b1fcd5b12fcb1473031ec74bda8cc200d8860a09caa310c06e9f3ea8bf88,,1,wt-1.108.207,e3b0c44298fc1c149afbf4c8996fb92427ae41e4649b934ca495991b7852b855,,"{""cache_entry_mtime_after_warmup"": 1785370852988741000, ""cache_get_calls"": 1, ""cache_get_debug"": [{""branch"": """", ""entry_mtime"": null, ""entry_present"": false, ""hit"": false, ""mtime_equal"": false, ""name"": ""fastapi-c1d6b9c4"", ""owner"": ""local"", ""requested_mtime"": 1785370852988741000}], ""cache_get_hits"": 0, ""cache_key_present_after_warmup"": true, ""cache_policy"": ""cold"", ""cached_symbols_loaded_after_warmup"": true, ""hydration_trace"": {""lazy_ensure_calls"": 0, ""lazy_full_materializations"": 0, ""load_results"": [{""branch"": """", ""lazy_loaded_at_return"": null, ""repo"": ""local/fastapi-c1d6b9c4"", ""requested_hydration"": ""auto"", ""symbol_collection_type"": ""list""}], ""sparse_by_file_calls"": 0, ""sparse_by_files_calls"": 0, ""sparse_by_id_calls"": 0, ""sparse_by_name_calls"": 0}, ""mtime_after_measure"": 1785370852988741000, ""mtime_after_warmup"": 1785370852988741000, ""mtime_before_measure"": 1785370852988741000, ""mtime_before_warmup"": 1785370852988741000, ""process_cpu_ms"": 218.75, ""runtime_distribution_version"": ""1.108.199"", ""target_policy"": ""middle stride target"", ""unsafe_global_partial_control"": false, ""wal_after_measure"": false, ""wal_after_warmup"": false, ""worker_pid"": 49336}"
fastapi/fastapi,fastapi-c1d6b9c4,changed_symbols_blast,cold_generation_safe_hybrid_screen,get_changed_symbols,all_files,generation_safe_hybrid,3,"{""include_blast_radius"": true, ""repo"": ""local/fastapi-c1d6b9c4"", ""since_sha"": ""95f8322ee1dcda7ceace7b1c4f6c9915b36d748f"", ""until_sha"": ""95f8322ee1dcda7ceace7b1c4f6c9915b36d748f""}",1,2,13405,1191,14544896,200.6609,6.622,3.300094836612414,1,539,137879552,137883648,4096,567cf452d846b80d813f45d9d15d929e4cbfda9503c77f60a1f8052421559b2d,95f8322ee1dcda7ceace7b1c4f6c9915b36d748f,2026-07-29T20:20:52.765681,1.108.207,c2201a55b6e1b0ea38043c514ab7bc3a372bad13,3369b1fcd5b12fcb1473031ec74bda8cc200d8860a09caa310c06e9f3ea8bf88,,1,wt-generation-safe-hybrid,87f0ef27d476ad303a854c40a984e645bf1074ff2207c8d112c741447dbbfcb2,"M src/jcodemunch_mcp/server.py
 M src/jcodemunch_mcp/storage/index_store.py
 M src/jcodemunch_mcp/storage/sqlite_store.py
 M src/jcodemunch_mcp/tools/check_references.py
 M src/jcodemunch_mcp/tools/find_references.py
 M src/jcodemunch_mcp/tools/get_blast_radius.py
 M src/jcodemunch_mcp/tools/get_churn_rate.py
 M src/jcodemunch_mcp/tools/get_file_outline.py
 M src/jcodemunch_mcp/tools/get_file_risk.py
 M src/jcodemunch_mcp/tools/get_file_tree.py
 M src/jcodemunch_mcp/tools/get_symbol_complexity.py
 M src/jcodemunch_mcp/tools/get_symbol_provenance.py
 M src/jcodemunch_mcp/tools/search_symbols.py
?? tests/test_generation_safe_hybrid.py","{""cache_entry_mtime_after_warmup"": null, ""cache_get_calls"": 0, ""cache_get_debug"": [], ""cache_get_hits"": 0, ""cache_key_present_after_warmup"": false, ""cache_policy"": ""cold"", ""cached_symbols_loaded_after_warmup"": true, ""hydration_trace"": {""lazy_ensure_calls"": 0, ""lazy_full_materializations"": 0, ""load_results"": [{""branch"": """", ""lazy_loaded_at_return"": false, ""repo"": ""local/fastapi-c1d6b9c4"", ""requested_hydration"": ""auto"", ""symbol_collection_type"": ""LazySymbolList""}], ""sparse_by_file_calls"": 0, ""sparse_by_files_calls"": 0, ""sparse_by_id_calls"": 0, ""sparse_by_name_calls"": 0}, ""mtime_after_measure"": 1785370852988741000, ""mtime_after_warmup"": 1785370852988741000, ""mtime_before_measure"": 1785370852988741000, ""mtime_before_warmup"": 1785370852988741000, ""process_cpu_ms"": 125.0, ""runtime_distribution_version"": ""1.108.199"", ""target_policy"": ""middle stride target"", ""unsafe_global_partial_control"": false, ""wal_after_measure"": false, ""wal_after_warmup"": false, ""worker_pid"": 44820}"
fastapi/fastapi,fastapi-c1d6b9c4,blast_radius_default,cold_generation_safe_hybrid_screen,get_blast_radius,all_files_target_symbols,generation_safe_hybrid,3,"{""cross_repo"": false, ""repo"": ""local/fastapi-c1d6b9c4"", ""symbol"": ""docs_src/body_multiple_params/tutorial002_py310.py::User.username#field""}",1,1,13405,1191,14544896,70.2915,5.6101,7.981192605080273,1,684,137891840,137895936,4096,1f5e6bfd72be254690bb7af552fac2f88d087a26b85174d5a76e0f99984b5544,95f8322ee1dcda7ceace7b1c4f6c9915b36d748f,2026-07-29T20:20:52.765681,1.108.207,c2201a55b6e1b0ea38043c514ab7bc3a372bad13,3369b1fcd5b12fcb1473031ec74bda8cc200d8860a09caa310c06e9f3ea8bf88,,1,wt-generation-safe-hybrid,87f0ef27d476ad303a854c40a984e645bf1074ff2207c8d112c741447dbbfcb2,"M src/jcodemunch_mcp/server.py
 M src/jcodemunch_mcp/storage/index_store.py
 M src/jcodemunch_mcp/storage/sqlite_store.py
 M src/jcodemunch_mcp/tools/check_references.py
 M src/jcodemunch_mcp/tools/find_references.py
 M src/jcodemunch_mcp/tools/get_blast_radius.py
 M src/jcodemunch_mcp/tools/get_churn_rate.py
 M src/jcodemunch_mcp/tools/get_file_outline.py
 M src/jcodemunch_mcp/tools/get_file_risk.py
 M src/jcodemunch_mcp/tools/get_file_tree.py
 M src/jcodemunch_mcp/tools/get_symbol_complexity.py
 M src/jcodemunch_mcp/tools/get_symbol_provenance.py
 M src/jcodemunch_mcp/tools/search_symbols.py
?? tests/test_generation_safe_hybrid.py","{""cache_entry_mtime_after_warmup"": null, ""cache_get_calls"": 0, ""cache_get_debug"": [], ""cache_get_hits"": 0, ""cache_key_present_after_warmup"": false, ""cache_policy"": ""cold"", ""cached_symbols_loaded_after_warmup"": true, ""hydration_trace"": {""lazy_ensure_calls"": 0, ""lazy_full_materializations"": 0, ""load_results"": [{""branch"": """", ""lazy_loaded_at_return"": false, ""repo"": ""local/fastapi-c1d6b9c4"", ""requested_hydration"": ""auto"", ""symbol_collection_type"": ""LazySymbolList""}], ""sparse_by_file_calls"": 0, ""sparse_by_files_calls"": 0, ""sparse_by_id_calls"": 1, ""sparse_by_name_calls"": 0}, ""mtime_after_measure"": 1785370852988741000, ""mtime_after_warmup"": 1785370852988741000, ""mtime_before_measure"": 1785370852988741000, ""mtime_before_warmup"": 1785370852988741000, ""process_cpu_ms"": 62.5, ""runtime_distribution_version"": ""1.108.199"", ""target_policy"": ""middle stride target"", ""unsafe_global_partial_control"": false, ""wal_after_measure"": false, ""wal_after_warmup"": false, ""worker_pid"": 44820}"
fastapi/fastapi,fastapi-c1d6b9c4,blast_radius_default,cold_generation_safe_hybrid_screen,get_blast_radius,all_files_target_symbols,baseline_full,3,"{""cross_repo"": false, ""repo"": ""local/fastapi-c1d6b9c4"", ""symbol"": ""docs_src/body_multiple_params/tutorial002_py310.py::User.username#field""}",1,2,13405,1191,14544896,161.7918,97.2623,60.11571661851837,1,685,331046912,331046912,0,1f5e6bfd72be254690bb7af552fac2f88d087a26b85174d5a76e0f99984b5544,95f8322ee1dcda7ceace7b1c4f6c9915b36d748f,2026-07-29T20:20:52.765681,1.108.207,c2201a55b6e1b0ea38043c514ab7bc3a372bad13,3369b1fcd5b12fcb1473031ec74bda8cc200d8860a09caa310c06e9f3ea8bf88,,1,wt-1.108.207,e3b0c44298fc1c149afbf4c8996fb92427ae41e4649b934ca495991b7852b855,,"{""cache_entry_mtime_after_warmup"": 1785370852988741000, ""cache_get_calls"": 1, ""cache_get_debug"": [{""branch"": """", ""entry_mtime"": null, ""entry_present"": false, ""hit"": false, ""mtime_equal"": false, ""name"": ""fastapi-c1d6b9c4"", ""owner"": ""local"", ""requested_mtime"": 1785569498813732700}], ""cache_get_hits"": 0, ""cache_key_present_after_warmup"": true, ""cache_policy"": ""cold"", ""cached_symbols_loaded_after_warmup"": true, ""hydration_trace"": {""lazy_ensure_calls"": 0, ""lazy_full_materializations"": 0, ""load_results"": [{""branch"": """", ""lazy_loaded_at_return"": null, ""repo"": ""local/fastapi-c1d6b9c4"", ""requested_hydration"": ""auto"", ""symbol_collection_type"": ""list""}], ""sparse_by_file_calls"": 0, ""sparse_by_files_calls"": 0, ""sparse_by_id_calls"": 0, ""sparse_by_name_calls"": 0}, ""mtime_after_measure"": 1785569498983869900, ""mtime_after_warmup"": 1785569498813732700, ""mtime_before_measure"": 1785569498813732700, ""mtime_before_warmup"": 1785370852988741000, ""process_cpu_ms"": 156.25, ""runtime_distribution_version"": ""1.108.199"", ""target_policy"": ""middle stride target"", ""unsafe_global_partial_control"": false, ""wal_after_measure"": true, ""wal_after_warmup"": true, ""worker_pid"": 49336}"
fastapi/fastapi,fastapi-c1d6b9c4,blast_radius_source,cold_generation_safe_hybrid_screen,get_blast_radius,blast_enrichment,baseline_full,3,"{""cross_repo"": false, ""include_source"": true, ""repo"": ""local/fastapi-c1d6b9c4"", ""source_budget"": 1000, ""symbol"": ""docs_src/body_multiple_params/tutorial002_py310.py::User.username#field""}",1,1,13405,1191,14544896,160.8759,96.9253,60.248489674339034,1,685,331046912,331046912,0,1f5e6bfd72be254690bb7af552fac2f88d087a26b85174d5a76e0f99984b5544,95f8322ee1dcda7ceace7b1c4f6c9915b36d748f,2026-07-29T20:20:52.765681,1.108.207,c2201a55b6e1b0ea38043c514ab7bc3a372bad13,3369b1fcd5b12fcb1473031ec74bda8cc200d8860a09caa310c06e9f3ea8bf88,,1,wt-1.108.207,e3b0c44298fc1c149afbf4c8996fb92427ae41e4649b934ca495991b7852b855,,"{""cache_entry_mtime_after_warmup"": 1785370852988741000, ""cache_get_calls"": 1, ""cache_get_debug"": [{""branch"": """", ""entry_mtime"": null, ""entry_present"": false, ""hit"": false, ""mtime_equal"": false, ""name"": ""fastapi-c1d6b9c4"", ""owner"": ""local"", ""requested_mtime"": 1785569499177100800}], ""cache_get_hits"": 0, ""cache_key_present_after_warmup"": true, ""cache_policy"": ""cold"", ""cached_symbols_loaded_after_warmup"": true, ""hydration_trace"": {""lazy_ensure_calls"": 0, ""lazy_full_materializations"": 0, ""load_results"": [{""branch"": """", ""lazy_loaded_at_return"": null, ""repo"": ""local/fastapi-c1d6b9c4"", ""requested_hydration"": ""auto"", ""symbol_collection_type"": ""list""}], ""sparse_by_file_calls"": 0, ""sparse_by_files_calls"": 0, ""sparse_by_id_calls"": 0, ""sparse_by_name_calls"": 0}, ""mtime_after_measure"": 1785569499345327300, ""mtime_after_warmup"": 1785569499177100800, ""mtime_before_measure"": 1785569499177100800, ""mtime_before_warmup"": 1785569498983869900, ""process_cpu_ms"": 156.25, ""runtime_distribution_version"": ""1.108.199"", ""target_policy"": ""middle stride target"", ""unsafe_global_partial_control"": false, ""wal_after_measure"": true, ""wal_after_warmup"": true, ""worker_pid"": 49336}"
fastapi/fastapi,fastapi-c1d6b9c4,blast_radius_source,cold_generation_safe_hybrid_screen,get_blast_radius,blast_enrichment,generation_safe_hybrid,3,"{""cross_repo"": false, ""include_source"": true, ""repo"": ""local/fastapi-c1d6b9c4"", ""source_budget"": 1000, ""symbol"": ""docs_src/body_multiple_params/tutorial002_py310.py::User.username#field""}",1,2,13405,1191,14544896,71.6624,5.8265,8.130484047422359,1,684,137895936,137895936,0,1f5e6bfd72be254690bb7af552fac2f88d087a26b85174d5a76e0f99984b5544,95f8322ee1dcda7ceace7b1c4f6c9915b36d748f,2026-07-29T20:20:52.765681,1.108.207,c2201a55b6e1b0ea38043c514ab7bc3a372bad13,3369b1fcd5b12fcb1473031ec74bda8cc200d8860a09caa310c06e9f3ea8bf88,,1,wt-generation-safe-hybrid,87f0ef27d476ad303a854c40a984e645bf1074ff2207c8d112c741447dbbfcb2,"M src/jcodemunch_mcp/server.py
 M src/jcodemunch_mcp/storage/index_store.py
 M src/jcodemunch_mcp/storage/sqlite_store.py
 M src/jcodemunch_mcp/tools/check_references.py
 M src/jcodemunch_mcp/tools/find_references.py
 M src/jcodemunch_mcp/tools/get_blast_radius.py
 M src/jcodemunch_mcp/tools/get_churn_rate.py
 M src/jcodemunch_mcp/tools/get_file_outline.py
 M src/jcodemunch_mcp/tools/get_file_risk.py
 M src/jcodemunch_mcp/tools/get_file_tree.py
 M src/jcodemunch_mcp/tools/get_symbol_complexity.py
 M src/jcodemunch_mcp/tools/get_symbol_provenance.py
 M src/jcodemunch_mcp/tools/search_symbols.py
?? tests/test_generation_safe_hybrid.py","{""cache_entry_mtime_after_warmup"": null, ""cache_get_calls"": 0, ""cache_get_debug"": [], ""cache_get_hits"": 0, ""cache_key_present_after_warmup"": false, ""cache_policy"": ""cold"", ""cached_symbols_loaded_after_warmup"": true, ""hydration_trace"": {""lazy_ensure_calls"": 0, ""lazy_full_materializations"": 0, ""load_results"": [{""branch"": """", ""lazy_loaded_at_return"": false, ""repo"": ""local/fastapi-c1d6b9c4"", ""requested_hydration"": ""auto"", ""symbol_collection_type"": ""LazySymbolList""}], ""sparse_by_file_calls"": 0, ""sparse_by_files_calls"": 0, ""sparse_by_id_calls"": 1, ""sparse_by_name_calls"": 0}, ""mtime_after_measure"": 1785370852988741000, ""mtime_after_warmup"": 1785370852988741000, ""mtime_before_measure"": 1785370852988741000, ""mtime_before_warmup"": 1785569499345327300, ""process_cpu_ms"": 78.125, ""runtime_distribution_version"": ""1.108.199"", ""target_policy"": ""middle stride target"", ""unsafe_global_partial_control"": false, ""wal_after_measure"": false, ""wal_after_warmup"": false, ""worker_pid"": 44820}"
fastapi/fastapi,fastapi-c1d6b9c4,delivery_metrics,cold_generation_safe_hybrid_screen,get_delivery_metrics,metadata,generation_safe_hybrid,3,"{""repo"": ""local/fastapi-c1d6b9c4"", ""window_days"": 90}",1,1,13405,1191,14544896,46.5016,7.2679,15.629354688870919,1,738,139780096,139911168,131072,220719a1364104f742bef559af8d15209d5250b949c6e170dc1f2c54bef536cb,95f8322ee1dcda7ceace7b1c4f6c9915b36d748f,2026-07-29T20:20:52.765681,1.108.207,c2201a55b6e1b0ea38043c514ab7bc3a372bad13,3369b1fcd5b12fcb1473031ec74bda8cc200d8860a09caa310c06e9f3ea8bf88,,1,wt-generation-safe-hybrid,87f0ef27d476ad303a854c40a984e645bf1074ff2207c8d112c741447dbbfcb2,"M src/jcodemunch_mcp/server.py
 M src/jcodemunch_mcp/storage/index_store.py
 M src/jcodemunch_mcp/storage/sqlite_store.py
 M src/jcodemunch_mcp/tools/check_references.py
 M src/jcodemunch_mcp/tools/find_references.py
 M src/jcodemunch_mcp/tools/get_blast_radius.py
 M src/jcodemunch_mcp/tools/get_churn_rate.py
 M src/jcodemunch_mcp/tools/get_file_outline.py
 M src/jcodemunch_mcp/tools/get_file_risk.py
 M src/jcodemunch_mcp/tools/get_file_tree.py
 M src/jcodemunch_mcp/tools/get_symbol_complexity.py
 M src/jcodemunch_mcp/tools/get_symbol_provenance.py
 M src/jcodemunch_mcp/tools/search_symbols.py
?? tests/test_generation_safe_hybrid.py","{""cache_entry_mtime_after_warmup"": null, ""cache_get_calls"": 0, ""cache_get_debug"": [], ""cache_get_hits"": 0, ""cache_key_present_after_warmup"": false, ""cache_policy"": ""cold"", ""cached_symbols_loaded_after_warmup"": true, ""hydration_trace"": {""lazy_ensure_calls"": 0, ""lazy_full_materializations"": 0, ""load_results"": [{""branch"": """", ""lazy_loaded_at_return"": false, ""repo"": ""local/fastapi-c1d6b9c4"", ""requested_hydration"": ""auto"", ""symbol_collection_type"": ""LazySymbolList""}], ""sparse_by_file_calls"": 0, ""sparse_by_files_calls"": 0, ""sparse_by_id_calls"": 0, ""sparse_by_name_calls"": 0}, ""mtime_after_measure"": 1785370852988741000, ""mtime_after_warmup"": 1785370852988741000, ""mtime_before_measure"": 1785370852988741000, ""mtime_before_warmup"": 1785370852988741000, ""process_cpu_ms"": 15.625, ""runtime_distribution_version"": ""1.108.199"", ""target_policy"": ""middle stride target"", ""unsafe_global_partial_control"": false, ""wal_after_measure"": false, ""wal_after_warmup"": false, ""worker_pid"": 44820}"
fastapi/fastapi,fastapi-c1d6b9c4,delivery_metrics,cold_generation_safe_hybrid_screen,get_delivery_metrics,metadata,baseline_full,3,"{""repo"": ""local/fastapi-c1d6b9c4"", ""window_days"": 90}",1,2,13405,1191,14544896,189.2758,98.8025,52.20028128265737,1,739,331599872,332156928,557056,220719a1364104f742bef559af8d15209d5250b949c6e170dc1f2c54bef536cb,95f8322ee1dcda7ceace7b1c4f6c9915b36d748f,2026-07-29T20:20:52.765681,1.108.207,c2201a55b6e1b0ea38043c514ab7bc3a372bad13,3369b1fcd5b12fcb1473031ec74bda8cc200d8860a09caa310c06e9f3ea8bf88,,1,wt-1.108.207,e3b0c44298fc1c149afbf4c8996fb92427ae41e4649b934ca495991b7852b855,,"{""cache_entry_mtime_after_warmup"": 1785370852988741000, ""cache_get_calls"": 1, ""cache_get_debug"": [{""branch"": """", ""entry_mtime"": null, ""entry_present"": false, ""hit"": false, ""mtime_equal"": false, ""name"": ""fastapi-c1d6b9c4"", ""owner"": ""local"", ""requested_mtime"": 1785370852988741000}], ""cache_get_hits"": 0, ""cache_key_present_after_warmup"": true, ""cache_policy"": ""cold"", ""cached_symbols_loaded_after_warmup"": true, ""hydration_trace"": {""lazy_ensure_calls"": 0, ""lazy_full_materializations"": 0, ""load_results"": [{""branch"": """", ""lazy_loaded_at_return"": null, ""repo"": ""local/fastapi-c1d6b9c4"", ""requested_hydration"": ""auto"", ""symbol_collection_type"": ""list""}], ""sparse_by_file_calls"": 0, ""sparse_by_files_calls"": 0, ""sparse_by_id_calls"": 0, ""sparse_by_name_calls"": 0}, ""mtime_after_measure"": 1785370852988741000, ""mtime_after_warmup"": 1785370852988741000, ""mtime_before_measure"": 1785370852988741000, ""mtime_before_warmup"": 1785370852988741000, ""process_cpu_ms"": 140.625, ""runtime_distribution_version"": ""1.108.199"", ""target_policy"": ""middle stride target"", ""unsafe_global_partial_control"": false, ""wal_after_measure"": false, ""wal_after_warmup"": false, ""worker_pid"": 49336}"
fastapi/fastapi,fastapi-c1d6b9c4,list_workspaces,cold_generation_safe_hybrid_screen,list_workspaces,metadata,baseline_full,3,"{""repo"": ""local/fastapi-c1d6b9c4""}",1,1,13405,1191,14544896,96.8644,95.6241,98.71955021659143,1,297,332156928,332156928,0,6fa479c2e8ef55693d3eb2084b7f6f4bc000a44a08f104eae639410e11d56283,95f8322ee1dcda7ceace7b1c4f6c9915b36d748f,2026-07-29T20:20:52.765681,1.108.207,c2201a55b6e1b0ea38043c514ab7bc3a372bad13,3369b1fcd5b12fcb1473031ec74bda8cc200d8860a09caa310c06e9f3ea8bf88,,1,wt-1.108.207,e3b0c44298fc1c149afbf4c8996fb92427ae41e4649b934ca495991b7852b855,,"{""cache_entry_mtime_after_warmup"": 1785370852988741000, ""cache_get_calls"": 1, ""cache_get_debug"": [{""branch"": """", ""entry_mtime"": null, ""entry_present"": false, ""hit"": false, ""mtime_equal"": false, ""name"": ""fastapi-c1d6b9c4"", ""owner"": ""local"", ""requested_mtime"": 1785370852988741000}], ""cache_get_hits"": 0, ""cache_key_present_after_warmup"": true, ""cache_policy"": ""cold"", ""cached_symbols_loaded_after_warmup"": true, ""hydration_trace"": {""lazy_ensure_calls"": 0, ""lazy_full_materializations"": 0, ""load_results"": [{""branch"": """", ""lazy_loaded_at_return"": null, ""repo"": ""local/fastapi-c1d6b9c4"", ""requested_hydration"": ""auto"", ""symbol_collection_type"": ""list""}], ""sparse_by_file_calls"": 0, ""sparse_by_files_calls"": 0, ""sparse_by_id_calls"": 0, ""sparse_by_name_calls"": 0}, ""mtime_after_measure"": 1785370852988741000, ""mtime_after_warmup"": 1785370852988741000, ""mtime_before_measure"": 1785370852988741000, ""mtime_before_warmup"": 1785370852988741000, ""process_cpu_ms"": 109.375, ""runtime_distribution_version"": ""1.108.199"", ""target_policy"": ""middle stride target"", ""unsafe_global_partial_control"": false, ""wal_after_measure"": false, ""wal_after_warmup"": false, ""worker_pid"": 49336}"
fastapi/fastapi,fastapi-c1d6b9c4,list_workspaces,cold_generation_safe_hybrid_screen,list_workspaces,metadata,generation_safe_hybrid,3,"{""repo"": ""local/fastapi-c1d6b9c4""}",1,2,13405,1191,14544896,8.2837,6.919,83.52547774545191,1,296,137830400,137990144,159744,6fa479c2e8ef55693d3eb2084b7f6f4bc000a44a08f104eae639410e11d56283,95f8322ee1dcda7ceace7b1c4f6c9915b36d748f,2026-07-29T20:20:52.765681,1.108.207,c2201a55b6e1b0ea38043c514ab7bc3a372bad13,3369b1fcd5b12fcb1473031ec74bda8cc200d8860a09caa310c06e9f3ea8bf88,,1,wt-generation-safe-hybrid,87f0ef27d476ad303a854c40a984e645bf1074ff2207c8d112c741447dbbfcb2,"M src/jcodemunch_mcp/server.py
 M src/jcodemunch_mcp/storage/index_store.py
 M src/jcodemunch_mcp/storage/sqlite_store.py
 M src/jcodemunch_mcp/tools/check_references.py
 M src/jcodemunch_mcp/tools/find_references.py
 M src/jcodemunch_mcp/tools/get_blast_radius.py
 M src/jcodemunch_mcp/tools/get_churn_rate.py
 M src/jcodemunch_mcp/tools/get_file_outline.py
 M src/jcodemunch_mcp/tools/get_file_risk.py
 M src/jcodemunch_mcp/tools/get_file_tree.py
 M src/jcodemunch_mcp/tools/get_symbol_complexity.py
 M src/jcodemunch_mcp/tools/get_symbol_provenance.py
 M src/jcodemunch_mcp/tools/search_symbols.py
?? tests/test_generation_safe_hybrid.py","{""cache_entry_mtime_after_warmup"": null, ""cache_get_calls"": 0, ""cache_get_debug"": [], ""cache_get_hits"": 0, ""cache_key_present_after_warmup"": false, ""cache_policy"": ""cold"", ""cached_symbols_loaded_after_warmup"": true, ""hydration_trace"": {""lazy_ensure_calls"": 0, ""lazy_full_materializations"": 0, ""load_results"": [{""branch"": """", ""lazy_loaded_at_return"": false, ""repo"": ""local/fastapi-c1d6b9c4"", ""requested_hydration"": ""auto"", ""symbol_collection_type"": ""LazySymbolList""}], ""sparse_by_file_calls"": 0, ""sparse_by_files_calls"": 0, ""sparse_by_id_calls"": 0, ""sparse_by_name_calls"": 0}, ""mtime_after_measure"": 1785370852988741000, ""mtime_after_warmup"": 1785370852988741000, ""mtime_before_measure"": 1785370852988741000, ""mtime_before_warmup"": 1785370852988741000, ""process_cpu_ms"": 15.625, ""runtime_distribution_version"": ""1.108.199"", ""target_policy"": ""middle stride target"", ""unsafe_global_partial_control"": false, ""wal_after_measure"": false, ""wal_after_warmup"": false, ""worker_pid"": 44820}"
fastapi/fastapi,fastapi-c1d6b9c4,search_text,cold_generation_safe_hybrid_screen,search_text,all_files,generation_safe_hybrid,3,"{""max_results"": 20, ""query"": ""username"", ""repo"": ""local/fastapi-c1d6b9c4""}",1,1,13405,1191,14544896,29.576,5.897,19.938463619150664,1,2650,138088448,138113024,24576,4ad33d122a2072139a78b0a4a11d09fbb67069d8ff1153c919047d79d9091ca1,95f8322ee1dcda7ceace7b1c4f6c9915b36d748f,2026-07-29T20:20:52.765681,1.108.207,c2201a55b6e1b0ea38043c514ab7bc3a372bad13,3369b1fcd5b12fcb1473031ec74bda8cc200d8860a09caa310c06e9f3ea8bf88,,1,wt-generation-safe-hybrid,87f0ef27d476ad303a854c40a984e645bf1074ff2207c8d112c741447dbbfcb2,"M src/jcodemunch_mcp/server.py
 M src/jcodemunch_mcp/storage/index_store.py
 M src/jcodemunch_mcp/storage/sqlite_store.py
 M src/jcodemunch_mcp/tools/check_references.py
 M src/jcodemunch_mcp/tools/find_references.py
 M src/jcodemunch_mcp/tools/get_blast_radius.py
 M src/jcodemunch_mcp/tools/get_churn_rate.py
 M src/jcodemunch_mcp/tools/get_file_outline.py
 M src/jcodemunch_mcp/tools/get_file_risk.py
 M src/jcodemunch_mcp/tools/get_file_tree.py
 M src/jcodemunch_mcp/tools/get_symbol_complexity.py
 M src/jcodemunch_mcp/tools/get_symbol_provenance.py
 M src/jcodemunch_mcp/tools/search_symbols.py
?? tests/test_generation_safe_hybrid.py","{""cache_entry_mtime_after_warmup"": null, ""cache_get_calls"": 0, ""cache_get_debug"": [], ""cache_get_hits"": 0, ""cache_key_present_after_warmup"": false, ""cache_policy"": ""cold"", ""cached_symbols_loaded_after_warmup"": true, ""hydration_trace"": {""lazy_ensure_calls"": 0, ""lazy_full_materializations"": 0, ""load_results"": [{""branch"": """", ""lazy_loaded_at_return"": false, ""repo"": ""local/fastapi-c1d6b9c4"", ""requested_hydration"": ""auto"", ""symbol_collection_type"": ""LazySymbolList""}], ""sparse_by_file_calls"": 0, ""sparse_by_files_calls"": 0, ""sparse_by_id_calls"": 0, ""sparse_by_name_calls"": 0}, ""mtime_after_measure"": 1785370852988741000, ""mtime_after_warmup"": 1785370852988741000, ""mtime_before_measure"": 1785370852988741000, ""mtime_before_warmup"": 1785370852988741000, ""process_cpu_ms"": 31.25, ""runtime_distribution_version"": ""1.108.199"", ""target_policy"": ""middle stride target"", ""unsafe_global_partial_control"": false, ""wal_after_measure"": false, ""wal_after_warmup"": false, ""worker_pid"": 44820}"
fastapi/fastapi,fastapi-c1d6b9c4,search_text,cold_generation_safe_hybrid_screen,search_text,all_files,baseline_full,3,"{""max_results"": 20, ""query"": ""username"", ""repo"": ""local/fastapi-c1d6b9c4""}",1,2,13405,1191,14544896,122.0047,98.2513,80.53075004487532,1,2651,332156928,332156928,0,4ad33d122a2072139a78b0a4a11d09fbb67069d8ff1153c919047d79d9091ca1,95f8322ee1dcda7ceace7b1c4f6c9915b36d748f,2026-07-29T20:20:52.765681,1.108.207,c2201a55b6e1b0ea38043c514ab7bc3a372bad13,3369b1fcd5b12fcb1473031ec74bda8cc200d8860a09caa310c06e9f3ea8bf88,,1,wt-1.108.207,e3b0c44298fc1c149afbf4c8996fb92427ae41e4649b934ca495991b7852b855,,"{""cache_entry_mtime_after_warmup"": 1785370852988741000, ""cache_get_calls"": 1, ""cache_get_debug"": [{""branch"": """", ""entry_mtime"": null, ""entry_present"": false, ""hit"": false, ""mtime_equal"": false, ""name"": ""fastapi-c1d6b9c4"", ""owner"": ""local"", ""requested_mtime"": 1785370852988741000}], ""cache_get_hits"": 0, ""cache_key_present_after_warmup"": true, ""cache_policy"": ""cold"", ""cached_symbols_loaded_after_warmup"": true, ""hydration_trace"": {""lazy_ensure_calls"": 0, ""lazy_full_materializations"": 0, ""load_results"": [{""branch"": """", ""lazy_loaded_at_return"": null, ""repo"": ""local/fastapi-c1d6b9c4"", ""requested_hydration"": ""auto"", ""symbol_collection_type"": ""list""}], ""sparse_by_file_calls"": 0, ""sparse_by_files_calls"": 0, ""sparse_by_id_calls"": 0, ""sparse_by_name_calls"": 0}, ""mtime_after_measure"": 1785370852988741000, ""mtime_after_warmup"": 1785370852988741000, ""mtime_before_measure"": 1785370852988741000, ""mtime_before_warmup"": 1785370852988741000, ""process_cpu_ms"": 125.0, ""runtime_distribution_version"": ""1.108.199"", ""target_policy"": ""middle stride target"", ""unsafe_global_partial_control"": false, ""wal_after_measure"": false, ""wal_after_warmup"": false, ""worker_pid"": 49336}"
fastapi/fastapi,fastapi-c1d6b9c4,coupling_metrics,cold_generation_safe_hybrid_screen,get_coupling_metrics,all_files,baseline_full,3,"{""module_path"": ""scripts/topic_repos.py"", ""repo"": ""local/fastapi-c1d6b9c4""}",1,1,13405,1191,14544896,158.241,95.4088,60.29335001674661,1,261,332156928,332156928,0,9de827c72ec773e04a9c049079bbf258665fde50fe547b3ddc46945550585646,95f8322ee1dcda7ceace7b1c4f6c9915b36d748f,2026-07-29T20:20:52.765681,1.108.207,c2201a55b6e1b0ea38043c514ab7bc3a372bad13,3369b1fcd5b12fcb1473031ec74bda8cc200d8860a09caa310c06e9f3ea8bf88,,1,wt-1.108.207,e3b0c44298fc1c149afbf4c8996fb92427ae41e4649b934ca495991b7852b855,,"{""cache_entry_mtime_after_warmup"": 1785370852988741000, ""cache_get_calls"": 1, ""cache_get_debug"": [{""branch"": """", ""entry_mtime"": null, ""entry_present"": false, ""hit"": false, ""mtime_equal"": false, ""name"": ""fastapi-c1d6b9c4"", ""owner"": ""local"", ""requested_mtime"": 1785370852988741000}], ""cache_get_hits"": 0, ""cache_key_present_after_warmup"": true, ""cache_policy"": ""cold"", ""cached_symbols_loaded_after_warmup"": true, ""hydration_trace"": {""lazy_ensure_calls"": 0, ""lazy_full_materializations"": 0, ""load_results"": [{""branch"": """", ""lazy_loaded_at_return"": null, ""repo"": ""local/fastapi-c1d6b9c4"", ""requested_hydration"": ""auto"", ""symbol_collection_type"": ""list""}], ""sparse_by_file_calls"": 0, ""sparse_by_files_calls"": 0, ""sparse_by_id_calls"": 0, ""sparse_by_name_calls"": 0}, ""mtime_after_measure"": 1785370852988741000, ""mtime_after_warmup"": 1785370852988741000, ""mtime_before_measure"": 1785370852988741000, ""mtime_before_warmup"": 1785370852988741000, ""process_cpu_ms"": 171.875, ""runtime_distribution_version"": ""1.108.199"", ""target_policy"": ""middle stride target"", ""unsafe_global_partial_control"": false, ""wal_after_measure"": false, ""wal_after_warmup"": false, ""worker_pid"": 49336}"
fastapi/fastapi,fastapi-c1d6b9c4,coupling_metrics,cold_generation_safe_hybrid_screen,get_coupling_metrics,all_files,generation_safe_hybrid,3,"{""module_path"": ""scripts/topic_repos.py"", ""repo"": ""local/fastapi-c1d6b9c4""}",1,2,13405,1191,14544896,69.1899,5.7841,8.359746147920434,1,260,138158080,138158080,0,9de827c72ec773e04a9c049079bbf258665fde50fe547b3ddc46945550585646,95f8322ee1dcda7ceace7b1c4f6c9915b36d748f,2026-07-29T20:20:52.765681,1.108.207,c2201a55b6e1b0ea38043c514ab7bc3a372bad13,3369b1fcd5b12fcb1473031ec74bda8cc200d8860a09caa310c06e9f3ea8bf88,,1,wt-generation-safe-hybrid,87f0ef27d476ad303a854c40a984e645bf1074ff2207c8d112c741447dbbfcb2,"M src/jcodemunch_mcp/server.py
 M src/jcodemunch_mcp/storage/index_store.py
 M src/jcodemunch_mcp/storage/sqlite_store.py
 M src/jcodemunch_mcp/tools/check_references.py
 M src/jcodemunch_mcp/tools/find_references.py
 M src/jcodemunch_mcp/tools/get_blast_radius.py
 M src/jcodemunch_mcp/tools/get_churn_rate.py
 M src/jcodemunch_mcp/tools/get_file_outline.py
 M src/jcodemunch_mcp/tools/get_file_risk.py
 M src/jcodemunch_mcp/tools/get_file_tree.py
 M src/jcodemunch_mcp/tools/get_symbol_complexity.py
 M src/jcodemunch_mcp/tools/get_symbol_provenance.py
 M src/jcodemunch_mcp/tools/search_symbols.py
?? tests/test_generation_safe_hybrid.py","{""cache_entry_mtime_after_warmup"": null, ""cache_get_calls"": 0, ""cache_get_debug"": [], ""cache_get_hits"": 0, ""cache_key_present_after_warmup"": false, ""cache_policy"": ""cold"", ""cached_symbols_loaded_after_warmup"": true, ""hydration_trace"": {""lazy_ensure_calls"": 0, ""lazy_full_materializations"": 0, ""load_results"": [{""branch"": """", ""lazy_loaded_at_return"": false, ""repo"": ""local/fastapi-c1d6b9c4"", ""requested_hydration"": ""auto"", ""symbol_collection_type"": ""LazySymbolList""}], ""sparse_by_file_calls"": 0, ""sparse_by_files_calls"": 0, ""sparse_by_id_calls"": 0, ""sparse_by_name_calls"": 0}, ""mtime_after_measure"": 1785370852988741000, ""mtime_after_warmup"": 1785370852988741000, ""mtime_before_measure"": 1785370852988741000, ""mtime_before_warmup"": 1785370852988741000, ""process_cpu_ms"": 78.125, ""runtime_distribution_version"": ""1.108.199"", ""target_policy"": ""middle stride target"", ""unsafe_global_partial_control"": false, ""wal_after_measure"": false, ""wal_after_warmup"": false, ""worker_pid"": 44820}"
fastapi/fastapi,fastapi-c1d6b9c4,dependency_cycles,cold_generation_safe_hybrid_screen,get_dependency_cycles,all_files,generation_safe_hybrid,3,"{""repo"": ""local/fastapi-c1d6b9c4""}",1,1,13405,1191,14544896,69.4779,5.5052,7.923670692407225,1,150,138170368,138170368,0,b4505d7c162d3d5d8dcc718e36432d7e00040ee0e9831ae8b966e2f16eeb55bb,95f8322ee1dcda7ceace7b1c4f6c9915b36d748f,2026-07-29T20:20:52.765681,1.108.207,c2201a55b6e1b0ea38043c514ab7bc3a372bad13,3369b1fcd5b12fcb1473031ec74bda8cc200d8860a09caa310c06e9f3ea8bf88,,1,wt-generation-safe-hybrid,87f0ef27d476ad303a854c40a984e645bf1074ff2207c8d112c741447dbbfcb2,"M src/jcodemunch_mcp/server.py
 M src/jcodemunch_mcp/storage/index_store.py
 M src/jcodemunch_mcp/storage/sqlite_store.py
 M src/jcodemunch_mcp/tools/check_references.py
 M src/jcodemunch_mcp/tools/find_references.py
 M src/jcodemunch_mcp/tools/get_blast_radius.py
 M src/jcodemunch_mcp/tools/get_churn_rate.py
 M src/jcodemunch_mcp/tools/get_file_outline.py
 M src/jcodemunch_mcp/tools/get_file_risk.py
 M src/jcodemunch_mcp/tools/get_file_tree.py
 M src/jcodemunch_mcp/tools/get_symbol_complexity.py
 M src/jcodemunch_mcp/tools/get_symbol_provenance.py
 M src/jcodemunch_mcp/tools/search_symbols.py
?? tests/test_generation_safe_hybrid.py","{""cache_entry_mtime_after_warmup"": null, ""cache_get_calls"": 0, ""cache_get_debug"": [], ""cache_get_hits"": 0, ""cache_key_present_after_warmup"": false, ""cache_policy"": ""cold"", ""cached_symbols_loaded_after_warmup"": true, ""hydration_trace"": {""lazy_ensure_calls"": 0, ""lazy_full_materializations"": 0, ""load_results"": [{""branch"": """", ""lazy_loaded_at_return"": false, ""repo"": ""local/fastapi-c1d6b9c4"", ""requested_hydration"": ""auto"", ""symbol_collection_type"": ""LazySymbolList""}], ""sparse_by_file_calls"": 0, ""sparse_by_files_calls"": 0, ""sparse_by_id_calls"": 0, ""sparse_by_name_calls"": 0}, ""mtime_after_measure"": 1785370852988741000, ""mtime_after_warmup"": 1785370852988741000, ""mtime_before_measure"": 1785370852988741000, ""mtime_before_warmup"": 1785370852988741000, ""process_cpu_ms"": 62.5, ""runtime_distribution_version"": ""1.108.199"", ""target_policy"": ""middle stride target"", ""unsafe_global_partial_control"": false, ""wal_after_measure"": false, ""wal_after_warmup"": false, ""worker_pid"": 44820}"
fastapi/fastapi,fastapi-c1d6b9c4,dependency_cycles,cold_generation_safe_hybrid_screen,get_dependency_cycles,all_files,baseline_full,3,"{""repo"": ""local/fastapi-c1d6b9c4""}",1,2,13405,1191,14544896,162.5675,98.4288,60.54641917972534,1,151,332156928,332156928,0,b4505d7c162d3d5d8dcc718e36432d7e00040ee0e9831ae8b966e2f16eeb55bb,95f8322ee1dcda7ceace7b1c4f6c9915b36d748f,2026-07-29T20:20:52.765681,1.108.207,c2201a55b6e1b0ea38043c514ab7bc3a372bad13,3369b1fcd5b12fcb1473031ec74bda8cc200d8860a09caa310c06e9f3ea8bf88,,1,wt-1.108.207,e3b0c44298fc1c149afbf4c8996fb92427ae41e4649b934ca495991b7852b855,,"{""cache_entry_mtime_after_warmup"": 1785370852988741000, ""cache_get_calls"": 1, ""cache_get_debug"": [{""branch"": """", ""entry_mtime"": null, ""entry_present"": false, ""hit"": false, ""mtime_equal"": false, ""name"": ""fastapi-c1d6b9c4"", ""owner"": ""local"", ""requested_mtime"": 1785370852988741000}], ""cache_get_hits"": 0, ""cache_key_present_after_warmup"": true, ""cache_policy"": ""cold"", ""cached_symbols_loaded_after_warmup"": true, ""hydration_trace"": {""lazy_ensure_calls"": 0, ""lazy_full_materializations"": 0, ""load_results"": [{""branch"": """", ""lazy_loaded_at_return"": null, ""repo"": ""local/fastapi-c1d6b9c4"", ""requested_hydration"": ""auto"", ""symbol_collection_type"": ""list""}], ""sparse_by_file_calls"": 0, ""sparse_by_files_calls"": 0, ""sparse_by_id_calls"": 0, ""sparse_by_name_calls"": 0}, ""mtime_after_measure"": 1785370852988741000, ""mtime_after_warmup"": 1785370852988741000, ""mtime_before_measure"": 1785370852988741000, ""mtime_before_warmup"": 1785370852988741000, ""process_cpu_ms"": 156.25, ""runtime_distribution_version"": ""1.108.199"", ""target_policy"": ""middle stride target"", ""unsafe_global_partial_control"": false, ""wal_after_measure"": false, ""wal_after_warmup"": false, ""worker_pid"": 49336}"
fastapi/fastapi,fastapi-c1d6b9c4,dependency_graph,cold_generation_safe_hybrid_screen,get_dependency_graph,all_files,baseline_full,3,"{""cross_repo"": false, ""depth"": 3, ""direction"": ""both"", ""file"": ""scripts/topic_repos.py"", ""repo"": ""local/fastapi-c1d6b9c4""}",1,1,13405,1191,14544896,160.8486,96.0121,59.690976483475765,1,354,332156928,332156928,0,3463b904a553193f6a229192b7126060b266d1db4fef83af59f3af899bc5ddc3,95f8322ee1dcda7ceace7b1c4f6c9915b36d748f,2026-07-29T20:20:52.765681,1.108.207,c2201a55b6e1b0ea38043c514ab7bc3a372bad13,3369b1fcd5b12fcb1473031ec74bda8cc200d8860a09caa310c06e9f3ea8bf88,,1,wt-1.108.207,e3b0c44298fc1c149afbf4c8996fb92427ae41e4649b934ca495991b7852b855,,"{""cache_entry_mtime_after_warmup"": 1785370852988741000, ""cache_get_calls"": 1, ""cache_get_debug"": [{""branch"": """", ""entry_mtime"": null, ""entry_present"": false, ""hit"": false, ""mtime_equal"": false, ""name"": ""fastapi-c1d6b9c4"", ""owner"": ""local"", ""requested_mtime"": 1785370852988741000}], ""cache_get_hits"": 0, ""cache_key_present_after_warmup"": true, ""cache_policy"": ""cold"", ""cached_symbols_loaded_after_warmup"": true, ""hydration_trace"": {""lazy_ensure_calls"": 0, ""lazy_full_materializations"": 0, ""load_results"": [{""branch"": """", ""lazy_loaded_at_return"": null, ""repo"": ""local/fastapi-c1d6b9c4"", ""requested_hydration"": ""auto"", ""symbol_collection_type"": ""list""}], ""sparse_by_file_calls"": 0, ""sparse_by_files_calls"": 0, ""sparse_by_id_calls"": 0, ""sparse_by_name_calls"": 0}, ""mtime_after_measure"": 1785370852988741000, ""mtime_after_warmup"": 1785370852988741000, ""mtime_before_measure"": 1785370852988741000, ""mtime_before_warmup"": 1785370852988741000, ""process_cpu_ms"": 171.875, ""runtime_distribution_version"": ""1.108.199"", ""target_policy"": ""middle stride target"", ""unsafe_global_partial_control"": false, ""wal_after_measure"": false, ""wal_after_warmup"": false, ""worker_pid"": 49336}"
fastapi/fastapi,fastapi-c1d6b9c4,dependency_graph,cold_generation_safe_hybrid_screen,get_dependency_graph,all_files,generation_safe_hybrid,3,"{""cross_repo"": false, ""depth"": 3, ""direction"": ""both"", ""file"": ""scripts/topic_repos.py"", ""repo"": ""local/fastapi-c1d6b9c4""}",1,2,13405,1191,14544896,69.93,5.6902,8.136994136994137,1,353,138231808,138358784,126976,3463b904a553193f6a229192b7126060b266d1db4fef83af59f3af899bc5ddc3,95f8322ee1dcda7ceace7b1c4f6c9915b36d748f,2026-07-29T20:20:52.765681,1.108.207,c2201a55b6e1b0ea38043c514ab7bc3a372bad13,3369b1fcd5b12fcb1473031ec74bda8cc200d8860a09caa310c06e9f3ea8bf88,,1,wt-generation-safe-hybrid,87f0ef27d476ad303a854c40a984e645bf1074ff2207c8d112c741447dbbfcb2,"M src/jcodemunch_mcp/server.py
 M src/jcodemunch_mcp/storage/index_store.py
 M src/jcodemunch_mcp/storage/sqlite_store.py
 M src/jcodemunch_mcp/tools/check_references.py
 M src/jcodemunch_mcp/tools/find_references.py
 M src/jcodemunch_mcp/tools/get_blast_radius.py
 M src/jcodemunch_mcp/tools/get_churn_rate.py
 M src/jcodemunch_mcp/tools/get_file_outline.py
 M src/jcodemunch_mcp/tools/get_file_risk.py
 M src/jcodemunch_mcp/tools/get_file_tree.py
 M src/jcodemunch_mcp/tools/get_symbol_complexity.py
 M src/jcodemunch_mcp/tools/get_symbol_provenance.py
 M src/jcodemunch_mcp/tools/search_symbols.py
?? tests/test_generation_safe_hybrid.py","{""cache_entry_mtime_after_warmup"": null, ""cache_get_calls"": 0, ""cache_get_debug"": [], ""cache_get_hits"": 0, ""cache_key_present_after_warmup"": false, ""cache_policy"": ""cold"", ""cached_symbols_loaded_after_warmup"": true, ""hydration_trace"": {""lazy_ensure_calls"": 0, ""lazy_full_materializations"": 0, ""load_results"": [{""branch"": """", ""lazy_loaded_at_return"": false, ""repo"": ""local/fastapi-c1d6b9c4"", ""requested_hydration"": ""auto"", ""symbol_collection_type"": ""LazySymbolList""}], ""sparse_by_file_calls"": 0, ""sparse_by_files_calls"": 0, ""sparse_by_id_calls"": 0, ""sparse_by_name_calls"": 0}, ""mtime_after_measure"": 1785370852988741000, ""mtime_after_warmup"": 1785370852988741000, ""mtime_before_measure"": 1785370852988741000, ""mtime_before_warmup"": 1785370852988741000, ""process_cpu_ms"": 78.125, ""runtime_distribution_version"": ""1.108.199"", ""target_policy"": ""middle stride target"", ""unsafe_global_partial_control"": false, ""wal_after_measure"": false, ""wal_after_warmup"": false, ""worker_pid"": 44820}"
fastapi/fastapi,fastapi-c1d6b9c4,cross_repo_map_filtered,cold_generation_safe_hybrid_screen,get_cross_repo_map,all_files,generation_safe_hybrid,3,"{""repo"": ""local/fastapi-c1d6b9c4""}",1,1,13405,1191,14544896,174.934,7.5937,4.340894280128506,1,256,137986048,138194944,208896,86aad90167654edd76a1d453f8bf12319f888a325f25c9cee593a55850d06f44,95f8322ee1dcda7ceace7b1c4f6c9915b36d748f,2026-07-29T20:20:52.765681,1.108.207,c2201a55b6e1b0ea38043c514ab7bc3a372bad13,3369b1fcd5b12fcb1473031ec74bda8cc200d8860a09caa310c06e9f3ea8bf88,,1,wt-generation-safe-hybrid,87f0ef27d476ad303a854c40a984e645bf1074ff2207c8d112c741447dbbfcb2,"M src/jcodemunch_mcp/server.py
 M src/jcodemunch_mcp/storage/index_store.py
 M src/jcodemunch_mcp/storage/sqlite_store.py
 M src/jcodemunch_mcp/tools/check_references.py
 M src/jcodemunch_mcp/tools/find_references.py
 M src/jcodemunch_mcp/tools/get_blast_radius.py
 M src/jcodemunch_mcp/tools/get_churn_rate.py
 M src/jcodemunch_mcp/tools/get_file_outline.py
 M src/jcodemunch_mcp/tools/get_file_risk.py
 M src/jcodemunch_mcp/tools/get_file_tree.py
 M src/jcodemunch_mcp/tools/get_symbol_complexity.py
 M src/jcodemunch_mcp/tools/get_symbol_provenance.py
 M src/jcodemunch_mcp/tools/search_symbols.py
?? tests/test_generation_safe_hybrid.py","{""cache_entry_mtime_after_warmup"": null, ""cache_get_calls"": 0, ""cache_get_debug"": [], ""cache_get_hits"": 0, ""cache_key_present_after_warmup"": false, ""cache_policy"": ""cold"", ""cached_symbols_loaded_after_warmup"": true, ""hydration_trace"": {""lazy_ensure_calls"": 0, ""lazy_full_materializations"": 0, ""load_results"": [{""branch"": """", ""lazy_loaded_at_return"": false, ""repo"": ""local/fastapi-c1d6b9c4"", ""requested_hydration"": ""auto"", ""symbol_collection_type"": ""LazySymbolList""}], ""sparse_by_file_calls"": 0, ""sparse_by_files_calls"": 0, ""sparse_by_id_calls"": 0, ""sparse_by_name_calls"": 0}, ""mtime_after_measure"": 1785370852988741000, ""mtime_after_warmup"": 1785370852988741000, ""mtime_before_measure"": 1785370852988741000, ""mtime_before_warmup"": 1785370852988741000, ""process_cpu_ms"": 171.875, ""runtime_distribution_version"": ""1.108.199"", ""target_policy"": ""middle stride target"", ""unsafe_global_partial_control"": false, ""wal_after_measure"": false, ""wal_after_warmup"": false, ""worker_pid"": 44820}"
fastapi/fastapi,fastapi-c1d6b9c4,cross_repo_map_filtered,cold_generation_safe_hybrid_screen,get_cross_repo_map,all_files,baseline_full,3,"{""repo"": ""local/fastapi-c1d6b9c4""}",1,2,13405,1191,14544896,270.6561,110.2158,40.7217129043092,1,256,333582336,335876096,2293760,86aad90167654edd76a1d453f8bf12319f888a325f25c9cee593a55850d06f44,95f8322ee1dcda7ceace7b1c4f6c9915b36d748f,2026-07-29T20:20:52.765681,1.108.207,c2201a55b6e1b0ea38043c514ab7bc3a372bad13,3369b1fcd5b12fcb1473031ec74bda8cc200d8860a09caa310c06e9f3ea8bf88,,1,wt-1.108.207,e3b0c44298fc1c149afbf4c8996fb92427ae41e4649b934ca495991b7852b855,,"{""cache_entry_mtime_after_warmup"": 1785370852988741000, ""cache_get_calls"": 1, ""cache_get_debug"": [{""branch"": """", ""entry_mtime"": null, ""entry_present"": false, ""hit"": false, ""mtime_equal"": false, ""name"": ""fastapi-c1d6b9c4"", ""owner"": ""local"", ""requested_mtime"": 1785370852988741000}], ""cache_get_hits"": 0, ""cache_key_present_after_warmup"": true, ""cache_policy"": ""cold"", ""cached_symbols_loaded_after_warmup"": true, ""hydration_trace"": {""lazy_ensure_calls"": 0, ""lazy_full_materializations"": 0, ""load_results"": [{""branch"": """", ""lazy_loaded_at_return"": null, ""repo"": ""local/fastapi-c1d6b9c4"", ""requested_hydration"": ""auto"", ""symbol_collection_type"": ""list""}], ""sparse_by_file_calls"": 0, ""sparse_by_files_calls"": 0, ""sparse_by_id_calls"": 0, ""sparse_by_name_calls"": 0}, ""mtime_after_measure"": 1785370852988741000, ""mtime_after_warmup"": 1785370852988741000, ""mtime_before_measure"": 1785370852988741000, ""mtime_before_warmup"": 1785370852988741000, ""process_cpu_ms"": 265.625, ""runtime_distribution_version"": ""1.108.199"", ""target_policy"": ""middle stride target"", ""unsafe_global_partial_control"": false, ""wal_after_measure"": false, ""wal_after_warmup"": false, ""worker_pid"": 49336}"
fastapi/fastapi,fastapi-c1d6b9c4,layer_violations,cold_generation_safe_hybrid_screen,get_layer_violations,all_files,baseline_full,3,"{""repo"": ""local/fastapi-c1d6b9c4"", ""rules"": [{""may_not_import"": [], ""name"": ""all"", ""paths"": [""**/*""]}]}",1,1,13405,1191,14544896,164.0344,99.93,60.92014845666519,1,177,335876096,335880192,4096,5c36761a6c95a8e97f7a1af512de247d3958eb621c02382e98587f3f6fb7e02d,95f8322ee1dcda7ceace7b1c4f6c9915b36d748f,2026-07-29T20:20:52.765681,1.108.207,c2201a55b6e1b0ea38043c514ab7bc3a372bad13,3369b1fcd5b12fcb1473031ec74bda8cc200d8860a09caa310c06e9f3ea8bf88,,1,wt-1.108.207,e3b0c44298fc1c149afbf4c8996fb92427ae41e4649b934ca495991b7852b855,,"{""cache_entry_mtime_after_warmup"": 1785370852988741000, ""cache_get_calls"": 1, ""cache_get_debug"": [{""branch"": """", ""entry_mtime"": null, ""entry_present"": false, ""hit"": false, ""mtime_equal"": false, ""name"": ""fastapi-c1d6b9c4"", ""owner"": ""local"", ""requested_mtime"": 1785370852988741000}], ""cache_get_hits"": 0, ""cache_key_present_after_warmup"": true, ""cache_policy"": ""cold"", ""cached_symbols_loaded_after_warmup"": true, ""hydration_trace"": {""lazy_ensure_calls"": 0, ""lazy_full_materializations"": 0, ""load_results"": [{""branch"": """", ""lazy_loaded_at_return"": null, ""repo"": ""local/fastapi-c1d6b9c4"", ""requested_hydration"": ""auto"", ""symbol_collection_type"": ""list""}], ""sparse_by_file_calls"": 0, ""sparse_by_files_calls"": 0, ""sparse_by_id_calls"": 0, ""sparse_by_name_calls"": 0}, ""mtime_after_measure"": 1785370852988741000, ""mtime_after_warmup"": 1785370852988741000, ""mtime_before_measure"": 1785370852988741000, ""mtime_before_warmup"": 1785370852988741000, ""process_cpu_ms"": 156.25, ""runtime_distribution_version"": ""1.108.199"", ""target_policy"": ""middle stride target"", ""unsafe_global_partial_control"": false, ""wal_after_measure"": false, ""wal_after_warmup"": false, ""worker_pid"": 49336}"
fastapi/fastapi,fastapi-c1d6b9c4,layer_violations,cold_generation_safe_hybrid_screen,get_layer_violations,all_files,generation_safe_hybrid,3,"{""repo"": ""local/fastapi-c1d6b9c4"", ""rules"": [{""may_not_import"": [], ""name"": ""all"", ""paths"": [""**/*""]}]}",1,2,13405,1191,14544896,69.6586,5.6891,8.167117915088731,1,176,138231808,138285056,53248,5c36761a6c95a8e97f7a1af512de247d3958eb621c02382e98587f3f6fb7e02d,95f8322ee1dcda7ceace7b1c4f6c9915b36d748f,2026-07-29T20:20:52.765681,1.108.207,c2201a55b6e1b0ea38043c514ab7bc3a372bad13,3369b1fcd5b12fcb1473031ec74bda8cc200d8860a09caa310c06e9f3ea8bf88,,1,wt-generation-safe-hybrid,87f0ef27d476ad303a854c40a984e645bf1074ff2207c8d112c741447dbbfcb2,"M src/jcodemunch_mcp/server.py
 M src/jcodemunch_mcp/storage/index_store.py
 M src/jcodemunch_mcp/storage/sqlite_store.py
 M src/jcodemunch_mcp/tools/check_references.py
 M src/jcodemunch_mcp/tools/find_references.py
 M src/jcodemunch_mcp/tools/get_blast_radius.py
 M src/jcodemunch_mcp/tools/get_churn_rate.py
 M src/jcodemunch_mcp/tools/get_file_outline.py
 M src/jcodemunch_mcp/tools/get_file_risk.py
 M src/jcodemunch_mcp/tools/get_file_tree.py
 M src/jcodemunch_mcp/tools/get_symbol_complexity.py
 M src/jcodemunch_mcp/tools/get_symbol_provenance.py
 M src/jcodemunch_mcp/tools/search_symbols.py
?? tests/test_generation_safe_hybrid.py","{""cache_entry_mtime_after_warmup"": null, ""cache_get_calls"": 0, ""cache_get_debug"": [], ""cache_get_hits"": 0, ""cache_key_present_after_warmup"": false, ""cache_policy"": ""cold"", ""cached_symbols_loaded_after_warmup"": true, ""hydration_trace"": {""lazy_ensure_calls"": 0, ""lazy_full_materializations"": 0, ""load_results"": [{""branch"": """", ""lazy_loaded_at_return"": false, ""repo"": ""local/fastapi-c1d6b9c4"", ""requested_hydration"": ""auto"", ""symbol_collection_type"": ""LazySymbolList""}], ""sparse_by_file_calls"": 0, ""sparse_by_files_calls"": 0, ""sparse_by_id_calls"": 0, ""sparse_by_name_calls"": 0}, ""mtime_after_measure"": 1785370852988741000, ""mtime_after_warmup"": 1785370852988741000, ""mtime_before_measure"": 1785370852988741000, ""mtime_before_warmup"": 1785370852988741000, ""process_cpu_ms"": 78.125, ""runtime_distribution_version"": ""1.108.199"", ""target_policy"": ""middle stride target"", ""unsafe_global_partial_control"": false, ""wal_after_measure"": false, ""wal_after_warmup"": false, ""worker_pid"": 44820}"
fastapi/fastapi,fastapi-c1d6b9c4,file_tree_prefix,cold_generation_safe_hybrid_screen,get_file_tree,prefix_files,generation_safe_hybrid,3,"{""include_summaries"": true, ""path_prefix"": ""scripts"", ""repo"": ""local/fastapi-c1d6b9c4""}",1,1,13405,1191,14544896,10.1999,5.4988,53.91033245423975,1,9540,138301440,138371072,69632,a628d5014c609ce382bba836d4e6f7382d983f307f75d7f4dac23c9e0b0c7dbf,95f8322ee1dcda7ceace7b1c4f6c9915b36d748f,2026-07-29T20:20:52.765681,1.108.207,c2201a55b6e1b0ea38043c514ab7bc3a372bad13,3369b1fcd5b12fcb1473031ec74bda8cc200d8860a09caa310c06e9f3ea8bf88,,1,wt-generation-safe-hybrid,87f0ef27d476ad303a854c40a984e645bf1074ff2207c8d112c741447dbbfcb2,"M src/jcodemunch_mcp/server.py
 M src/jcodemunch_mcp/storage/index_store.py
 M src/jcodemunch_mcp/storage/sqlite_store.py
 M src/jcodemunch_mcp/tools/check_references.py
 M src/jcodemunch_mcp/tools/find_references.py
 M src/jcodemunch_mcp/tools/get_blast_radius.py
 M src/jcodemunch_mcp/tools/get_churn_rate.py
 M src/jcodemunch_mcp/tools/get_file_outline.py
 M src/jcodemunch_mcp/tools/get_file_risk.py
 M src/jcodemunch_mcp/tools/get_file_tree.py
 M src/jcodemunch_mcp/tools/get_symbol_complexity.py
 M src/jcodemunch_mcp/tools/get_symbol_provenance.py
 M src/jcodemunch_mcp/tools/search_symbols.py
?? tests/test_generation_safe_hybrid.py","{""cache_entry_mtime_after_warmup"": null, ""cache_get_calls"": 0, ""cache_get_debug"": [], ""cache_get_hits"": 0, ""cache_key_present_after_warmup"": false, ""cache_policy"": ""cold"", ""cached_symbols_loaded_after_warmup"": true, ""hydration_trace"": {""lazy_ensure_calls"": 0, ""lazy_full_materializations"": 0, ""load_results"": [{""branch"": """", ""lazy_loaded_at_return"": false, ""repo"": ""local/fastapi-c1d6b9c4"", ""requested_hydration"": ""auto"", ""symbol_collection_type"": ""LazySymbolList""}], ""sparse_by_file_calls"": 0, ""sparse_by_files_calls"": 1, ""sparse_by_id_calls"": 0, ""sparse_by_name_calls"": 0}, ""mtime_after_measure"": 1785370852988741000, ""mtime_after_warmup"": 1785370852988741000, ""mtime_before_measure"": 1785370852988741000, ""mtime_before_warmup"": 1785370852988741000, ""process_cpu_ms"": 15.625, ""runtime_distribution_version"": ""1.108.199"", ""target_policy"": ""middle stride target"", ""unsafe_global_partial_control"": false, ""wal_after_measure"": false, ""wal_after_warmup"": false, ""worker_pid"": 44820}"
fastapi/fastapi,fastapi-c1d6b9c4,file_tree_prefix,cold_generation_safe_hybrid_screen,get_file_tree,prefix_files,baseline_full,3,"{""include_summaries"": true, ""path_prefix"": ""scripts"", ""repo"": ""local/fastapi-c1d6b9c4""}",1,2,13405,1191,14544896,100.8355,96.9832,96.17961928090801,1,9541,335884288,335884288,0,a628d5014c609ce382bba836d4e6f7382d983f307f75d7f4dac23c9e0b0c7dbf,95f8322ee1dcda7ceace7b1c4f6c9915b36d748f,2026-07-29T20:20:52.765681,1.108.207,c2201a55b6e1b0ea38043c514ab7bc3a372bad13,3369b1fcd5b12fcb1473031ec74bda8cc200d8860a09caa310c06e9f3ea8bf88,,1,wt-1.108.207,e3b0c44298fc1c149afbf4c8996fb92427ae41e4649b934ca495991b7852b855,,"{""cache_entry_mtime_after_warmup"": 1785370852988741000, ""cache_get_calls"": 1, ""cache_get_debug"": [{""branch"": """", ""entry_mtime"": null, ""entry_present"": false, ""hit"": false, ""mtime_equal"": false, ""name"": ""fastapi-c1d6b9c4"", ""owner"": ""local"", ""requested_mtime"": 1785370852988741000}], ""cache_get_hits"": 0, ""cache_key_present_after_warmup"": true, ""cache_policy"": ""cold"", ""cached_symbols_loaded_after_warmup"": true, ""hydration_trace"": {""lazy_ensure_calls"": 0, ""lazy_full_materializations"": 0, ""load_results"": [{""branch"": """", ""lazy_loaded_at_return"": null, ""repo"": ""local/fastapi-c1d6b9c4"", ""requested_hydration"": ""auto"", ""symbol_collection_type"": ""list""}], ""sparse_by_file_calls"": 0, ""sparse_by_files_calls"": 0, ""sparse_by_id_calls"": 0, ""sparse_by_name_calls"": 0}, ""mtime_after_measure"": 1785370852988741000, ""mtime_after_warmup"": 1785370852988741000, ""mtime_before_measure"": 1785370852988741000, ""mtime_before_warmup"": 1785370852988741000, ""process_cpu_ms"": 109.375, ""runtime_distribution_version"": ""1.108.199"", ""target_policy"": ""middle stride target"", ""unsafe_global_partial_control"": false, ""wal_after_measure"": false, ""wal_after_warmup"": false, ""worker_pid"": 49336}"
gin-gonic/gin,gin-87ab3d33,symbol_source_single,cold_generation_safe_hybrid_screen,get_symbol_source,target_symbols,baseline_full,3,"{""repo"": ""local/gin-87ab3d33"", ""symbol_id"": ""context.go::PureJSON#method""}",1,1,1834,109,2580480,17.3152,14.2501,82.29821197560524,1,1156,306364416,306688000,323584,bd1d5f8766ab865126bcbb930902ed4df37823ce68573ab85d5a27acaea8f0f5,34dac209ffb6ef85cc78c5d217bbb7ad001d68fd,2026-07-29T20:20:45.784692,1.108.207,c2201a55b6e1b0ea38043c514ab7bc3a372bad13,3369b1fcd5b12fcb1473031ec74bda8cc200d8860a09caa310c06e9f3ea8bf88,,1,wt-1.108.207,e3b0c44298fc1c149afbf4c8996fb92427ae41e4649b934ca495991b7852b855,,"{""cache_entry_mtime_after_warmup"": 1785370845819538800, ""cache_get_calls"": 1, ""cache_get_debug"": [{""branch"": """", ""entry_mtime"": null, ""entry_present"": false, ""hit"": false, ""mtime_equal"": false, ""name"": ""gin-87ab3d33"", ""owner"": ""local"", ""requested_mtime"": 1785370845819538800}], ""cache_get_hits"": 0, ""cache_key_present_after_warmup"": true, ""cache_policy"": ""cold"", ""cached_symbols_loaded_after_warmup"": true, ""hydration_trace"": {""lazy_ensure_calls"": 0, ""lazy_full_materializations"": 0, ""load_results"": [{""branch"": """", ""lazy_loaded_at_return"": null, ""repo"": ""local/gin-87ab3d33"", ""requested_hydration"": ""auto"", ""symbol_collection_type"": ""list""}], ""sparse_by_file_calls"": 0, ""sparse_by_files_calls"": 0, ""sparse_by_id_calls"": 0, ""sparse_by_name_calls"": 0}, ""mtime_after_measure"": 1785370845819538800, ""mtime_after_warmup"": 1785370845819538800, ""mtime_before_measure"": 1785370845819538800, ""mtime_before_warmup"": 1785370845819538800, ""process_cpu_ms"": 31.25, ""runtime_distribution_version"": ""1.108.199"", ""target_policy"": ""middle stride target"", ""unsafe_global_partial_control"": false, ""wal_after_measure"": false, ""wal_after_warmup"": false, ""worker_pid"": 49336}"
gin-gonic/gin,gin-87ab3d33,symbol_source_single,cold_generation_safe_hybrid_screen,get_symbol_source,target_symbols,generation_safe_hybrid,3,"{""repo"": ""local/gin-87ab3d33"", ""symbol_id"": ""context.go::PureJSON#method""}",1,2,1834,109,2580480,4.9229,1.2291,24.96699100123911,1,1155,138436608,138436608,0,bd1d5f8766ab865126bcbb930902ed4df37823ce68573ab85d5a27acaea8f0f5,34dac209ffb6ef85cc78c5d217bbb7ad001d68fd,2026-07-29T20:20:45.784692,1.108.207,c2201a55b6e1b0ea38043c514ab7bc3a372bad13,3369b1fcd5b12fcb1473031ec74bda8cc200d8860a09caa310c06e9f3ea8bf88,,1,wt-generation-safe-hybrid,87f0ef27d476ad303a854c40a984e645bf1074ff2207c8d112c741447dbbfcb2,"M src/jcodemunch_mcp/server.py
 M src/jcodemunch_mcp/storage/index_store.py
 M src/jcodemunch_mcp/storage/sqlite_store.py
 M src/jcodemunch_mcp/tools/check_references.py
 M src/jcodemunch_mcp/tools/find_references.py
 M src/jcodemunch_mcp/tools/get_blast_radius.py
 M src/jcodemunch_mcp/tools/get_churn_rate.py
 M src/jcodemunch_mcp/tools/get_file_outline.py
 M src/jcodemunch_mcp/tools/get_file_risk.py
 M src/jcodemunch_mcp/tools/get_file_tree.py
 M src/jcodemunch_mcp/tools/get_symbol_complexity.py
 M src/jcodemunch_mcp/tools/get_symbol_provenance.py
 M src/jcodemunch_mcp/tools/search_symbols.py
?? tests/test_generation_safe_hybrid.py","{""cache_entry_mtime_after_warmup"": null, ""cache_get_calls"": 0, ""cache_get_debug"": [], ""cache_get_hits"": 0, ""cache_key_present_after_warmup"": false, ""cache_policy"": ""cold"", ""cached_symbols_loaded_after_warmup"": true, ""hydration_trace"": {""lazy_ensure_calls"": 0, ""lazy_full_materializations"": 0, ""load_results"": [{""branch"": """", ""lazy_loaded_at_return"": false, ""repo"": ""local/gin-87ab3d33"", ""requested_hydration"": ""auto"", ""symbol_collection_type"": ""LazySymbolList""}], ""sparse_by_file_calls"": 0, ""sparse_by_files_calls"": 0, ""sparse_by_id_calls"": 2, ""sparse_by_name_calls"": 0}, ""mtime_after_measure"": 1785370845819538800, ""mtime_after_warmup"": 1785370845819538800, ""mtime_before_measure"": 1785370845819538800, ""mtime_before_warmup"": 1785370845819538800, ""process_cpu_ms"": 0.0, ""runtime_distribution_version"": ""1.108.199"", ""target_policy"": ""middle stride target"", ""unsafe_global_partial_control"": false, ""wal_after_measure"": false, ""wal_after_warmup"": false, ""worker_pid"": 44820}"
gin-gonic/gin,gin-87ab3d33,symbol_source_batch,cold_generation_safe_hybrid_screen,get_symbol_source,target_symbols,generation_safe_hybrid,3,"{""repo"": ""local/gin-87ab3d33"", ""symbol_ids"": [""context.go::PureJSON#method"", ""context.go::XML#method"", ""context.go::PDF#method""]}",1,1,1834,109,2580480,5.8785,1.2663,21.5412094922174,1,2347,138444800,138452992,8192,7fe0d300965c5ee86b7943e90f11d86675d6b8c2eed03e344d45877fe41c8921,34dac209ffb6ef85cc78c5d217bbb7ad001d68fd,2026-07-29T20:20:45.784692,1.108.207,c2201a55b6e1b0ea38043c514ab7bc3a372bad13,3369b1fcd5b12fcb1473031ec74bda8cc200d8860a09caa310c06e9f3ea8bf88,,1,wt-generation-safe-hybrid,87f0ef27d476ad303a854c40a984e645bf1074ff2207c8d112c741447dbbfcb2,"M src/jcodemunch_mcp/server.py
 M src/jcodemunch_mcp/storage/index_store.py
 M src/jcodemunch_mcp/storage/sqlite_store.py
 M src/jcodemunch_mcp/tools/check_references.py
 M src/jcodemunch_mcp/tools/find_references.py
 M src/jcodemunch_mcp/tools/get_blast_radius.py
 M src/jcodemunch_mcp/tools/get_churn_rate.py
 M src/jcodemunch_mcp/tools/get_file_outline.py
 M src/jcodemunch_mcp/tools/get_file_risk.py
 M src/jcodemunch_mcp/tools/get_file_tree.py
 M src/jcodemunch_mcp/tools/get_symbol_complexity.py
 M src/jcodemunch_mcp/tools/get_symbol_provenance.py
 M src/jcodemunch_mcp/tools/search_symbols.py
?? tests/test_generation_safe_hybrid.py","{""cache_entry_mtime_after_warmup"": null, ""cache_get_calls"": 0, ""cache_get_debug"": [], ""cache_get_hits"": 0, ""cache_key_present_after_warmup"": false, ""cache_policy"": ""cold"", ""cached_symbols_loaded_after_warmup"": true, ""hydration_trace"": {""lazy_ensure_calls"": 0, ""lazy_full_materializations"": 0, ""load_results"": [{""branch"": """", ""lazy_loaded_at_return"": false, ""repo"": ""local/gin-87ab3d33"", ""requested_hydration"": ""auto"", ""symbol_collection_type"": ""LazySymbolList""}], ""sparse_by_file_calls"": 0, ""sparse_by_files_calls"": 0, ""sparse_by_id_calls"": 6, ""sparse_by_name_calls"": 0}, ""mtime_after_measure"": 1785370845819538800, ""mtime_after_warmup"": 1785370845819538800, ""mtime_before_measure"": 1785370845819538800, ""mtime_before_warmup"": 1785370845819538800, ""process_cpu_ms"": 31.25, ""runtime_distribution_version"": ""1.108.199"", ""target_policy"": ""middle stride target"", ""unsafe_global_partial_control"": false, ""wal_after_measure"": false, ""wal_after_warmup"": false, ""worker_pid"": 44820}"
gin-gonic/gin,gin-87ab3d33,symbol_source_batch,cold_generation_safe_hybrid_screen,get_symbol_source,target_symbols,baseline_full,3,"{""repo"": ""local/gin-87ab3d33"", ""symbol_ids"": [""context.go::PureJSON#method"", ""context.go::XML#method"", ""context.go::PDF#method""]}",1,2,1834,109,2580480,16.6559,12.8162,76.94690770237574,1,2348,307183616,307523584,339968,7fe0d300965c5ee86b7943e90f11d86675d6b8c2eed03e344d45877fe41c8921,34dac209ffb6ef85cc78c5d217bbb7ad001d68fd,2026-07-29T20:20:45.784692,1.108.207,c2201a55b6e1b0ea38043c514ab7bc3a372bad13,3369b1fcd5b12fcb1473031ec74bda8cc200d8860a09caa310c06e9f3ea8bf88,,1,wt-1.108.207,e3b0c44298fc1c149afbf4c8996fb92427ae41e4649b934ca495991b7852b855,,"{""cache_entry_mtime_after_warmup"": 1785370845819538800, ""cache_get_calls"": 1, ""cache_get_debug"": [{""branch"": """", ""entry_mtime"": null, ""entry_present"": false, ""hit"": false, ""mtime_equal"": false, ""name"": ""gin-87ab3d33"", ""owner"": ""local"", ""requested_mtime"": 1785370845819538800}], ""cache_get_hits"": 0, ""cache_key_present_after_warmup"": true, ""cache_policy"": ""cold"", ""cached_symbols_loaded_after_warmup"": true, ""hydration_trace"": {""lazy_ensure_calls"": 0, ""lazy_full_materializations"": 0, ""load_results"": [{""branch"": """", ""lazy_loaded_at_return"": null, ""repo"": ""local/gin-87ab3d33"", ""requested_hydration"": ""auto"", ""symbol_collection_type"": ""list""}], ""sparse_by_file_calls"": 0, ""sparse_by_files_calls"": 0, ""sparse_by_id_calls"": 0, ""sparse_by_name_calls"": 0}, ""mtime_after_measure"": 1785370845819538800, ""mtime_after_warmup"": 1785370845819538800, ""mtime_before_measure"": 1785370845819538800, ""mtime_before_warmup"": 1785370845819538800, ""process_cpu_ms"": 15.625, ""runtime_distribution_version"": ""1.108.199"", ""target_policy"": ""middle stride target"", ""unsafe_global_partial_control"": false, ""wal_after_measure"": false, ""wal_after_warmup"": false, ""worker_pid"": 49336}"
gin-gonic/gin,gin-87ab3d33,context_single,cold_generation_safe_hybrid_screen,get_context_bundle,target_symbols,baseline_full,3,"{""repo"": ""local/gin-87ab3d33"", ""symbol_id"": ""context.go::PureJSON#method""}",1,1,1834,109,2580480,16.5187,13.2509,80.21757160067075,1,1403,307662848,307703808,40960,4ed43bf7db5133032a9c4f862786fec55b4d450db90a700f607a5e435370f7e4,34dac209ffb6ef85cc78c5d217bbb7ad001d68fd,2026-07-29T20:20:45.784692,1.108.207,c2201a55b6e1b0ea38043c514ab7bc3a372bad13,3369b1fcd5b12fcb1473031ec74bda8cc200d8860a09caa310c06e9f3ea8bf88,,1,wt-1.108.207,e3b0c44298fc1c149afbf4c8996fb92427ae41e4649b934ca495991b7852b855,,"{""cache_entry_mtime_after_warmup"": 1785370845819538800, ""cache_get_calls"": 1, ""cache_get_debug"": [{""branch"": """", ""entry_mtime"": null, ""entry_present"": false, ""hit"": false, ""mtime_equal"": false, ""name"": ""gin-87ab3d33"", ""owner"": ""local"", ""requested_mtime"": 1785370845819538800}], ""cache_get_hits"": 0, ""cache_key_present_after_warmup"": true, ""cache_policy"": ""cold"", ""cached_symbols_loaded_after_warmup"": true, ""hydration_trace"": {""lazy_ensure_calls"": 0, ""lazy_full_materializations"": 0, ""load_results"": [{""branch"": """", ""lazy_loaded_at_return"": null, ""repo"": ""local/gin-87ab3d33"", ""requested_hydration"": ""auto"", ""symbol_collection_type"": ""list""}], ""sparse_by_file_calls"": 0, ""sparse_by_files_calls"": 0, ""sparse_by_id_calls"": 0, ""sparse_by_name_calls"": 0}, ""mtime_after_measure"": 1785370845819538800, ""mtime_after_warmup"": 1785370845819538800, ""mtime_before_measure"": 1785370845819538800, ""mtime_before_warmup"": 1785370845819538800, ""process_cpu_ms"": 15.625, ""runtime_distribution_version"": ""1.108.199"", ""target_policy"": ""middle stride target"", ""unsafe_global_partial_control"": false, ""wal_after_measure"": false, ""wal_after_warmup"": false, ""worker_pid"": 49336}"
gin-gonic/gin,gin-87ab3d33,context_single,cold_generation_safe_hybrid_screen,get_context_bundle,target_symbols,generation_safe_hybrid,3,"{""repo"": ""local/gin-87ab3d33"", ""symbol_id"": ""context.go::PureJSON#method""}",1,2,1834,109,2580480,4.787,1.6581,34.637560058491744,1,1402,138584064,138604544,20480,4ed43bf7db5133032a9c4f862786fec55b4d450db90a700f607a5e435370f7e4,34dac209ffb6ef85cc78c5d217bbb7ad001d68fd,2026-07-29T20:20:45.784692,1.108.207,c2201a55b6e1b0ea38043c514ab7bc3a372bad13,3369b1fcd5b12fcb1473031ec74bda8cc200d8860a09caa310c06e9f3ea8bf88,,1,wt-generation-safe-hybrid,87f0ef27d476ad303a854c40a984e645bf1074ff2207c8d112c741447dbbfcb2,"M src/jcodemunch_mcp/server.py
 M src/jcodemunch_mcp/storage/index_store.py
 M src/jcodemunch_mcp/storage/sqlite_store.py
 M src/jcodemunch_mcp/tools/check_references.py
 M src/jcodemunch_mcp/tools/find_references.py
 M src/jcodemunch_mcp/tools/get_blast_radius.py
 M src/jcodemunch_mcp/tools/get_churn_rate.py
 M src/jcodemunch_mcp/tools/get_file_outline.py
 M src/jcodemunch_mcp/tools/get_file_risk.py
 M src/jcodemunch_mcp/tools/get_file_tree.py
 M src/jcodemunch_mcp/tools/get_symbol_complexity.py
 M src/jcodemunch_mcp/tools/get_symbol_provenance.py
 M src/jcodemunch_mcp/tools/search_symbols.py
?? tests/test_generation_safe_hybrid.py","{""cache_entry_mtime_after_warmup"": null, ""cache_get_calls"": 0, ""cache_get_debug"": [], ""cache_get_hits"": 0, ""cache_key_present_after_warmup"": false, ""cache_policy"": ""cold"", ""cached_symbols_loaded_after_warmup"": true, ""hydration_trace"": {""lazy_ensure_calls"": 0, ""lazy_full_materializations"": 0, ""load_results"": [{""branch"": """", ""lazy_loaded_at_return"": false, ""repo"": ""local/gin-87ab3d33"", ""requested_hydration"": ""auto"", ""symbol_collection_type"": ""LazySymbolList""}], ""sparse_by_file_calls"": 0, ""sparse_by_files_calls"": 0, ""sparse_by_id_calls"": 2, ""sparse_by_name_calls"": 0}, ""mtime_after_measure"": 1785370845819538800, ""mtime_after_warmup"": 1785370845819538800, ""mtime_before_measure"": 1785370845819538800, ""mtime_before_warmup"": 1785370845819538800, ""process_cpu_ms"": 0.0, ""runtime_distribution_version"": ""1.108.199"", ""target_policy"": ""middle stride target"", ""unsafe_global_partial_control"": false, ""wal_after_measure"": false, ""wal_after_warmup"": false, ""worker_pid"": 44820}"
gin-gonic/gin,gin-87ab3d33,context_batch,cold_generation_safe_hybrid_screen,get_context_bundle,target_symbols,generation_safe_hybrid,3,"{""repo"": ""local/gin-87ab3d33"", ""symbol_ids"": [""context.go::PureJSON#method"", ""context.go::XML#method"", ""context.go::PDF#method""]}",1,1,1834,109,2580480,4.8952,1.2739,26.023451544369998,1,4532,138604544,138604544,0,ce3e53bac8e20a7b6630088d8880e14198030baeb54f286474dc66a5bf98bae2,34dac209ffb6ef85cc78c5d217bbb7ad001d68fd,2026-07-29T20:20:45.784692,1.108.207,c2201a55b6e1b0ea38043c514ab7bc3a372bad13,3369b1fcd5b12fcb1473031ec74bda8cc200d8860a09caa310c06e9f3ea8bf88,,1,wt-generation-safe-hybrid,87f0ef27d476ad303a854c40a984e645bf1074ff2207c8d112c741447dbbfcb2,"M src/jcodemunch_mcp/server.py
 M src/jcodemunch_mcp/storage/index_store.py
 M src/jcodemunch_mcp/storage/sqlite_store.py
 M src/jcodemunch_mcp/tools/check_references.py
 M src/jcodemunch_mcp/tools/find_references.py
 M src/jcodemunch_mcp/tools/get_blast_radius.py
 M src/jcodemunch_mcp/tools/get_churn_rate.py
 M src/jcodemunch_mcp/tools/get_file_outline.py
 M src/jcodemunch_mcp/tools/get_file_risk.py
 M src/jcodemunch_mcp/tools/get_file_tree.py
 M src/jcodemunch_mcp/tools/get_symbol_complexity.py
 M src/jcodemunch_mcp/tools/get_symbol_provenance.py
 M src/jcodemunch_mcp/tools/search_symbols.py
?? tests/test_generation_safe_hybrid.py","{""cache_entry_mtime_after_warmup"": null, ""cache_get_calls"": 0, ""cache_get_debug"": [], ""cache_get_hits"": 0, ""cache_key_present_after_warmup"": false, ""cache_policy"": ""cold"", ""cached_symbols_loaded_after_warmup"": true, ""hydration_trace"": {""lazy_ensure_calls"": 0, ""lazy_full_materializations"": 0, ""load_results"": [{""branch"": """", ""lazy_loaded_at_return"": false, ""repo"": ""local/gin-87ab3d33"", ""requested_hydration"": ""auto"", ""symbol_collection_type"": ""LazySymbolList""}], ""sparse_by_file_calls"": 0, ""sparse_by_files_calls"": 0, ""sparse_by_id_calls"": 6, ""sparse_by_name_calls"": 0}, ""mtime_after_measure"": 1785370845819538800, ""mtime_after_warmup"": 1785370845819538800, ""mtime_before_measure"": 1785370845819538800, ""mtime_before_warmup"": 1785370845819538800, ""process_cpu_ms"": 0.0, ""runtime_distribution_version"": ""1.108.199"", ""target_policy"": ""middle stride target"", ""unsafe_global_partial_control"": false, ""wal_after_measure"": false, ""wal_after_warmup"": false, ""worker_pid"": 44820}"
gin-gonic/gin,gin-87ab3d33,context_batch,cold_generation_safe_hybrid_screen,get_context_bundle,target_symbols,baseline_full,3,"{""repo"": ""local/gin-87ab3d33"", ""symbol_ids"": [""context.go::PureJSON#method"", ""context.go::XML#method"", ""context.go::PDF#method""]}",1,2,1834,109,2580480,15.792,12.6787,80.28558763931105,1,4533,307810304,307859456,49152,ce3e53bac8e20a7b6630088d8880e14198030baeb54f286474dc66a5bf98bae2,34dac209ffb6ef85cc78c5d217bbb7ad001d68fd,2026-07-29T20:20:45.784692,1.108.207,c2201a55b6e1b0ea38043c514ab7bc3a372bad13,3369b1fcd5b12fcb1473031ec74bda8cc200d8860a09caa310c06e9f3ea8bf88,,1,wt-1.108.207,e3b0c44298fc1c149afbf4c8996fb92427ae41e4649b934ca495991b7852b855,,"{""cache_entry_mtime_after_warmup"": 1785370845819538800, ""cache_get_calls"": 1, ""cache_get_debug"": [{""branch"": """", ""entry_mtime"": null, ""entry_present"": false, ""hit"": false, ""mtime_equal"": false, ""name"": ""gin-87ab3d33"", ""owner"": ""local"", ""requested_mtime"": 1785370845819538800}], ""cache_get_hits"": 0, ""cache_key_present_after_warmup"": true, ""cache_policy"": ""cold"", ""cached_symbols_loaded_after_warmup"": true, ""hydration_trace"": {""lazy_ensure_calls"": 0, ""lazy_full_materializations"": 0, ""load_results"": [{""branch"": """", ""lazy_loaded_at_return"": null, ""repo"": ""local/gin-87ab3d33"", ""requested_hydration"": ""auto"", ""symbol_collection_type"": ""list""}], ""sparse_by_file_calls"": 0, ""sparse_by_files_calls"": 0, ""sparse_by_id_calls"": 0, ""sparse_by_name_calls"": 0}, ""mtime_after_measure"": 1785370845819538800, ""mtime_after_warmup"": 1785370845819538800, ""mtime_before_measure"": 1785370845819538800, ""mtime_before_warmup"": 1785370845819538800, ""process_cpu_ms"": 15.625, ""runtime_distribution_version"": ""1.108.199"", ""target_policy"": ""middle stride target"", ""unsafe_global_partial_control"": false, ""wal_after_measure"": false, ""wal_after_warmup"": false, ""worker_pid"": 49336}"
gin-gonic/gin,gin-87ab3d33,context_single_callers,cold_generation_safe_hybrid_screen,get_context_bundle,all_files_target_symbols,baseline_full,3,"{""include_callers"": true, ""repo"": ""local/gin-87ab3d33"", ""symbol_id"": ""context.go::PureJSON#method""}",1,1,1834,109,2580480,19.1138,13.1719,68.91303665414517,1,1437,307924992,307978240,53248,2e641c494d26f5b0d629f540c552408c743c40b82ceb961c77e1539276781218,34dac209ffb6ef85cc78c5d217bbb7ad001d68fd,2026-07-29T20:20:45.784692,1.108.207,c2201a55b6e1b0ea38043c514ab7bc3a372bad13,3369b1fcd5b12fcb1473031ec74bda8cc200d8860a09caa310c06e9f3ea8bf88,,1,wt-1.108.207,e3b0c44298fc1c149afbf4c8996fb92427ae41e4649b934ca495991b7852b855,,"{""cache_entry_mtime_after_warmup"": 1785370845819538800, ""cache_get_calls"": 1, ""cache_get_debug"": [{""branch"": """", ""entry_mtime"": null, ""entry_present"": false, ""hit"": false, ""mtime_equal"": false, ""name"": ""gin-87ab3d33"", ""owner"": ""local"", ""requested_mtime"": 1785370845819538800}], ""cache_get_hits"": 0, ""cache_key_present_after_warmup"": true, ""cache_policy"": ""cold"", ""cached_symbols_loaded_after_warmup"": true, ""hydration_trace"": {""lazy_ensure_calls"": 0, ""lazy_full_materializations"": 0, ""load_results"": [{""branch"": """", ""lazy_loaded_at_return"": null, ""repo"": ""local/gin-87ab3d33"", ""requested_hydration"": ""auto"", ""symbol_collection_type"": ""list""}], ""sparse_by_file_calls"": 0, ""sparse_by_files_calls"": 0, ""sparse_by_id_calls"": 0, ""sparse_by_name_calls"": 0}, ""mtime_after_measure"": 1785370845819538800, ""mtime_after_warmup"": 1785370845819538800, ""mtime_before_measure"": 1785370845819538800, ""mtime_before_warmup"": 1785370845819538800, ""process_cpu_ms"": 15.625, ""runtime_distribution_version"": ""1.108.199"", ""target_policy"": ""middle stride target"", ""unsafe_global_partial_control"": false, ""wal_after_measure"": false, ""wal_after_warmup"": false, ""worker_pid"": 49336}"
gin-gonic/gin,gin-87ab3d33,context_single_callers,cold_generation_safe_hybrid_screen,get_context_bundle,all_files_target_symbols,generation_safe_hybrid,3,"{""include_callers"": true, ""repo"": ""local/gin-87ab3d33"", ""symbol_id"": ""context.go::PureJSON#method""}",1,2,1834,109,2580480,7.3107,1.2825,17.542779761171982,1,1436,138604544,138604544,0,2e641c494d26f5b0d629f540c552408c743c40b82ceb961c77e1539276781218,34dac209ffb6ef85cc78c5d217bbb7ad001d68fd,2026-07-29T20:20:45.784692,1.108.207,c2201a55b6e1b0ea38043c514ab7bc3a372bad13,3369b1fcd5b12fcb1473031ec74bda8cc200d8860a09caa310c06e9f3ea8bf88,,1,wt-generation-safe-hybrid,87f0ef27d476ad303a854c40a984e645bf1074ff2207c8d112c741447dbbfcb2,"M src/jcodemunch_mcp/server.py
 M src/jcodemunch_mcp/storage/index_store.py
 M src/jcodemunch_mcp/storage/sqlite_store.py
 M src/jcodemunch_mcp/tools/check_references.py
 M src/jcodemunch_mcp/tools/find_references.py
 M src/jcodemunch_mcp/tools/get_blast_radius.py
 M src/jcodemunch_mcp/tools/get_churn_rate.py
 M src/jcodemunch_mcp/tools/get_file_outline.py
 M src/jcodemunch_mcp/tools/get_file_risk.py
 M src/jcodemunch_mcp/tools/get_file_tree.py
 M src/jcodemunch_mcp/tools/get_symbol_complexity.py
 M src/jcodemunch_mcp/tools/get_symbol_provenance.py
 M src/jcodemunch_mcp/tools/search_symbols.py
?? tests/test_generation_safe_hybrid.py","{""cache_entry_mtime_after_warmup"": null, ""cache_get_calls"": 0, ""cache_get_debug"": [], ""cache_get_hits"": 0, ""cache_key_present_after_warmup"": false, ""cache_policy"": ""cold"", ""cached_symbols_loaded_after_warmup"": true, ""hydration_trace"": {""lazy_ensure_calls"": 0, ""lazy_full_materializations"": 0, ""load_results"": [{""branch"": """", ""lazy_loaded_at_return"": false, ""repo"": ""local/gin-87ab3d33"", ""requested_hydration"": ""auto"", ""symbol_collection_type"": ""LazySymbolList""}], ""sparse_by_file_calls"": 0, ""sparse_by_files_calls"": 0, ""sparse_by_id_calls"": 2, ""sparse_by_name_calls"": 0}, ""mtime_after_measure"": 1785370845819538800, ""mtime_after_warmup"": 1785370845819538800, ""mtime_before_measure"": 1785370845819538800, ""mtime_before_warmup"": 1785370845819538800, ""process_cpu_ms"": 0.0, ""runtime_distribution_version"": ""1.108.199"", ""target_policy"": ""middle stride target"", ""unsafe_global_partial_control"": false, ""wal_after_measure"": false, ""wal_after_warmup"": false, ""worker_pid"": 44820}"
gin-gonic/gin,gin-87ab3d33,context_batch_callers,cold_generation_safe_hybrid_screen,get_context_bundle,all_files_target_symbols,generation_safe_hybrid,3,"{""include_callers"": true, ""repo"": ""local/gin-87ab3d33"", ""symbol_ids"": [""context.go::PureJSON#method"", ""context.go::XML#method"", ""context.go::PDF#method""]}",1,1,1834,109,2580480,11.8385,1.2446,10.513156227562613,1,4634,138604544,138604544,0,8c223d2222108d1731125121b1c2ebeefbd17e0266f0f1bcc8d38d49a6395712,34dac209ffb6ef85cc78c5d217bbb7ad001d68fd,2026-07-29T20:20:45.784692,1.108.207,c2201a55b6e1b0ea38043c514ab7bc3a372bad13,3369b1fcd5b12fcb1473031ec74bda8cc200d8860a09caa310c06e9f3ea8bf88,,1,wt-generation-safe-hybrid,87f0ef27d476ad303a854c40a984e645bf1074ff2207c8d112c741447dbbfcb2,"M src/jcodemunch_mcp/server.py
 M src/jcodemunch_mcp/storage/index_store.py
 M src/jcodemunch_mcp/storage/sqlite_store.py
 M src/jcodemunch_mcp/tools/check_references.py
 M src/jcodemunch_mcp/tools/find_references.py
 M src/jcodemunch_mcp/tools/get_blast_radius.py
 M src/jcodemunch_mcp/tools/get_churn_rate.py
 M src/jcodemunch_mcp/tools/get_file_outline.py
 M src/jcodemunch_mcp/tools/get_file_risk.py
 M src/jcodemunch_mcp/tools/get_file_tree.py
 M src/jcodemunch_mcp/tools/get_symbol_complexity.py
 M src/jcodemunch_mcp/tools/get_symbol_provenance.py
 M src/jcodemunch_mcp/tools/search_symbols.py
?? tests/test_generation_safe_hybrid.py","{""cache_entry_mtime_after_warmup"": null, ""cache_get_calls"": 0, ""cache_get_debug"": [], ""cache_get_hits"": 0, ""cache_key_present_after_warmup"": false, ""cache_policy"": ""cold"", ""cached_symbols_loaded_after_warmup"": true, ""hydration_trace"": {""lazy_ensure_calls"": 0, ""lazy_full_materializations"": 0, ""load_results"": [{""branch"": """", ""lazy_loaded_at_return"": false, ""repo"": ""local/gin-87ab3d33"", ""requested_hydration"": ""auto"", ""symbol_collection_type"": ""LazySymbolList""}], ""sparse_by_file_calls"": 0, ""sparse_by_files_calls"": 0, ""sparse_by_id_calls"": 6, ""sparse_by_name_calls"": 0}, ""mtime_after_measure"": 1785370845819538800, ""mtime_after_warmup"": 1785370845819538800, ""mtime_before_measure"": 1785370845819538800, ""mtime_before_warmup"": 1785370845819538800, ""process_cpu_ms"": 15.625, ""runtime_distribution_version"": ""1.108.199"", ""target_policy"": ""middle stride target"", ""unsafe_global_partial_control"": false, ""wal_after_measure"": false, ""wal_after_warmup"": false, ""worker_pid"": 44820}"
gin-gonic/gin,gin-87ab3d33,context_batch_callers,cold_generation_safe_hybrid_screen,get_context_bundle,all_files_target_symbols,baseline_full,3,"{""include_callers"": true, ""repo"": ""local/gin-87ab3d33"", ""symbol_ids"": [""context.go::PureJSON#method"", ""context.go::XML#method"", ""context.go::PDF#method""]}",1,2,1834,109,2580480,23.0677,13.0026,56.36712806218218,1,4635,308244480,308281344,36864,8c223d2222108d1731125121b1c2ebeefbd17e0266f0f1bcc8d38d49a6395712,34dac209ffb6ef85cc78c5d217bbb7ad001d68fd,2026-07-29T20:20:45.784692,1.108.207,c2201a55b6e1b0ea38043c514ab7bc3a372bad13,3369b1fcd5b12fcb1473031ec74bda8cc200d8860a09caa310c06e9f3ea8bf88,,1,wt-1.108.207,e3b0c44298fc1c149afbf4c8996fb92427ae41e4649b934ca495991b7852b855,,"{""cache_entry_mtime_after_warmup"": 1785370845819538800, ""cache_get_calls"": 1, ""cache_get_debug"": [{""branch"": """", ""entry_mtime"": null, ""entry_present"": false, ""hit"": false, ""mtime_equal"": false, ""name"": ""gin-87ab3d33"", ""owner"": ""local"", ""requested_mtime"": 1785370845819538800}], ""cache_get_hits"": 0, ""cache_key_present_after_warmup"": true, ""cache_policy"": ""cold"", ""cached_symbols_loaded_after_warmup"": true, ""hydration_trace"": {""lazy_ensure_calls"": 0, ""lazy_full_materializations"": 0, ""load_results"": [{""branch"": """", ""lazy_loaded_at_return"": null, ""repo"": ""local/gin-87ab3d33"", ""requested_hydration"": ""auto"", ""symbol_collection_type"": ""list""}], ""sparse_by_file_calls"": 0, ""sparse_by_files_calls"": 0, ""sparse_by_id_calls"": 0, ""sparse_by_name_calls"": 0}, ""mtime_after_measure"": 1785370845819538800, ""mtime_after_warmup"": 1785370845819538800, ""mtime_before_measure"": 1785370845819538800, ""mtime_before_warmup"": 1785370845819538800, ""process_cpu_ms"": 62.5, ""runtime_distribution_version"": ""1.108.199"", ""target_policy"": ""middle stride target"", ""unsafe_global_partial_control"": false, ""wal_after_measure"": false, ""wal_after_warmup"": false, ""worker_pid"": 49336}"
gin-gonic/gin,gin-87ab3d33,file_content,cold_generation_safe_hybrid_screen,get_file_content,target_files,baseline_full,3,"{""file_path"": ""debug_test.go"", ""max_content_results"": 20, ""repo"": ""local/gin-87ab3d33"", ""search_content"": true}",1,1,1834,109,2580480,14.6168,12.9538,88.62268075091674,1,9066,308285440,308285440,0,ed914b93eb623e902c407128dad109e299775b41768cff1d23a4892682f7609c,34dac209ffb6ef85cc78c5d217bbb7ad001d68fd,2026-07-29T20:20:45.784692,1.108.207,c2201a55b6e1b0ea38043c514ab7bc3a372bad13,3369b1fcd5b12fcb1473031ec74bda8cc200d8860a09caa310c06e9f3ea8bf88,,1,wt-1.108.207,e3b0c44298fc1c149afbf4c8996fb92427ae41e4649b934ca495991b7852b855,,"{""cache_entry_mtime_after_warmup"": 1785370845819538800, ""cache_get_calls"": 1, ""cache_get_debug"": [{""branch"": """", ""entry_mtime"": null, ""entry_present"": false, ""hit"": false, ""mtime_equal"": false, ""name"": ""gin-87ab3d33"", ""owner"": ""local"", ""requested_mtime"": 1785370845819538800}], ""cache_get_hits"": 0, ""cache_key_present_after_warmup"": true, ""cache_policy"": ""cold"", ""cached_symbols_loaded_after_warmup"": true, ""hydration_trace"": {""lazy_ensure_calls"": 0, ""lazy_full_materializations"": 0, ""load_results"": [{""branch"": """", ""lazy_loaded_at_return"": null, ""repo"": ""local/gin-87ab3d33"", ""requested_hydration"": ""auto"", ""symbol_collection_type"": ""list""}], ""sparse_by_file_calls"": 0, ""sparse_by_files_calls"": 0, ""sparse_by_id_calls"": 0, ""sparse_by_name_calls"": 0}, ""mtime_after_measure"": 1785370845819538800, ""mtime_after_warmup"": 1785370845819538800, ""mtime_before_measure"": 1785370845819538800, ""mtime_before_warmup"": 1785370845819538800, ""process_cpu_ms"": 15.625, ""runtime_distribution_version"": ""1.108.199"", ""target_policy"": ""middle stride target"", ""unsafe_global_partial_control"": false, ""wal_after_measure"": false, ""wal_after_warmup"": false, ""worker_pid"": 49336}"
gin-gonic/gin,gin-87ab3d33,file_content,cold_generation_safe_hybrid_screen,get_file_content,target_files,generation_safe_hybrid,3,"{""file_path"": ""debug_test.go"", ""max_content_results"": 20, ""repo"": ""local/gin-87ab3d33"", ""search_content"": true}",1,2,1834,109,2580480,3.102,1.2744,41.08317214700193,1,9065,138629120,138629120,0,ed914b93eb623e902c407128dad109e299775b41768cff1d23a4892682f7609c,34dac209ffb6ef85cc78c5d217bbb7ad001d68fd,2026-07-29T20:20:45.784692,1.108.207,c2201a55b6e1b0ea38043c514ab7bc3a372bad13,3369b1fcd5b12fcb1473031ec74bda8cc200d8860a09caa310c06e9f3ea8bf88,,1,wt-generation-safe-hybrid,87f0ef27d476ad303a854c40a984e645bf1074ff2207c8d112c741447dbbfcb2,"M src/jcodemunch_mcp/server.py
 M src/jcodemunch_mcp/storage/index_store.py
 M src/jcodemunch_mcp/storage/sqlite_store.py
 M src/jcodemunch_mcp/tools/check_references.py
 M src/jcodemunch_mcp/tools/find_references.py
 M src/jcodemunch_mcp/tools/get_blast_radius.py
 M src/jcodemunch_mcp/tools/get_churn_rate.py
 M src/jcodemunch_mcp/tools/get_file_outline.py
 M src/jcodemunch_mcp/tools/get_file_risk.py
 M src/jcodemunch_mcp/tools/get_file_tree.py
 M src/jcodemunch_mcp/tools/get_symbol_complexity.py
 M src/jcodemunch_mcp/tools/get_symbol_provenance.py
 M src/jcodemunch_mcp/tools/search_symbols.py
?? tests/test_generation_safe_hybrid.py","{""cache_entry_mtime_after_warmup"": null, ""cache_get_calls"": 0, ""cache_get_debug"": [], ""cache_get_hits"": 0, ""cache_key_present_after_warmup"": false, ""cache_policy"": ""cold"", ""cached_symbols_loaded_after_warmup"": true, ""hydration_trace"": {""lazy_ensure_calls"": 0, ""lazy_full_materializations"": 0, ""load_results"": [{""branch"": """", ""lazy_loaded_at_return"": false, ""repo"": ""local/gin-87ab3d33"", ""requested_hydration"": ""auto"", ""symbol_collection_type"": ""LazySymbolList""}], ""sparse_by_file_calls"": 0, ""sparse_by_files_calls"": 0, ""sparse_by_id_calls"": 0, ""sparse_by_name_calls"": 0}, ""mtime_after_measure"": 1785370845819538800, ""mtime_after_warmup"": 1785370845819538800, ""mtime_before_measure"": 1785370845819538800, ""mtime_before_warmup"": 1785370845819538800, ""process_cpu_ms"": 0.0, ""runtime_distribution_version"": ""1.108.199"", ""target_policy"": ""middle stride target"", ""unsafe_global_partial_control"": false, ""wal_after_measure"": false, ""wal_after_warmup"": false, ""worker_pid"": 44820}"
gin-gonic/gin,gin-87ab3d33,file_outline_single,cold_generation_safe_hybrid_screen,get_file_outline,target_file_symbols,generation_safe_hybrid,3,"{""file_path"": ""debug_test.go"", ""repo"": ""local/gin-87ab3d33""}",1,1,1834,109,2580480,3.2603,1.2497,38.330828451369506,1,2902,138641408,138645504,4096,2855bea8e6258c9136fe163dff39b5011311699a61720f525cc86ba2cbfbfd41,34dac209ffb6ef85cc78c5d217bbb7ad001d68fd,2026-07-29T20:20:45.784692,1.108.207,c2201a55b6e1b0ea38043c514ab7bc3a372bad13,3369b1fcd5b12fcb1473031ec74bda8cc200d8860a09caa310c06e9f3ea8bf88,,1,wt-generation-safe-hybrid,87f0ef27d476ad303a854c40a984e645bf1074ff2207c8d112c741447dbbfcb2,"M src/jcodemunch_mcp/server.py
 M src/jcodemunch_mcp/storage/index_store.py
 M src/jcodemunch_mcp/storage/sqlite_store.py
 M src/jcodemunch_mcp/tools/check_references.py
 M src/jcodemunch_mcp/tools/find_references.py
 M src/jcodemunch_mcp/tools/get_blast_radius.py
 M src/jcodemunch_mcp/tools/get_churn_rate.py
 M src/jcodemunch_mcp/tools/get_file_outline.py
 M src/jcodemunch_mcp/tools/get_file_risk.py
 M src/jcodemunch_mcp/tools/get_file_tree.py
 M src/jcodemunch_mcp/tools/get_symbol_complexity.py
 M src/jcodemunch_mcp/tools/get_symbol_provenance.py
 M src/jcodemunch_mcp/tools/search_symbols.py
?? tests/test_generation_safe_hybrid.py","{""cache_entry_mtime_after_warmup"": null, ""cache_get_calls"": 0, ""cache_get_debug"": [], ""cache_get_hits"": 0, ""cache_key_present_after_warmup"": false, ""cache_policy"": ""cold"", ""cached_symbols_loaded_after_warmup"": true, ""hydration_trace"": {""lazy_ensure_calls"": 0, ""lazy_full_materializations"": 0, ""load_results"": [{""branch"": """", ""lazy_loaded_at_return"": false, ""repo"": ""local/gin-87ab3d33"", ""requested_hydration"": ""auto"", ""symbol_collection_type"": ""LazySymbolList""}], ""sparse_by_file_calls"": 1, ""sparse_by_files_calls"": 0, ""sparse_by_id_calls"": 0, ""sparse_by_name_calls"": 0}, ""mtime_after_measure"": 1785370845819538800, ""mtime_after_warmup"": 1785370845819538800, ""mtime_before_measure"": 1785370845819538800, ""mtime_before_warmup"": 1785370845819538800, ""process_cpu_ms"": 15.625, ""runtime_distribution_version"": ""1.108.199"", ""target_policy"": ""middle stride target"", ""unsafe_global_partial_control"": false, ""wal_after_measure"": false, ""wal_after_warmup"": false, ""worker_pid"": 44820}"
gin-gonic/gin,gin-87ab3d33,file_outline_single,cold_generation_safe_hybrid_screen,get_file_outline,target_file_symbols,baseline_full,3,"{""file_path"": ""debug_test.go"", ""repo"": ""local/gin-87ab3d33""}",1,2,1834,109,2580480,14.6883,12.9309,88.03537509446294,1,2903,308318208,308375552,57344,2855bea8e6258c9136fe163dff39b5011311699a61720f525cc86ba2cbfbfd41,34dac209ffb6ef85cc78c5d217bbb7ad001d68fd,2026-07-29T20:20:45.784692,1.108.207,c2201a55b6e1b0ea38043c514ab7bc3a372bad13,3369b1fcd5b12fcb1473031ec74bda8cc200d8860a09caa310c06e9f3ea8bf88,,1,wt-1.108.207,e3b0c44298fc1c149afbf4c8996fb92427ae41e4649b934ca495991b7852b855,,"{""cache_entry_mtime_after_warmup"": 1785370845819538800, ""cache_get_calls"": 1, ""cache_get_debug"": [{""branch"": """", ""entry_mtime"": null, ""entry_present"": false, ""hit"": false, ""mtime_equal"": false, ""name"": ""gin-87ab3d33"", ""owner"": ""local"", ""requested_mtime"": 1785370845819538800}], ""cache_get_hits"": 0, ""cache_key_present_after_warmup"": true, ""cache_policy"": ""cold"", ""cached_symbols_loaded_after_warmup"": true, ""hydration_trace"": {""lazy_ensure_calls"": 0, ""lazy_full_materializations"": 0, ""load_results"": [{""branch"": """", ""lazy_loaded_at_return"": null, ""repo"": ""local/gin-87ab3d33"", ""requested_hydration"": ""auto"", ""symbol_collection_type"": ""list""}], ""sparse_by_file_calls"": 0, ""sparse_by_files_calls"": 0, ""sparse_by_id_calls"": 0, ""sparse_by_name_calls"": 0}, ""mtime_after_measure"": 1785370845819538800, ""mtime_after_warmup"": 1785370845819538800, ""mtime_before_measure"": 1785370845819538800, ""mtime_before_warmup"": 1785370845819538800, ""process_cpu_ms"": 15.625, ""runtime_distribution_version"": ""1.108.199"", ""target_policy"": ""middle stride target"", ""unsafe_global_partial_control"": false, ""wal_after_measure"": false, ""wal_after_warmup"": false, ""worker_pid"": 49336}"
gin-gonic/gin,gin-87ab3d33,file_outline_batch,cold_generation_safe_hybrid_screen,get_file_outline,target_file_symbols,baseline_full,3,"{""file_paths"": [""debug_test.go"", ""deprecated.go"", ""deprecated_test.go""], ""repo"": ""local/gin-87ab3d33""}",1,1,1834,109,2580480,15.4508,12.6016,81.55953089807647,1,3151,308375552,308396032,20480,cdd4b1d7132b26c8bf6126904833f9c230abe5f2786725b030dbc85b22635f73,34dac209ffb6ef85cc78c5d217bbb7ad001d68fd,2026-07-29T20:20:45.784692,1.108.207,c2201a55b6e1b0ea38043c514ab7bc3a372bad13,3369b1fcd5b12fcb1473031ec74bda8cc200d8860a09caa310c06e9f3ea8bf88,,1,wt-1.108.207,e3b0c44298fc1c149afbf4c8996fb92427ae41e4649b934ca495991b7852b855,,"{""cache_entry_mtime_after_warmup"": 1785370845819538800, ""cache_get_calls"": 1, ""cache_get_debug"": [{""branch"": """", ""entry_mtime"": null, ""entry_present"": false, ""hit"": false, ""mtime_equal"": false, ""name"": ""gin-87ab3d33"", ""owner"": ""local"", ""requested_mtime"": 1785370845819538800}], ""cache_get_hits"": 0, ""cache_key_present_after_warmup"": true, ""cache_policy"": ""cold"", ""cached_symbols_loaded_after_warmup"": true, ""hydration_trace"": {""lazy_ensure_calls"": 0, ""lazy_full_materializations"": 0, ""load_results"": [{""branch"": """", ""lazy_loaded_at_return"": null, ""repo"": ""local/gin-87ab3d33"", ""requested_hydration"": ""auto"", ""symbol_collection_type"": ""list""}], ""sparse_by_file_calls"": 0, ""sparse_by_files_calls"": 0, ""sparse_by_id_calls"": 0, ""sparse_by_name_calls"": 0}, ""mtime_after_measure"": 1785370845819538800, ""mtime_after_warmup"": 1785370845819538800, ""mtime_before_measure"": 1785370845819538800, ""mtime_before_warmup"": 1785370845819538800, ""process_cpu_ms"": 15.625, ""runtime_distribution_version"": ""1.108.199"", ""target_policy"": ""middle stride target"", ""unsafe_global_partial_control"": false, ""wal_after_measure"": false, ""wal_after_warmup"": false, ""worker_pid"": 49336}"
gin-gonic/gin,gin-87ab3d33,file_outline_batch,cold_generation_safe_hybrid_screen,get_file_outline,target_file_symbols,generation_safe_hybrid,3,"{""file_paths"": [""debug_test.go"", ""deprecated.go"", ""deprecated_test.go""], ""repo"": ""local/gin-87ab3d33""}",1,2,1834,109,2580480,4.1939,1.2763,30.432294522997687,1,3150,138645504,138645504,0,cdd4b1d7132b26c8bf6126904833f9c230abe5f2786725b030dbc85b22635f73,34dac209ffb6ef85cc78c5d217bbb7ad001d68fd,2026-07-29T20:20:45.784692,1.108.207,c2201a55b6e1b0ea38043c514ab7bc3a372bad13,3369b1fcd5b12fcb1473031ec74bda8cc200d8860a09caa310c06e9f3ea8bf88,,1,wt-generation-safe-hybrid,87f0ef27d476ad303a854c40a984e645bf1074ff2207c8d112c741447dbbfcb2,"M src/jcodemunch_mcp/server.py
 M src/jcodemunch_mcp/storage/index_store.py
 M src/jcodemunch_mcp/storage/sqlite_store.py
 M src/jcodemunch_mcp/tools/check_references.py
 M src/jcodemunch_mcp/tools/find_references.py
 M src/jcodemunch_mcp/tools/get_blast_radius.py
 M src/jcodemunch_mcp/tools/get_churn_rate.py
 M src/jcodemunch_mcp/tools/get_file_outline.py
 M src/jcodemunch_mcp/tools/get_file_risk.py
 M src/jcodemunch_mcp/tools/get_file_tree.py
 M src/jcodemunch_mcp/tools/get_symbol_complexity.py
 M src/jcodemunch_mcp/tools/get_symbol_provenance.py
 M src/jcodemunch_mcp/tools/search_symbols.py
?? tests/test_generation_safe_hybrid.py","{""cache_entry_mtime_after_warmup"": null, ""cache_get_calls"": 0, ""cache_get_debug"": [], ""cache_get_hits"": 0, ""cache_key_present_after_warmup"": false, ""cache_policy"": ""cold"", ""cached_symbols_loaded_after_warmup"": true, ""hydration_trace"": {""lazy_ensure_calls"": 0, ""lazy_full_materializations"": 0, ""load_results"": [{""branch"": """", ""lazy_loaded_at_return"": false, ""repo"": ""local/gin-87ab3d33"", ""requested_hydration"": ""auto"", ""symbol_collection_type"": ""LazySymbolList""}], ""sparse_by_file_calls"": 3, ""sparse_by_files_calls"": 0, ""sparse_by_id_calls"": 0, ""sparse_by_name_calls"": 0}, ""mtime_after_measure"": 1785370845819538800, ""mtime_after_warmup"": 1785370845819538800, ""mtime_before_measure"": 1785370845819538800, ""mtime_before_warmup"": 1785370845819538800, ""process_cpu_ms"": 15.625, ""runtime_distribution_version"": ""1.108.199"", ""target_policy"": ""middle stride target"", ""unsafe_global_partial_control"": false, ""wal_after_measure"": false, ""wal_after_warmup"": false, ""worker_pid"": 44820}"
gin-gonic/gin,gin-87ab3d33,symbol_complexity,cold_generation_safe_hybrid_screen,get_symbol_complexity,target_symbols,generation_safe_hybrid,3,"{""repo"": ""local/gin-87ab3d33"", ""symbol_id"": ""context.go::PureJSON#method""}",1,1,1834,109,2580480,2.4977,1.2911,51.691556231733195,1,394,138649600,138649600,0,b14b290a1225d51e582540070b1c202de9ed765c2caca9f54db71b6ad6f5cc99,34dac209ffb6ef85cc78c5d217bbb7ad001d68fd,2026-07-29T20:20:45.784692,1.108.207,c2201a55b6e1b0ea38043c514ab7bc3a372bad13,3369b1fcd5b12fcb1473031ec74bda8cc200d8860a09caa310c06e9f3ea8bf88,,1,wt-generation-safe-hybrid,87f0ef27d476ad303a854c40a984e645bf1074ff2207c8d112c741447dbbfcb2,"M src/jcodemunch_mcp/server.py
 M src/jcodemunch_mcp/storage/index_store.py
 M src/jcodemunch_mcp/storage/sqlite_store.py
 M src/jcodemunch_mcp/tools/check_references.py
 M src/jcodemunch_mcp/tools/find_references.py
 M src/jcodemunch_mcp/tools/get_blast_radius.py
 M src/jcodemunch_mcp/tools/get_churn_rate.py
 M src/jcodemunch_mcp/tools/get_file_outline.py
 M src/jcodemunch_mcp/tools/get_file_risk.py
 M src/jcodemunch_mcp/tools/get_file_tree.py
 M src/jcodemunch_mcp/tools/get_symbol_complexity.py
 M src/jcodemunch_mcp/tools/get_symbol_provenance.py
 M src/jcodemunch_mcp/tools/search_symbols.py
?? tests/test_generation_safe_hybrid.py","{""cache_entry_mtime_after_warmup"": null, ""cache_get_calls"": 0, ""cache_get_debug"": [], ""cache_get_hits"": 0, ""cache_key_present_after_warmup"": false, ""cache_policy"": ""cold"", ""cached_symbols_loaded_after_warmup"": true, ""hydration_trace"": {""lazy_ensure_calls"": 0, ""lazy_full_materializations"": 0, ""load_results"": [{""branch"": """", ""lazy_loaded_at_return"": false, ""repo"": ""local/gin-87ab3d33"", ""requested_hydration"": ""auto"", ""symbol_collection_type"": ""LazySymbolList""}], ""sparse_by_file_calls"": 0, ""sparse_by_files_calls"": 0, ""sparse_by_id_calls"": 1, ""sparse_by_name_calls"": 0}, ""mtime_after_measure"": 1785370845819538800, ""mtime_after_warmup"": 1785370845819538800, ""mtime_before_measure"": 1785370845819538800, ""mtime_before_warmup"": 1785370845819538800, ""process_cpu_ms"": 0.0, ""runtime_distribution_version"": ""1.108.199"", ""target_policy"": ""middle stride target"", ""unsafe_global_partial_control"": false, ""wal_after_measure"": false, ""wal_after_warmup"": false, ""worker_pid"": 44820}"
gin-gonic/gin,gin-87ab3d33,symbol_complexity,cold_generation_safe_hybrid_screen,get_symbol_complexity,target_symbols,baseline_full,3,"{""repo"": ""local/gin-87ab3d33"", ""symbol_id"": ""context.go::PureJSON#method""}",1,2,1834,109,2580480,14.0026,12.9789,92.68921486009741,1,395,308400128,308400128,0,b14b290a1225d51e582540070b1c202de9ed765c2caca9f54db71b6ad6f5cc99,34dac209ffb6ef85cc78c5d217bbb7ad001d68fd,2026-07-29T20:20:45.784692,1.108.207,c2201a55b6e1b0ea38043c514ab7bc3a372bad13,3369b1fcd5b12fcb1473031ec74bda8cc200d8860a09caa310c06e9f3ea8bf88,,1,wt-1.108.207,e3b0c44298fc1c149afbf4c8996fb92427ae41e4649b934ca495991b7852b855,,"{""cache_entry_mtime_after_warmup"": 1785370845819538800, ""cache_get_calls"": 1, ""cache_get_debug"": [{""branch"": """", ""entry_mtime"": null, ""entry_present"": false, ""hit"": false, ""mtime_equal"": false, ""name"": ""gin-87ab3d33"", ""owner"": ""local"", ""requested_mtime"": 1785370845819538800}], ""cache_get_hits"": 0, ""cache_key_present_after_warmup"": true, ""cache_policy"": ""cold"", ""cached_symbols_loaded_after_warmup"": true, ""hydration_trace"": {""lazy_ensure_calls"": 0, ""lazy_full_materializations"": 0, ""load_results"": [{""branch"": """", ""lazy_loaded_at_return"": null, ""repo"": ""local/gin-87ab3d33"", ""requested_hydration"": ""auto"", ""symbol_collection_type"": ""list""}], ""sparse_by_file_calls"": 0, ""sparse_by_files_calls"": 0, ""sparse_by_id_calls"": 0, ""sparse_by_name_calls"": 0}, ""mtime_after_measure"": 1785370845819538800, ""mtime_after_warmup"": 1785370845819538800, ""mtime_before_measure"": 1785370845819538800, ""mtime_before_warmup"": 1785370845819538800, ""process_cpu_ms"": 15.625, ""runtime_distribution_version"": ""1.108.199"", ""target_policy"": ""middle stride target"", ""unsafe_global_partial_control"": false, ""wal_after_measure"": false, ""wal_after_warmup"": false, ""worker_pid"": 49336}"
gin-gonic/gin,gin-87ab3d33,churn_symbol,cold_generation_safe_hybrid_screen,get_churn_rate,target_symbols,baseline_full,3,"{""days"": 30, ""repo"": ""local/gin-87ab3d33"", ""target"": ""context.go::PureJSON#method""}",1,1,1834,109,2580480,66.8171,14.185,21.22959541793942,1,453,308420608,308432896,12288,46eea3fa112d3f4b0a5deaea3e9e0ea5d2b9a5e9130a214a4b8e92c31d348ce4,34dac209ffb6ef85cc78c5d217bbb7ad001d68fd,2026-07-29T20:20:45.784692,1.108.207,c2201a55b6e1b0ea38043c514ab7bc3a372bad13,3369b1fcd5b12fcb1473031ec74bda8cc200d8860a09caa310c06e9f3ea8bf88,,1,wt-1.108.207,e3b0c44298fc1c149afbf4c8996fb92427ae41e4649b934ca495991b7852b855,,"{""cache_entry_mtime_after_warmup"": 1785370845819538800, ""cache_get_calls"": 1, ""cache_get_debug"": [{""branch"": """", ""entry_mtime"": null, ""entry_present"": false, ""hit"": false, ""mtime_equal"": false, ""name"": ""gin-87ab3d33"", ""owner"": ""local"", ""requested_mtime"": 1785370845819538800}], ""cache_get_hits"": 0, ""cache_key_present_after_warmup"": true, ""cache_policy"": ""cold"", ""cached_symbols_loaded_after_warmup"": true, ""hydration_trace"": {""lazy_ensure_calls"": 0, ""lazy_full_materializations"": 0, ""load_results"": [{""branch"": """", ""lazy_loaded_at_return"": null, ""repo"": ""local/gin-87ab3d33"", ""requested_hydration"": ""auto"", ""symbol_collection_type"": ""list""}], ""sparse_by_file_calls"": 0, ""sparse_by_files_calls"": 0, ""sparse_by_id_calls"": 0, ""sparse_by_name_calls"": 0}, ""mtime_after_measure"": 1785370845819538800, ""mtime_after_warmup"": 1785370845819538800, ""mtime_before_measure"": 1785370845819538800, ""mtime_before_warmup"": 1785370845819538800, ""process_cpu_ms"": 31.25, ""runtime_distribution_version"": ""1.108.199"", ""target_policy"": ""middle stride target"", ""unsafe_global_partial_control"": false, ""wal_after_measure"": false, ""wal_after_warmup"": false, ""worker_pid"": 49336}"
gin-gonic/gin,gin-87ab3d33,churn_symbol,cold_generation_safe_hybrid_screen,get_churn_rate,target_symbols,generation_safe_hybrid,3,"{""days"": 30, ""repo"": ""local/gin-87ab3d33"", ""target"": ""context.go::PureJSON#method""}",1,2,1834,109,2580480,100.802,1.3809,1.3699132953711235,1,453,138817536,138842112,24576,46eea3fa112d3f4b0a5deaea3e9e0ea5d2b9a5e9130a214a4b8e92c31d348ce4,34dac209ffb6ef85cc78c5d217bbb7ad001d68fd,2026-07-29T20:20:45.784692,1.108.207,c2201a55b6e1b0ea38043c514ab7bc3a372bad13,3369b1fcd5b12fcb1473031ec74bda8cc200d8860a09caa310c06e9f3ea8bf88,,1,wt-generation-safe-hybrid,87f0ef27d476ad303a854c40a984e645bf1074ff2207c8d112c741447dbbfcb2,"M src/jcodemunch_mcp/server.py
 M src/jcodemunch_mcp/storage/index_store.py
 M src/jcodemunch_mcp/storage/sqlite_store.py
 M src/jcodemunch_mcp/tools/check_references.py
 M src/jcodemunch_mcp/tools/find_references.py
 M src/jcodemunch_mcp/tools/get_blast_radius.py
 M src/jcodemunch_mcp/tools/get_churn_rate.py
 M src/jcodemunch_mcp/tools/get_file_outline.py
 M src/jcodemunch_mcp/tools/get_file_risk.py
 M src/jcodemunch_mcp/tools/get_file_tree.py
 M src/jcodemunch_mcp/tools/get_symbol_complexity.py
 M src/jcodemunch_mcp/tools/get_symbol_provenance.py
 M src/jcodemunch_mcp/tools/search_symbols.py
?? tests/test_generation_safe_hybrid.py","{""cache_entry_mtime_after_warmup"": null, ""cache_get_calls"": 0, ""cache_get_debug"": [], ""cache_get_hits"": 0, ""cache_key_present_after_warmup"": false, ""cache_policy"": ""cold"", ""cached_symbols_loaded_after_warmup"": true, ""hydration_trace"": {""lazy_ensure_calls"": 0, ""lazy_full_materializations"": 0, ""load_results"": [{""branch"": """", ""lazy_loaded_at_return"": false, ""repo"": ""local/gin-87ab3d33"", ""requested_hydration"": ""auto"", ""symbol_collection_type"": ""LazySymbolList""}], ""sparse_by_file_calls"": 0, ""sparse_by_files_calls"": 0, ""sparse_by_id_calls"": 1, ""sparse_by_name_calls"": 0}, ""mtime_after_measure"": 1785370845819538800, ""mtime_after_warmup"": 1785370845819538800, ""mtime_before_measure"": 1785370845819538800, ""mtime_before_warmup"": 1785370845819538800, ""process_cpu_ms"": 46.875, ""runtime_distribution_version"": ""1.108.199"", ""target_policy"": ""middle stride target"", ""unsafe_global_partial_control"": false, ""wal_after_measure"": false, ""wal_after_warmup"": false, ""worker_pid"": 44820}"
gin-gonic/gin,gin-87ab3d33,churn_file,cold_generation_safe_hybrid_screen,get_churn_rate,metadata,generation_safe_hybrid,3,"{""days"": 30, ""repo"": ""local/gin-87ab3d33"", ""target"": ""debug_test.go""}",1,1,1834,109,2580480,54.0393,1.4023,2.594963295231434,1,411,138850304,138850304,0,93caa2193eb5ae25218e1181aef2bb30fdf2efb8c2c167b3e2d8d3e8962f15e6,34dac209ffb6ef85cc78c5d217bbb7ad001d68fd,2026-07-29T20:20:45.784692,1.108.207,c2201a55b6e1b0ea38043c514ab7bc3a372bad13,3369b1fcd5b12fcb1473031ec74bda8cc200d8860a09caa310c06e9f3ea8bf88,,1,wt-generation-safe-hybrid,87f0ef27d476ad303a854c40a984e645bf1074ff2207c8d112c741447dbbfcb2,"M src/jcodemunch_mcp/server.py
 M src/jcodemunch_mcp/storage/index_store.py
 M src/jcodemunch_mcp/storage/sqlite_store.py
 M src/jcodemunch_mcp/tools/check_references.py
 M src/jcodemunch_mcp/tools/find_references.py
 M src/jcodemunch_mcp/tools/get_blast_radius.py
 M src/jcodemunch_mcp/tools/get_churn_rate.py
 M src/jcodemunch_mcp/tools/get_file_outline.py
 M src/jcodemunch_mcp/tools/get_file_risk.py
 M src/jcodemunch_mcp/tools/get_file_tree.py
 M src/jcodemunch_mcp/tools/get_symbol_complexity.py
 M src/jcodemunch_mcp/tools/get_symbol_provenance.py
 M src/jcodemunch_mcp/tools/search_symbols.py
?? tests/test_generation_safe_hybrid.py","{""cache_entry_mtime_after_warmup"": null, ""cache_get_calls"": 0, ""cache_get_debug"": [], ""cache_get_hits"": 0, ""cache_key_present_after_warmup"": false, ""cache_policy"": ""cold"", ""cached_symbols_loaded_after_warmup"": true, ""hydration_trace"": {""lazy_ensure_calls"": 0, ""lazy_full_materializations"": 0, ""load_results"": [{""branch"": """", ""lazy_loaded_at_return"": false, ""repo"": ""local/gin-87ab3d33"", ""requested_hydration"": ""auto"", ""symbol_collection_type"": ""LazySymbolList""}], ""sparse_by_file_calls"": 0, ""sparse_by_files_calls"": 0, ""sparse_by_id_calls"": 1, ""sparse_by_name_calls"": 0}, ""mtime_after_measure"": 1785370845819538800, ""mtime_after_warmup"": 1785370845819538800, ""mtime_before_measure"": 1785370845819538800, ""mtime_before_warmup"": 1785370845819538800, ""process_cpu_ms"": 46.875, ""runtime_distribution_version"": ""1.108.199"", ""target_policy"": ""middle stride target"", ""unsafe_global_partial_control"": false, ""wal_after_measure"": false, ""wal_after_warmup"": false, ""worker_pid"": 44820}"
gin-gonic/gin,gin-87ab3d33,churn_file,cold_generation_safe_hybrid_screen,get_churn_rate,metadata,baseline_full,3,"{""days"": 30, ""repo"": ""local/gin-87ab3d33"", ""target"": ""debug_test.go""}",1,2,1834,109,2580480,66.6138,14.3593,21.556043942846678,1,411,308453376,308457472,4096,93caa2193eb5ae25218e1181aef2bb30fdf2efb8c2c167b3e2d8d3e8962f15e6,34dac209ffb6ef85cc78c5d217bbb7ad001d68fd,2026-07-29T20:20:45.784692,1.108.207,c2201a55b6e1b0ea38043c514ab7bc3a372bad13,3369b1fcd5b12fcb1473031ec74bda8cc200d8860a09caa310c06e9f3ea8bf88,,1,wt-1.108.207,e3b0c44298fc1c149afbf4c8996fb92427ae41e4649b934ca495991b7852b855,,"{""cache_entry_mtime_after_warmup"": 1785370845819538800, ""cache_get_calls"": 1, ""cache_get_debug"": [{""branch"": """", ""entry_mtime"": null, ""entry_present"": false, ""hit"": false, ""mtime_equal"": false, ""name"": ""gin-87ab3d33"", ""owner"": ""local"", ""requested_mtime"": 1785370845819538800}], ""cache_get_hits"": 0, ""cache_key_present_after_warmup"": true, ""cache_policy"": ""cold"", ""cached_symbols_loaded_after_warmup"": true, ""hydration_trace"": {""lazy_ensure_calls"": 0, ""lazy_full_materializations"": 0, ""load_results"": [{""branch"": """", ""lazy_loaded_at_return"": null, ""repo"": ""local/gin-87ab3d33"", ""requested_hydration"": ""auto"", ""symbol_collection_type"": ""list""}], ""sparse_by_file_calls"": 0, ""sparse_by_files_calls"": 0, ""sparse_by_id_calls"": 0, ""sparse_by_name_calls"": 0}, ""mtime_after_measure"": 1785370845819538800, ""mtime_after_warmup"": 1785370845819538800, ""mtime_before_measure"": 1785370845819538800, ""mtime_before_warmup"": 1785370845819538800, ""process_cpu_ms"": 15.625, ""runtime_distribution_version"": ""1.108.199"", ""target_policy"": ""middle stride target"", ""unsafe_global_partial_control"": false, ""wal_after_measure"": false, ""wal_after_warmup"": false, ""worker_pid"": 49336}"
gin-gonic/gin,gin-87ab3d33,symbol_provenance,cold_generation_safe_hybrid_screen,get_symbol_provenance,target_symbols,baseline_full,3,"{""max_commits"": 3, ""repo"": ""local/gin-87ab3d33"", ""symbol"": ""context.go::PureJSON#method""}",1,1,1834,109,2580480,49.4883,13.0682,26.406645611184864,1,1512,308465664,308465664,0,ef7aa227f74b0fa3a772839636843130c77986f93854d3d9839fd1130d7c37d6,34dac209ffb6ef85cc78c5d217bbb7ad001d68fd,2026-07-29T20:20:45.784692,1.108.207,c2201a55b6e1b0ea38043c514ab7bc3a372bad13,3369b1fcd5b12fcb1473031ec74bda8cc200d8860a09caa310c06e9f3ea8bf88,,1,wt-1.108.207,e3b0c44298fc1c149afbf4c8996fb92427ae41e4649b934ca495991b7852b855,,"{""cache_entry_mtime_after_warmup"": 1785370845819538800, ""cache_get_calls"": 1, ""cache_get_debug"": [{""branch"": """", ""entry_mtime"": null, ""entry_present"": false, ""hit"": false, ""mtime_equal"": false, ""name"": ""gin-87ab3d33"", ""owner"": ""local"", ""requested_mtime"": 1785370845819538800}], ""cache_get_hits"": 0, ""cache_key_present_after_warmup"": true, ""cache_policy"": ""cold"", ""cached_symbols_loaded_after_warmup"": true, ""hydration_trace"": {""lazy_ensure_calls"": 0, ""lazy_full_materializations"": 0, ""load_results"": [{""branch"": """", ""lazy_loaded_at_return"": null, ""repo"": ""local/gin-87ab3d33"", ""requested_hydration"": ""auto"", ""symbol_collection_type"": ""list""}], ""sparse_by_file_calls"": 0, ""sparse_by_files_calls"": 0, ""sparse_by_id_calls"": 0, ""sparse_by_name_calls"": 0}, ""mtime_after_measure"": 1785370845819538800, ""mtime_after_warmup"": 1785370845819538800, ""mtime_before_measure"": 1785370845819538800, ""mtime_before_warmup"": 1785370845819538800, ""process_cpu_ms"": 93.75, ""runtime_distribution_version"": ""1.108.199"", ""target_policy"": ""middle stride target"", ""unsafe_global_partial_control"": false, ""wal_after_measure"": false, ""wal_after_warmup"": false, ""worker_pid"": 49336}"
gin-gonic/gin,gin-87ab3d33,symbol_provenance,cold_generation_safe_hybrid_screen,get_symbol_provenance,target_symbols,generation_safe_hybrid,3,"{""max_commits"": 3, ""repo"": ""local/gin-87ab3d33"", ""symbol"": ""context.go::PureJSON#method""}",1,2,1834,109,2580480,37.9266,2.0189,5.323176873223542,1,1512,138903552,138903552,0,ef7aa227f74b0fa3a772839636843130c77986f93854d3d9839fd1130d7c37d6,34dac209ffb6ef85cc78c5d217bbb7ad001d68fd,2026-07-29T20:20:45.784692,1.108.207,c2201a55b6e1b0ea38043c514ab7bc3a372bad13,3369b1fcd5b12fcb1473031ec74bda8cc200d8860a09caa310c06e9f3ea8bf88,,1,wt-generation-safe-hybrid,87f0ef27d476ad303a854c40a984e645bf1074ff2207c8d112c741447dbbfcb2,"M src/jcodemunch_mcp/server.py
 M src/jcodemunch_mcp/storage/index_store.py
 M src/jcodemunch_mcp/storage/sqlite_store.py
 M src/jcodemunch_mcp/tools/check_references.py
 M src/jcodemunch_mcp/tools/find_references.py
 M src/jcodemunch_mcp/tools/get_blast_radius.py
 M src/jcodemunch_mcp/tools/get_churn_rate.py
 M src/jcodemunch_mcp/tools/get_file_outline.py
 M src/jcodemunch_mcp/tools/get_file_risk.py
 M src/jcodemunch_mcp/tools/get_file_tree.py
 M src/jcodemunch_mcp/tools/get_symbol_complexity.py
 M src/jcodemunch_mcp/tools/get_symbol_provenance.py
 M src/jcodemunch_mcp/tools/search_symbols.py
?? tests/test_generation_safe_hybrid.py","{""cache_entry_mtime_after_warmup"": null, ""cache_get_calls"": 0, ""cache_get_debug"": [], ""cache_get_hits"": 0, ""cache_key_present_after_warmup"": false, ""cache_policy"": ""cold"", ""cached_symbols_loaded_after_warmup"": true, ""hydration_trace"": {""lazy_ensure_calls"": 0, ""lazy_full_materializations"": 0, ""load_results"": [{""branch"": """", ""lazy_loaded_at_return"": false, ""repo"": ""local/gin-87ab3d33"", ""requested_hydration"": ""auto"", ""symbol_collection_type"": ""LazySymbolList""}], ""sparse_by_file_calls"": 0, ""sparse_by_files_calls"": 0, ""sparse_by_id_calls"": 1, ""sparse_by_name_calls"": 0}, ""mtime_after_measure"": 1785370845819538800, ""mtime_after_warmup"": 1785370845819538800, ""mtime_before_measure"": 1785370845819538800, ""mtime_before_warmup"": 1785370845819538800, ""process_cpu_ms"": 62.5, ""runtime_distribution_version"": ""1.108.199"", ""target_policy"": ""middle stride target"", ""unsafe_global_partial_control"": false, ""wal_after_measure"": false, ""wal_after_warmup"": false, ""worker_pid"": 44820}"
gin-gonic/gin,gin-87ab3d33,references_single,cold_generation_safe_hybrid_screen,find_references,all_files,generation_safe_hybrid,3,"{""identifier"": ""PureJSON"", ""repo"": ""local/gin-87ab3d33""}",1,1,1834,109,2580480,4.2212,1.2722,30.13834928456363,1,365,138903552,138903552,0,c8426ce7c8f0855aa1af8197929ed5c73cd1ec2775f9eda92718b0a3bed0ecb1,34dac209ffb6ef85cc78c5d217bbb7ad001d68fd,2026-07-29T20:20:45.784692,1.108.207,c2201a55b6e1b0ea38043c514ab7bc3a372bad13,3369b1fcd5b12fcb1473031ec74bda8cc200d8860a09caa310c06e9f3ea8bf88,,1,wt-generation-safe-hybrid,87f0ef27d476ad303a854c40a984e645bf1074ff2207c8d112c741447dbbfcb2,"M src/jcodemunch_mcp/server.py
 M src/jcodemunch_mcp/storage/index_store.py
 M src/jcodemunch_mcp/storage/sqlite_store.py
 M src/jcodemunch_mcp/tools/check_references.py
 M src/jcodemunch_mcp/tools/find_references.py
 M src/jcodemunch_mcp/tools/get_blast_radius.py
 M src/jcodemunch_mcp/tools/get_churn_rate.py
 M src/jcodemunch_mcp/tools/get_file_outline.py
 M src/jcodemunch_mcp/tools/get_file_risk.py
 M src/jcodemunch_mcp/tools/get_file_tree.py
 M src/jcodemunch_mcp/tools/get_symbol_complexity.py
 M src/jcodemunch_mcp/tools/get_symbol_provenance.py
 M src/jcodemunch_mcp/tools/search_symbols.py
?? tests/test_generation_safe_hybrid.py","{""cache_entry_mtime_after_warmup"": null, ""cache_get_calls"": 0, ""cache_get_debug"": [], ""cache_get_hits"": 0, ""cache_key_present_after_warmup"": false, ""cache_policy"": ""cold"", ""cached_symbols_loaded_after_warmup"": true, ""hydration_trace"": {""lazy_ensure_calls"": 0, ""lazy_full_materializations"": 0, ""load_results"": [{""branch"": """", ""lazy_loaded_at_return"": false, ""repo"": ""local/gin-87ab3d33"", ""requested_hydration"": ""auto"", ""symbol_collection_type"": ""LazySymbolList""}], ""sparse_by_file_calls"": 0, ""sparse_by_files_calls"": 0, ""sparse_by_id_calls"": 0, ""sparse_by_name_calls"": 0}, ""mtime_after_measure"": 1785370845819538800, ""mtime_after_warmup"": 1785370845819538800, ""mtime_before_measure"": 1785370845819538800, ""mtime_before_warmup"": 1785370845819538800, ""process_cpu_ms"": 0.0, ""runtime_distribution_version"": ""1.108.199"", ""target_policy"": ""middle stride target"", ""unsafe_global_partial_control"": false, ""wal_after_measure"": false, ""wal_after_warmup"": false, ""worker_pid"": 44820}"
gin-gonic/gin,gin-87ab3d33,references_single,cold_generation_safe_hybrid_screen,find_references,all_files,baseline_full,3,"{""identifier"": ""PureJSON"", ""repo"": ""local/gin-87ab3d33""}",1,2,1834,109,2580480,15.0005,12.8519,85.67647745075165,1,366,308629504,308658176,28672,c8426ce7c8f0855aa1af8197929ed5c73cd1ec2775f9eda92718b0a3bed0ecb1,34dac209ffb6ef85cc78c5d217bbb7ad001d68fd,2026-07-29T20:20:45.784692,1.108.207,c2201a55b6e1b0ea38043c514ab7bc3a372bad13,3369b1fcd5b12fcb1473031ec74bda8cc200d8860a09caa310c06e9f3ea8bf88,,1,wt-1.108.207,e3b0c44298fc1c149afbf4c8996fb92427ae41e4649b934ca495991b7852b855,,"{""cache_entry_mtime_after_warmup"": 1785370845819538800, ""cache_get_calls"": 1, ""cache_get_debug"": [{""branch"": """", ""entry_mtime"": null, ""entry_present"": false, ""hit"": false, ""mtime_equal"": false, ""name"": ""gin-87ab3d33"", ""owner"": ""local"", ""requested_mtime"": 1785569505789441900}], ""cache_get_hits"": 0, ""cache_key_present_after_warmup"": true, ""cache_policy"": ""cold"", ""cached_symbols_loaded_after_warmup"": true, ""hydration_trace"": {""lazy_ensure_calls"": 0, ""lazy_full_materializations"": 0, ""load_results"": [{""branch"": """", ""lazy_loaded_at_return"": null, ""repo"": ""local/gin-87ab3d33"", ""requested_hydration"": ""auto"", ""symbol_collection_type"": ""list""}], ""sparse_by_file_calls"": 0, ""sparse_by_files_calls"": 0, ""sparse_by_id_calls"": 0, ""sparse_by_name_calls"": 0}, ""mtime_after_measure"": 1785569505805443300, ""mtime_after_warmup"": 1785569505789441900, ""mtime_before_measure"": 1785569505789441900, ""mtime_before_warmup"": 1785370845819538800, ""process_cpu_ms"": 15.625, ""runtime_distribution_version"": ""1.108.199"", ""target_policy"": ""middle stride target"", ""unsafe_global_partial_control"": false, ""wal_after_measure"": true, ""wal_after_warmup"": true, ""worker_pid"": 49336}"
gin-gonic/gin,gin-87ab3d33,references_batch,cold_generation_safe_hybrid_screen,find_references,all_files,baseline_full,3,"{""identifiers"": [""PureJSON"", ""XML"", ""PDF""], ""repo"": ""local/gin-87ab3d33""}",1,1,1834,109,2580480,14.9656,12.5892,84.1209173036831,1,801,308666368,308678656,12288,22ab57a18be1a066dc2f2bc75689d17cbc8f41af4c078a35b527c1997d10e653,34dac209ffb6ef85cc78c5d217bbb7ad001d68fd,2026-07-29T20:20:45.784692,1.108.207,c2201a55b6e1b0ea38043c514ab7bc3a372bad13,3369b1fcd5b12fcb1473031ec74bda8cc200d8860a09caa310c06e9f3ea8bf88,,1,wt-1.108.207,e3b0c44298fc1c149afbf4c8996fb92427ae41e4649b934ca495991b7852b855,,"{""cache_entry_mtime_after_warmup"": 1785370845819538800, ""cache_get_calls"": 1, ""cache_get_debug"": [{""branch"": """", ""entry_mtime"": null, ""entry_present"": false, ""hit"": false, ""mtime_equal"": false, ""name"": ""gin-87ab3d33"", ""owner"": ""local"", ""requested_mtime"": 1785569505830438900}], ""cache_get_hits"": 0, ""cache_key_present_after_warmup"": true, ""cache_policy"": ""cold"", ""cached_symbols_loaded_after_warmup"": true, ""hydration_trace"": {""lazy_ensure_calls"": 0, ""lazy_full_materializations"": 0, ""load_results"": [{""branch"": """", ""lazy_loaded_at_return"": null, ""repo"": ""local/gin-87ab3d33"", ""requested_hydration"": ""auto"", ""symbol_collection_type"": ""list""}], ""sparse_by_file_calls"": 0, ""sparse_by_files_calls"": 0, ""sparse_by_id_calls"": 0, ""sparse_by_name_calls"": 0}, ""mtime_after_measure"": 1785569505846442800, ""mtime_after_warmup"": 1785569505830438900, ""mtime_before_measure"": 1785569505830438900, ""mtime_before_warmup"": 1785569505805443300, ""process_cpu_ms"": 15.625, ""runtime_distribution_version"": ""1.108.199"", ""target_policy"": ""middle stride target"", ""unsafe_global_partial_control"": false, ""wal_after_measure"": true, ""wal_after_warmup"": true, ""worker_pid"": 49336}"
gin-gonic/gin,gin-87ab3d33,references_batch,cold_generation_safe_hybrid_screen,find_references,all_files,generation_safe_hybrid,3,"{""identifiers"": [""PureJSON"", ""XML"", ""PDF""], ""repo"": ""local/gin-87ab3d33""}",1,2,1834,109,2580480,3.8313,1.3443,35.087307180330434,1,800,138903552,138903552,0,22ab57a18be1a066dc2f2bc75689d17cbc8f41af4c078a35b527c1997d10e653,34dac209ffb6ef85cc78c5d217bbb7ad001d68fd,2026-07-29T20:20:45.784692,1.108.207,c2201a55b6e1b0ea38043c514ab7bc3a372bad13,3369b1fcd5b12fcb1473031ec74bda8cc200d8860a09caa310c06e9f3ea8bf88,,1,wt-generation-safe-hybrid,87f0ef27d476ad303a854c40a984e645bf1074ff2207c8d112c741447dbbfcb2,"M src/jcodemunch_mcp/server.py
 M src/jcodemunch_mcp/storage/index_store.py
 M src/jcodemunch_mcp/storage/sqlite_store.py
 M src/jcodemunch_mcp/tools/check_references.py
 M src/jcodemunch_mcp/tools/find_references.py
 M src/jcodemunch_mcp/tools/get_blast_radius.py
 M src/jcodemunch_mcp/tools/get_churn_rate.py
 M src/jcodemunch_mcp/tools/get_file_outline.py
 M src/jcodemunch_mcp/tools/get_file_risk.py
 M src/jcodemunch_mcp/tools/get_file_tree.py
 M src/jcodemunch_mcp/tools/get_symbol_complexity.py
 M src/jcodemunch_mcp/tools/get_symbol_provenance.py
 M src/jcodemunch_mcp/tools/search_symbols.py
?? tests/test_generation_safe_hybrid.py","{""cache_entry_mtime_after_warmup"": null, ""cache_get_calls"": 0, ""cache_get_debug"": [], ""cache_get_hits"": 0, ""cache_key_present_after_warmup"": false, ""cache_policy"": ""cold"", ""cached_symbols_loaded_after_warmup"": true, ""hydration_trace"": {""lazy_ensure_calls"": 0, ""lazy_full_materializations"": 0, ""load_results"": [{""branch"": """", ""lazy_loaded_at_return"": false, ""repo"": ""local/gin-87ab3d33"", ""requested_hydration"": ""auto"", ""symbol_collection_type"": ""LazySymbolList""}], ""sparse_by_file_calls"": 0, ""sparse_by_files_calls"": 0, ""sparse_by_id_calls"": 0, ""sparse_by_name_calls"": 0}, ""mtime_after_measure"": 1785370845819538800, ""mtime_after_warmup"": 1785370845819538800, ""mtime_before_measure"": 1785370845819538800, ""mtime_before_warmup"": 1785569505846442800, ""process_cpu_ms"": 0.0, ""runtime_distribution_version"": ""1.108.199"", ""target_policy"": ""middle stride target"", ""unsafe_global_partial_control"": false, ""wal_after_measure"": false, ""wal_after_warmup"": false, ""worker_pid"": 44820}"
gin-gonic/gin,gin-87ab3d33,references_call_chain,cold_generation_safe_hybrid_screen,find_references,reference_call_chain,generation_safe_hybrid,3,"{""identifier"": ""PureJSON"", ""include_call_chain"": true, ""repo"": ""local/gin-87ab3d33""}",1,1,1834,109,2580480,3.4886,1.1778,33.7613942555753,1,365,138903552,138907648,4096,c8426ce7c8f0855aa1af8197929ed5c73cd1ec2775f9eda92718b0a3bed0ecb1,34dac209ffb6ef85cc78c5d217bbb7ad001d68fd,2026-07-29T20:20:45.784692,1.108.207,c2201a55b6e1b0ea38043c514ab7bc3a372bad13,3369b1fcd5b12fcb1473031ec74bda8cc200d8860a09caa310c06e9f3ea8bf88,,1,wt-generation-safe-hybrid,87f0ef27d476ad303a854c40a984e645bf1074ff2207c8d112c741447dbbfcb2,"M src/jcodemunch_mcp/server.py
 M src/jcodemunch_mcp/storage/index_store.py
 M src/jcodemunch_mcp/storage/sqlite_store.py
 M src/jcodemunch_mcp/tools/check_references.py
 M src/jcodemunch_mcp/tools/find_references.py
 M src/jcodemunch_mcp/tools/get_blast_radius.py
 M src/jcodemunch_mcp/tools/get_churn_rate.py
 M src/jcodemunch_mcp/tools/get_file_outline.py
 M src/jcodemunch_mcp/tools/get_file_risk.py
 M src/jcodemunch_mcp/tools/get_file_tree.py
 M src/jcodemunch_mcp/tools/get_symbol_complexity.py
 M src/jcodemunch_mcp/tools/get_symbol_provenance.py
 M src/jcodemunch_mcp/tools/search_symbols.py
?? tests/test_generation_safe_hybrid.py","{""cache_entry_mtime_after_warmup"": null, ""cache_get_calls"": 0, ""cache_get_debug"": [], ""cache_get_hits"": 0, ""cache_key_present_after_warmup"": false, ""cache_policy"": ""cold"", ""cached_symbols_loaded_after_warmup"": true, ""hydration_trace"": {""lazy_ensure_calls"": 0, ""lazy_full_materializations"": 0, ""load_results"": [{""branch"": """", ""lazy_loaded_at_return"": false, ""repo"": ""local/gin-87ab3d33"", ""requested_hydration"": ""auto"", ""symbol_collection_type"": ""LazySymbolList""}], ""sparse_by_file_calls"": 0, ""sparse_by_files_calls"": 0, ""sparse_by_id_calls"": 0, ""sparse_by_name_calls"": 0}, ""mtime_after_measure"": 1785370845819538800, ""mtime_after_warmup"": 1785370845819538800, ""mtime_before_measure"": 1785370845819538800, ""mtime_before_warmup"": 1785370845819538800, ""process_cpu_ms"": 0.0, ""runtime_distribution_version"": ""1.108.199"", ""target_policy"": ""middle stride target"", ""unsafe_global_partial_control"": false, ""wal_after_measure"": false, ""wal_after_warmup"": false, ""worker_pid"": 44820}"
gin-gonic/gin,gin-87ab3d33,references_call_chain,cold_generation_safe_hybrid_screen,find_references,reference_call_chain,baseline_full,3,"{""identifier"": ""PureJSON"", ""include_call_chain"": true, ""repo"": ""local/gin-87ab3d33""}",1,2,1834,109,2580480,15.6937,13.4706,85.83444312048783,1,366,308879360,308895744,16384,c8426ce7c8f0855aa1af8197929ed5c73cd1ec2775f9eda92718b0a3bed0ecb1,34dac209ffb6ef85cc78c5d217bbb7ad001d68fd,2026-07-29T20:20:45.784692,1.108.207,c2201a55b6e1b0ea38043c514ab7bc3a372bad13,3369b1fcd5b12fcb1473031ec74bda8cc200d8860a09caa310c06e9f3ea8bf88,,1,wt-1.108.207,e3b0c44298fc1c149afbf4c8996fb92427ae41e4649b934ca495991b7852b855,,"{""cache_entry_mtime_after_warmup"": 1785370845819538800, ""cache_get_calls"": 1, ""cache_get_debug"": [{""branch"": """", ""entry_mtime"": null, ""entry_present"": false, ""hit"": false, ""mtime_equal"": false, ""name"": ""gin-87ab3d33"", ""owner"": ""local"", ""requested_mtime"": 1785569505913510100}], ""cache_get_hits"": 0, ""cache_key_present_after_warmup"": true, ""cache_policy"": ""cold"", ""cached_symbols_loaded_after_warmup"": true, ""hydration_trace"": {""lazy_ensure_calls"": 0, ""lazy_full_materializations"": 0, ""load_results"": [{""branch"": """", ""lazy_loaded_at_return"": null, ""repo"": ""local/gin-87ab3d33"", ""requested_hydration"": ""auto"", ""symbol_collection_type"": ""list""}], ""sparse_by_file_calls"": 0, ""sparse_by_files_calls"": 0, ""sparse_by_id_calls"": 0, ""sparse_by_name_calls"": 0}, ""mtime_after_measure"": 1785569505929510100, ""mtime_after_warmup"": 1785569505913510100, ""mtime_before_measure"": 1785569505913510100, ""mtime_before_warmup"": 1785370845819538800, ""process_cpu_ms"": 31.25, ""runtime_distribution_version"": ""1.108.199"", ""target_policy"": ""middle stride target"", ""unsafe_global_partial_control"": false, ""wal_after_measure"": true, ""wal_after_warmup"": true, ""worker_pid"": 49336}"
gin-gonic/gin,gin-87ab3d33,importers_single,cold_generation_safe_hybrid_screen,find_importers,all_files,baseline_full,3,"{""cross_repo"": false, ""file_path"": ""debug_test.go"", ""repo"": ""local/gin-87ab3d33""}",1,1,1834,109,2580480,19.2712,12.8017,66.42917929345344,1,372,308895744,308895744,0,204dba08abd233ccc9a265696b7e6cd8e279fac4753fbde248aa6fff075166c8,34dac209ffb6ef85cc78c5d217bbb7ad001d68fd,2026-07-29T20:20:45.784692,1.108.207,c2201a55b6e1b0ea38043c514ab7bc3a372bad13,3369b1fcd5b12fcb1473031ec74bda8cc200d8860a09caa310c06e9f3ea8bf88,,1,wt-1.108.207,e3b0c44298fc1c149afbf4c8996fb92427ae41e4649b934ca495991b7852b855,,"{""cache_entry_mtime_after_warmup"": 1785370845819538800, ""cache_get_calls"": 1, ""cache_get_debug"": [{""branch"": """", ""entry_mtime"": null, ""entry_present"": false, ""hit"": false, ""mtime_equal"": false, ""name"": ""gin-87ab3d33"", ""owner"": ""local"", ""requested_mtime"": 1785370845819538800}], ""cache_get_hits"": 0, ""cache_key_present_after_warmup"": true, ""cache_policy"": ""cold"", ""cached_symbols_loaded_after_warmup"": true, ""hydration_trace"": {""lazy_ensure_calls"": 0, ""lazy_full_materializations"": 0, ""load_results"": [{""branch"": """", ""lazy_loaded_at_return"": null, ""repo"": ""local/gin-87ab3d33"", ""requested_hydration"": ""auto"", ""symbol_collection_type"": ""list""}], ""sparse_by_file_calls"": 0, ""sparse_by_files_calls"": 0, ""sparse_by_id_calls"": 0, ""sparse_by_name_calls"": 0}, ""mtime_after_measure"": 1785370845819538800, ""mtime_after_warmup"": 1785370845819538800, ""mtime_before_measure"": 1785370845819538800, ""mtime_before_warmup"": 1785569505929510100, ""process_cpu_ms"": 46.875, ""runtime_distribution_version"": ""1.108.199"", ""target_policy"": ""middle stride target"", ""unsafe_global_partial_control"": false, ""wal_after_measure"": false, ""wal_after_warmup"": false, ""worker_pid"": 49336}"
gin-gonic/gin,gin-87ab3d33,importers_single,cold_generation_safe_hybrid_screen,find_importers,all_files,generation_safe_hybrid,3,"{""cross_repo"": false, ""file_path"": ""debug_test.go"", ""repo"": ""local/gin-87ab3d33""}",1,2,1834,109,2580480,8.344,1.8192,21.802492809204217,1,371,138907648,138907648,0,204dba08abd233ccc9a265696b7e6cd8e279fac4753fbde248aa6fff075166c8,34dac209ffb6ef85cc78c5d217bbb7ad001d68fd,2026-07-29T20:20:45.784692,1.108.207,c2201a55b6e1b0ea38043c514ab7bc3a372bad13,3369b1fcd5b12fcb1473031ec74bda8cc200d8860a09caa310c06e9f3ea8bf88,,1,wt-generation-safe-hybrid,87f0ef27d476ad303a854c40a984e645bf1074ff2207c8d112c741447dbbfcb2,"M src/jcodemunch_mcp/server.py
 M src/jcodemunch_mcp/storage/index_store.py
 M src/jcodemunch_mcp/storage/sqlite_store.py
 M src/jcodemunch_mcp/tools/check_references.py
 M src/jcodemunch_mcp/tools/find_references.py
 M src/jcodemunch_mcp/tools/get_blast_radius.py
 M src/jcodemunch_mcp/tools/get_churn_rate.py
 M src/jcodemunch_mcp/tools/get_file_outline.py
 M src/jcodemunch_mcp/tools/get_file_risk.py
 M src/jcodemunch_mcp/tools/get_file_tree.py
 M src/jcodemunch_mcp/tools/get_symbol_complexity.py
 M src/jcodemunch_mcp/tools/get_symbol_provenance.py
 M src/jcodemunch_mcp/tools/search_symbols.py
?? tests/test_generation_safe_hybrid.py","{""cache_entry_mtime_after_warmup"": null, ""cache_get_calls"": 0, ""cache_get_debug"": [], ""cache_get_hits"": 0, ""cache_key_present_after_warmup"": false, ""cache_policy"": ""cold"", ""cached_symbols_loaded_after_warmup"": true, ""hydration_trace"": {""lazy_ensure_calls"": 0, ""lazy_full_materializations"": 0, ""load_results"": [{""branch"": """", ""lazy_loaded_at_return"": false, ""repo"": ""local/gin-87ab3d33"", ""requested_hydration"": ""auto"", ""symbol_collection_type"": ""LazySymbolList""}], ""sparse_by_file_calls"": 0, ""sparse_by_files_calls"": 0, ""sparse_by_id_calls"": 0, ""sparse_by_name_calls"": 0}, ""mtime_after_measure"": 1785370845819538800, ""mtime_after_warmup"": 1785370845819538800, ""mtime_before_measure"": 1785370845819538800, ""mtime_before_warmup"": 1785370845819538800, ""process_cpu_ms"": 0.0, ""runtime_distribution_version"": ""1.108.199"", ""target_policy"": ""middle stride target"", ""unsafe_global_partial_control"": false, ""wal_after_measure"": false, ""wal_after_warmup"": false, ""worker_pid"": 44820}"
gin-gonic/gin,gin-87ab3d33,importers_batch,cold_generation_safe_hybrid_screen,find_importers,all_files,generation_safe_hybrid,3,"{""cross_repo"": false, ""file_paths"": [""debug_test.go"", ""deprecated.go"", ""deprecated_test.go""], ""repo"": ""local/gin-87ab3d33""}",1,1,1834,109,2580480,7.9896,1.2583,15.749223991188543,1,348,138907648,138907648,0,20d0e14b00863696a09640c24ba12aef5441323e251e188e46d6653755a1b613,34dac209ffb6ef85cc78c5d217bbb7ad001d68fd,2026-07-29T20:20:45.784692,1.108.207,c2201a55b6e1b0ea38043c514ab7bc3a372bad13,3369b1fcd5b12fcb1473031ec74bda8cc200d8860a09caa310c06e9f3ea8bf88,,1,wt-generation-safe-hybrid,87f0ef27d476ad303a854c40a984e645bf1074ff2207c8d112c741447dbbfcb2,"M src/jcodemunch_mcp/server.py
 M src/jcodemunch_mcp/storage/index_store.py
 M src/jcodemunch_mcp/storage/sqlite_store.py
 M src/jcodemunch_mcp/tools/check_references.py
 M src/jcodemunch_mcp/tools/find_references.py
 M src/jcodemunch_mcp/tools/get_blast_radius.py
 M src/jcodemunch_mcp/tools/get_churn_rate.py
 M src/jcodemunch_mcp/tools/get_file_outline.py
 M src/jcodemunch_mcp/tools/get_file_risk.py
 M src/jcodemunch_mcp/tools/get_file_tree.py
 M src/jcodemunch_mcp/tools/get_symbol_complexity.py
 M src/jcodemunch_mcp/tools/get_symbol_provenance.py
 M src/jcodemunch_mcp/tools/search_symbols.py
?? tests/test_generation_safe_hybrid.py","{""cache_entry_mtime_after_warmup"": null, ""cache_get_calls"": 0, ""cache_get_debug"": [], ""cache_get_hits"": 0, ""cache_key_present_after_warmup"": false, ""cache_policy"": ""cold"", ""cached_symbols_loaded_after_warmup"": true, ""hydration_trace"": {""lazy_ensure_calls"": 0, ""lazy_full_materializations"": 0, ""load_results"": [{""branch"": """", ""lazy_loaded_at_return"": false, ""repo"": ""local/gin-87ab3d33"", ""requested_hydration"": ""auto"", ""symbol_collection_type"": ""LazySymbolList""}], ""sparse_by_file_calls"": 0, ""sparse_by_files_calls"": 0, ""sparse_by_id_calls"": 0, ""sparse_by_name_calls"": 0}, ""mtime_after_measure"": 1785370845819538800, ""mtime_after_warmup"": 1785370845819538800, ""mtime_before_measure"": 1785370845819538800, ""mtime_before_warmup"": 1785370845819538800, ""process_cpu_ms"": 31.25, ""runtime_distribution_version"": ""1.108.199"", ""target_policy"": ""middle stride target"", ""unsafe_global_partial_control"": false, ""wal_after_measure"": false, ""wal_after_warmup"": false, ""worker_pid"": 44820}"
gin-gonic/gin,gin-87ab3d33,importers_batch,cold_generation_safe_hybrid_screen,find_importers,all_files,baseline_full,3,"{""cross_repo"": false, ""file_paths"": [""debug_test.go"", ""deprecated.go"", ""deprecated_test.go""], ""repo"": ""local/gin-87ab3d33""}",1,2,1834,109,2580480,19.4828,13.0995,67.23622887880593,1,349,308944896,308944896,0,20d0e14b00863696a09640c24ba12aef5441323e251e188e46d6653755a1b613,34dac209ffb6ef85cc78c5d217bbb7ad001d68fd,2026-07-29T20:20:45.784692,1.108.207,c2201a55b6e1b0ea38043c514ab7bc3a372bad13,3369b1fcd5b12fcb1473031ec74bda8cc200d8860a09caa310c06e9f3ea8bf88,,1,wt-1.108.207,e3b0c44298fc1c149afbf4c8996fb92427ae41e4649b934ca495991b7852b855,,"{""cache_entry_mtime_after_warmup"": 1785370845819538800, ""cache_get_calls"": 1, ""cache_get_debug"": [{""branch"": """", ""entry_mtime"": null, ""entry_present"": false, ""hit"": false, ""mtime_equal"": false, ""name"": ""gin-87ab3d33"", ""owner"": ""local"", ""requested_mtime"": 1785370845819538800}], ""cache_get_hits"": 0, ""cache_key_present_after_warmup"": true, ""cache_policy"": ""cold"", ""cached_symbols_loaded_after_warmup"": true, ""hydration_trace"": {""lazy_ensure_calls"": 0, ""lazy_full_materializations"": 0, ""load_results"": [{""branch"": """", ""lazy_loaded_at_return"": null, ""repo"": ""local/gin-87ab3d33"", ""requested_hydration"": ""auto"", ""symbol_collection_type"": ""list""}], ""sparse_by_file_calls"": 0, ""sparse_by_files_calls"": 0, ""sparse_by_id_calls"": 0, ""sparse_by_name_calls"": 0}, ""mtime_after_measure"": 1785370845819538800, ""mtime_after_warmup"": 1785370845819538800, ""mtime_before_measure"": 1785370845819538800, ""mtime_before_warmup"": 1785370845819538800, ""process_cpu_ms"": 15.625, ""runtime_distribution_version"": ""1.108.199"", ""target_policy"": ""middle stride target"", ""unsafe_global_partial_control"": false, ""wal_after_measure"": false, ""wal_after_warmup"": false, ""worker_pid"": 49336}"
gin-gonic/gin,gin-87ab3d33,check_refs_single_imports,cold_generation_safe_hybrid_screen,check_references,all_files_definitions,baseline_full,3,"{""identifier"": ""PureJSON"", ""repo"": ""local/gin-87ab3d33"", ""search_content"": false}",1,1,1834,109,2580480,14.504,12.7044,87.59238830667402,1,230,308944896,308944896,0,436fe1dfdca2e6c04437f16dd8ea62b6d587cf92d2698413fbd8741d8433ce88,34dac209ffb6ef85cc78c5d217bbb7ad001d68fd,2026-07-29T20:20:45.784692,1.108.207,c2201a55b6e1b0ea38043c514ab7bc3a372bad13,3369b1fcd5b12fcb1473031ec74bda8cc200d8860a09caa310c06e9f3ea8bf88,,1,wt-1.108.207,e3b0c44298fc1c149afbf4c8996fb92427ae41e4649b934ca495991b7852b855,,"{""cache_entry_mtime_after_warmup"": 1785370845819538800, ""cache_get_calls"": 1, ""cache_get_debug"": [{""branch"": """", ""entry_mtime"": null, ""entry_present"": false, ""hit"": false, ""mtime_equal"": false, ""name"": ""gin-87ab3d33"", ""owner"": ""local"", ""requested_mtime"": 1785370845819538800}], ""cache_get_hits"": 0, ""cache_key_present_after_warmup"": true, ""cache_policy"": ""cold"", ""cached_symbols_loaded_after_warmup"": true, ""hydration_trace"": {""lazy_ensure_calls"": 0, ""lazy_full_materializations"": 0, ""load_results"": [{""branch"": """", ""lazy_loaded_at_return"": null, ""repo"": ""local/gin-87ab3d33"", ""requested_hydration"": ""auto"", ""symbol_collection_type"": ""list""}], ""sparse_by_file_calls"": 0, ""sparse_by_files_calls"": 0, ""sparse_by_id_calls"": 0, ""sparse_by_name_calls"": 0}, ""mtime_after_measure"": 1785370845819538800, ""mtime_after_warmup"": 1785370845819538800, ""mtime_before_measure"": 1785370845819538800, ""mtime_before_warmup"": 1785370845819538800, ""process_cpu_ms"": 15.625, ""runtime_distribution_version"": ""1.108.199"", ""target_policy"": ""middle stride target"", ""unsafe_global_partial_control"": false, ""wal_after_measure"": false, ""wal_after_warmup"": false, ""worker_pid"": 49336}"
gin-gonic/gin,gin-87ab3d33,check_refs_single_imports,cold_generation_safe_hybrid_screen,check_references,all_files_definitions,generation_safe_hybrid,3,"{""identifier"": ""PureJSON"", ""repo"": ""local/gin-87ab3d33"", ""search_content"": false}",1,2,1834,109,2580480,3.9591,1.3048,32.956985173397996,1,229,138907648,138907648,0,436fe1dfdca2e6c04437f16dd8ea62b6d587cf92d2698413fbd8741d8433ce88,34dac209ffb6ef85cc78c5d217bbb7ad001d68fd,2026-07-29T20:20:45.784692,1.108.207,c2201a55b6e1b0ea38043c514ab7bc3a372bad13,3369b1fcd5b12fcb1473031ec74bda8cc200d8860a09caa310c06e9f3ea8bf88,,1,wt-generation-safe-hybrid,87f0ef27d476ad303a854c40a984e645bf1074ff2207c8d112c741447dbbfcb2,"M src/jcodemunch_mcp/server.py
 M src/jcodemunch_mcp/storage/index_store.py
 M src/jcodemunch_mcp/storage/sqlite_store.py
 M src/jcodemunch_mcp/tools/check_references.py
 M src/jcodemunch_mcp/tools/find_references.py
 M src/jcodemunch_mcp/tools/get_blast_radius.py
 M src/jcodemunch_mcp/tools/get_churn_rate.py
 M src/jcodemunch_mcp/tools/get_file_outline.py
 M src/jcodemunch_mcp/tools/get_file_risk.py
 M src/jcodemunch_mcp/tools/get_file_tree.py
 M src/jcodemunch_mcp/tools/get_symbol_complexity.py
 M src/jcodemunch_mcp/tools/get_symbol_provenance.py
 M src/jcodemunch_mcp/tools/search_symbols.py
?? tests/test_generation_safe_hybrid.py","{""cache_entry_mtime_after_warmup"": null, ""cache_get_calls"": 0, ""cache_get_debug"": [], ""cache_get_hits"": 0, ""cache_key_present_after_warmup"": false, ""cache_policy"": ""cold"", ""cached_symbols_loaded_after_warmup"": true, ""hydration_trace"": {""lazy_ensure_calls"": 0, ""lazy_full_materializations"": 0, ""load_results"": [{""branch"": """", ""lazy_loaded_at_return"": false, ""repo"": ""local/gin-87ab3d33"", ""requested_hydration"": ""auto"", ""symbol_collection_type"": ""LazySymbolList""}], ""sparse_by_file_calls"": 0, ""sparse_by_files_calls"": 0, ""sparse_by_id_calls"": 0, ""sparse_by_name_calls"": 1}, ""mtime_after_measure"": 1785370845819538800, ""mtime_after_warmup"": 1785370845819538800, ""mtime_before_measure"": 1785370845819538800, ""mtime_before_warmup"": 1785370845819538800, ""process_cpu_ms"": 0.0, ""runtime_distribution_version"": ""1.108.199"", ""target_policy"": ""middle stride target"", ""unsafe_global_partial_control"": false, ""wal_after_measure"": false, ""wal_after_warmup"": false, ""worker_pid"": 44820}"
gin-gonic/gin,gin-87ab3d33,check_refs_batch_imports,cold_generation_safe_hybrid_screen,check_references,all_files_definitions,generation_safe_hybrid,3,"{""identifiers"": [""PureJSON"", ""XML"", ""PDF""], ""repo"": ""local/gin-87ab3d33"", ""search_content"": false}",1,1,1834,109,2580480,4.9147,1.2851,26.14808635318534,1,1114,138907648,138907648,0,645e3b8799ece3dba742b64917b23d570d51a07e9c6ebdeedd5d52a064e48738,34dac209ffb6ef85cc78c5d217bbb7ad001d68fd,2026-07-29T20:20:45.784692,1.108.207,c2201a55b6e1b0ea38043c514ab7bc3a372bad13,3369b1fcd5b12fcb1473031ec74bda8cc200d8860a09caa310c06e9f3ea8bf88,,1,wt-generation-safe-hybrid,87f0ef27d476ad303a854c40a984e645bf1074ff2207c8d112c741447dbbfcb2,"M src/jcodemunch_mcp/server.py
 M src/jcodemunch_mcp/storage/index_store.py
 M src/jcodemunch_mcp/storage/sqlite_store.py
 M src/jcodemunch_mcp/tools/check_references.py
 M src/jcodemunch_mcp/tools/find_references.py
 M src/jcodemunch_mcp/tools/get_blast_radius.py
 M src/jcodemunch_mcp/tools/get_churn_rate.py
 M src/jcodemunch_mcp/tools/get_file_outline.py
 M src/jcodemunch_mcp/tools/get_file_risk.py
 M src/jcodemunch_mcp/tools/get_file_tree.py
 M src/jcodemunch_mcp/tools/get_symbol_complexity.py
 M src/jcodemunch_mcp/tools/get_symbol_provenance.py
 M src/jcodemunch_mcp/tools/search_symbols.py
?? tests/test_generation_safe_hybrid.py","{""cache_entry_mtime_after_warmup"": null, ""cache_get_calls"": 0, ""cache_get_debug"": [], ""cache_get_hits"": 0, ""cache_key_present_after_warmup"": false, ""cache_policy"": ""cold"", ""cached_symbols_loaded_after_warmup"": true, ""hydration_trace"": {""lazy_ensure_calls"": 0, ""lazy_full_materializations"": 0, ""load_results"": [{""branch"": """", ""lazy_loaded_at_return"": false, ""repo"": ""local/gin-87ab3d33"", ""requested_hydration"": ""auto"", ""symbol_collection_type"": ""LazySymbolList""}], ""sparse_by_file_calls"": 0, ""sparse_by_files_calls"": 0, ""sparse_by_id_calls"": 0, ""sparse_by_name_calls"": 3}, ""mtime_after_measure"": 1785370845819538800, ""mtime_after_warmup"": 1785370845819538800, ""mtime_before_measure"": 1785370845819538800, ""mtime_before_warmup"": 1785370845819538800, ""process_cpu_ms"": 0.0, ""runtime_distribution_version"": ""1.108.199"", ""target_policy"": ""middle stride target"", ""unsafe_global_partial_control"": false, ""wal_after_measure"": false, ""wal_after_warmup"": false, ""worker_pid"": 44820}"
gin-gonic/gin,gin-87ab3d33,check_refs_batch_imports,cold_generation_safe_hybrid_screen,check_references,all_files_definitions,baseline_full,3,"{""identifiers"": [""PureJSON"", ""XML"", ""PDF""], ""repo"": ""local/gin-87ab3d33"", ""search_content"": false}",1,2,1834,109,2580480,15.3992,12.897,83.75110395345212,1,1115,308944896,308969472,24576,645e3b8799ece3dba742b64917b23d570d51a07e9c6ebdeedd5d52a064e48738,34dac209ffb6ef85cc78c5d217bbb7ad001d68fd,2026-07-29T20:20:45.784692,1.108.207,c2201a55b6e1b0ea38043c514ab7bc3a372bad13,3369b1fcd5b12fcb1473031ec74bda8cc200d8860a09caa310c06e9f3ea8bf88,,1,wt-1.108.207,e3b0c44298fc1c149afbf4c8996fb92427ae41e4649b934ca495991b7852b855,,"{""cache_entry_mtime_after_warmup"": 1785370845819538800, ""cache_get_calls"": 1, ""cache_get_debug"": [{""branch"": """", ""entry_mtime"": null, ""entry_present"": false, ""hit"": false, ""mtime_equal"": false, ""name"": ""gin-87ab3d33"", ""owner"": ""local"", ""requested_mtime"": 1785370845819538800}], ""cache_get_hits"": 0, ""cache_key_present_after_warmup"": true, ""cache_policy"": ""cold"", ""cached_symbols_loaded_after_warmup"": true, ""hydration_trace"": {""lazy_ensure_calls"": 0, ""lazy_full_materializations"": 0, ""load_results"": [{""branch"": """", ""lazy_loaded_at_return"": null, ""repo"": ""local/gin-87ab3d33"", ""requested_hydration"": ""auto"", ""symbol_collection_type"": ""list""}], ""sparse_by_file_calls"": 0, ""sparse_by_files_calls"": 0, ""sparse_by_id_calls"": 0, ""sparse_by_name_calls"": 0}, ""mtime_after_measure"": 1785370845819538800, ""mtime_after_warmup"": 1785370845819538800, ""mtime_before_measure"": 1785370845819538800, ""mtime_before_warmup"": 1785370845819538800, ""process_cpu_ms"": 15.625, ""runtime_distribution_version"": ""1.108.199"", ""target_policy"": ""middle stride target"", ""unsafe_global_partial_control"": false, ""wal_after_measure"": false, ""wal_after_warmup"": false, ""worker_pid"": 49336}"
gin-gonic/gin,gin-87ab3d33,check_refs_single_content,cold_generation_safe_hybrid_screen,check_references,all_files_definitions,baseline_full,3,"{""identifier"": ""PureJSON"", ""max_content_results"": 20, ""repo"": ""local/gin-87ab3d33"", ""search_content"": true}",1,1,1834,109,2580480,32.6562,12.8615,39.38455790937096,1,1009,309735424,309780480,45056,8bd74a35a5765cf9335a97e05931d1935c5cd16b85a827443e562dd67a8fbb4d,34dac209ffb6ef85cc78c5d217bbb7ad001d68fd,2026-07-29T20:20:45.784692,1.108.207,c2201a55b6e1b0ea38043c514ab7bc3a372bad13,3369b1fcd5b12fcb1473031ec74bda8cc200d8860a09caa310c06e9f3ea8bf88,,1,wt-1.108.207,e3b0c44298fc1c149afbf4c8996fb92427ae41e4649b934ca495991b7852b855,,"{""cache_entry_mtime_after_warmup"": 1785370845819538800, ""cache_get_calls"": 1, ""cache_get_debug"": [{""branch"": """", ""entry_mtime"": null, ""entry_present"": false, ""hit"": false, ""mtime_equal"": false, ""name"": ""gin-87ab3d33"", ""owner"": ""local"", ""requested_mtime"": 1785370845819538800}], ""cache_get_hits"": 0, ""cache_key_present_after_warmup"": true, ""cache_policy"": ""cold"", ""cached_symbols_loaded_after_warmup"": true, ""hydration_trace"": {""lazy_ensure_calls"": 0, ""lazy_full_materializations"": 0, ""load_results"": [{""branch"": """", ""lazy_loaded_at_return"": null, ""repo"": ""local/gin-87ab3d33"", ""requested_hydration"": ""auto"", ""symbol_collection_type"": ""list""}], ""sparse_by_file_calls"": 0, ""sparse_by_files_calls"": 0, ""sparse_by_id_calls"": 0, ""sparse_by_name_calls"": 0}, ""mtime_after_measure"": 1785370845819538800, ""mtime_after_warmup"": 1785370845819538800, ""mtime_before_measure"": 1785370845819538800, ""mtime_before_warmup"": 1785370845819538800, ""process_cpu_ms"": 62.5, ""runtime_distribution_version"": ""1.108.199"", ""target_policy"": ""middle stride target"", ""unsafe_global_partial_control"": false, ""wal_after_measure"": false, ""wal_after_warmup"": false, ""worker_pid"": 49336}"
gin-gonic/gin,gin-87ab3d33,check_refs_single_content,cold_generation_safe_hybrid_screen,check_references,all_files_definitions,generation_safe_hybrid,3,"{""identifier"": ""PureJSON"", ""max_content_results"": 20, ""repo"": ""local/gin-87ab3d33"", ""search_content"": true}",1,2,1834,109,2580480,22.8467,1.7689,7.7424748431939845,1,1009,139247616,139259904,12288,8bd74a35a5765cf9335a97e05931d1935c5cd16b85a827443e562dd67a8fbb4d,34dac209ffb6ef85cc78c5d217bbb7ad001d68fd,2026-07-29T20:20:45.784692,1.108.207,c2201a55b6e1b0ea38043c514ab7bc3a372bad13,3369b1fcd5b12fcb1473031ec74bda8cc200d8860a09caa310c06e9f3ea8bf88,,1,wt-generation-safe-hybrid,87f0ef27d476ad303a854c40a984e645bf1074ff2207c8d112c741447dbbfcb2,"M src/jcodemunch_mcp/server.py
 M src/jcodemunch_mcp/storage/index_store.py
 M src/jcodemunch_mcp/storage/sqlite_store.py
 M src/jcodemunch_mcp/tools/check_references.py
 M src/jcodemunch_mcp/tools/find_references.py
 M src/jcodemunch_mcp/tools/get_blast_radius.py
 M src/jcodemunch_mcp/tools/get_churn_rate.py
 M src/jcodemunch_mcp/tools/get_file_outline.py
 M src/jcodemunch_mcp/tools/get_file_risk.py
 M src/jcodemunch_mcp/tools/get_file_tree.py
 M src/jcodemunch_mcp/tools/get_symbol_complexity.py
 M src/jcodemunch_mcp/tools/get_symbol_provenance.py
 M src/jcodemunch_mcp/tools/search_symbols.py
?? tests/test_generation_safe_hybrid.py","{""cache_entry_mtime_after_warmup"": null, ""cache_get_calls"": 0, ""cache_get_debug"": [], ""cache_get_hits"": 0, ""cache_key_present_after_warmup"": false, ""cache_policy"": ""cold"", ""cached_symbols_loaded_after_warmup"": true, ""hydration_trace"": {""lazy_ensure_calls"": 0, ""lazy_full_materializations"": 0, ""load_results"": [{""branch"": """", ""lazy_loaded_at_return"": false, ""repo"": ""local/gin-87ab3d33"", ""requested_hydration"": ""auto"", ""symbol_collection_type"": ""LazySymbolList""}], ""sparse_by_file_calls"": 0, ""sparse_by_files_calls"": 0, ""sparse_by_id_calls"": 0, ""sparse_by_name_calls"": 1}, ""mtime_after_measure"": 1785370845819538800, ""mtime_after_warmup"": 1785370845819538800, ""mtime_before_measure"": 1785370845819538800, ""mtime_before_warmup"": 1785370845819538800, ""process_cpu_ms"": 62.5, ""runtime_distribution_version"": ""1.108.199"", ""target_policy"": ""middle stride target"", ""unsafe_global_partial_control"": false, ""wal_after_measure"": false, ""wal_after_warmup"": false, ""worker_pid"": 44820}"
gin-gonic/gin,gin-87ab3d33,check_refs_batch_content,cold_generation_safe_hybrid_screen,check_references,all_files_definitions,generation_safe_hybrid,3,"{""identifiers"": [""PureJSON"", ""XML"", ""PDF""], ""max_content_results"": 20, ""repo"": ""local/gin-87ab3d33"", ""search_content"": true}",1,1,1834,109,2580480,57.6111,1.2896,2.2384575194710745,1,18302,139272192,139309056,36864,4c3d360fe33f29aee7e5c505a4f7821b1883ef0fe1fb57cf9bf99cda2d6c450a,34dac209ffb6ef85cc78c5d217bbb7ad001d68fd,2026-07-29T20:20:45.784692,1.108.207,c2201a55b6e1b0ea38043c514ab7bc3a372bad13,3369b1fcd5b12fcb1473031ec74bda8cc200d8860a09caa310c06e9f3ea8bf88,,1,wt-generation-safe-hybrid,87f0ef27d476ad303a854c40a984e645bf1074ff2207c8d112c741447dbbfcb2,"M src/jcodemunch_mcp/server.py
 M src/jcodemunch_mcp/storage/index_store.py
 M src/jcodemunch_mcp/storage/sqlite_store.py
 M src/jcodemunch_mcp/tools/check_references.py
 M src/jcodemunch_mcp/tools/find_references.py
 M src/jcodemunch_mcp/tools/get_blast_radius.py
 M src/jcodemunch_mcp/tools/get_churn_rate.py
 M src/jcodemunch_mcp/tools/get_file_outline.py
 M src/jcodemunch_mcp/tools/get_file_risk.py
 M src/jcodemunch_mcp/tools/get_file_tree.py
 M src/jcodemunch_mcp/tools/get_symbol_complexity.py
 M src/jcodemunch_mcp/tools/get_symbol_provenance.py
 M src/jcodemunch_mcp/tools/search_symbols.py
?? tests/test_generation_safe_hybrid.py","{""cache_entry_mtime_after_warmup"": null, ""cache_get_calls"": 0, ""cache_get_debug"": [], ""cache_get_hits"": 0, ""cache_key_present_after_warmup"": false, ""cache_policy"": ""cold"", ""cached_symbols_loaded_after_warmup"": true, ""hydration_trace"": {""lazy_ensure_calls"": 0, ""lazy_full_materializations"": 0, ""load_results"": [{""branch"": """", ""lazy_loaded_at_return"": false, ""repo"": ""local/gin-87ab3d33"", ""requested_hydration"": ""auto"", ""symbol_collection_type"": ""LazySymbolList""}], ""sparse_by_file_calls"": 0, ""sparse_by_files_calls"": 0, ""sparse_by_id_calls"": 0, ""sparse_by_name_calls"": 3}, ""mtime_after_measure"": 1785370845819538800, ""mtime_after_warmup"": 1785370845819538800, ""mtime_before_measure"": 1785370845819538800, ""mtime_before_warmup"": 1785370845819538800, ""process_cpu_ms"": 93.75, ""runtime_distribution_version"": ""1.108.199"", ""target_policy"": ""middle stride target"", ""unsafe_global_partial_control"": false, ""wal_after_measure"": false, ""wal_after_warmup"": false, ""worker_pid"": 44820}"
gin-gonic/gin,gin-87ab3d33,check_refs_batch_content,cold_generation_safe_hybrid_screen,check_references,all_files_definitions,baseline_full,3,"{""identifiers"": [""PureJSON"", ""XML"", ""PDF""], ""max_content_results"": 20, ""repo"": ""local/gin-87ab3d33"", ""search_content"": true}",1,2,1834,109,2580480,69.3147,12.8586,18.551043285190584,1,18302,309825536,309858304,32768,4c3d360fe33f29aee7e5c505a4f7821b1883ef0fe1fb57cf9bf99cda2d6c450a,34dac209ffb6ef85cc78c5d217bbb7ad001d68fd,2026-07-29T20:20:45.784692,1.108.207,c2201a55b6e1b0ea38043c514ab7bc3a372bad13,3369b1fcd5b12fcb1473031ec74bda8cc200d8860a09caa310c06e9f3ea8bf88,,1,wt-1.108.207,e3b0c44298fc1c149afbf4c8996fb92427ae41e4649b934ca495991b7852b855,,"{""cache_entry_mtime_after_warmup"": 1785370845819538800, ""cache_get_calls"": 1, ""cache_get_debug"": [{""branch"": """", ""entry_mtime"": null, ""entry_present"": false, ""hit"": false, ""mtime_equal"": false, ""name"": ""gin-87ab3d33"", ""owner"": ""local"", ""requested_mtime"": 1785370845819538800}], ""cache_get_hits"": 0, ""cache_key_present_after_warmup"": true, ""cache_policy"": ""cold"", ""cached_symbols_loaded_after_warmup"": true, ""hydration_trace"": {""lazy_ensure_calls"": 0, ""lazy_full_materializations"": 0, ""load_results"": [{""branch"": """", ""lazy_loaded_at_return"": null, ""repo"": ""local/gin-87ab3d33"", ""requested_hydration"": ""auto"", ""symbol_collection_type"": ""list""}], ""sparse_by_file_calls"": 0, ""sparse_by_files_calls"": 0, ""sparse_by_id_calls"": 0, ""sparse_by_name_calls"": 0}, ""mtime_after_measure"": 1785370845819538800, ""mtime_after_warmup"": 1785370845819538800, ""mtime_before_measure"": 1785370845819538800, ""mtime_before_warmup"": 1785370845819538800, ""process_cpu_ms"": 109.375, ""runtime_distribution_version"": ""1.108.199"", ""target_policy"": ""middle stride target"", ""unsafe_global_partial_control"": false, ""wal_after_measure"": false, ""wal_after_warmup"": false, ""worker_pid"": 49336}"
gin-gonic/gin,gin-87ab3d33,file_risk,cold_generation_safe_hybrid_screen,get_file_risk,all_files_target_file_symbols,baseline_full,3,"{""file_path"": ""debug_test.go"", ""repo"": ""local/gin-87ab3d33""}",1,1,1834,109,2580480,36.8396,13.4469,36.50121065375303,1,3575,309862400,309862400,0,f68e50500bcf35f662924eb03e708a76d8791be9fd25652ec14c26d7cf9f7af7,34dac209ffb6ef85cc78c5d217bbb7ad001d68fd,2026-07-29T20:20:45.784692,1.108.207,c2201a55b6e1b0ea38043c514ab7bc3a372bad13,3369b1fcd5b12fcb1473031ec74bda8cc200d8860a09caa310c06e9f3ea8bf88,,1,wt-1.108.207,e3b0c44298fc1c149afbf4c8996fb92427ae41e4649b934ca495991b7852b855,,"{""cache_entry_mtime_after_warmup"": 1785370845819538800, ""cache_get_calls"": 1, ""cache_get_debug"": [{""branch"": """", ""entry_mtime"": null, ""entry_present"": false, ""hit"": false, ""mtime_equal"": false, ""name"": ""gin-87ab3d33"", ""owner"": ""local"", ""requested_mtime"": 1785370845819538800}], ""cache_get_hits"": 0, ""cache_key_present_after_warmup"": true, ""cache_policy"": ""cold"", ""cached_symbols_loaded_after_warmup"": true, ""hydration_trace"": {""lazy_ensure_calls"": 0, ""lazy_full_materializations"": 0, ""load_results"": [{""branch"": """", ""lazy_loaded_at_return"": null, ""repo"": ""local/gin-87ab3d33"", ""requested_hydration"": ""auto"", ""symbol_collection_type"": ""list""}], ""sparse_by_file_calls"": 0, ""sparse_by_files_calls"": 0, ""sparse_by_id_calls"": 0, ""sparse_by_name_calls"": 0}, ""mtime_after_measure"": 1785370845819538800, ""mtime_after_warmup"": 1785370845819538800, ""mtime_before_measure"": 1785370845819538800, ""mtime_before_warmup"": 1785370845819538800, ""process_cpu_ms"": 62.5, ""runtime_distribution_version"": ""1.108.199"", ""target_policy"": ""middle stride target"", ""unsafe_global_partial_control"": false, ""wal_after_measure"": false, ""wal_after_warmup"": false, ""worker_pid"": 49336}"
gin-gonic/gin,gin-87ab3d33,file_risk,cold_generation_safe_hybrid_screen,get_file_risk,all_files_target_file_symbols,generation_safe_hybrid,3,"{""file_path"": ""debug_test.go"", ""repo"": ""local/gin-87ab3d33""}",1,2,1834,109,2580480,25.0536,1.3278,5.299837149152218,1,3575,139313152,139313152,0,f68e50500bcf35f662924eb03e708a76d8791be9fd25652ec14c26d7cf9f7af7,34dac209ffb6ef85cc78c5d217bbb7ad001d68fd,2026-07-29T20:20:45.784692,1.108.207,c2201a55b6e1b0ea38043c514ab7bc3a372bad13,3369b1fcd5b12fcb1473031ec74bda8cc200d8860a09caa310c06e9f3ea8bf88,,1,wt-generation-safe-hybrid,87f0ef27d476ad303a854c40a984e645bf1074ff2207c8d112c741447dbbfcb2,"M src/jcodemunch_mcp/server.py
 M src/jcodemunch_mcp/storage/index_store.py
 M src/jcodemunch_mcp/storage/sqlite_store.py
 M src/jcodemunch_mcp/tools/check_references.py
 M src/jcodemunch_mcp/tools/find_references.py
 M src/jcodemunch_mcp/tools/get_blast_radius.py
 M src/jcodemunch_mcp/tools/get_churn_rate.py
 M src/jcodemunch_mcp/tools/get_file_outline.py
 M src/jcodemunch_mcp/tools/get_file_risk.py
 M src/jcodemunch_mcp/tools/get_file_tree.py
 M src/jcodemunch_mcp/tools/get_symbol_complexity.py
 M src/jcodemunch_mcp/tools/get_symbol_provenance.py
 M src/jcodemunch_mcp/tools/search_symbols.py
?? tests/test_generation_safe_hybrid.py","{""cache_entry_mtime_after_warmup"": null, ""cache_get_calls"": 0, ""cache_get_debug"": [], ""cache_get_hits"": 0, ""cache_key_present_after_warmup"": false, ""cache_policy"": ""cold"", ""cached_symbols_loaded_after_warmup"": true, ""hydration_trace"": {""lazy_ensure_calls"": 0, ""lazy_full_materializations"": 0, ""load_results"": [{""branch"": """", ""lazy_loaded_at_return"": false, ""repo"": ""local/gin-87ab3d33"", ""requested_hydration"": ""auto"", ""symbol_collection_type"": ""LazySymbolList""}], ""sparse_by_file_calls"": 1, ""sparse_by_files_calls"": 0, ""sparse_by_id_calls"": 0, ""sparse_by_name_calls"": 0}, ""mtime_after_measure"": 1785370845819538800, ""mtime_after_warmup"": 1785370845819538800, ""mtime_before_measure"": 1785370845819538800, ""mtime_before_warmup"": 1785370845819538800, ""process_cpu_ms"": 46.875, ""runtime_distribution_version"": ""1.108.199"", ""target_policy"": ""middle stride target"", ""unsafe_global_partial_control"": false, ""wal_after_measure"": false, ""wal_after_warmup"": false, ""worker_pid"": 44820}"
gin-gonic/gin,gin-87ab3d33,changed_symbols,cold_generation_safe_hybrid_screen,get_changed_symbols,metadata,generation_safe_hybrid,3,"{""include_blast_radius"": false, ""repo"": ""local/gin-87ab3d33"", ""since_sha"": ""34dac209ffb6ef85cc78c5d217bbb7ad001d68fd"", ""until_sha"": ""34dac209ffb6ef85cc78c5d217bbb7ad001d68fd""}",1,1,1834,109,2580480,86.6808,1.5698,1.8110123579846977,1,538,139313152,139313152,0,49e1d80c5e8d6a627ded2cf145c978d87efd5482043601a36eef817c94e2b3bf,34dac209ffb6ef85cc78c5d217bbb7ad001d68fd,2026-07-29T20:20:45.784692,1.108.207,c2201a55b6e1b0ea38043c514ab7bc3a372bad13,3369b1fcd5b12fcb1473031ec74bda8cc200d8860a09caa310c06e9f3ea8bf88,,1,wt-generation-safe-hybrid,87f0ef27d476ad303a854c40a984e645bf1074ff2207c8d112c741447dbbfcb2,"M src/jcodemunch_mcp/server.py
 M src/jcodemunch_mcp/storage/index_store.py
 M src/jcodemunch_mcp/storage/sqlite_store.py
 M src/jcodemunch_mcp/tools/check_references.py
 M src/jcodemunch_mcp/tools/find_references.py
 M src/jcodemunch_mcp/tools/get_blast_radius.py
 M src/jcodemunch_mcp/tools/get_churn_rate.py
 M src/jcodemunch_mcp/tools/get_file_outline.py
 M src/jcodemunch_mcp/tools/get_file_risk.py
 M src/jcodemunch_mcp/tools/get_file_tree.py
 M src/jcodemunch_mcp/tools/get_symbol_complexity.py
 M src/jcodemunch_mcp/tools/get_symbol_provenance.py
 M src/jcodemunch_mcp/tools/search_symbols.py
?? tests/test_generation_safe_hybrid.py","{""cache_entry_mtime_after_warmup"": null, ""cache_get_calls"": 0, ""cache_get_debug"": [], ""cache_get_hits"": 0, ""cache_key_present_after_warmup"": false, ""cache_policy"": ""cold"", ""cached_symbols_loaded_after_warmup"": true, ""hydration_trace"": {""lazy_ensure_calls"": 0, ""lazy_full_materializations"": 0, ""load_results"": [{""branch"": """", ""lazy_loaded_at_return"": false, ""repo"": ""local/gin-87ab3d33"", ""requested_hydration"": ""auto"", ""symbol_collection_type"": ""LazySymbolList""}], ""sparse_by_file_calls"": 0, ""sparse_by_files_calls"": 0, ""sparse_by_id_calls"": 0, ""sparse_by_name_calls"": 0}, ""mtime_after_measure"": 1785370845819538800, ""mtime_after_warmup"": 1785370845819538800, ""mtime_before_measure"": 1785370845819538800, ""mtime_before_warmup"": 1785370845819538800, ""process_cpu_ms"": 15.625, ""runtime_distribution_version"": ""1.108.199"", ""target_policy"": ""middle stride target"", ""unsafe_global_partial_control"": false, ""wal_after_measure"": false, ""wal_after_warmup"": false, ""worker_pid"": 44820}"
gin-gonic/gin,gin-87ab3d33,changed_symbols,cold_generation_safe_hybrid_screen,get_changed_symbols,metadata,baseline_full,3,"{""include_blast_radius"": false, ""repo"": ""local/gin-87ab3d33"", ""since_sha"": ""34dac209ffb6ef85cc78c5d217bbb7ad001d68fd"", ""until_sha"": ""34dac209ffb6ef85cc78c5d217bbb7ad001d68fd""}",1,2,1834,109,2580480,100.3022,14.2344,14.191513246967666,1,538,309891072,309891072,0,49e1d80c5e8d6a627ded2cf145c978d87efd5482043601a36eef817c94e2b3bf,34dac209ffb6ef85cc78c5d217bbb7ad001d68fd,2026-07-29T20:20:45.784692,1.108.207,c2201a55b6e1b0ea38043c514ab7bc3a372bad13,3369b1fcd5b12fcb1473031ec74bda8cc200d8860a09caa310c06e9f3ea8bf88,,1,wt-1.108.207,e3b0c44298fc1c149afbf4c8996fb92427ae41e4649b934ca495991b7852b855,,"{""cache_entry_mtime_after_warmup"": 1785370845819538800, ""cache_get_calls"": 1, ""cache_get_debug"": [{""branch"": """", ""entry_mtime"": null, ""entry_present"": false, ""hit"": false, ""mtime_equal"": false, ""name"": ""gin-87ab3d33"", ""owner"": ""local"", ""requested_mtime"": 1785370845819538800}], ""cache_get_hits"": 0, ""cache_key_present_after_warmup"": true, ""cache_policy"": ""cold"", ""cached_symbols_loaded_after_warmup"": true, ""hydration_trace"": {""lazy_ensure_calls"": 0, ""lazy_full_materializations"": 0, ""load_results"": [{""branch"": """", ""lazy_loaded_at_return"": null, ""repo"": ""local/gin-87ab3d33"", ""requested_hydration"": ""auto"", ""symbol_collection_type"": ""list""}], ""sparse_by_file_calls"": 0, ""sparse_by_files_calls"": 0, ""sparse_by_id_calls"": 0, ""sparse_by_name_calls"": 0}, ""mtime_after_measure"": 1785370845819538800, ""mtime_after_warmup"": 1785370845819538800, ""mtime_before_measure"": 1785370845819538800, ""mtime_before_warmup"": 1785370845819538800, ""process_cpu_ms"": 31.25, ""runtime_distribution_version"": ""1.108.199"", ""target_policy"": ""middle stride target"", ""unsafe_global_partial_control"": false, ""wal_after_measure"": false, ""wal_after_warmup"": false, ""worker_pid"": 49336}"
gin-gonic/gin,gin-87ab3d33,changed_symbols_blast,cold_generation_safe_hybrid_screen,get_changed_symbols,all_files,baseline_full,3,"{""include_blast_radius"": true, ""repo"": ""local/gin-87ab3d33"", ""since_sha"": ""34dac209ffb6ef85cc78c5d217bbb7ad001d68fd"", ""until_sha"": ""34dac209ffb6ef85cc78c5d217bbb7ad001d68fd""}",1,1,1834,109,2580480,146.2146,14.2633,9.75504498182808,1,539,309891072,309891072,0,49e1d80c5e8d6a627ded2cf145c978d87efd5482043601a36eef817c94e2b3bf,34dac209ffb6ef85cc78c5d217bbb7ad001d68fd,2026-07-29T20:20:45.784692,1.108.207,c2201a55b6e1b0ea38043c514ab7bc3a372bad13,3369b1fcd5b12fcb1473031ec74bda8cc200d8860a09caa310c06e9f3ea8bf88,,1,wt-1.108.207,e3b0c44298fc1c149afbf4c8996fb92427ae41e4649b934ca495991b7852b855,,"{""cache_entry_mtime_after_warmup"": 1785370845819538800, ""cache_get_calls"": 1, ""cache_get_debug"": [{""branch"": """", ""entry_mtime"": null, ""entry_present"": false, ""hit"": false, ""mtime_equal"": false, ""name"": ""gin-87ab3d33"", ""owner"": ""local"", ""requested_mtime"": 1785370845819538800}], ""cache_get_hits"": 0, ""cache_key_present_after_warmup"": true, ""cache_policy"": ""cold"", ""cached_symbols_loaded_after_warmup"": true, ""hydration_trace"": {""lazy_ensure_calls"": 0, ""lazy_full_materializations"": 0, ""load_results"": [{""branch"": """", ""lazy_loaded_at_return"": null, ""repo"": ""local/gin-87ab3d33"", ""requested_hydration"": ""auto"", ""symbol_collection_type"": ""list""}], ""sparse_by_file_calls"": 0, ""sparse_by_files_calls"": 0, ""sparse_by_id_calls"": 0, ""sparse_by_name_calls"": 0}, ""mtime_after_measure"": 1785370845819538800, ""mtime_after_warmup"": 1785370845819538800, ""mtime_before_measure"": 1785370845819538800, ""mtime_before_warmup"": 1785370845819538800, ""process_cpu_ms"": 93.75, ""runtime_distribution_version"": ""1.108.199"", ""target_policy"": ""middle stride target"", ""unsafe_global_partial_control"": false, ""wal_after_measure"": false, ""wal_after_warmup"": false, ""worker_pid"": 49336}"
gin-gonic/gin,gin-87ab3d33,changed_symbols_blast,cold_generation_safe_hybrid_screen,get_changed_symbols,all_files,generation_safe_hybrid,3,"{""include_blast_radius"": true, ""repo"": ""local/gin-87ab3d33"", ""since_sha"": ""34dac209ffb6ef85cc78c5d217bbb7ad001d68fd"", ""until_sha"": ""34dac209ffb6ef85cc78c5d217bbb7ad001d68fd""}",1,2,1834,109,2580480,139.2319,1.4154,1.0165773791781911,1,539,139309056,139309056,0,49e1d80c5e8d6a627ded2cf145c978d87efd5482043601a36eef817c94e2b3bf,34dac209ffb6ef85cc78c5d217bbb7ad001d68fd,2026-07-29T20:20:45.784692,1.108.207,c2201a55b6e1b0ea38043c514ab7bc3a372bad13,3369b1fcd5b12fcb1473031ec74bda8cc200d8860a09caa310c06e9f3ea8bf88,,1,wt-generation-safe-hybrid,87f0ef27d476ad303a854c40a984e645bf1074ff2207c8d112c741447dbbfcb2,"M src/jcodemunch_mcp/server.py
 M src/jcodemunch_mcp/storage/index_store.py
 M src/jcodemunch_mcp/storage/sqlite_store.py
 M src/jcodemunch_mcp/tools/check_references.py
 M src/jcodemunch_mcp/tools/find_references.py
 M src/jcodemunch_mcp/tools/get_blast_radius.py
 M src/jcodemunch_mcp/tools/get_churn_rate.py
 M src/jcodemunch_mcp/tools/get_file_outline.py
 M src/jcodemunch_mcp/tools/get_file_risk.py
 M src/jcodemunch_mcp/tools/get_file_tree.py
 M src/jcodemunch_mcp/tools/get_symbol_complexity.py
 M src/jcodemunch_mcp/tools/get_symbol_provenance.py
 M src/jcodemunch_mcp/tools/search_symbols.py
?? tests/test_generation_safe_hybrid.py","{""cache_entry_mtime_after_warmup"": null, ""cache_get_calls"": 0, ""cache_get_debug"": [], ""cache_get_hits"": 0, ""cache_key_present_after_warmup"": false, ""cache_policy"": ""cold"", ""cached_symbols_loaded_after_warmup"": true, ""hydration_trace"": {""lazy_ensure_calls"": 0, ""lazy_full_materializations"": 0, ""load_results"": [{""branch"": """", ""lazy_loaded_at_return"": false, ""repo"": ""local/gin-87ab3d33"", ""requested_hydration"": ""auto"", ""symbol_collection_type"": ""LazySymbolList""}], ""sparse_by_file_calls"": 0, ""sparse_by_files_calls"": 0, ""sparse_by_id_calls"": 0, ""sparse_by_name_calls"": 0}, ""mtime_after_measure"": 1785370845819538800, ""mtime_after_warmup"": 1785370845819538800, ""mtime_before_measure"": 1785370845819538800, ""mtime_before_warmup"": 1785370845819538800, ""process_cpu_ms"": 62.5, ""runtime_distribution_version"": ""1.108.199"", ""target_policy"": ""middle stride target"", ""unsafe_global_partial_control"": false, ""wal_after_measure"": false, ""wal_after_warmup"": false, ""worker_pid"": 44820}"
gin-gonic/gin,gin-87ab3d33,blast_radius_default,cold_generation_safe_hybrid_screen,get_blast_radius,all_files_target_symbols,generation_safe_hybrid,3,"{""cross_repo"": false, ""repo"": ""local/gin-87ab3d33"", ""symbol"": ""context.go::PureJSON#method""}",1,1,1834,109,2580480,9.8513,1.2544,12.733344837737151,1,670,139309056,139309056,0,7cf58576ecd3a5f92a20925030525e21ae86546912effa58a357a7893496f828,34dac209ffb6ef85cc78c5d217bbb7ad001d68fd,2026-07-29T20:20:45.784692,1.108.207,c2201a55b6e1b0ea38043c514ab7bc3a372bad13,3369b1fcd5b12fcb1473031ec74bda8cc200d8860a09caa310c06e9f3ea8bf88,,1,wt-generation-safe-hybrid,87f0ef27d476ad303a854c40a984e645bf1074ff2207c8d112c741447dbbfcb2,"M src/jcodemunch_mcp/server.py
 M src/jcodemunch_mcp/storage/index_store.py
 M src/jcodemunch_mcp/storage/sqlite_store.py
 M src/jcodemunch_mcp/tools/check_references.py
 M src/jcodemunch_mcp/tools/find_references.py
 M src/jcodemunch_mcp/tools/get_blast_radius.py
 M src/jcodemunch_mcp/tools/get_churn_rate.py
 M src/jcodemunch_mcp/tools/get_file_outline.py
 M src/jcodemunch_mcp/tools/get_file_risk.py
 M src/jcodemunch_mcp/tools/get_file_tree.py
 M src/jcodemunch_mcp/tools/get_symbol_complexity.py
 M src/jcodemunch_mcp/tools/get_symbol_provenance.py
 M src/jcodemunch_mcp/tools/search_symbols.py
?? tests/test_generation_safe_hybrid.py","{""cache_entry_mtime_after_warmup"": null, ""cache_get_calls"": 0, ""cache_get_debug"": [], ""cache_get_hits"": 0, ""cache_key_present_after_warmup"": false, ""cache_policy"": ""cold"", ""cached_symbols_loaded_after_warmup"": true, ""hydration_trace"": {""lazy_ensure_calls"": 0, ""lazy_full_materializations"": 0, ""load_results"": [{""branch"": """", ""lazy_loaded_at_return"": false, ""repo"": ""local/gin-87ab3d33"", ""requested_hydration"": ""auto"", ""symbol_collection_type"": ""LazySymbolList""}], ""sparse_by_file_calls"": 0, ""sparse_by_files_calls"": 0, ""sparse_by_id_calls"": 1, ""sparse_by_name_calls"": 0}, ""mtime_after_measure"": 1785370845819538800, ""mtime_after_warmup"": 1785370845819538800, ""mtime_before_measure"": 1785370845819538800, ""mtime_before_warmup"": 1785370845819538800, ""process_cpu_ms"": 15.625, ""runtime_distribution_version"": ""1.108.199"", ""target_policy"": ""middle stride target"", ""unsafe_global_partial_control"": false, ""wal_after_measure"": false, ""wal_after_warmup"": false, ""worker_pid"": 44820}"
gin-gonic/gin,gin-87ab3d33,blast_radius_default,cold_generation_safe_hybrid_screen,get_blast_radius,all_files_target_symbols,baseline_full,3,"{""cross_repo"": false, ""repo"": ""local/gin-87ab3d33"", ""symbol"": ""context.go::PureJSON#method""}",1,2,1834,109,2580480,21.5484,12.8493,59.629949323383634,1,671,309895168,309895168,0,7cf58576ecd3a5f92a20925030525e21ae86546912effa58a357a7893496f828,34dac209ffb6ef85cc78c5d217bbb7ad001d68fd,2026-07-29T20:20:45.784692,1.108.207,c2201a55b6e1b0ea38043c514ab7bc3a372bad13,3369b1fcd5b12fcb1473031ec74bda8cc200d8860a09caa310c06e9f3ea8bf88,,1,wt-1.108.207,e3b0c44298fc1c149afbf4c8996fb92427ae41e4649b934ca495991b7852b855,,"{""cache_entry_mtime_after_warmup"": 1785370845819538800, ""cache_get_calls"": 1, ""cache_get_debug"": [{""branch"": """", ""entry_mtime"": null, ""entry_present"": false, ""hit"": false, ""mtime_equal"": false, ""name"": ""gin-87ab3d33"", ""owner"": ""local"", ""requested_mtime"": 1785569507928830300}], ""cache_get_hits"": 0, ""cache_key_present_after_warmup"": true, ""cache_policy"": ""cold"", ""cached_symbols_loaded_after_warmup"": true, ""hydration_trace"": {""lazy_ensure_calls"": 0, ""lazy_full_materializations"": 0, ""load_results"": [{""branch"": """", ""lazy_loaded_at_return"": null, ""repo"": ""local/gin-87ab3d33"", ""requested_hydration"": ""auto"", ""symbol_collection_type"": ""list""}], ""sparse_by_file_calls"": 0, ""sparse_by_files_calls"": 0, ""sparse_by_id_calls"": 0, ""sparse_by_name_calls"": 0}, ""mtime_after_measure"": 1785569507950903900, ""mtime_after_warmup"": 1785569507928830300, ""mtime_before_measure"": 1785569507928830300, ""mtime_before_warmup"": 1785370845819538800, ""process_cpu_ms"": 31.25, ""runtime_distribution_version"": ""1.108.199"", ""target_policy"": ""middle stride target"", ""unsafe_global_partial_control"": false, ""wal_after_measure"": true, ""wal_after_warmup"": true, ""worker_pid"": 49336}"
gin-gonic/gin,gin-87ab3d33,blast_radius_source,cold_generation_safe_hybrid_screen,get_blast_radius,blast_enrichment,baseline_full,3,"{""cross_repo"": false, ""include_source"": true, ""repo"": ""local/gin-87ab3d33"", ""source_budget"": 1000, ""symbol"": ""context.go::PureJSON#method""}",1,1,1834,109,2580480,22.9953,12.6543,55.029940900966714,1,645,309895168,309895168,0,b83931afaf6c4eef21373bdfb9f9cb33740d0287fa271e9046f5e389bae8062d,34dac209ffb6ef85cc78c5d217bbb7ad001d68fd,2026-07-29T20:20:45.784692,1.108.207,c2201a55b6e1b0ea38043c514ab7bc3a372bad13,3369b1fcd5b12fcb1473031ec74bda8cc200d8860a09caa310c06e9f3ea8bf88,,1,wt-1.108.207,e3b0c44298fc1c149afbf4c8996fb92427ae41e4649b934ca495991b7852b855,,"{""cache_entry_mtime_after_warmup"": 1785370845819538800, ""cache_get_calls"": 1, ""cache_get_debug"": [{""branch"": """", ""entry_mtime"": null, ""entry_present"": false, ""hit"": false, ""mtime_equal"": false, ""name"": ""gin-87ab3d33"", ""owner"": ""local"", ""requested_mtime"": 1785569507983007400}], ""cache_get_hits"": 0, ""cache_key_present_after_warmup"": true, ""cache_policy"": ""cold"", ""cached_symbols_loaded_after_warmup"": true, ""hydration_trace"": {""lazy_ensure_calls"": 0, ""lazy_full_materializations"": 0, ""load_results"": [{""branch"": """", ""lazy_loaded_at_return"": null, ""repo"": ""local/gin-87ab3d33"", ""requested_hydration"": ""auto"", ""symbol_collection_type"": ""list""}], ""sparse_by_file_calls"": 0, ""sparse_by_files_calls"": 0, ""sparse_by_id_calls"": 0, ""sparse_by_name_calls"": 0}, ""mtime_after_measure"": 1785569508007243300, ""mtime_after_warmup"": 1785569507983007400, ""mtime_before_measure"": 1785569507983007400, ""mtime_before_warmup"": 1785569507950903900, ""process_cpu_ms"": 15.625, ""runtime_distribution_version"": ""1.108.199"", ""target_policy"": ""middle stride target"", ""unsafe_global_partial_control"": false, ""wal_after_measure"": true, ""wal_after_warmup"": true, ""worker_pid"": 49336}"
gin-gonic/gin,gin-87ab3d33,blast_radius_source,cold_generation_safe_hybrid_screen,get_blast_radius,blast_enrichment,generation_safe_hybrid,3,"{""cross_repo"": false, ""include_source"": true, ""repo"": ""local/gin-87ab3d33"", ""source_budget"": 1000, ""symbol"": ""context.go::PureJSON#method""}",1,2,1834,109,2580480,24.6864,1.738,7.040313694989954,1,645,139649024,141410304,1761280,b83931afaf6c4eef21373bdfb9f9cb33740d0287fa271e9046f5e389bae8062d,34dac209ffb6ef85cc78c5d217bbb7ad001d68fd,2026-07-29T20:20:45.784692,1.108.207,c2201a55b6e1b0ea38043c514ab7bc3a372bad13,3369b1fcd5b12fcb1473031ec74bda8cc200d8860a09caa310c06e9f3ea8bf88,,1,wt-generation-safe-hybrid,87f0ef27d476ad303a854c40a984e645bf1074ff2207c8d112c741447dbbfcb2,"M src/jcodemunch_mcp/server.py
 M src/jcodemunch_mcp/storage/index_store.py
 M src/jcodemunch_mcp/storage/sqlite_store.py
 M src/jcodemunch_mcp/tools/check_references.py
 M src/jcodemunch_mcp/tools/find_references.py
 M src/jcodemunch_mcp/tools/get_blast_radius.py
 M src/jcodemunch_mcp/tools/get_churn_rate.py
 M src/jcodemunch_mcp/tools/get_file_outline.py
 M src/jcodemunch_mcp/tools/get_file_risk.py
 M src/jcodemunch_mcp/tools/get_file_tree.py
 M src/jcodemunch_mcp/tools/get_symbol_complexity.py
 M src/jcodemunch_mcp/tools/get_symbol_provenance.py
 M src/jcodemunch_mcp/tools/search_symbols.py
?? tests/test_generation_safe_hybrid.py","{""cache_entry_mtime_after_warmup"": 1785569508007243300, ""cache_get_calls"": 0, ""cache_get_debug"": [], ""cache_get_hits"": 0, ""cache_key_present_after_warmup"": true, ""cache_policy"": ""cold"", ""cached_symbols_loaded_after_warmup"": true, ""hydration_trace"": {""lazy_ensure_calls"": 2, ""lazy_full_materializations"": 1, ""load_results"": [{""branch"": """", ""lazy_loaded_at_return"": false, ""repo"": ""local/gin-87ab3d33"", ""requested_hydration"": ""auto"", ""symbol_collection_type"": ""LazySymbolList""}], ""sparse_by_file_calls"": 0, ""sparse_by_files_calls"": 0, ""sparse_by_id_calls"": 1, ""sparse_by_name_calls"": 0}, ""mtime_after_measure"": 1785370845819538800, ""mtime_after_warmup"": 1785370845819538800, ""mtime_before_measure"": 1785370845819538800, ""mtime_before_warmup"": 1785569508007243300, ""process_cpu_ms"": 15.625, ""runtime_distribution_version"": ""1.108.199"", ""target_policy"": ""middle stride target"", ""unsafe_global_partial_control"": false, ""wal_after_measure"": false, ""wal_after_warmup"": false, ""worker_pid"": 44820}"
gin-gonic/gin,gin-87ab3d33,delivery_metrics,cold_generation_safe_hybrid_screen,get_delivery_metrics,metadata,generation_safe_hybrid,3,"{""repo"": ""local/gin-87ab3d33"", ""window_days"": 90}",1,1,1834,109,2580480,37.9013,1.3952,3.6811402247416316,1,696,138366976,138489856,122880,b98020dca8cbaaa7fe4cbb438ca89fed22ad4b8023eedba6c76c2bfd7be6fe6b,34dac209ffb6ef85cc78c5d217bbb7ad001d68fd,2026-07-29T20:20:45.784692,1.108.207,c2201a55b6e1b0ea38043c514ab7bc3a372bad13,3369b1fcd5b12fcb1473031ec74bda8cc200d8860a09caa310c06e9f3ea8bf88,,1,wt-generation-safe-hybrid,87f0ef27d476ad303a854c40a984e645bf1074ff2207c8d112c741447dbbfcb2,"M src/jcodemunch_mcp/server.py
 M src/jcodemunch_mcp/storage/index_store.py
 M src/jcodemunch_mcp/storage/sqlite_store.py
 M src/jcodemunch_mcp/tools/check_references.py
 M src/jcodemunch_mcp/tools/find_references.py
 M src/jcodemunch_mcp/tools/get_blast_radius.py
 M src/jcodemunch_mcp/tools/get_churn_rate.py
 M src/jcodemunch_mcp/tools/get_file_outline.py
 M src/jcodemunch_mcp/tools/get_file_risk.py
 M src/jcodemunch_mcp/tools/get_file_tree.py
 M src/jcodemunch_mcp/tools/get_symbol_complexity.py
 M src/jcodemunch_mcp/tools/get_symbol_provenance.py
 M src/jcodemunch_mcp/tools/search_symbols.py
?? tests/test_generation_safe_hybrid.py","{""cache_entry_mtime_after_warmup"": null, ""cache_get_calls"": 0, ""cache_get_debug"": [], ""cache_get_hits"": 0, ""cache_key_present_after_warmup"": false, ""cache_policy"": ""cold"", ""cached_symbols_loaded_after_warmup"": true, ""hydration_trace"": {""lazy_ensure_calls"": 0, ""lazy_full_materializations"": 0, ""load_results"": [{""branch"": """", ""lazy_loaded_at_return"": false, ""repo"": ""local/gin-87ab3d33"", ""requested_hydration"": ""auto"", ""symbol_collection_type"": ""LazySymbolList""}], ""sparse_by_file_calls"": 0, ""sparse_by_files_calls"": 0, ""sparse_by_id_calls"": 0, ""sparse_by_name_calls"": 0}, ""mtime_after_measure"": 1785370845819538800, ""mtime_after_warmup"": 1785370845819538800, ""mtime_before_measure"": 1785370845819538800, ""mtime_before_warmup"": 1785370845819538800, ""process_cpu_ms"": 15.625, ""runtime_distribution_version"": ""1.108.199"", ""target_policy"": ""middle stride target"", ""unsafe_global_partial_control"": false, ""wal_after_measure"": false, ""wal_after_warmup"": false, ""worker_pid"": 44820}"
gin-gonic/gin,gin-87ab3d33,delivery_metrics,cold_generation_safe_hybrid_screen,get_delivery_metrics,metadata,baseline_full,3,"{""repo"": ""local/gin-87ab3d33"", ""window_days"": 90}",1,2,1834,109,2580480,97.4177,13.495,13.852718756447748,1,696,309895168,309895168,0,b98020dca8cbaaa7fe4cbb438ca89fed22ad4b8023eedba6c76c2bfd7be6fe6b,34dac209ffb6ef85cc78c5d217bbb7ad001d68fd,2026-07-29T20:20:45.784692,1.108.207,c2201a55b6e1b0ea38043c514ab7bc3a372bad13,3369b1fcd5b12fcb1473031ec74bda8cc200d8860a09caa310c06e9f3ea8bf88,,1,wt-1.108.207,e3b0c44298fc1c149afbf4c8996fb92427ae41e4649b934ca495991b7852b855,,"{""cache_entry_mtime_after_warmup"": 1785370845819538800, ""cache_get_calls"": 1, ""cache_get_debug"": [{""branch"": """", ""entry_mtime"": null, ""entry_present"": false, ""hit"": false, ""mtime_equal"": false, ""name"": ""gin-87ab3d33"", ""owner"": ""local"", ""requested_mtime"": 1785370845819538800}], ""cache_get_hits"": 0, ""cache_key_present_after_warmup"": true, ""cache_policy"": ""cold"", ""cached_symbols_loaded_after_warmup"": true, ""hydration_trace"": {""lazy_ensure_calls"": 0, ""lazy_full_materializations"": 0, ""load_results"": [{""branch"": """", ""lazy_loaded_at_return"": null, ""repo"": ""local/gin-87ab3d33"", ""requested_hydration"": ""auto"", ""symbol_collection_type"": ""list""}], ""sparse_by_file_calls"": 0, ""sparse_by_files_calls"": 0, ""sparse_by_id_calls"": 0, ""sparse_by_name_calls"": 0}, ""mtime_after_measure"": 1785370845819538800, ""mtime_after_warmup"": 1785370845819538800, ""mtime_before_measure"": 1785370845819538800, ""mtime_before_warmup"": 1785370845819538800, ""process_cpu_ms"": 62.5, ""runtime_distribution_version"": ""1.108.199"", ""target_policy"": ""middle stride target"", ""unsafe_global_partial_control"": false, ""wal_after_measure"": false, ""wal_after_warmup"": false, ""worker_pid"": 49336}"
gin-gonic/gin,gin-87ab3d33,list_workspaces,cold_generation_safe_hybrid_screen,list_workspaces,metadata,baseline_full,3,"{""repo"": ""local/gin-87ab3d33""}",1,1,1834,109,2580480,13.6695,12.7236,93.080215077362,1,293,309895168,309895168,0,46a3a92799a8b21c8b38ded2c7266a83d71aadbbbd9839ec68279f5f51fa8700,34dac209ffb6ef85cc78c5d217bbb7ad001d68fd,2026-07-29T20:20:45.784692,1.108.207,c2201a55b6e1b0ea38043c514ab7bc3a372bad13,3369b1fcd5b12fcb1473031ec74bda8cc200d8860a09caa310c06e9f3ea8bf88,,1,wt-1.108.207,e3b0c44298fc1c149afbf4c8996fb92427ae41e4649b934ca495991b7852b855,,"{""cache_entry_mtime_after_warmup"": 1785370845819538800, ""cache_get_calls"": 1, ""cache_get_debug"": [{""branch"": """", ""entry_mtime"": null, ""entry_present"": false, ""hit"": false, ""mtime_equal"": false, ""name"": ""gin-87ab3d33"", ""owner"": ""local"", ""requested_mtime"": 1785370845819538800}], ""cache_get_hits"": 0, ""cache_key_present_after_warmup"": true, ""cache_policy"": ""cold"", ""cached_symbols_loaded_after_warmup"": true, ""hydration_trace"": {""lazy_ensure_calls"": 0, ""lazy_full_materializations"": 0, ""load_results"": [{""branch"": """", ""lazy_loaded_at_return"": null, ""repo"": ""local/gin-87ab3d33"", ""requested_hydration"": ""auto"", ""symbol_collection_type"": ""list""}], ""sparse_by_file_calls"": 0, ""sparse_by_files_calls"": 0, ""sparse_by_id_calls"": 0, ""sparse_by_name_calls"": 0}, ""mtime_after_measure"": 1785370845819538800, ""mtime_after_warmup"": 1785370845819538800, ""mtime_before_measure"": 1785370845819538800, ""mtime_before_warmup"": 1785370845819538800, ""process_cpu_ms"": 15.625, ""runtime_distribution_version"": ""1.108.199"", ""target_policy"": ""middle stride target"", ""unsafe_global_partial_control"": false, ""wal_after_measure"": false, ""wal_after_warmup"": false, ""worker_pid"": 49336}"
gin-gonic/gin,gin-87ab3d33,list_workspaces,cold_generation_safe_hybrid_screen,list_workspaces,metadata,generation_safe_hybrid,3,"{""repo"": ""local/gin-87ab3d33""}",1,2,1834,109,2580480,2.5001,1.3237,52.94588216471341,1,292,137031680,137031680,0,46a3a92799a8b21c8b38ded2c7266a83d71aadbbbd9839ec68279f5f51fa8700,34dac209ffb6ef85cc78c5d217bbb7ad001d68fd,2026-07-29T20:20:45.784692,1.108.207,c2201a55b6e1b0ea38043c514ab7bc3a372bad13,3369b1fcd5b12fcb1473031ec74bda8cc200d8860a09caa310c06e9f3ea8bf88,,1,wt-generation-safe-hybrid,87f0ef27d476ad303a854c40a984e645bf1074ff2207c8d112c741447dbbfcb2,"M src/jcodemunch_mcp/server.py
 M src/jcodemunch_mcp/storage/index_store.py
 M src/jcodemunch_mcp/storage/sqlite_store.py
 M src/jcodemunch_mcp/tools/check_references.py
 M src/jcodemunch_mcp/tools/find_references.py
 M src/jcodemunch_mcp/tools/get_blast_radius.py
 M src/jcodemunch_mcp/tools/get_churn_rate.py
 M src/jcodemunch_mcp/tools/get_file_outline.py
 M src/jcodemunch_mcp/tools/get_file_risk.py
 M src/jcodemunch_mcp/tools/get_file_tree.py
 M src/jcodemunch_mcp/tools/get_symbol_complexity.py
 M src/jcodemunch_mcp/tools/get_symbol_provenance.py
 M src/jcodemunch_mcp/tools/search_symbols.py
?? tests/test_generation_safe_hybrid.py","{""cache_entry_mtime_after_warmup"": null, ""cache_get_calls"": 0, ""cache_get_debug"": [], ""cache_get_hits"": 0, ""cache_key_present_after_warmup"": false, ""cache_policy"": ""cold"", ""cached_symbols_loaded_after_warmup"": true, ""hydration_trace"": {""lazy_ensure_calls"": 0, ""lazy_full_materializations"": 0, ""load_results"": [{""branch"": """", ""lazy_loaded_at_return"": false, ""repo"": ""local/gin-87ab3d33"", ""requested_hydration"": ""auto"", ""symbol_collection_type"": ""LazySymbolList""}], ""sparse_by_file_calls"": 0, ""sparse_by_files_calls"": 0, ""sparse_by_id_calls"": 0, ""sparse_by_name_calls"": 0}, ""mtime_after_measure"": 1785370845819538800, ""mtime_after_warmup"": 1785370845819538800, ""mtime_before_measure"": 1785370845819538800, ""mtime_before_warmup"": 1785370845819538800, ""process_cpu_ms"": 0.0, ""runtime_distribution_version"": ""1.108.199"", ""target_policy"": ""middle stride target"", ""unsafe_global_partial_control"": false, ""wal_after_measure"": false, ""wal_after_warmup"": false, ""worker_pid"": 44820}"
gin-gonic/gin,gin-87ab3d33,search_text,cold_generation_safe_hybrid_screen,search_text,all_files,generation_safe_hybrid,3,"{""max_results"": 20, ""query"": ""PureJSON"", ""repo"": ""local/gin-87ab3d33""}",1,1,1834,109,2580480,19.3867,1.338,6.9016387523405225,1,2426,137216000,137240576,24576,717a3918fc55414ee9832e81f3a13061bee7bd2487503db19602140b1791bcb9,34dac209ffb6ef85cc78c5d217bbb7ad001d68fd,2026-07-29T20:20:45.784692,1.108.207,c2201a55b6e1b0ea38043c514ab7bc3a372bad13,3369b1fcd5b12fcb1473031ec74bda8cc200d8860a09caa310c06e9f3ea8bf88,,1,wt-generation-safe-hybrid,87f0ef27d476ad303a854c40a984e645bf1074ff2207c8d112c741447dbbfcb2,"M src/jcodemunch_mcp/server.py
 M src/jcodemunch_mcp/storage/index_store.py
 M src/jcodemunch_mcp/storage/sqlite_store.py
 M src/jcodemunch_mcp/tools/check_references.py
 M src/jcodemunch_mcp/tools/find_references.py
 M src/jcodemunch_mcp/tools/get_blast_radius.py
 M src/jcodemunch_mcp/tools/get_churn_rate.py
 M src/jcodemunch_mcp/tools/get_file_outline.py
 M src/jcodemunch_mcp/tools/get_file_risk.py
 M src/jcodemunch_mcp/tools/get_file_tree.py
 M src/jcodemunch_mcp/tools/get_symbol_complexity.py
 M src/jcodemunch_mcp/tools/get_symbol_provenance.py
 M src/jcodemunch_mcp/tools/search_symbols.py
?? tests/test_generation_safe_hybrid.py","{""cache_entry_mtime_after_warmup"": null, ""cache_get_calls"": 0, ""cache_get_debug"": [], ""cache_get_hits"": 0, ""cache_key_present_after_warmup"": false, ""cache_policy"": ""cold"", ""cached_symbols_loaded_after_warmup"": true, ""hydration_trace"": {""lazy_ensure_calls"": 0, ""lazy_full_materializations"": 0, ""load_results"": [{""branch"": """", ""lazy_loaded_at_return"": false, ""repo"": ""local/gin-87ab3d33"", ""requested_hydration"": ""auto"", ""symbol_collection_type"": ""LazySymbolList""}], ""sparse_by_file_calls"": 0, ""sparse_by_files_calls"": 0, ""sparse_by_id_calls"": 0, ""sparse_by_name_calls"": 0}, ""mtime_after_measure"": 1785370845819538800, ""mtime_after_warmup"": 1785370845819538800, ""mtime_before_measure"": 1785370845819538800, ""mtime_before_warmup"": 1785370845819538800, ""process_cpu_ms"": 15.625, ""runtime_distribution_version"": ""1.108.199"", ""target_policy"": ""middle stride target"", ""unsafe_global_partial_control"": false, ""wal_after_measure"": false, ""wal_after_warmup"": false, ""worker_pid"": 44820}"
gin-gonic/gin,gin-87ab3d33,search_text,cold_generation_safe_hybrid_screen,search_text,all_files,baseline_full,3,"{""max_results"": 20, ""query"": ""PureJSON"", ""repo"": ""local/gin-87ab3d33""}",1,2,1834,109,2580480,31.5927,13.4575,42.596865731640534,1,2426,309899264,309899264,0,717a3918fc55414ee9832e81f3a13061bee7bd2487503db19602140b1791bcb9,34dac209ffb6ef85cc78c5d217bbb7ad001d68fd,2026-07-29T20:20:45.784692,1.108.207,c2201a55b6e1b0ea38043c514ab7bc3a372bad13,3369b1fcd5b12fcb1473031ec74bda8cc200d8860a09caa310c06e9f3ea8bf88,,1,wt-1.108.207,e3b0c44298fc1c149afbf4c8996fb92427ae41e4649b934ca495991b7852b855,,"{""cache_entry_mtime_after_warmup"": 1785370845819538800, ""cache_get_calls"": 1, ""cache_get_debug"": [{""branch"": """", ""entry_mtime"": null, ""entry_present"": false, ""hit"": false, ""mtime_equal"": false, ""name"": ""gin-87ab3d33"", ""owner"": ""local"", ""requested_mtime"": 1785370845819538800}], ""cache_get_hits"": 0, ""cache_key_present_after_warmup"": true, ""cache_policy"": ""cold"", ""cached_symbols_loaded_after_warmup"": true, ""hydration_trace"": {""lazy_ensure_calls"": 0, ""lazy_full_materializations"": 0, ""load_results"": [{""branch"": """", ""lazy_loaded_at_return"": null, ""repo"": ""local/gin-87ab3d33"", ""requested_hydration"": ""auto"", ""symbol_collection_type"": ""list""}], ""sparse_by_file_calls"": 0, ""sparse_by_files_calls"": 0, ""sparse_by_id_calls"": 0, ""sparse_by_name_calls"": 0}, ""mtime_after_measure"": 1785370845819538800, ""mtime_after_warmup"": 1785370845819538800, ""mtime_before_measure"": 1785370845819538800, ""mtime_before_warmup"": 1785370845819538800, ""process_cpu_ms"": 31.25, ""runtime_distribution_version"": ""1.108.199"", ""target_policy"": ""middle stride target"", ""unsafe_global_partial_control"": false, ""wal_after_measure"": false, ""wal_after_warmup"": false, ""worker_pid"": 49336}"
gin-gonic/gin,gin-87ab3d33,coupling_metrics,cold_generation_safe_hybrid_screen,get_coupling_metrics,all_files,baseline_full,3,"{""module_path"": ""debug_test.go"", ""repo"": ""local/gin-87ab3d33""}",1,1,1834,109,2580480,16.3111,12.9932,79.65863736964398,1,259,309977088,309977088,0,703cbd842b32fe2748b78bb4274362343cc328966894946d0f8b462207609b8e,34dac209ffb6ef85cc78c5d217bbb7ad001d68fd,2026-07-29T20:20:45.784692,1.108.207,c2201a55b6e1b0ea38043c514ab7bc3a372bad13,3369b1fcd5b12fcb1473031ec74bda8cc200d8860a09caa310c06e9f3ea8bf88,,1,wt-1.108.207,e3b0c44298fc1c149afbf4c8996fb92427ae41e4649b934ca495991b7852b855,,"{""cache_entry_mtime_after_warmup"": 1785370845819538800, ""cache_get_calls"": 1, ""cache_get_debug"": [{""branch"": """", ""entry_mtime"": null, ""entry_present"": false, ""hit"": false, ""mtime_equal"": false, ""name"": ""gin-87ab3d33"", ""owner"": ""local"", ""requested_mtime"": 1785370845819538800}], ""cache_get_hits"": 0, ""cache_key_present_after_warmup"": true, ""cache_policy"": ""cold"", ""cached_symbols_loaded_after_warmup"": true, ""hydration_trace"": {""lazy_ensure_calls"": 0, ""lazy_full_materializations"": 0, ""load_results"": [{""branch"": """", ""lazy_loaded_at_return"": null, ""repo"": ""local/gin-87ab3d33"", ""requested_hydration"": ""auto"", ""symbol_collection_type"": ""list""}], ""sparse_by_file_calls"": 0, ""sparse_by_files_calls"": 0, ""sparse_by_id_calls"": 0, ""sparse_by_name_calls"": 0}, ""mtime_after_measure"": 1785370845819538800, ""mtime_after_warmup"": 1785370845819538800, ""mtime_before_measure"": 1785370845819538800, ""mtime_before_warmup"": 1785370845819538800, ""process_cpu_ms"": 15.625, ""runtime_distribution_version"": ""1.108.199"", ""target_policy"": ""middle stride target"", ""unsafe_global_partial_control"": false, ""wal_after_measure"": false, ""wal_after_warmup"": false, ""worker_pid"": 49336}"
gin-gonic/gin,gin-87ab3d33,coupling_metrics,cold_generation_safe_hybrid_screen,get_coupling_metrics,all_files,generation_safe_hybrid,3,"{""module_path"": ""debug_test.go"", ""repo"": ""local/gin-87ab3d33""}",1,2,1834,109,2580480,4.8533,1.2731,26.231636206292624,1,258,137269248,137269248,0,703cbd842b32fe2748b78bb4274362343cc328966894946d0f8b462207609b8e,34dac209ffb6ef85cc78c5d217bbb7ad001d68fd,2026-07-29T20:20:45.784692,1.108.207,c2201a55b6e1b0ea38043c514ab7bc3a372bad13,3369b1fcd5b12fcb1473031ec74bda8cc200d8860a09caa310c06e9f3ea8bf88,,1,wt-generation-safe-hybrid,87f0ef27d476ad303a854c40a984e645bf1074ff2207c8d112c741447dbbfcb2,"M src/jcodemunch_mcp/server.py
 M src/jcodemunch_mcp/storage/index_store.py
 M src/jcodemunch_mcp/storage/sqlite_store.py
 M src/jcodemunch_mcp/tools/check_references.py
 M src/jcodemunch_mcp/tools/find_references.py
 M src/jcodemunch_mcp/tools/get_blast_radius.py
 M src/jcodemunch_mcp/tools/get_churn_rate.py
 M src/jcodemunch_mcp/tools/get_file_outline.py
 M src/jcodemunch_mcp/tools/get_file_risk.py
 M src/jcodemunch_mcp/tools/get_file_tree.py
 M src/jcodemunch_mcp/tools/get_symbol_complexity.py
 M src/jcodemunch_mcp/tools/get_symbol_provenance.py
 M src/jcodemunch_mcp/tools/search_symbols.py
?? tests/test_generation_safe_hybrid.py","{""cache_entry_mtime_after_warmup"": null, ""cache_get_calls"": 0, ""cache_get_debug"": [], ""cache_get_hits"": 0, ""cache_key_present_after_warmup"": false, ""cache_policy"": ""cold"", ""cached_symbols_loaded_after_warmup"": true, ""hydration_trace"": {""lazy_ensure_calls"": 0, ""lazy_full_materializations"": 0, ""load_results"": [{""branch"": """", ""lazy_loaded_at_return"": false, ""repo"": ""local/gin-87ab3d33"", ""requested_hydration"": ""auto"", ""symbol_collection_type"": ""LazySymbolList""}], ""sparse_by_file_calls"": 0, ""sparse_by_files_calls"": 0, ""sparse_by_id_calls"": 0, ""sparse_by_name_calls"": 0}, ""mtime_after_measure"": 1785370845819538800, ""mtime_after_warmup"": 1785370845819538800, ""mtime_before_measure"": 1785370845819538800, ""mtime_before_warmup"": 1785370845819538800, ""process_cpu_ms"": 0.0, ""runtime_distribution_version"": ""1.108.199"", ""target_policy"": ""middle stride target"", ""unsafe_global_partial_control"": false, ""wal_after_measure"": false, ""wal_after_warmup"": false, ""worker_pid"": 44820}"
gin-gonic/gin,gin-87ab3d33,dependency_cycles,cold_generation_safe_hybrid_screen,get_dependency_cycles,all_files,generation_safe_hybrid,3,"{""repo"": ""local/gin-87ab3d33""}",1,1,1834,109,2580480,4.6536,1.2488,26.835138387484957,1,145,137277440,137277440,0,ee7b243f04c63bb5370a89f96824da48c48b4555564a739762a4b26f0bcc54a6,34dac209ffb6ef85cc78c5d217bbb7ad001d68fd,2026-07-29T20:20:45.784692,1.108.207,c2201a55b6e1b0ea38043c514ab7bc3a372bad13,3369b1fcd5b12fcb1473031ec74bda8cc200d8860a09caa310c06e9f3ea8bf88,,1,wt-generation-safe-hybrid,87f0ef27d476ad303a854c40a984e645bf1074ff2207c8d112c741447dbbfcb2,"M src/jcodemunch_mcp/server.py
 M src/jcodemunch_mcp/storage/index_store.py
 M src/jcodemunch_mcp/storage/sqlite_store.py
 M src/jcodemunch_mcp/tools/check_references.py
 M src/jcodemunch_mcp/tools/find_references.py
 M src/jcodemunch_mcp/tools/get_blast_radius.py
 M src/jcodemunch_mcp/tools/get_churn_rate.py
 M src/jcodemunch_mcp/tools/get_file_outline.py
 M src/jcodemunch_mcp/tools/get_file_risk.py
 M src/jcodemunch_mcp/tools/get_file_tree.py
 M src/jcodemunch_mcp/tools/get_symbol_complexity.py
 M src/jcodemunch_mcp/tools/get_symbol_provenance.py
 M src/jcodemunch_mcp/tools/search_symbols.py
?? tests/test_generation_safe_hybrid.py","{""cache_entry_mtime_after_warmup"": null, ""cache_get_calls"": 0, ""cache_get_debug"": [], ""cache_get_hits"": 0, ""cache_key_present_after_warmup"": false, ""cache_policy"": ""cold"", ""cached_symbols_loaded_after_warmup"": true, ""hydration_trace"": {""lazy_ensure_calls"": 0, ""lazy_full_materializations"": 0, ""load_results"": [{""branch"": """", ""lazy_loaded_at_return"": false, ""repo"": ""local/gin-87ab3d33"", ""requested_hydration"": ""auto"", ""symbol_collection_type"": ""LazySymbolList""}], ""sparse_by_file_calls"": 0, ""sparse_by_files_calls"": 0, ""sparse_by_id_calls"": 0, ""sparse_by_name_calls"": 0}, ""mtime_after_measure"": 1785370845819538800, ""mtime_after_warmup"": 1785370845819538800, ""mtime_before_measure"": 1785370845819538800, ""mtime_before_warmup"": 1785370845819538800, ""process_cpu_ms"": 0.0, ""runtime_distribution_version"": ""1.108.199"", ""target_policy"": ""middle stride target"", ""unsafe_global_partial_control"": false, ""wal_after_measure"": false, ""wal_after_warmup"": false, ""worker_pid"": 44820}"
gin-gonic/gin,gin-87ab3d33,dependency_cycles,cold_generation_safe_hybrid_screen,get_dependency_cycles,all_files,baseline_full,3,"{""repo"": ""local/gin-87ab3d33""}",1,2,1834,109,2580480,15.9873,12.7916,80.01100873818594,1,146,309989376,309989376,0,ee7b243f04c63bb5370a89f96824da48c48b4555564a739762a4b26f0bcc54a6,34dac209ffb6ef85cc78c5d217bbb7ad001d68fd,2026-07-29T20:20:45.784692,1.108.207,c2201a55b6e1b0ea38043c514ab7bc3a372bad13,3369b1fcd5b12fcb1473031ec74bda8cc200d8860a09caa310c06e9f3ea8bf88,,1,wt-1.108.207,e3b0c44298fc1c149afbf4c8996fb92427ae41e4649b934ca495991b7852b855,,"{""cache_entry_mtime_after_warmup"": 1785370845819538800, ""cache_get_calls"": 1, ""cache_get_debug"": [{""branch"": """", ""entry_mtime"": null, ""entry_present"": false, ""hit"": false, ""mtime_equal"": false, ""name"": ""gin-87ab3d33"", ""owner"": ""local"", ""requested_mtime"": 1785370845819538800}], ""cache_get_hits"": 0, ""cache_key_present_after_warmup"": true, ""cache_policy"": ""cold"", ""cached_symbols_loaded_after_warmup"": true, ""hydration_trace"": {""lazy_ensure_calls"": 0, ""lazy_full_materializations"": 0, ""load_results"": [{""branch"": """", ""lazy_loaded_at_return"": null, ""repo"": ""local/gin-87ab3d33"", ""requested_hydration"": ""auto"", ""symbol_collection_type"": ""list""}], ""sparse_by_file_calls"": 0, ""sparse_by_files_calls"": 0, ""sparse_by_id_calls"": 0, ""sparse_by_name_calls"": 0}, ""mtime_after_measure"": 1785370845819538800, ""mtime_after_warmup"": 1785370845819538800, ""mtime_before_measure"": 1785370845819538800, ""mtime_before_warmup"": 1785370845819538800, ""process_cpu_ms"": 15.625, ""runtime_distribution_version"": ""1.108.199"", ""target_policy"": ""middle stride target"", ""unsafe_global_partial_control"": false, ""wal_after_measure"": false, ""wal_after_warmup"": false, ""worker_pid"": 49336}"
gin-gonic/gin,gin-87ab3d33,dependency_graph,cold_generation_safe_hybrid_screen,get_dependency_graph,all_files,baseline_full,3,"{""cross_repo"": false, ""depth"": 3, ""direction"": ""both"", ""file"": ""debug_test.go"", ""repo"": ""local/gin-87ab3d33""}",1,1,1834,109,2580480,16.4877,12.6213,76.54979166287596,1,461,309989376,309989376,0,a48a1b942dba35896415060a47166bfe01c32912f72551b6f9652aef4b62ee8a,34dac209ffb6ef85cc78c5d217bbb7ad001d68fd,2026-07-29T20:20:45.784692,1.108.207,c2201a55b6e1b0ea38043c514ab7bc3a372bad13,3369b1fcd5b12fcb1473031ec74bda8cc200d8860a09caa310c06e9f3ea8bf88,,1,wt-1.108.207,e3b0c44298fc1c149afbf4c8996fb92427ae41e4649b934ca495991b7852b855,,"{""cache_entry_mtime_after_warmup"": 1785370845819538800, ""cache_get_calls"": 1, ""cache_get_debug"": [{""branch"": """", ""entry_mtime"": null, ""entry_present"": false, ""hit"": false, ""mtime_equal"": false, ""name"": ""gin-87ab3d33"", ""owner"": ""local"", ""requested_mtime"": 1785370845819538800}], ""cache_get_hits"": 0, ""cache_key_present_after_warmup"": true, ""cache_policy"": ""cold"", ""cached_symbols_loaded_after_warmup"": true, ""hydration_trace"": {""lazy_ensure_calls"": 0, ""lazy_full_materializations"": 0, ""load_results"": [{""branch"": """", ""lazy_loaded_at_return"": null, ""repo"": ""local/gin-87ab3d33"", ""requested_hydration"": ""auto"", ""symbol_collection_type"": ""list""}], ""sparse_by_file_calls"": 0, ""sparse_by_files_calls"": 0, ""sparse_by_id_calls"": 0, ""sparse_by_name_calls"": 0}, ""mtime_after_measure"": 1785370845819538800, ""mtime_after_warmup"": 1785370845819538800, ""mtime_before_measure"": 1785370845819538800, ""mtime_before_warmup"": 1785370845819538800, ""process_cpu_ms"": 15.625, ""runtime_distribution_version"": ""1.108.199"", ""target_policy"": ""middle stride target"", ""unsafe_global_partial_control"": false, ""wal_after_measure"": false, ""wal_after_warmup"": false, ""worker_pid"": 49336}"
gin-gonic/gin,gin-87ab3d33,dependency_graph,cold_generation_safe_hybrid_screen,get_dependency_graph,all_files,generation_safe_hybrid,3,"{""cross_repo"": false, ""depth"": 3, ""direction"": ""both"", ""file"": ""debug_test.go"", ""repo"": ""local/gin-87ab3d33""}",1,2,1834,109,2580480,5.2236,1.2539,24.004517956964545,1,460,137277440,137277440,0,a48a1b942dba35896415060a47166bfe01c32912f72551b6f9652aef4b62ee8a,34dac209ffb6ef85cc78c5d217bbb7ad001d68fd,2026-07-29T20:20:45.784692,1.108.207,c2201a55b6e1b0ea38043c514ab7bc3a372bad13,3369b1fcd5b12fcb1473031ec74bda8cc200d8860a09caa310c06e9f3ea8bf88,,1,wt-generation-safe-hybrid,87f0ef27d476ad303a854c40a984e645bf1074ff2207c8d112c741447dbbfcb2,"M src/jcodemunch_mcp/server.py
 M src/jcodemunch_mcp/storage/index_store.py
 M src/jcodemunch_mcp/storage/sqlite_store.py
 M src/jcodemunch_mcp/tools/check_references.py
 M src/jcodemunch_mcp/tools/find_references.py
 M src/jcodemunch_mcp/tools/get_blast_radius.py
 M src/jcodemunch_mcp/tools/get_churn_rate.py
 M src/jcodemunch_mcp/tools/get_file_outline.py
 M src/jcodemunch_mcp/tools/get_file_risk.py
 M src/jcodemunch_mcp/tools/get_file_tree.py
 M src/jcodemunch_mcp/tools/get_symbol_complexity.py
 M src/jcodemunch_mcp/tools/get_symbol_provenance.py
 M src/jcodemunch_mcp/tools/search_symbols.py
?? tests/test_generation_safe_hybrid.py","{""cache_entry_mtime_after_warmup"": null, ""cache_get_calls"": 0, ""cache_get_debug"": [], ""cache_get_hits"": 0, ""cache_key_present_after_warmup"": false, ""cache_policy"": ""cold"", ""cached_symbols_loaded_after_warmup"": true, ""hydration_trace"": {""lazy_ensure_calls"": 0, ""lazy_full_materializations"": 0, ""load_results"": [{""branch"": """", ""lazy_loaded_at_return"": false, ""repo"": ""local/gin-87ab3d33"", ""requested_hydration"": ""auto"", ""symbol_collection_type"": ""LazySymbolList""}], ""sparse_by_file_calls"": 0, ""sparse_by_files_calls"": 0, ""sparse_by_id_calls"": 0, ""sparse_by_name_calls"": 0}, ""mtime_after_measure"": 1785370845819538800, ""mtime_after_warmup"": 1785370845819538800, ""mtime_before_measure"": 1785370845819538800, ""mtime_before_warmup"": 1785370845819538800, ""process_cpu_ms"": 0.0, ""runtime_distribution_version"": ""1.108.199"", ""target_policy"": ""middle stride target"", ""unsafe_global_partial_control"": false, ""wal_after_measure"": false, ""wal_after_warmup"": false, ""worker_pid"": 44820}"
gin-gonic/gin,gin-87ab3d33,cross_repo_map_filtered,cold_generation_safe_hybrid_screen,get_cross_repo_map,all_files,generation_safe_hybrid,3,"{""repo"": ""local/gin-87ab3d33""}",1,1,1834,109,2580480,168.7316,1.3588,0.8053026226267043,1,269,137666560,137515008,-151552,1badd55c6561b7f9c32208702c12bd7a90454b5d63ddd0afb2783dd9ca5d4270,34dac209ffb6ef85cc78c5d217bbb7ad001d68fd,2026-07-29T20:20:45.784692,1.108.207,c2201a55b6e1b0ea38043c514ab7bc3a372bad13,3369b1fcd5b12fcb1473031ec74bda8cc200d8860a09caa310c06e9f3ea8bf88,,1,wt-generation-safe-hybrid,87f0ef27d476ad303a854c40a984e645bf1074ff2207c8d112c741447dbbfcb2,"M src/jcodemunch_mcp/server.py
 M src/jcodemunch_mcp/storage/index_store.py
 M src/jcodemunch_mcp/storage/sqlite_store.py
 M src/jcodemunch_mcp/tools/check_references.py
 M src/jcodemunch_mcp/tools/find_references.py
 M src/jcodemunch_mcp/tools/get_blast_radius.py
 M src/jcodemunch_mcp/tools/get_churn_rate.py
 M src/jcodemunch_mcp/tools/get_file_outline.py
 M src/jcodemunch_mcp/tools/get_file_risk.py
 M src/jcodemunch_mcp/tools/get_file_tree.py
 M src/jcodemunch_mcp/tools/get_symbol_complexity.py
 M src/jcodemunch_mcp/tools/get_symbol_provenance.py
 M src/jcodemunch_mcp/tools/search_symbols.py
?? tests/test_generation_safe_hybrid.py","{""cache_entry_mtime_after_warmup"": null, ""cache_get_calls"": 0, ""cache_get_debug"": [], ""cache_get_hits"": 0, ""cache_key_present_after_warmup"": false, ""cache_policy"": ""cold"", ""cached_symbols_loaded_after_warmup"": true, ""hydration_trace"": {""lazy_ensure_calls"": 0, ""lazy_full_materializations"": 0, ""load_results"": [{""branch"": """", ""lazy_loaded_at_return"": false, ""repo"": ""local/gin-87ab3d33"", ""requested_hydration"": ""auto"", ""symbol_collection_type"": ""LazySymbolList""}], ""sparse_by_file_calls"": 0, ""sparse_by_files_calls"": 0, ""sparse_by_id_calls"": 0, ""sparse_by_name_calls"": 0}, ""mtime_after_measure"": 1785370845819538800, ""mtime_after_warmup"": 1785370845819538800, ""mtime_before_measure"": 1785370845819538800, ""mtime_before_warmup"": 1785370845819538800, ""process_cpu_ms"": 171.875, ""runtime_distribution_version"": ""1.108.199"", ""target_policy"": ""middle stride target"", ""unsafe_global_partial_control"": false, ""wal_after_measure"": false, ""wal_after_warmup"": false, ""worker_pid"": 44820}"
gin-gonic/gin,gin-87ab3d33,cross_repo_map_filtered,cold_generation_safe_hybrid_screen,get_cross_repo_map,all_files,baseline_full,3,"{""repo"": ""local/gin-87ab3d33""}",1,2,1834,109,2580480,172.4076,15.2116,8.823044923773663,1,269,321765376,322138112,372736,1badd55c6561b7f9c32208702c12bd7a90454b5d63ddd0afb2783dd9ca5d4270,34dac209ffb6ef85cc78c5d217bbb7ad001d68fd,2026-07-29T20:20:45.784692,1.108.207,c2201a55b6e1b0ea38043c514ab7bc3a372bad13,3369b1fcd5b12fcb1473031ec74bda8cc200d8860a09caa310c06e9f3ea8bf88,,1,wt-1.108.207,e3b0c44298fc1c149afbf4c8996fb92427ae41e4649b934ca495991b7852b855,,"{""cache_entry_mtime_after_warmup"": 1785370845819538800, ""cache_get_calls"": 1, ""cache_get_debug"": [{""branch"": """", ""entry_mtime"": null, ""entry_present"": false, ""hit"": false, ""mtime_equal"": false, ""name"": ""gin-87ab3d33"", ""owner"": ""local"", ""requested_mtime"": 1785370845819538800}], ""cache_get_hits"": 0, ""cache_key_present_after_warmup"": true, ""cache_policy"": ""cold"", ""cached_symbols_loaded_after_warmup"": true, ""hydration_trace"": {""lazy_ensure_calls"": 0, ""lazy_full_materializations"": 0, ""load_results"": [{""branch"": """", ""lazy_loaded_at_return"": null, ""repo"": ""local/gin-87ab3d33"", ""requested_hydration"": ""auto"", ""symbol_collection_type"": ""list""}], ""sparse_by_file_calls"": 0, ""sparse_by_files_calls"": 0, ""sparse_by_id_calls"": 0, ""sparse_by_name_calls"": 0}, ""mtime_after_measure"": 1785370845819538800, ""mtime_after_warmup"": 1785370845819538800, ""mtime_before_measure"": 1785370845819538800, ""mtime_before_warmup"": 1785370845819538800, ""process_cpu_ms"": 171.875, ""runtime_distribution_version"": ""1.108.199"", ""target_policy"": ""middle stride target"", ""unsafe_global_partial_control"": false, ""wal_after_measure"": false, ""wal_after_warmup"": false, ""worker_pid"": 49336}"
gin-gonic/gin,gin-87ab3d33,layer_violations,cold_generation_safe_hybrid_screen,get_layer_violations,all_files,baseline_full,3,"{""repo"": ""local/gin-87ab3d33"", ""rules"": [{""may_not_import"": [], ""name"": ""all"", ""paths"": [""**/*""]}]}",1,1,1834,109,2580480,16.2605,12.7807,78.59967405676332,1,172,322138112,322138112,0,1d768c39c363fbaafebc1c1ab8ae9fcf76217994cfc102f557ccd10d84522720,34dac209ffb6ef85cc78c5d217bbb7ad001d68fd,2026-07-29T20:20:45.784692,1.108.207,c2201a55b6e1b0ea38043c514ab7bc3a372bad13,3369b1fcd5b12fcb1473031ec74bda8cc200d8860a09caa310c06e9f3ea8bf88,,1,wt-1.108.207,e3b0c44298fc1c149afbf4c8996fb92427ae41e4649b934ca495991b7852b855,,"{""cache_entry_mtime_after_warmup"": 1785370845819538800, ""cache_get_calls"": 1, ""cache_get_debug"": [{""branch"": """", ""entry_mtime"": null, ""entry_present"": false, ""hit"": false, ""mtime_equal"": false, ""name"": ""gin-87ab3d33"", ""owner"": ""local"", ""requested_mtime"": 1785370845819538800}], ""cache_get_hits"": 0, ""cache_key_present_after_warmup"": true, ""cache_policy"": ""cold"", ""cached_symbols_loaded_after_warmup"": true, ""hydration_trace"": {""lazy_ensure_calls"": 0, ""lazy_full_materializations"": 0, ""load_results"": [{""branch"": """", ""lazy_loaded_at_return"": null, ""repo"": ""local/gin-87ab3d33"", ""requested_hydration"": ""auto"", ""symbol_collection_type"": ""list""}], ""sparse_by_file_calls"": 0, ""sparse_by_files_calls"": 0, ""sparse_by_id_calls"": 0, ""sparse_by_name_calls"": 0}, ""mtime_after_measure"": 1785370845819538800, ""mtime_after_warmup"": 1785370845819538800, ""mtime_before_measure"": 1785370845819538800, ""mtime_before_warmup"": 1785370845819538800, ""process_cpu_ms"": 31.25, ""runtime_distribution_version"": ""1.108.199"", ""target_policy"": ""middle stride target"", ""unsafe_global_partial_control"": false, ""wal_after_measure"": false, ""wal_after_warmup"": false, ""worker_pid"": 49336}"
gin-gonic/gin,gin-87ab3d33,layer_violations,cold_generation_safe_hybrid_screen,get_layer_violations,all_files,generation_safe_hybrid,3,"{""repo"": ""local/gin-87ab3d33"", ""rules"": [{""may_not_import"": [], ""name"": ""all"", ""paths"": [""**/*""]}]}",1,2,1834,109,2580480,4.9684,1.3156,26.47934948876902,1,171,137515008,137515008,0,1d768c39c363fbaafebc1c1ab8ae9fcf76217994cfc102f557ccd10d84522720,34dac209ffb6ef85cc78c5d217bbb7ad001d68fd,2026-07-29T20:20:45.784692,1.108.207,c2201a55b6e1b0ea38043c514ab7bc3a372bad13,3369b1fcd5b12fcb1473031ec74bda8cc200d8860a09caa310c06e9f3ea8bf88,,1,wt-generation-safe-hybrid,87f0ef27d476ad303a854c40a984e645bf1074ff2207c8d112c741447dbbfcb2,"M src/jcodemunch_mcp/server.py
 M src/jcodemunch_mcp/storage/index_store.py
 M src/jcodemunch_mcp/storage/sqlite_store.py
 M src/jcodemunch_mcp/tools/check_references.py
 M src/jcodemunch_mcp/tools/find_references.py
 M src/jcodemunch_mcp/tools/get_blast_radius.py
 M src/jcodemunch_mcp/tools/get_churn_rate.py
 M src/jcodemunch_mcp/tools/get_file_outline.py
 M src/jcodemunch_mcp/tools/get_file_risk.py
 M src/jcodemunch_mcp/tools/get_file_tree.py
 M src/jcodemunch_mcp/tools/get_symbol_complexity.py
 M src/jcodemunch_mcp/tools/get_symbol_provenance.py
 M src/jcodemunch_mcp/tools/search_symbols.py
?? tests/test_generation_safe_hybrid.py","{""cache_entry_mtime_after_warmup"": null, ""cache_get_calls"": 0, ""cache_get_debug"": [], ""cache_get_hits"": 0, ""cache_key_present_after_warmup"": false, ""cache_policy"": ""cold"", ""cached_symbols_loaded_after_warmup"": true, ""hydration_trace"": {""lazy_ensure_calls"": 0, ""lazy_full_materializations"": 0, ""load_results"": [{""branch"": """", ""lazy_loaded_at_return"": false, ""repo"": ""local/gin-87ab3d33"", ""requested_hydration"": ""auto"", ""symbol_collection_type"": ""LazySymbolList""}], ""sparse_by_file_calls"": 0, ""sparse_by_files_calls"": 0, ""sparse_by_id_calls"": 0, ""sparse_by_name_calls"": 0}, ""mtime_after_measure"": 1785370845819538800, ""mtime_after_warmup"": 1785370845819538800, ""mtime_before_measure"": 1785370845819538800, ""mtime_before_warmup"": 1785370845819538800, ""process_cpu_ms"": 0.0, ""runtime_distribution_version"": ""1.108.199"", ""target_policy"": ""middle stride target"", ""unsafe_global_partial_control"": false, ""wal_after_measure"": false, ""wal_after_warmup"": false, ""worker_pid"": 44820}"
gin-gonic/gin,gin-87ab3d33,file_tree_prefix,cold_generation_safe_hybrid_screen,get_file_tree,prefix_files,generation_safe_hybrid,3,"{""include_summaries"": true, ""path_prefix"": """", ""repo"": ""local/gin-87ab3d33""}",1,1,1834,109,2580480,17.3685,1.1603,6.680484785675217,1,23329,137928704,138518528,589824,73779043637bd97c198ef9ae19e8f495275c3bdce3a5559c4a0d3b2c937b0ae7,34dac209ffb6ef85cc78c5d217bbb7ad001d68fd,2026-07-29T20:20:45.784692,1.108.207,c2201a55b6e1b0ea38043c514ab7bc3a372bad13,3369b1fcd5b12fcb1473031ec74bda8cc200d8860a09caa310c06e9f3ea8bf88,,1,wt-generation-safe-hybrid,87f0ef27d476ad303a854c40a984e645bf1074ff2207c8d112c741447dbbfcb2,"M src/jcodemunch_mcp/server.py
 M src/jcodemunch_mcp/storage/index_store.py
 M src/jcodemunch_mcp/storage/sqlite_store.py
 M src/jcodemunch_mcp/tools/check_references.py
 M src/jcodemunch_mcp/tools/find_references.py
 M src/jcodemunch_mcp/tools/get_blast_radius.py
 M src/jcodemunch_mcp/tools/get_churn_rate.py
 M src/jcodemunch_mcp/tools/get_file_outline.py
 M src/jcodemunch_mcp/tools/get_file_risk.py
 M src/jcodemunch_mcp/tools/get_file_tree.py
 M src/jcodemunch_mcp/tools/get_symbol_complexity.py
 M src/jcodemunch_mcp/tools/get_symbol_provenance.py
 M src/jcodemunch_mcp/tools/search_symbols.py
?? tests/test_generation_safe_hybrid.py","{""cache_entry_mtime_after_warmup"": null, ""cache_get_calls"": 0, ""cache_get_debug"": [], ""cache_get_hits"": 0, ""cache_key_present_after_warmup"": false, ""cache_policy"": ""cold"", ""cached_symbols_loaded_after_warmup"": true, ""hydration_trace"": {""lazy_ensure_calls"": 0, ""lazy_full_materializations"": 0, ""load_results"": [{""branch"": """", ""lazy_loaded_at_return"": false, ""repo"": ""local/gin-87ab3d33"", ""requested_hydration"": ""auto"", ""symbol_collection_type"": ""LazySymbolList""}], ""sparse_by_file_calls"": 0, ""sparse_by_files_calls"": 1, ""sparse_by_id_calls"": 0, ""sparse_by_name_calls"": 0}, ""mtime_after_measure"": 1785370845819538800, ""mtime_after_warmup"": 1785370845819538800, ""mtime_before_measure"": 1785370845819538800, ""mtime_before_warmup"": 1785370845819538800, ""process_cpu_ms"": 15.625, ""runtime_distribution_version"": ""1.108.199"", ""target_policy"": ""middle stride target"", ""unsafe_global_partial_control"": false, ""wal_after_measure"": false, ""wal_after_warmup"": false, ""worker_pid"": 44820}"
gin-gonic/gin,gin-87ab3d33,file_tree_prefix,cold_generation_safe_hybrid_screen,get_file_tree,prefix_files,baseline_full,3,"{""include_summaries"": true, ""path_prefix"": """", ""repo"": ""local/gin-87ab3d33""}",1,2,1834,109,2580480,17.5633,13.2704,75.5575546736661,1,23329,322138112,322138112,0,73779043637bd97c198ef9ae19e8f495275c3bdce3a5559c4a0d3b2c937b0ae7,34dac209ffb6ef85cc78c5d217bbb7ad001d68fd,2026-07-29T20:20:45.784692,1.108.207,c2201a55b6e1b0ea38043c514ab7bc3a372bad13,3369b1fcd5b12fcb1473031ec74bda8cc200d8860a09caa310c06e9f3ea8bf88,,1,wt-1.108.207,e3b0c44298fc1c149afbf4c8996fb92427ae41e4649b934ca495991b7852b855,,"{""cache_entry_mtime_after_warmup"": 1785370845819538800, ""cache_get_calls"": 1, ""cache_get_debug"": [{""branch"": """", ""entry_mtime"": null, ""entry_present"": false, ""hit"": false, ""mtime_equal"": false, ""name"": ""gin-87ab3d33"", ""owner"": ""local"", ""requested_mtime"": 1785370845819538800}], ""cache_get_hits"": 0, ""cache_key_present_after_warmup"": true, ""cache_policy"": ""cold"", ""cached_symbols_loaded_after_warmup"": true, ""hydration_trace"": {""lazy_ensure_calls"": 0, ""lazy_full_materializations"": 0, ""load_results"": [{""branch"": """", ""lazy_loaded_at_return"": null, ""repo"": ""local/gin-87ab3d33"", ""requested_hydration"": ""auto"", ""symbol_collection_type"": ""list""}], ""sparse_by_file_calls"": 0, ""sparse_by_files_calls"": 0, ""sparse_by_id_calls"": 0, ""sparse_by_name_calls"": 0}, ""mtime_after_measure"": 1785370845819538800, ""mtime_after_warmup"": 1785370845819538800, ""mtime_before_measure"": 1785370845819538800, ""mtime_before_warmup"": 1785370845819538800, ""process_cpu_ms"": 15.625, ""runtime_distribution_version"": ""1.108.199"", ""target_policy"": ""middle stride target"", ""unsafe_global_partial_control"": false, ""wal_after_measure"": false, ""wal_after_warmup"": false, ""worker_pid"": 49336}"
