repo,repo_name,case,scope,tool,profile,mode,target_index,target_value,repetition,order_position,symbol_count,file_count,database_size_bytes,wall_ms,load_phase_ms,load_phase_pct,load_calls,response_bytes,rss_before_bytes,rss_after_bytes,rss_delta_bytes,canonical_response_hash,repo_git_head,repo_indexed_at,jcodemunch_version,jcodemunch_source_sha,benchmark_sha256,python_utf8_mode,source_root_basename,source_diff_sha256,source_dirty_paths,parity_debug_json
django/django,django-3eb2e228,symbol_source_single,cold_generation_safe_hybrid_screen,get_symbol_source,target_symbols,baseline_full,3,"{""repo"": ""local/django-3eb2e228"", ""symbol_id"": ""tests/db_functions/comparison/test_nullif.py::NullIfTests.test_basic#method""}",1,1,45561,2730,39505920,379.1878,373.7452,98.56466901097556,1,1655,140103680,247558144,107454464,4bd281e69164260c096b148861e75cc4a2447ef9874c60f022dd76dc106cb524,274a1d494d11d87a1b767340d1f398f197810f93,2026-07-29T20:21:07.572944,1.108.207,c2201a55b6e1b0ea38043c514ab7bc3a372bad13,f8fc323fc3addabb5fdb2cc89ad46a3576a724a9e4bbac1f1b2fc6fac00c503a,1,wt-1.108.207,e3b0c44298fc1c149afbf4c8996fb92427ae41e4649b934ca495991b7852b855,,"{""process_cpu_ms"": 375.0, ""runtime_distribution_version"": ""1.108.199"", ""screening_target_policy"": ""middle stride target"", ""worker_pid"": 42688}"
django/django,django-3eb2e228,symbol_source_single,cold_generation_safe_hybrid_screen,get_symbol_source,target_symbols,generation_safe_hybrid,3,"{""repo"": ""local/django-3eb2e228"", ""symbol_id"": ""tests/db_functions/comparison/test_nullif.py::NullIfTests.test_basic#method""}",1,2,45561,2730,39505920,21.787,15.8975,72.96782484968101,1,1654,111542272,119492608,7950336,4bd281e69164260c096b148861e75cc4a2447ef9874c60f022dd76dc106cb524,274a1d494d11d87a1b767340d1f398f197810f93,2026-07-29T20:21:07.572944,1.108.207,c2201a55b6e1b0ea38043c514ab7bc3a372bad13,f8fc323fc3addabb5fdb2cc89ad46a3576a724a9e4bbac1f1b2fc6fac00c503a,1,wt-generation-safe-hybrid,175f8765c4949317d4f48614b8cdacd8c537ab2755c49f13f78a0b2b855cab96,"M src/jcodemunch_mcp/server.py
 M src/jcodemunch_mcp/storage/index_store.py
 M src/jcodemunch_mcp/storage/sqlite_store.py
 M src/jcodemunch_mcp/tools/check_references.py
 M src/jcodemunch_mcp/tools/find_references.py
 M src/jcodemunch_mcp/tools/get_blast_radius.py
 M src/jcodemunch_mcp/tools/get_churn_rate.py
 M src/jcodemunch_mcp/tools/get_file_outline.py
 M src/jcodemunch_mcp/tools/get_file_risk.py
 M src/jcodemunch_mcp/tools/get_file_tree.py
 M src/jcodemunch_mcp/tools/get_symbol_complexity.py
 M src/jcodemunch_mcp/tools/get_symbol_provenance.py
?? tests/test_generation_safe_hybrid.py","{""process_cpu_ms"": 31.25, ""runtime_distribution_version"": ""1.108.199"", ""screening_target_policy"": ""middle stride target"", ""worker_pid"": 22800}"
django/django,django-3eb2e228,symbol_source_batch,cold_generation_safe_hybrid_screen,get_symbol_source,target_symbols,generation_safe_hybrid,3,"{""repo"": ""local/django-3eb2e228"", ""symbol_ids"": [""tests/db_functions/comparison/test_nullif.py::NullIfTests.test_basic#method"", ""tests/db_functions/comparison/test_nullif.py::NullIfTests.test_null_argument#method"", ""tests/db_functions/comparison/test_nullif.py::NullIfTests.test_too_few_args#method""]}",1,1,45561,2730,39505920,29.0056,23.0956,79.62462421049729,1,3199,117100544,122720256,5619712,b5ca5a7e11d9d390786ba8bb2ec463784b32ce48e020430f5540ff09666be516,274a1d494d11d87a1b767340d1f398f197810f93,2026-07-29T20:21:07.572944,1.108.207,c2201a55b6e1b0ea38043c514ab7bc3a372bad13,f8fc323fc3addabb5fdb2cc89ad46a3576a724a9e4bbac1f1b2fc6fac00c503a,1,wt-generation-safe-hybrid,175f8765c4949317d4f48614b8cdacd8c537ab2755c49f13f78a0b2b855cab96,"M src/jcodemunch_mcp/server.py
 M src/jcodemunch_mcp/storage/index_store.py
 M src/jcodemunch_mcp/storage/sqlite_store.py
 M src/jcodemunch_mcp/tools/check_references.py
 M src/jcodemunch_mcp/tools/find_references.py
 M src/jcodemunch_mcp/tools/get_blast_radius.py
 M src/jcodemunch_mcp/tools/get_churn_rate.py
 M src/jcodemunch_mcp/tools/get_file_outline.py
 M src/jcodemunch_mcp/tools/get_file_risk.py
 M src/jcodemunch_mcp/tools/get_file_tree.py
 M src/jcodemunch_mcp/tools/get_symbol_complexity.py
 M src/jcodemunch_mcp/tools/get_symbol_provenance.py
?? tests/test_generation_safe_hybrid.py","{""process_cpu_ms"": 46.875, ""runtime_distribution_version"": ""1.108.199"", ""screening_target_policy"": ""middle stride target"", ""worker_pid"": 22800}"
django/django,django-3eb2e228,symbol_source_batch,cold_generation_safe_hybrid_screen,get_symbol_source,target_symbols,baseline_full,3,"{""repo"": ""local/django-3eb2e228"", ""symbol_ids"": [""tests/db_functions/comparison/test_nullif.py::NullIfTests.test_basic#method"", ""tests/db_functions/comparison/test_nullif.py::NullIfTests.test_null_argument#method"", ""tests/db_functions/comparison/test_nullif.py::NullIfTests.test_too_few_args#method""]}",1,2,45561,2730,39505920,357.5084,351.6379,98.35794068055465,1,3200,155369472,252268544,96899072,b5ca5a7e11d9d390786ba8bb2ec463784b32ce48e020430f5540ff09666be516,274a1d494d11d87a1b767340d1f398f197810f93,2026-07-29T20:21:07.572944,1.108.207,c2201a55b6e1b0ea38043c514ab7bc3a372bad13,f8fc323fc3addabb5fdb2cc89ad46a3576a724a9e4bbac1f1b2fc6fac00c503a,1,wt-1.108.207,e3b0c44298fc1c149afbf4c8996fb92427ae41e4649b934ca495991b7852b855,,"{""process_cpu_ms"": 515.625, ""runtime_distribution_version"": ""1.108.199"", ""screening_target_policy"": ""middle stride target"", ""worker_pid"": 42688}"
django/django,django-3eb2e228,context_single,cold_generation_safe_hybrid_screen,get_context_bundle,target_symbols,baseline_full,3,"{""repo"": ""local/django-3eb2e228"", ""symbol_id"": ""tests/db_functions/comparison/test_nullif.py::NullIfTests.test_basic#method""}",1,1,45561,2730,39505920,365.3589,360.3213,98.62119138195348,1,1513,191918080,251801600,59883520,0084f575e8504fe430ec73f42d4fd4b7d901d4b87f16cf44f29129104cd20027,274a1d494d11d87a1b767340d1f398f197810f93,2026-07-29T20:21:07.572944,1.108.207,c2201a55b6e1b0ea38043c514ab7bc3a372bad13,f8fc323fc3addabb5fdb2cc89ad46a3576a724a9e4bbac1f1b2fc6fac00c503a,1,wt-1.108.207,e3b0c44298fc1c149afbf4c8996fb92427ae41e4649b934ca495991b7852b855,,"{""process_cpu_ms"": 359.375, ""runtime_distribution_version"": ""1.108.199"", ""screening_target_policy"": ""middle stride target"", ""worker_pid"": 42688}"
django/django,django-3eb2e228,context_single,cold_generation_safe_hybrid_screen,get_context_bundle,target_symbols,generation_safe_hybrid,3,"{""repo"": ""local/django-3eb2e228"", ""symbol_id"": ""tests/db_functions/comparison/test_nullif.py::NullIfTests.test_basic#method""}",1,2,45561,2730,39505920,19.8834,15.0954,75.91961133407766,1,1512,134598656,144424960,9826304,0084f575e8504fe430ec73f42d4fd4b7d901d4b87f16cf44f29129104cd20027,274a1d494d11d87a1b767340d1f398f197810f93,2026-07-29T20:21:07.572944,1.108.207,c2201a55b6e1b0ea38043c514ab7bc3a372bad13,f8fc323fc3addabb5fdb2cc89ad46a3576a724a9e4bbac1f1b2fc6fac00c503a,1,wt-generation-safe-hybrid,175f8765c4949317d4f48614b8cdacd8c537ab2755c49f13f78a0b2b855cab96,"M src/jcodemunch_mcp/server.py
 M src/jcodemunch_mcp/storage/index_store.py
 M src/jcodemunch_mcp/storage/sqlite_store.py
 M src/jcodemunch_mcp/tools/check_references.py
 M src/jcodemunch_mcp/tools/find_references.py
 M src/jcodemunch_mcp/tools/get_blast_radius.py
 M src/jcodemunch_mcp/tools/get_churn_rate.py
 M src/jcodemunch_mcp/tools/get_file_outline.py
 M src/jcodemunch_mcp/tools/get_file_risk.py
 M src/jcodemunch_mcp/tools/get_file_tree.py
 M src/jcodemunch_mcp/tools/get_symbol_complexity.py
 M src/jcodemunch_mcp/tools/get_symbol_provenance.py
?? tests/test_generation_safe_hybrid.py","{""process_cpu_ms"": 15.625, ""runtime_distribution_version"": ""1.108.199"", ""screening_target_policy"": ""middle stride target"", ""worker_pid"": 22800}"
django/django,django-3eb2e228,context_batch,cold_generation_safe_hybrid_screen,get_context_bundle,target_symbols,generation_safe_hybrid,3,"{""repo"": ""local/django-3eb2e228"", ""symbol_ids"": [""tests/db_functions/comparison/test_nullif.py::NullIfTests.test_basic#method"", ""tests/db_functions/comparison/test_nullif.py::NullIfTests.test_null_argument#method"", ""tests/db_functions/comparison/test_nullif.py::NullIfTests.test_too_few_args#method""]}",1,1,45561,2730,39505920,19.8248,14.6522,73.90843791614545,1,3865,154206208,162643968,8437760,dd9035c93f02bd451724264d897eacb9256bde1d6c530dc1c09fad04bc44ba0c,274a1d494d11d87a1b767340d1f398f197810f93,2026-07-29T20:21:07.572944,1.108.207,c2201a55b6e1b0ea38043c514ab7bc3a372bad13,f8fc323fc3addabb5fdb2cc89ad46a3576a724a9e4bbac1f1b2fc6fac00c503a,1,wt-generation-safe-hybrid,175f8765c4949317d4f48614b8cdacd8c537ab2755c49f13f78a0b2b855cab96,"M src/jcodemunch_mcp/server.py
 M src/jcodemunch_mcp/storage/index_store.py
 M src/jcodemunch_mcp/storage/sqlite_store.py
 M src/jcodemunch_mcp/tools/check_references.py
 M src/jcodemunch_mcp/tools/find_references.py
 M src/jcodemunch_mcp/tools/get_blast_radius.py
 M src/jcodemunch_mcp/tools/get_churn_rate.py
 M src/jcodemunch_mcp/tools/get_file_outline.py
 M src/jcodemunch_mcp/tools/get_file_risk.py
 M src/jcodemunch_mcp/tools/get_file_tree.py
 M src/jcodemunch_mcp/tools/get_symbol_complexity.py
 M src/jcodemunch_mcp/tools/get_symbol_provenance.py
?? tests/test_generation_safe_hybrid.py","{""process_cpu_ms"": 31.25, ""runtime_distribution_version"": ""1.108.199"", ""screening_target_policy"": ""middle stride target"", ""worker_pid"": 22800}"
django/django,django-3eb2e228,context_batch,cold_generation_safe_hybrid_screen,get_context_bundle,target_symbols,baseline_full,3,"{""repo"": ""local/django-3eb2e228"", ""symbol_ids"": [""tests/db_functions/comparison/test_nullif.py::NullIfTests.test_basic#method"", ""tests/db_functions/comparison/test_nullif.py::NullIfTests.test_null_argument#method"", ""tests/db_functions/comparison/test_nullif.py::NullIfTests.test_too_few_args#method""]}",1,2,45561,2730,39505920,391.0968,385.888,98.66815581206494,1,3866,201269248,251944960,50675712,dd9035c93f02bd451724264d897eacb9256bde1d6c530dc1c09fad04bc44ba0c,274a1d494d11d87a1b767340d1f398f197810f93,2026-07-29T20:21:07.572944,1.108.207,c2201a55b6e1b0ea38043c514ab7bc3a372bad13,f8fc323fc3addabb5fdb2cc89ad46a3576a724a9e4bbac1f1b2fc6fac00c503a,1,wt-1.108.207,e3b0c44298fc1c149afbf4c8996fb92427ae41e4649b934ca495991b7852b855,,"{""process_cpu_ms"": 390.625, ""runtime_distribution_version"": ""1.108.199"", ""screening_target_policy"": ""middle stride target"", ""worker_pid"": 42688}"
django/django,django-3eb2e228,context_single_callers,cold_generation_safe_hybrid_screen,get_context_bundle,all_files_target_symbols,baseline_full,3,"{""include_callers"": true, ""repo"": ""local/django-3eb2e228"", ""symbol_id"": ""tests/db_functions/comparison/test_nullif.py::NullIfTests.test_basic#method""}",1,1,45561,2730,39505920,620.0149,365.455,58.9429383068052,1,1528,204660736,253480960,48820224,a3dc83012188a920f6f0b46c4d46343def86eedeb23e689a32d80b51f0134d8e,274a1d494d11d87a1b767340d1f398f197810f93,2026-07-29T20:21:07.572944,1.108.207,c2201a55b6e1b0ea38043c514ab7bc3a372bad13,f8fc323fc3addabb5fdb2cc89ad46a3576a724a9e4bbac1f1b2fc6fac00c503a,1,wt-1.108.207,e3b0c44298fc1c149afbf4c8996fb92427ae41e4649b934ca495991b7852b855,,"{""process_cpu_ms"": 734.375, ""runtime_distribution_version"": ""1.108.199"", ""screening_target_policy"": ""middle stride target"", ""worker_pid"": 42688}"
django/django,django-3eb2e228,context_single_callers,cold_generation_safe_hybrid_screen,get_context_bundle,all_files_target_symbols,generation_safe_hybrid,3,"{""include_callers"": true, ""repo"": ""local/django-3eb2e228"", ""symbol_id"": ""tests/db_functions/comparison/test_nullif.py::NullIfTests.test_basic#method""}",1,2,45561,2730,39505920,278.7692,21.2807,7.6338060302214155,1,1528,173715456,182677504,8962048,a3dc83012188a920f6f0b46c4d46343def86eedeb23e689a32d80b51f0134d8e,274a1d494d11d87a1b767340d1f398f197810f93,2026-07-29T20:21:07.572944,1.108.207,c2201a55b6e1b0ea38043c514ab7bc3a372bad13,f8fc323fc3addabb5fdb2cc89ad46a3576a724a9e4bbac1f1b2fc6fac00c503a,1,wt-generation-safe-hybrid,175f8765c4949317d4f48614b8cdacd8c537ab2755c49f13f78a0b2b855cab96,"M src/jcodemunch_mcp/server.py
 M src/jcodemunch_mcp/storage/index_store.py
 M src/jcodemunch_mcp/storage/sqlite_store.py
 M src/jcodemunch_mcp/tools/check_references.py
 M src/jcodemunch_mcp/tools/find_references.py
 M src/jcodemunch_mcp/tools/get_blast_radius.py
 M src/jcodemunch_mcp/tools/get_churn_rate.py
 M src/jcodemunch_mcp/tools/get_file_outline.py
 M src/jcodemunch_mcp/tools/get_file_risk.py
 M src/jcodemunch_mcp/tools/get_file_tree.py
 M src/jcodemunch_mcp/tools/get_symbol_complexity.py
 M src/jcodemunch_mcp/tools/get_symbol_provenance.py
?? tests/test_generation_safe_hybrid.py","{""process_cpu_ms"": 421.875, ""runtime_distribution_version"": ""1.108.199"", ""screening_target_policy"": ""middle stride target"", ""worker_pid"": 22800}"
django/django,django-3eb2e228,context_batch_callers,cold_generation_safe_hybrid_screen,get_context_bundle,all_files_target_symbols,generation_safe_hybrid,3,"{""include_callers"": true, ""repo"": ""local/django-3eb2e228"", ""symbol_ids"": [""tests/db_functions/comparison/test_nullif.py::NullIfTests.test_basic#method"", ""tests/db_functions/comparison/test_nullif.py::NullIfTests.test_null_argument#method"", ""tests/db_functions/comparison/test_nullif.py::NullIfTests.test_too_few_args#method""]}",1,1,45561,2730,39505920,775.6785,15.8234,2.039943094980717,1,3911,193392640,203407360,10014720,71d3be1d5c598964cfe07e7232b356eea46c7410d19f79bfe93b2562a8006869,274a1d494d11d87a1b767340d1f398f197810f93,2026-07-29T20:21:07.572944,1.108.207,c2201a55b6e1b0ea38043c514ab7bc3a372bad13,f8fc323fc3addabb5fdb2cc89ad46a3576a724a9e4bbac1f1b2fc6fac00c503a,1,wt-generation-safe-hybrid,175f8765c4949317d4f48614b8cdacd8c537ab2755c49f13f78a0b2b855cab96,"M src/jcodemunch_mcp/server.py
 M src/jcodemunch_mcp/storage/index_store.py
 M src/jcodemunch_mcp/storage/sqlite_store.py
 M src/jcodemunch_mcp/tools/check_references.py
 M src/jcodemunch_mcp/tools/find_references.py
 M src/jcodemunch_mcp/tools/get_blast_radius.py
 M src/jcodemunch_mcp/tools/get_churn_rate.py
 M src/jcodemunch_mcp/tools/get_file_outline.py
 M src/jcodemunch_mcp/tools/get_file_risk.py
 M src/jcodemunch_mcp/tools/get_file_tree.py
 M src/jcodemunch_mcp/tools/get_symbol_complexity.py
 M src/jcodemunch_mcp/tools/get_symbol_provenance.py
?? tests/test_generation_safe_hybrid.py","{""process_cpu_ms"": 781.25, ""runtime_distribution_version"": ""1.108.199"", ""screening_target_policy"": ""middle stride target"", ""worker_pid"": 22800}"
django/django,django-3eb2e228,context_batch_callers,cold_generation_safe_hybrid_screen,get_context_bundle,all_files_target_symbols,baseline_full,3,"{""include_callers"": true, ""repo"": ""local/django-3eb2e228"", ""symbol_ids"": [""tests/db_functions/comparison/test_nullif.py::NullIfTests.test_basic#method"", ""tests/db_functions/comparison/test_nullif.py::NullIfTests.test_null_argument#method"", ""tests/db_functions/comparison/test_nullif.py::NullIfTests.test_too_few_args#method""]}",1,2,45561,2730,39505920,1124.7485,382.2346,33.984006202275445,1,3912,206491648,252846080,46354432,71d3be1d5c598964cfe07e7232b356eea46c7410d19f79bfe93b2562a8006869,274a1d494d11d87a1b767340d1f398f197810f93,2026-07-29T20:21:07.572944,1.108.207,c2201a55b6e1b0ea38043c514ab7bc3a372bad13,f8fc323fc3addabb5fdb2cc89ad46a3576a724a9e4bbac1f1b2fc6fac00c503a,1,wt-1.108.207,e3b0c44298fc1c149afbf4c8996fb92427ae41e4649b934ca495991b7852b855,,"{""process_cpu_ms"": 1125.0, ""runtime_distribution_version"": ""1.108.199"", ""screening_target_policy"": ""middle stride target"", ""worker_pid"": 42688}"
django/django,django-3eb2e228,file_content,cold_generation_safe_hybrid_screen,get_file_content,target_files,baseline_full,3,"{""file_path"": ""tests/custom_pk/fields.py"", ""max_content_results"": 20, ""repo"": ""local/django-3eb2e228"", ""search_content"": true}",1,1,45561,2730,39505920,343.8205,340.1451,98.93101196700023,1,3199,210681856,252985344,42303488,7916f0400c87e7e42e6f81f2885b1ef39cbdfd6876f3eb6e24308160f936297e,274a1d494d11d87a1b767340d1f398f197810f93,2026-07-29T20:21:07.572944,1.108.207,c2201a55b6e1b0ea38043c514ab7bc3a372bad13,f8fc323fc3addabb5fdb2cc89ad46a3576a724a9e4bbac1f1b2fc6fac00c503a,1,wt-1.108.207,e3b0c44298fc1c149afbf4c8996fb92427ae41e4649b934ca495991b7852b855,,"{""process_cpu_ms"": 343.75, ""runtime_distribution_version"": ""1.108.199"", ""screening_target_policy"": ""middle stride target"", ""worker_pid"": 42688}"
django/django,django-3eb2e228,file_content,cold_generation_safe_hybrid_screen,get_file_content,target_files,generation_safe_hybrid,3,"{""file_path"": ""tests/custom_pk/fields.py"", ""max_content_results"": 20, ""repo"": ""local/django-3eb2e228"", ""search_content"": true}",1,2,45561,2730,39505920,17.9047,14.2767,79.7371639848755,1,3198,158556160,161992704,3436544,7916f0400c87e7e42e6f81f2885b1ef39cbdfd6876f3eb6e24308160f936297e,274a1d494d11d87a1b767340d1f398f197810f93,2026-07-29T20:21:07.572944,1.108.207,c2201a55b6e1b0ea38043c514ab7bc3a372bad13,f8fc323fc3addabb5fdb2cc89ad46a3576a724a9e4bbac1f1b2fc6fac00c503a,1,wt-generation-safe-hybrid,175f8765c4949317d4f48614b8cdacd8c537ab2755c49f13f78a0b2b855cab96,"M src/jcodemunch_mcp/server.py
 M src/jcodemunch_mcp/storage/index_store.py
 M src/jcodemunch_mcp/storage/sqlite_store.py
 M src/jcodemunch_mcp/tools/check_references.py
 M src/jcodemunch_mcp/tools/find_references.py
 M src/jcodemunch_mcp/tools/get_blast_radius.py
 M src/jcodemunch_mcp/tools/get_churn_rate.py
 M src/jcodemunch_mcp/tools/get_file_outline.py
 M src/jcodemunch_mcp/tools/get_file_risk.py
 M src/jcodemunch_mcp/tools/get_file_tree.py
 M src/jcodemunch_mcp/tools/get_symbol_complexity.py
 M src/jcodemunch_mcp/tools/get_symbol_provenance.py
?? tests/test_generation_safe_hybrid.py","{""process_cpu_ms"": 15.625, ""runtime_distribution_version"": ""1.108.199"", ""screening_target_policy"": ""middle stride target"", ""worker_pid"": 22800}"
django/django,django-3eb2e228,file_outline_single,cold_generation_safe_hybrid_screen,get_file_outline,target_file_symbols,generation_safe_hybrid,3,"{""file_path"": ""tests/custom_pk/fields.py"", ""repo"": ""local/django-3eb2e228""}",1,1,45561,2730,39505920,17.4259,13.1703,75.57887971352987,1,3100,163835904,164446208,610304,df2906c704091c500e1c733ddbbaa34fe1a6a1ae486b45a75be48ab642977878,274a1d494d11d87a1b767340d1f398f197810f93,2026-07-29T20:21:07.572944,1.108.207,c2201a55b6e1b0ea38043c514ab7bc3a372bad13,f8fc323fc3addabb5fdb2cc89ad46a3576a724a9e4bbac1f1b2fc6fac00c503a,1,wt-generation-safe-hybrid,175f8765c4949317d4f48614b8cdacd8c537ab2755c49f13f78a0b2b855cab96,"M src/jcodemunch_mcp/server.py
 M src/jcodemunch_mcp/storage/index_store.py
 M src/jcodemunch_mcp/storage/sqlite_store.py
 M src/jcodemunch_mcp/tools/check_references.py
 M src/jcodemunch_mcp/tools/find_references.py
 M src/jcodemunch_mcp/tools/get_blast_radius.py
 M src/jcodemunch_mcp/tools/get_churn_rate.py
 M src/jcodemunch_mcp/tools/get_file_outline.py
 M src/jcodemunch_mcp/tools/get_file_risk.py
 M src/jcodemunch_mcp/tools/get_file_tree.py
 M src/jcodemunch_mcp/tools/get_symbol_complexity.py
 M src/jcodemunch_mcp/tools/get_symbol_provenance.py
?? tests/test_generation_safe_hybrid.py","{""process_cpu_ms"": 15.625, ""runtime_distribution_version"": ""1.108.199"", ""screening_target_policy"": ""middle stride target"", ""worker_pid"": 22800}"
django/django,django-3eb2e228,file_outline_single,cold_generation_safe_hybrid_screen,get_file_outline,target_file_symbols,baseline_full,3,"{""file_path"": ""tests/custom_pk/fields.py"", ""repo"": ""local/django-3eb2e228""}",1,2,45561,2730,39505920,385.1923,375.5924,97.50776430369974,1,3101,207306752,252862464,45555712,df2906c704091c500e1c733ddbbaa34fe1a6a1ae486b45a75be48ab642977878,274a1d494d11d87a1b767340d1f398f197810f93,2026-07-29T20:21:07.572944,1.108.207,c2201a55b6e1b0ea38043c514ab7bc3a372bad13,f8fc323fc3addabb5fdb2cc89ad46a3576a724a9e4bbac1f1b2fc6fac00c503a,1,wt-1.108.207,e3b0c44298fc1c149afbf4c8996fb92427ae41e4649b934ca495991b7852b855,,"{""process_cpu_ms"": 375.0, ""runtime_distribution_version"": ""1.108.199"", ""screening_target_policy"": ""middle stride target"", ""worker_pid"": 42688}"
django/django,django-3eb2e228,file_outline_batch,cold_generation_safe_hybrid_screen,get_file_outline,target_file_symbols,baseline_full,3,"{""file_paths"": [""tests/custom_pk/fields.py"", ""tests/custom_pk/models.py"", ""tests/custom_pk/tests.py""], ""repo"": ""local/django-3eb2e228""}",1,1,45561,2730,39505920,412.3083,397.0351,96.29568456419626,1,8343,210898944,253243392,42344448,816a0945b6efdea65bfee29fb83f509539751d1060279c8fe666a58cb7144562,274a1d494d11d87a1b767340d1f398f197810f93,2026-07-29T20:21:07.572944,1.108.207,c2201a55b6e1b0ea38043c514ab7bc3a372bad13,f8fc323fc3addabb5fdb2cc89ad46a3576a724a9e4bbac1f1b2fc6fac00c503a,1,wt-1.108.207,e3b0c44298fc1c149afbf4c8996fb92427ae41e4649b934ca495991b7852b855,,"{""process_cpu_ms"": 500.0, ""runtime_distribution_version"": ""1.108.199"", ""screening_target_policy"": ""middle stride target"", ""worker_pid"": 42688}"
django/django,django-3eb2e228,file_outline_batch,cold_generation_safe_hybrid_screen,get_file_outline,target_file_symbols,generation_safe_hybrid,3,"{""file_paths"": [""tests/custom_pk/fields.py"", ""tests/custom_pk/models.py"", ""tests/custom_pk/tests.py""], ""repo"": ""local/django-3eb2e228""}",1,2,45561,2730,39505920,20.9079,14.8195,70.87990663816069,1,8342,164769792,166834176,2064384,816a0945b6efdea65bfee29fb83f509539751d1060279c8fe666a58cb7144562,274a1d494d11d87a1b767340d1f398f197810f93,2026-07-29T20:21:07.572944,1.108.207,c2201a55b6e1b0ea38043c514ab7bc3a372bad13,f8fc323fc3addabb5fdb2cc89ad46a3576a724a9e4bbac1f1b2fc6fac00c503a,1,wt-generation-safe-hybrid,175f8765c4949317d4f48614b8cdacd8c537ab2755c49f13f78a0b2b855cab96,"M src/jcodemunch_mcp/server.py
 M src/jcodemunch_mcp/storage/index_store.py
 M src/jcodemunch_mcp/storage/sqlite_store.py
 M src/jcodemunch_mcp/tools/check_references.py
 M src/jcodemunch_mcp/tools/find_references.py
 M src/jcodemunch_mcp/tools/get_blast_radius.py
 M src/jcodemunch_mcp/tools/get_churn_rate.py
 M src/jcodemunch_mcp/tools/get_file_outline.py
 M src/jcodemunch_mcp/tools/get_file_risk.py
 M src/jcodemunch_mcp/tools/get_file_tree.py
 M src/jcodemunch_mcp/tools/get_symbol_complexity.py
 M src/jcodemunch_mcp/tools/get_symbol_provenance.py
?? tests/test_generation_safe_hybrid.py","{""process_cpu_ms"": 46.875, ""runtime_distribution_version"": ""1.108.199"", ""screening_target_policy"": ""middle stride target"", ""worker_pid"": 22800}"
django/django,django-3eb2e228,symbol_complexity,cold_generation_safe_hybrid_screen,get_symbol_complexity,target_symbols,generation_safe_hybrid,3,"{""repo"": ""local/django-3eb2e228"", ""symbol_id"": ""tests/db_functions/comparison/test_nullif.py::NullIfTests.test_basic#method""}",1,1,45561,2730,39505920,17.0676,14.569,85.36056621903491,1,481,175448064,184557568,9109504,0b74ad3cb47b2d4083cd767406782977a9765e2a64c6e81406e3a9e2cfbf8c16,274a1d494d11d87a1b767340d1f398f197810f93,2026-07-29T20:21:07.572944,1.108.207,c2201a55b6e1b0ea38043c514ab7bc3a372bad13,f8fc323fc3addabb5fdb2cc89ad46a3576a724a9e4bbac1f1b2fc6fac00c503a,1,wt-generation-safe-hybrid,175f8765c4949317d4f48614b8cdacd8c537ab2755c49f13f78a0b2b855cab96,"M src/jcodemunch_mcp/server.py
 M src/jcodemunch_mcp/storage/index_store.py
 M src/jcodemunch_mcp/storage/sqlite_store.py
 M src/jcodemunch_mcp/tools/check_references.py
 M src/jcodemunch_mcp/tools/find_references.py
 M src/jcodemunch_mcp/tools/get_blast_radius.py
 M src/jcodemunch_mcp/tools/get_churn_rate.py
 M src/jcodemunch_mcp/tools/get_file_outline.py
 M src/jcodemunch_mcp/tools/get_file_risk.py
 M src/jcodemunch_mcp/tools/get_file_tree.py
 M src/jcodemunch_mcp/tools/get_symbol_complexity.py
 M src/jcodemunch_mcp/tools/get_symbol_provenance.py
?? tests/test_generation_safe_hybrid.py","{""process_cpu_ms"": 31.25, ""runtime_distribution_version"": ""1.108.199"", ""screening_target_policy"": ""middle stride target"", ""worker_pid"": 22800}"
django/django,django-3eb2e228,symbol_complexity,cold_generation_safe_hybrid_screen,get_symbol_complexity,target_symbols,baseline_full,3,"{""repo"": ""local/django-3eb2e228"", ""symbol_id"": ""tests/db_functions/comparison/test_nullif.py::NullIfTests.test_basic#method""}",1,2,45561,2730,39505920,370.0064,363.7722,98.31511022512043,1,482,213241856,255361024,42119168,0b74ad3cb47b2d4083cd767406782977a9765e2a64c6e81406e3a9e2cfbf8c16,274a1d494d11d87a1b767340d1f398f197810f93,2026-07-29T20:21:07.572944,1.108.207,c2201a55b6e1b0ea38043c514ab7bc3a372bad13,f8fc323fc3addabb5fdb2cc89ad46a3576a724a9e4bbac1f1b2fc6fac00c503a,1,wt-1.108.207,e3b0c44298fc1c149afbf4c8996fb92427ae41e4649b934ca495991b7852b855,,"{""process_cpu_ms"": 359.375, ""runtime_distribution_version"": ""1.108.199"", ""screening_target_policy"": ""middle stride target"", ""worker_pid"": 42688}"
django/django,django-3eb2e228,churn_symbol,cold_generation_safe_hybrid_screen,get_churn_rate,target_symbols,baseline_full,3,"{""days"": 30, ""repo"": ""local/django-3eb2e228"", ""target"": ""tests/db_functions/comparison/test_nullif.py::NullIfTests.test_basic#method""}",1,1,45561,2730,39505920,461.4512,389.1215,84.32560149372243,1,593,212819968,253550592,40730624,a94bb13d35c74f3bd63594b99032445bee3f0013cf62e523fac51e0e7147a5dc,274a1d494d11d87a1b767340d1f398f197810f93,2026-07-29T20:21:07.572944,1.108.207,c2201a55b6e1b0ea38043c514ab7bc3a372bad13,f8fc323fc3addabb5fdb2cc89ad46a3576a724a9e4bbac1f1b2fc6fac00c503a,1,wt-1.108.207,e3b0c44298fc1c149afbf4c8996fb92427ae41e4649b934ca495991b7852b855,,"{""process_cpu_ms"": 390.625, ""runtime_distribution_version"": ""1.108.199"", ""screening_target_policy"": ""middle stride target"", ""worker_pid"": 42688}"
django/django,django-3eb2e228,churn_symbol,cold_generation_safe_hybrid_screen,get_churn_rate,target_symbols,generation_safe_hybrid,3,"{""days"": 30, ""repo"": ""local/django-3eb2e228"", ""target"": ""tests/db_functions/comparison/test_nullif.py::NullIfTests.test_basic#method""}",1,2,45561,2730,39505920,131.0425,14.8505,11.332582940649027,1,593,193929216,203718656,9789440,a94bb13d35c74f3bd63594b99032445bee3f0013cf62e523fac51e0e7147a5dc,274a1d494d11d87a1b767340d1f398f197810f93,2026-07-29T20:21:07.572944,1.108.207,c2201a55b6e1b0ea38043c514ab7bc3a372bad13,f8fc323fc3addabb5fdb2cc89ad46a3576a724a9e4bbac1f1b2fc6fac00c503a,1,wt-generation-safe-hybrid,175f8765c4949317d4f48614b8cdacd8c537ab2755c49f13f78a0b2b855cab96,"M src/jcodemunch_mcp/server.py
 M src/jcodemunch_mcp/storage/index_store.py
 M src/jcodemunch_mcp/storage/sqlite_store.py
 M src/jcodemunch_mcp/tools/check_references.py
 M src/jcodemunch_mcp/tools/find_references.py
 M src/jcodemunch_mcp/tools/get_blast_radius.py
 M src/jcodemunch_mcp/tools/get_churn_rate.py
 M src/jcodemunch_mcp/tools/get_file_outline.py
 M src/jcodemunch_mcp/tools/get_file_risk.py
 M src/jcodemunch_mcp/tools/get_file_tree.py
 M src/jcodemunch_mcp/tools/get_symbol_complexity.py
 M src/jcodemunch_mcp/tools/get_symbol_provenance.py
?? tests/test_generation_safe_hybrid.py","{""process_cpu_ms"": 62.5, ""runtime_distribution_version"": ""1.108.199"", ""screening_target_policy"": ""middle stride target"", ""worker_pid"": 22800}"
django/django,django-3eb2e228,churn_file,cold_generation_safe_hybrid_screen,get_churn_rate,metadata,generation_safe_hybrid,3,"{""days"": 30, ""repo"": ""local/django-3eb2e228"", ""target"": ""tests/custom_pk/fields.py""}",1,1,45561,2730,39505920,152.1319,82.5991,54.29439847921442,1,491,213053440,172048384,-41005056,4486535779520e07a56ba67306384dbf39ba8ea1195cba8f8a7afb18403eca44,274a1d494d11d87a1b767340d1f398f197810f93,2026-07-29T20:21:07.572944,1.108.207,c2201a55b6e1b0ea38043c514ab7bc3a372bad13,f8fc323fc3addabb5fdb2cc89ad46a3576a724a9e4bbac1f1b2fc6fac00c503a,1,wt-generation-safe-hybrid,175f8765c4949317d4f48614b8cdacd8c537ab2755c49f13f78a0b2b855cab96,"M src/jcodemunch_mcp/server.py
 M src/jcodemunch_mcp/storage/index_store.py
 M src/jcodemunch_mcp/storage/sqlite_store.py
 M src/jcodemunch_mcp/tools/check_references.py
 M src/jcodemunch_mcp/tools/find_references.py
 M src/jcodemunch_mcp/tools/get_blast_radius.py
 M src/jcodemunch_mcp/tools/get_churn_rate.py
 M src/jcodemunch_mcp/tools/get_file_outline.py
 M src/jcodemunch_mcp/tools/get_file_risk.py
 M src/jcodemunch_mcp/tools/get_file_tree.py
 M src/jcodemunch_mcp/tools/get_symbol_complexity.py
 M src/jcodemunch_mcp/tools/get_symbol_provenance.py
?? tests/test_generation_safe_hybrid.py","{""process_cpu_ms"": 78.125, ""runtime_distribution_version"": ""1.108.199"", ""screening_target_policy"": ""middle stride target"", ""worker_pid"": 22800}"
django/django,django-3eb2e228,churn_file,cold_generation_safe_hybrid_screen,get_churn_rate,metadata,baseline_full,3,"{""days"": 30, ""repo"": ""local/django-3eb2e228"", ""target"": ""tests/custom_pk/fields.py""}",1,2,45561,2730,39505920,439.2932,364.491,82.97214707625795,1,491,213557248,253714432,40157184,4486535779520e07a56ba67306384dbf39ba8ea1195cba8f8a7afb18403eca44,274a1d494d11d87a1b767340d1f398f197810f93,2026-07-29T20:21:07.572944,1.108.207,c2201a55b6e1b0ea38043c514ab7bc3a372bad13,f8fc323fc3addabb5fdb2cc89ad46a3576a724a9e4bbac1f1b2fc6fac00c503a,1,wt-1.108.207,e3b0c44298fc1c149afbf4c8996fb92427ae41e4649b934ca495991b7852b855,,"{""process_cpu_ms"": 375.0, ""runtime_distribution_version"": ""1.108.199"", ""screening_target_policy"": ""middle stride target"", ""worker_pid"": 42688}"
django/django,django-3eb2e228,symbol_provenance,cold_generation_safe_hybrid_screen,get_symbol_provenance,target_symbols,baseline_full,3,"{""max_commits"": 3, ""repo"": ""local/django-3eb2e228"", ""symbol"": ""tests/db_functions/comparison/test_nullif.py::NullIfTests.test_basic#method""}",1,1,45561,2730,39505920,432.5719,383.3888,88.63007513895379,1,1723,213057536,252788736,39731200,98c8d0dc0b0726131255eaa667f56385943d2732e6939dba476d9323ddd2d649,274a1d494d11d87a1b767340d1f398f197810f93,2026-07-29T20:21:07.572944,1.108.207,c2201a55b6e1b0ea38043c514ab7bc3a372bad13,f8fc323fc3addabb5fdb2cc89ad46a3576a724a9e4bbac1f1b2fc6fac00c503a,1,wt-1.108.207,e3b0c44298fc1c149afbf4c8996fb92427ae41e4649b934ca495991b7852b855,,"{""process_cpu_ms"": 390.625, ""runtime_distribution_version"": ""1.108.199"", ""screening_target_policy"": ""middle stride target"", ""worker_pid"": 42688}"
django/django,django-3eb2e228,symbol_provenance,cold_generation_safe_hybrid_screen,get_symbol_provenance,target_symbols,generation_safe_hybrid,3,"{""max_commits"": 3, ""repo"": ""local/django-3eb2e228"", ""symbol"": ""tests/db_functions/comparison/test_nullif.py::NullIfTests.test_basic#method""}",1,2,45561,2730,39505920,57.9838,14.726,25.396748747063835,1,1722,174264320,174878720,614400,98c8d0dc0b0726131255eaa667f56385943d2732e6939dba476d9323ddd2d649,274a1d494d11d87a1b767340d1f398f197810f93,2026-07-29T20:21:07.572944,1.108.207,c2201a55b6e1b0ea38043c514ab7bc3a372bad13,f8fc323fc3addabb5fdb2cc89ad46a3576a724a9e4bbac1f1b2fc6fac00c503a,1,wt-generation-safe-hybrid,175f8765c4949317d4f48614b8cdacd8c537ab2755c49f13f78a0b2b855cab96,"M src/jcodemunch_mcp/server.py
 M src/jcodemunch_mcp/storage/index_store.py
 M src/jcodemunch_mcp/storage/sqlite_store.py
 M src/jcodemunch_mcp/tools/check_references.py
 M src/jcodemunch_mcp/tools/find_references.py
 M src/jcodemunch_mcp/tools/get_blast_radius.py
 M src/jcodemunch_mcp/tools/get_churn_rate.py
 M src/jcodemunch_mcp/tools/get_file_outline.py
 M src/jcodemunch_mcp/tools/get_file_risk.py
 M src/jcodemunch_mcp/tools/get_file_tree.py
 M src/jcodemunch_mcp/tools/get_symbol_complexity.py
 M src/jcodemunch_mcp/tools/get_symbol_provenance.py
?? tests/test_generation_safe_hybrid.py","{""process_cpu_ms"": 15.625, ""runtime_distribution_version"": ""1.108.199"", ""screening_target_policy"": ""middle stride target"", ""worker_pid"": 22800}"
django/django,django-3eb2e228,references_single,cold_generation_safe_hybrid_screen,find_references,all_files,generation_safe_hybrid,3,"{""identifier"": ""test_basic"", ""repo"": ""local/django-3eb2e228""}",1,1,45561,2730,39505920,24.9302,13.8791,55.67183576545715,1,371,175730688,176242688,512000,d2e21df97856d9f2bdf993813cb54ef3d6f1d7c7b0fd1fca3f0dff2557dbd764,274a1d494d11d87a1b767340d1f398f197810f93,2026-07-29T20:21:07.572944,1.108.207,c2201a55b6e1b0ea38043c514ab7bc3a372bad13,f8fc323fc3addabb5fdb2cc89ad46a3576a724a9e4bbac1f1b2fc6fac00c503a,1,wt-generation-safe-hybrid,175f8765c4949317d4f48614b8cdacd8c537ab2755c49f13f78a0b2b855cab96,"M src/jcodemunch_mcp/server.py
 M src/jcodemunch_mcp/storage/index_store.py
 M src/jcodemunch_mcp/storage/sqlite_store.py
 M src/jcodemunch_mcp/tools/check_references.py
 M src/jcodemunch_mcp/tools/find_references.py
 M src/jcodemunch_mcp/tools/get_blast_radius.py
 M src/jcodemunch_mcp/tools/get_churn_rate.py
 M src/jcodemunch_mcp/tools/get_file_outline.py
 M src/jcodemunch_mcp/tools/get_file_risk.py
 M src/jcodemunch_mcp/tools/get_file_tree.py
 M src/jcodemunch_mcp/tools/get_symbol_complexity.py
 M src/jcodemunch_mcp/tools/get_symbol_provenance.py
?? tests/test_generation_safe_hybrid.py","{""process_cpu_ms"": 31.25, ""runtime_distribution_version"": ""1.108.199"", ""screening_target_policy"": ""middle stride target"", ""worker_pid"": 22800}"
django/django,django-3eb2e228,references_single,cold_generation_safe_hybrid_screen,find_references,all_files,baseline_full,3,"{""identifier"": ""test_basic"", ""repo"": ""local/django-3eb2e228""}",1,2,45561,2730,39505920,436.7245,421.7808,96.57823181433605,1,372,213389312,253534208,40144896,d2e21df97856d9f2bdf993813cb54ef3d6f1d7c7b0fd1fca3f0dff2557dbd764,274a1d494d11d87a1b767340d1f398f197810f93,2026-07-29T20:21:07.572944,1.108.207,c2201a55b6e1b0ea38043c514ab7bc3a372bad13,f8fc323fc3addabb5fdb2cc89ad46a3576a724a9e4bbac1f1b2fc6fac00c503a,1,wt-1.108.207,e3b0c44298fc1c149afbf4c8996fb92427ae41e4649b934ca495991b7852b855,,"{""process_cpu_ms"": 437.5, ""runtime_distribution_version"": ""1.108.199"", ""screening_target_policy"": ""middle stride target"", ""worker_pid"": 42688}"
django/django,django-3eb2e228,references_batch,cold_generation_safe_hybrid_screen,find_references,all_files,baseline_full,3,"{""identifiers"": [""test_basic"", ""test_null_argument"", ""test_too_few_args""], ""repo"": ""local/django-3eb2e228""}",1,1,45561,2730,39505920,387.6172,373.8854,96.45738114820497,1,363,214638592,253952000,39313408,257378b0f9d43f49a35856297efcd3e9afd630508b4ea436e8ef231a264aa753,274a1d494d11d87a1b767340d1f398f197810f93,2026-07-29T20:21:07.572944,1.108.207,c2201a55b6e1b0ea38043c514ab7bc3a372bad13,f8fc323fc3addabb5fdb2cc89ad46a3576a724a9e4bbac1f1b2fc6fac00c503a,1,wt-1.108.207,e3b0c44298fc1c149afbf4c8996fb92427ae41e4649b934ca495991b7852b855,,"{""process_cpu_ms"": 390.625, ""runtime_distribution_version"": ""1.108.199"", ""screening_target_policy"": ""middle stride target"", ""worker_pid"": 42688}"
django/django,django-3eb2e228,references_batch,cold_generation_safe_hybrid_screen,find_references,all_files,generation_safe_hybrid,3,"{""identifiers"": [""test_basic"", ""test_null_argument"", ""test_too_few_args""], ""repo"": ""local/django-3eb2e228""}",1,2,45561,2730,39505920,78.3552,14.1803,18.097458751939886,1,362,176574464,171933696,-4640768,257378b0f9d43f49a35856297efcd3e9afd630508b4ea436e8ef231a264aa753,274a1d494d11d87a1b767340d1f398f197810f93,2026-07-29T20:21:07.572944,1.108.207,c2201a55b6e1b0ea38043c514ab7bc3a372bad13,f8fc323fc3addabb5fdb2cc89ad46a3576a724a9e4bbac1f1b2fc6fac00c503a,1,wt-generation-safe-hybrid,175f8765c4949317d4f48614b8cdacd8c537ab2755c49f13f78a0b2b855cab96,"M src/jcodemunch_mcp/server.py
 M src/jcodemunch_mcp/storage/index_store.py
 M src/jcodemunch_mcp/storage/sqlite_store.py
 M src/jcodemunch_mcp/tools/check_references.py
 M src/jcodemunch_mcp/tools/find_references.py
 M src/jcodemunch_mcp/tools/get_blast_radius.py
 M src/jcodemunch_mcp/tools/get_churn_rate.py
 M src/jcodemunch_mcp/tools/get_file_outline.py
 M src/jcodemunch_mcp/tools/get_file_risk.py
 M src/jcodemunch_mcp/tools/get_file_tree.py
 M src/jcodemunch_mcp/tools/get_symbol_complexity.py
 M src/jcodemunch_mcp/tools/get_symbol_provenance.py
?? tests/test_generation_safe_hybrid.py","{""process_cpu_ms"": 78.125, ""runtime_distribution_version"": ""1.108.199"", ""screening_target_policy"": ""middle stride target"", ""worker_pid"": 22800}"
django/django,django-3eb2e228,references_call_chain,cold_generation_safe_hybrid_screen,find_references,reference_call_chain,generation_safe_hybrid,3,"{""identifier"": ""test_basic"", ""include_call_chain"": true, ""repo"": ""local/django-3eb2e228""}",1,1,45561,2730,39505920,26.7782,15.0903,56.35292887498039,1,371,173805568,174546944,741376,d2e21df97856d9f2bdf993813cb54ef3d6f1d7c7b0fd1fca3f0dff2557dbd764,274a1d494d11d87a1b767340d1f398f197810f93,2026-07-29T20:21:07.572944,1.108.207,c2201a55b6e1b0ea38043c514ab7bc3a372bad13,f8fc323fc3addabb5fdb2cc89ad46a3576a724a9e4bbac1f1b2fc6fac00c503a,1,wt-generation-safe-hybrid,175f8765c4949317d4f48614b8cdacd8c537ab2755c49f13f78a0b2b855cab96,"M src/jcodemunch_mcp/server.py
 M src/jcodemunch_mcp/storage/index_store.py
 M src/jcodemunch_mcp/storage/sqlite_store.py
 M src/jcodemunch_mcp/tools/check_references.py
 M src/jcodemunch_mcp/tools/find_references.py
 M src/jcodemunch_mcp/tools/get_blast_radius.py
 M src/jcodemunch_mcp/tools/get_churn_rate.py
 M src/jcodemunch_mcp/tools/get_file_outline.py
 M src/jcodemunch_mcp/tools/get_file_risk.py
 M src/jcodemunch_mcp/tools/get_file_tree.py
 M src/jcodemunch_mcp/tools/get_symbol_complexity.py
 M src/jcodemunch_mcp/tools/get_symbol_provenance.py
?? tests/test_generation_safe_hybrid.py","{""process_cpu_ms"": 31.25, ""runtime_distribution_version"": ""1.108.199"", ""screening_target_policy"": ""middle stride target"", ""worker_pid"": 22800}"
django/django,django-3eb2e228,references_call_chain,cold_generation_safe_hybrid_screen,find_references,reference_call_chain,baseline_full,3,"{""identifier"": ""test_basic"", ""include_call_chain"": true, ""repo"": ""local/django-3eb2e228""}",1,2,45561,2730,39505920,386.3552,373.0634,96.5596942916777,1,372,214228992,254263296,40034304,d2e21df97856d9f2bdf993813cb54ef3d6f1d7c7b0fd1fca3f0dff2557dbd764,274a1d494d11d87a1b767340d1f398f197810f93,2026-07-29T20:21:07.572944,1.108.207,c2201a55b6e1b0ea38043c514ab7bc3a372bad13,f8fc323fc3addabb5fdb2cc89ad46a3576a724a9e4bbac1f1b2fc6fac00c503a,1,wt-1.108.207,e3b0c44298fc1c149afbf4c8996fb92427ae41e4649b934ca495991b7852b855,,"{""process_cpu_ms"": 375.0, ""runtime_distribution_version"": ""1.108.199"", ""screening_target_policy"": ""middle stride target"", ""worker_pid"": 42688}"
django/django,django-3eb2e228,importers_single,cold_generation_safe_hybrid_screen,find_importers,all_files,baseline_full,3,"{""cross_repo"": false, ""file_path"": ""tests/custom_pk/fields.py"", ""repo"": ""local/django-3eb2e228""}",1,1,45561,2730,39505920,909.9763,391.332,43.00463649437903,1,400,214163456,255148032,40984576,863b5b9fdf4a6a581815b5f683c601cca522dddf17001b82a52836f76d70afd2,274a1d494d11d87a1b767340d1f398f197810f93,2026-07-29T20:21:07.572944,1.108.207,c2201a55b6e1b0ea38043c514ab7bc3a372bad13,f8fc323fc3addabb5fdb2cc89ad46a3576a724a9e4bbac1f1b2fc6fac00c503a,1,wt-1.108.207,e3b0c44298fc1c149afbf4c8996fb92427ae41e4649b934ca495991b7852b855,,"{""process_cpu_ms"": 921.875, ""runtime_distribution_version"": ""1.108.199"", ""screening_target_policy"": ""middle stride target"", ""worker_pid"": 42688}"
django/django,django-3eb2e228,importers_single,cold_generation_safe_hybrid_screen,find_importers,all_files,generation_safe_hybrid,3,"{""cross_repo"": false, ""file_path"": ""tests/custom_pk/fields.py"", ""repo"": ""local/django-3eb2e228""}",1,2,45561,2730,39505920,526.1556,15.6158,2.967905311660657,1,400,175034368,175497216,462848,863b5b9fdf4a6a581815b5f683c601cca522dddf17001b82a52836f76d70afd2,274a1d494d11d87a1b767340d1f398f197810f93,2026-07-29T20:21:07.572944,1.108.207,c2201a55b6e1b0ea38043c514ab7bc3a372bad13,f8fc323fc3addabb5fdb2cc89ad46a3576a724a9e4bbac1f1b2fc6fac00c503a,1,wt-generation-safe-hybrid,175f8765c4949317d4f48614b8cdacd8c537ab2755c49f13f78a0b2b855cab96,"M src/jcodemunch_mcp/server.py
 M src/jcodemunch_mcp/storage/index_store.py
 M src/jcodemunch_mcp/storage/sqlite_store.py
 M src/jcodemunch_mcp/tools/check_references.py
 M src/jcodemunch_mcp/tools/find_references.py
 M src/jcodemunch_mcp/tools/get_blast_radius.py
 M src/jcodemunch_mcp/tools/get_churn_rate.py
 M src/jcodemunch_mcp/tools/get_file_outline.py
 M src/jcodemunch_mcp/tools/get_file_risk.py
 M src/jcodemunch_mcp/tools/get_file_tree.py
 M src/jcodemunch_mcp/tools/get_symbol_complexity.py
 M src/jcodemunch_mcp/tools/get_symbol_provenance.py
?? tests/test_generation_safe_hybrid.py","{""process_cpu_ms"": 515.625, ""runtime_distribution_version"": ""1.108.199"", ""screening_target_policy"": ""middle stride target"", ""worker_pid"": 22800}"
django/django,django-3eb2e228,importers_batch,cold_generation_safe_hybrid_screen,find_importers,all_files,generation_safe_hybrid,3,"{""cross_repo"": false, ""file_paths"": [""tests/custom_pk/fields.py"", ""tests/custom_pk/models.py"", ""tests/custom_pk/tests.py""], ""repo"": ""local/django-3eb2e228""}",1,1,45561,2730,39505920,524.4638,14.2993,2.7264608157893835,1,383,176332800,182124544,5791744,f38a3690b681f85ac740083fc0c209f33ff5f2bbe186887d51e1d8a027a29a4b,274a1d494d11d87a1b767340d1f398f197810f93,2026-07-29T20:21:07.572944,1.108.207,c2201a55b6e1b0ea38043c514ab7bc3a372bad13,f8fc323fc3addabb5fdb2cc89ad46a3576a724a9e4bbac1f1b2fc6fac00c503a,1,wt-generation-safe-hybrid,175f8765c4949317d4f48614b8cdacd8c537ab2755c49f13f78a0b2b855cab96,"M src/jcodemunch_mcp/server.py
 M src/jcodemunch_mcp/storage/index_store.py
 M src/jcodemunch_mcp/storage/sqlite_store.py
 M src/jcodemunch_mcp/tools/check_references.py
 M src/jcodemunch_mcp/tools/find_references.py
 M src/jcodemunch_mcp/tools/get_blast_radius.py
 M src/jcodemunch_mcp/tools/get_churn_rate.py
 M src/jcodemunch_mcp/tools/get_file_outline.py
 M src/jcodemunch_mcp/tools/get_file_risk.py
 M src/jcodemunch_mcp/tools/get_file_tree.py
 M src/jcodemunch_mcp/tools/get_symbol_complexity.py
 M src/jcodemunch_mcp/tools/get_symbol_provenance.py
?? tests/test_generation_safe_hybrid.py","{""process_cpu_ms"": 515.625, ""runtime_distribution_version"": ""1.108.199"", ""screening_target_policy"": ""middle stride target"", ""worker_pid"": 22800}"
django/django,django-3eb2e228,importers_batch,cold_generation_safe_hybrid_screen,find_importers,all_files,baseline_full,3,"{""cross_repo"": false, ""file_paths"": [""tests/custom_pk/fields.py"", ""tests/custom_pk/models.py"", ""tests/custom_pk/tests.py""], ""repo"": ""local/django-3eb2e228""}",1,2,45561,2730,39505920,868.0225,346.5542,39.924564167403496,1,383,212946944,253149184,40202240,f38a3690b681f85ac740083fc0c209f33ff5f2bbe186887d51e1d8a027a29a4b,274a1d494d11d87a1b767340d1f398f197810f93,2026-07-29T20:21:07.572944,1.108.207,c2201a55b6e1b0ea38043c514ab7bc3a372bad13,f8fc323fc3addabb5fdb2cc89ad46a3576a724a9e4bbac1f1b2fc6fac00c503a,1,wt-1.108.207,e3b0c44298fc1c149afbf4c8996fb92427ae41e4649b934ca495991b7852b855,,"{""process_cpu_ms"": 859.375, ""runtime_distribution_version"": ""1.108.199"", ""screening_target_policy"": ""middle stride target"", ""worker_pid"": 42688}"
django/django,django-3eb2e228,check_refs_single_imports,cold_generation_safe_hybrid_screen,check_references,all_files_definitions,baseline_full,3,"{""identifier"": ""test_basic"", ""repo"": ""local/django-3eb2e228"", ""search_content"": false}",1,1,45561,2730,39505920,399.6654,380.4752,95.19843348961406,1,236,214601728,253878272,39276544,147abbc280d4da24f240e262967c517dbaee4cc73504b11319a274dfb5b30026,274a1d494d11d87a1b767340d1f398f197810f93,2026-07-29T20:21:07.572944,1.108.207,c2201a55b6e1b0ea38043c514ab7bc3a372bad13,f8fc323fc3addabb5fdb2cc89ad46a3576a724a9e4bbac1f1b2fc6fac00c503a,1,wt-1.108.207,e3b0c44298fc1c149afbf4c8996fb92427ae41e4649b934ca495991b7852b855,,"{""process_cpu_ms"": 390.625, ""runtime_distribution_version"": ""1.108.199"", ""screening_target_policy"": ""middle stride target"", ""worker_pid"": 42688}"
django/django,django-3eb2e228,check_refs_single_imports,cold_generation_safe_hybrid_screen,check_references,all_files_definitions,generation_safe_hybrid,3,"{""identifier"": ""test_basic"", ""repo"": ""local/django-3eb2e228"", ""search_content"": false}",1,2,45561,2730,39505920,39.5082,15.4721,39.16174363802957,1,235,175513600,178757632,3244032,147abbc280d4da24f240e262967c517dbaee4cc73504b11319a274dfb5b30026,274a1d494d11d87a1b767340d1f398f197810f93,2026-07-29T20:21:07.572944,1.108.207,c2201a55b6e1b0ea38043c514ab7bc3a372bad13,f8fc323fc3addabb5fdb2cc89ad46a3576a724a9e4bbac1f1b2fc6fac00c503a,1,wt-generation-safe-hybrid,175f8765c4949317d4f48614b8cdacd8c537ab2755c49f13f78a0b2b855cab96,"M src/jcodemunch_mcp/server.py
 M src/jcodemunch_mcp/storage/index_store.py
 M src/jcodemunch_mcp/storage/sqlite_store.py
 M src/jcodemunch_mcp/tools/check_references.py
 M src/jcodemunch_mcp/tools/find_references.py
 M src/jcodemunch_mcp/tools/get_blast_radius.py
 M src/jcodemunch_mcp/tools/get_churn_rate.py
 M src/jcodemunch_mcp/tools/get_file_outline.py
 M src/jcodemunch_mcp/tools/get_file_risk.py
 M src/jcodemunch_mcp/tools/get_file_tree.py
 M src/jcodemunch_mcp/tools/get_symbol_complexity.py
 M src/jcodemunch_mcp/tools/get_symbol_provenance.py
?? tests/test_generation_safe_hybrid.py","{""process_cpu_ms"": 46.875, ""runtime_distribution_version"": ""1.108.199"", ""screening_target_policy"": ""middle stride target"", ""worker_pid"": 22800}"
django/django,django-3eb2e228,check_refs_batch_imports,cold_generation_safe_hybrid_screen,check_references,all_files_definitions,generation_safe_hybrid,3,"{""identifiers"": [""test_basic"", ""test_null_argument"", ""test_too_few_args""], ""repo"": ""local/django-3eb2e228"", ""search_content"": false}",1,1,45561,2730,39505920,58.2877,14.5747,25.004760867215552,1,396,179503104,180166656,663552,e75d77632f568297c93612e4c4db4c8ae5eac50c2996ade37ffe6db582bdfdc0,274a1d494d11d87a1b767340d1f398f197810f93,2026-07-29T20:21:07.572944,1.108.207,c2201a55b6e1b0ea38043c514ab7bc3a372bad13,f8fc323fc3addabb5fdb2cc89ad46a3576a724a9e4bbac1f1b2fc6fac00c503a,1,wt-generation-safe-hybrid,175f8765c4949317d4f48614b8cdacd8c537ab2755c49f13f78a0b2b855cab96,"M src/jcodemunch_mcp/server.py
 M src/jcodemunch_mcp/storage/index_store.py
 M src/jcodemunch_mcp/storage/sqlite_store.py
 M src/jcodemunch_mcp/tools/check_references.py
 M src/jcodemunch_mcp/tools/find_references.py
 M src/jcodemunch_mcp/tools/get_blast_radius.py
 M src/jcodemunch_mcp/tools/get_churn_rate.py
 M src/jcodemunch_mcp/tools/get_file_outline.py
 M src/jcodemunch_mcp/tools/get_file_risk.py
 M src/jcodemunch_mcp/tools/get_file_tree.py
 M src/jcodemunch_mcp/tools/get_symbol_complexity.py
 M src/jcodemunch_mcp/tools/get_symbol_provenance.py
?? tests/test_generation_safe_hybrid.py","{""process_cpu_ms"": 93.75, ""runtime_distribution_version"": ""1.108.199"", ""screening_target_policy"": ""middle stride target"", ""worker_pid"": 22800}"
django/django,django-3eb2e228,check_refs_batch_imports,cold_generation_safe_hybrid_screen,check_references,all_files_definitions,baseline_full,3,"{""identifiers"": [""test_basic"", ""test_null_argument"", ""test_too_few_args""], ""repo"": ""local/django-3eb2e228"", ""search_content"": false}",1,2,45561,2730,39505920,395.0236,352.7231,89.2916524481069,1,397,214773760,254627840,39854080,e75d77632f568297c93612e4c4db4c8ae5eac50c2996ade37ffe6db582bdfdc0,274a1d494d11d87a1b767340d1f398f197810f93,2026-07-29T20:21:07.572944,1.108.207,c2201a55b6e1b0ea38043c514ab7bc3a372bad13,f8fc323fc3addabb5fdb2cc89ad46a3576a724a9e4bbac1f1b2fc6fac00c503a,1,wt-1.108.207,e3b0c44298fc1c149afbf4c8996fb92427ae41e4649b934ca495991b7852b855,,"{""process_cpu_ms"": 531.25, ""runtime_distribution_version"": ""1.108.199"", ""screening_target_policy"": ""middle stride target"", ""worker_pid"": 42688}"
django/django,django-3eb2e228,check_refs_single_content,cold_generation_safe_hybrid_screen,check_references,all_files_definitions,baseline_full,3,"{""identifier"": ""test_basic"", ""max_content_results"": 20, ""repo"": ""local/django-3eb2e228"", ""search_content"": true}",1,1,45561,2730,39505920,791.4503,368.4809,46.55768024852603,1,6279,214966272,257396736,42430464,21203dd2696bc858223faa7d825854c6f830c85c7c2e3a011d0ac9ac23e31e7e,274a1d494d11d87a1b767340d1f398f197810f93,2026-07-29T20:21:07.572944,1.108.207,c2201a55b6e1b0ea38043c514ab7bc3a372bad13,f8fc323fc3addabb5fdb2cc89ad46a3576a724a9e4bbac1f1b2fc6fac00c503a,1,wt-1.108.207,e3b0c44298fc1c149afbf4c8996fb92427ae41e4649b934ca495991b7852b855,,"{""process_cpu_ms"": 796.875, ""runtime_distribution_version"": ""1.108.199"", ""screening_target_policy"": ""middle stride target"", ""worker_pid"": 42688}"
django/django,django-3eb2e228,check_refs_single_content,cold_generation_safe_hybrid_screen,check_references,all_files_definitions,generation_safe_hybrid,3,"{""identifier"": ""test_basic"", ""max_content_results"": 20, ""repo"": ""local/django-3eb2e228"", ""search_content"": true}",1,2,45561,2730,39505920,439.2407,15.1579,3.450932484170979,1,6279,181268480,181784576,516096,21203dd2696bc858223faa7d825854c6f830c85c7c2e3a011d0ac9ac23e31e7e,274a1d494d11d87a1b767340d1f398f197810f93,2026-07-29T20:21:07.572944,1.108.207,c2201a55b6e1b0ea38043c514ab7bc3a372bad13,f8fc323fc3addabb5fdb2cc89ad46a3576a724a9e4bbac1f1b2fc6fac00c503a,1,wt-generation-safe-hybrid,175f8765c4949317d4f48614b8cdacd8c537ab2755c49f13f78a0b2b855cab96,"M src/jcodemunch_mcp/server.py
 M src/jcodemunch_mcp/storage/index_store.py
 M src/jcodemunch_mcp/storage/sqlite_store.py
 M src/jcodemunch_mcp/tools/check_references.py
 M src/jcodemunch_mcp/tools/find_references.py
 M src/jcodemunch_mcp/tools/get_blast_radius.py
 M src/jcodemunch_mcp/tools/get_churn_rate.py
 M src/jcodemunch_mcp/tools/get_file_outline.py
 M src/jcodemunch_mcp/tools/get_file_risk.py
 M src/jcodemunch_mcp/tools/get_file_tree.py
 M src/jcodemunch_mcp/tools/get_symbol_complexity.py
 M src/jcodemunch_mcp/tools/get_symbol_provenance.py
?? tests/test_generation_safe_hybrid.py","{""process_cpu_ms"": 437.5, ""runtime_distribution_version"": ""1.108.199"", ""screening_target_policy"": ""middle stride target"", ""worker_pid"": 22800}"
django/django,django-3eb2e228,check_refs_batch_content,cold_generation_safe_hybrid_screen,check_references,all_files_definitions,generation_safe_hybrid,3,"{""identifiers"": [""test_basic"", ""test_null_argument"", ""test_too_few_args""], ""max_content_results"": 20, ""repo"": ""local/django-3eb2e228"", ""search_content"": true}",1,1,45561,2730,39505920,1364.4207,15.103,1.1069166570105542,1,6629,183808000,187604992,3796992,b34cc8fda6965d294ae4de52d93948c090d423393cd2d7cb108e187cbded9953,274a1d494d11d87a1b767340d1f398f197810f93,2026-07-29T20:21:07.572944,1.108.207,c2201a55b6e1b0ea38043c514ab7bc3a372bad13,f8fc323fc3addabb5fdb2cc89ad46a3576a724a9e4bbac1f1b2fc6fac00c503a,1,wt-generation-safe-hybrid,175f8765c4949317d4f48614b8cdacd8c537ab2755c49f13f78a0b2b855cab96,"M src/jcodemunch_mcp/server.py
 M src/jcodemunch_mcp/storage/index_store.py
 M src/jcodemunch_mcp/storage/sqlite_store.py
 M src/jcodemunch_mcp/tools/check_references.py
 M src/jcodemunch_mcp/tools/find_references.py
 M src/jcodemunch_mcp/tools/get_blast_radius.py
 M src/jcodemunch_mcp/tools/get_churn_rate.py
 M src/jcodemunch_mcp/tools/get_file_outline.py
 M src/jcodemunch_mcp/tools/get_file_risk.py
 M src/jcodemunch_mcp/tools/get_file_tree.py
 M src/jcodemunch_mcp/tools/get_symbol_complexity.py
 M src/jcodemunch_mcp/tools/get_symbol_provenance.py
?? tests/test_generation_safe_hybrid.py","{""process_cpu_ms"": 1359.375, ""runtime_distribution_version"": ""1.108.199"", ""screening_target_policy"": ""middle stride target"", ""worker_pid"": 22800}"
django/django,django-3eb2e228,check_refs_batch_content,cold_generation_safe_hybrid_screen,check_references,all_files_definitions,baseline_full,3,"{""identifiers"": [""test_basic"", ""test_null_argument"", ""test_too_few_args""], ""max_content_results"": 20, ""repo"": ""local/django-3eb2e228"", ""search_content"": true}",1,2,45561,2730,39505920,1736.1092,390.4302,22.488804275675747,1,6629,217796608,259715072,41918464,b34cc8fda6965d294ae4de52d93948c090d423393cd2d7cb108e187cbded9953,274a1d494d11d87a1b767340d1f398f197810f93,2026-07-29T20:21:07.572944,1.108.207,c2201a55b6e1b0ea38043c514ab7bc3a372bad13,f8fc323fc3addabb5fdb2cc89ad46a3576a724a9e4bbac1f1b2fc6fac00c503a,1,wt-1.108.207,e3b0c44298fc1c149afbf4c8996fb92427ae41e4649b934ca495991b7852b855,,"{""process_cpu_ms"": 1734.375, ""runtime_distribution_version"": ""1.108.199"", ""screening_target_policy"": ""middle stride target"", ""worker_pid"": 42688}"
django/django,django-3eb2e228,file_risk,cold_generation_safe_hybrid_screen,get_file_risk,all_files_target_file_symbols,baseline_full,3,"{""file_path"": ""tests/custom_pk/fields.py"", ""repo"": ""local/django-3eb2e228""}",1,1,45561,2730,39505920,782.7236,365.5274,46.699422375919156,1,3379,217059328,258310144,41250816,a5f1ddbae11789242f9a3e8b6896da62312c32afdfe83280b32249e56cf80f58,274a1d494d11d87a1b767340d1f398f197810f93,2026-07-29T20:21:07.572944,1.108.207,c2201a55b6e1b0ea38043c514ab7bc3a372bad13,f8fc323fc3addabb5fdb2cc89ad46a3576a724a9e4bbac1f1b2fc6fac00c503a,1,wt-1.108.207,e3b0c44298fc1c149afbf4c8996fb92427ae41e4649b934ca495991b7852b855,,"{""process_cpu_ms"": 765.625, ""runtime_distribution_version"": ""1.108.199"", ""screening_target_policy"": ""middle stride target"", ""worker_pid"": 42688}"
django/django,django-3eb2e228,file_risk,cold_generation_safe_hybrid_screen,get_file_risk,all_files_target_file_symbols,generation_safe_hybrid,3,"{""file_path"": ""tests/custom_pk/fields.py"", ""repo"": ""local/django-3eb2e228""}",1,2,45561,2730,39505920,428.852,15.4886,3.6116422448770202,1,3379,197349376,207433728,10084352,a5f1ddbae11789242f9a3e8b6896da62312c32afdfe83280b32249e56cf80f58,274a1d494d11d87a1b767340d1f398f197810f93,2026-07-29T20:21:07.572944,1.108.207,c2201a55b6e1b0ea38043c514ab7bc3a372bad13,f8fc323fc3addabb5fdb2cc89ad46a3576a724a9e4bbac1f1b2fc6fac00c503a,1,wt-generation-safe-hybrid,175f8765c4949317d4f48614b8cdacd8c537ab2755c49f13f78a0b2b855cab96,"M src/jcodemunch_mcp/server.py
 M src/jcodemunch_mcp/storage/index_store.py
 M src/jcodemunch_mcp/storage/sqlite_store.py
 M src/jcodemunch_mcp/tools/check_references.py
 M src/jcodemunch_mcp/tools/find_references.py
 M src/jcodemunch_mcp/tools/get_blast_radius.py
 M src/jcodemunch_mcp/tools/get_churn_rate.py
 M src/jcodemunch_mcp/tools/get_file_outline.py
 M src/jcodemunch_mcp/tools/get_file_risk.py
 M src/jcodemunch_mcp/tools/get_file_tree.py
 M src/jcodemunch_mcp/tools/get_symbol_complexity.py
 M src/jcodemunch_mcp/tools/get_symbol_provenance.py
?? tests/test_generation_safe_hybrid.py","{""process_cpu_ms"": 406.25, ""runtime_distribution_version"": ""1.108.199"", ""screening_target_policy"": ""middle stride target"", ""worker_pid"": 22800}"
django/django,django-3eb2e228,changed_symbols,cold_generation_safe_hybrid_screen,get_changed_symbols,metadata,generation_safe_hybrid,3,"{""include_blast_radius"": false, ""repo"": ""local/django-3eb2e228"", ""since_sha"": ""274a1d494d11d87a1b767340d1f398f197810f93"", ""until_sha"": ""274a1d494d11d87a1b767340d1f398f197810f93""}",1,1,45561,2730,39505920,233.1687,90.9131,38.99026756164099,1,539,217227264,188035072,-29192192,7890ec2ac238cb084bbae498de22a373a175966b52963bc28f68d66e09b6c110,274a1d494d11d87a1b767340d1f398f197810f93,2026-07-29T20:21:07.572944,1.108.207,c2201a55b6e1b0ea38043c514ab7bc3a372bad13,f8fc323fc3addabb5fdb2cc89ad46a3576a724a9e4bbac1f1b2fc6fac00c503a,1,wt-generation-safe-hybrid,175f8765c4949317d4f48614b8cdacd8c537ab2755c49f13f78a0b2b855cab96,"M src/jcodemunch_mcp/server.py
 M src/jcodemunch_mcp/storage/index_store.py
 M src/jcodemunch_mcp/storage/sqlite_store.py
 M src/jcodemunch_mcp/tools/check_references.py
 M src/jcodemunch_mcp/tools/find_references.py
 M src/jcodemunch_mcp/tools/get_blast_radius.py
 M src/jcodemunch_mcp/tools/get_churn_rate.py
 M src/jcodemunch_mcp/tools/get_file_outline.py
 M src/jcodemunch_mcp/tools/get_file_risk.py
 M src/jcodemunch_mcp/tools/get_file_tree.py
 M src/jcodemunch_mcp/tools/get_symbol_complexity.py
 M src/jcodemunch_mcp/tools/get_symbol_provenance.py
?? tests/test_generation_safe_hybrid.py","{""process_cpu_ms"": 109.375, ""runtime_distribution_version"": ""1.108.199"", ""screening_target_policy"": ""middle stride target"", ""worker_pid"": 22800}"
django/django,django-3eb2e228,changed_symbols,cold_generation_safe_hybrid_screen,get_changed_symbols,metadata,baseline_full,3,"{""include_blast_radius"": false, ""repo"": ""local/django-3eb2e228"", ""since_sha"": ""274a1d494d11d87a1b767340d1f398f197810f93"", ""until_sha"": ""274a1d494d11d87a1b767340d1f398f197810f93""}",1,2,45561,2730,39505920,587.2312,382.7794,65.18376407793048,1,539,216748032,257363968,40615936,7890ec2ac238cb084bbae498de22a373a175966b52963bc28f68d66e09b6c110,274a1d494d11d87a1b767340d1f398f197810f93,2026-07-29T20:21:07.572944,1.108.207,c2201a55b6e1b0ea38043c514ab7bc3a372bad13,f8fc323fc3addabb5fdb2cc89ad46a3576a724a9e4bbac1f1b2fc6fac00c503a,1,wt-1.108.207,e3b0c44298fc1c149afbf4c8996fb92427ae41e4649b934ca495991b7852b855,,"{""process_cpu_ms"": 437.5, ""runtime_distribution_version"": ""1.108.199"", ""screening_target_policy"": ""middle stride target"", ""worker_pid"": 42688}"
django/django,django-3eb2e228,changed_symbols_blast,cold_generation_safe_hybrid_screen,get_changed_symbols,all_files,baseline_full,3,"{""include_blast_radius"": true, ""repo"": ""local/django-3eb2e228"", ""since_sha"": ""274a1d494d11d87a1b767340d1f398f197810f93"", ""until_sha"": ""274a1d494d11d87a1b767340d1f398f197810f93""}",1,1,45561,2730,39505920,693.2822,345.8151,49.88085659778947,1,539,216940544,256987136,40046592,7890ec2ac238cb084bbae498de22a373a175966b52963bc28f68d66e09b6c110,274a1d494d11d87a1b767340d1f398f197810f93,2026-07-29T20:21:07.572944,1.108.207,c2201a55b6e1b0ea38043c514ab7bc3a372bad13,f8fc323fc3addabb5fdb2cc89ad46a3576a724a9e4bbac1f1b2fc6fac00c503a,1,wt-1.108.207,e3b0c44298fc1c149afbf4c8996fb92427ae41e4649b934ca495991b7852b855,,"{""process_cpu_ms"": 625.0, ""runtime_distribution_version"": ""1.108.199"", ""screening_target_policy"": ""middle stride target"", ""worker_pid"": 42688}"
django/django,django-3eb2e228,changed_symbols_blast,cold_generation_safe_hybrid_screen,get_changed_symbols,all_files,generation_safe_hybrid,3,"{""include_blast_radius"": true, ""repo"": ""local/django-3eb2e228"", ""since_sha"": ""274a1d494d11d87a1b767340d1f398f197810f93"", ""until_sha"": ""274a1d494d11d87a1b767340d1f398f197810f93""}",1,2,45561,2730,39505920,353.9323,15.6987,4.435509276774117,1,539,191655936,192221184,565248,7890ec2ac238cb084bbae498de22a373a175966b52963bc28f68d66e09b6c110,274a1d494d11d87a1b767340d1f398f197810f93,2026-07-29T20:21:07.572944,1.108.207,c2201a55b6e1b0ea38043c514ab7bc3a372bad13,f8fc323fc3addabb5fdb2cc89ad46a3576a724a9e4bbac1f1b2fc6fac00c503a,1,wt-generation-safe-hybrid,175f8765c4949317d4f48614b8cdacd8c537ab2755c49f13f78a0b2b855cab96,"M src/jcodemunch_mcp/server.py
 M src/jcodemunch_mcp/storage/index_store.py
 M src/jcodemunch_mcp/storage/sqlite_store.py
 M src/jcodemunch_mcp/tools/check_references.py
 M src/jcodemunch_mcp/tools/find_references.py
 M src/jcodemunch_mcp/tools/get_blast_radius.py
 M src/jcodemunch_mcp/tools/get_churn_rate.py
 M src/jcodemunch_mcp/tools/get_file_outline.py
 M src/jcodemunch_mcp/tools/get_file_risk.py
 M src/jcodemunch_mcp/tools/get_file_tree.py
 M src/jcodemunch_mcp/tools/get_symbol_complexity.py
 M src/jcodemunch_mcp/tools/get_symbol_provenance.py
?? tests/test_generation_safe_hybrid.py","{""process_cpu_ms"": 281.25, ""runtime_distribution_version"": ""1.108.199"", ""screening_target_policy"": ""middle stride target"", ""worker_pid"": 22800}"
django/django,django-3eb2e228,blast_radius_default,cold_generation_safe_hybrid_screen,get_blast_radius,all_files_target_symbols,generation_safe_hybrid,3,"{""cross_repo"": false, ""repo"": ""local/django-3eb2e228"", ""symbol"": ""tests/db_functions/comparison/test_nullif.py::NullIfTests.test_basic#method""}",1,1,45561,2730,39505920,270.7375,14.5067,5.358215984117457,1,685,192872448,193744896,872448,00b80fbf074b821980e1fe0acbb0410fc6240df01dc2bf28f54470512ee639f6,274a1d494d11d87a1b767340d1f398f197810f93,2026-07-29T20:21:07.572944,1.108.207,c2201a55b6e1b0ea38043c514ab7bc3a372bad13,f8fc323fc3addabb5fdb2cc89ad46a3576a724a9e4bbac1f1b2fc6fac00c503a,1,wt-generation-safe-hybrid,175f8765c4949317d4f48614b8cdacd8c537ab2755c49f13f78a0b2b855cab96,"M src/jcodemunch_mcp/server.py
 M src/jcodemunch_mcp/storage/index_store.py
 M src/jcodemunch_mcp/storage/sqlite_store.py
 M src/jcodemunch_mcp/tools/check_references.py
 M src/jcodemunch_mcp/tools/find_references.py
 M src/jcodemunch_mcp/tools/get_blast_radius.py
 M src/jcodemunch_mcp/tools/get_churn_rate.py
 M src/jcodemunch_mcp/tools/get_file_outline.py
 M src/jcodemunch_mcp/tools/get_file_risk.py
 M src/jcodemunch_mcp/tools/get_file_tree.py
 M src/jcodemunch_mcp/tools/get_symbol_complexity.py
 M src/jcodemunch_mcp/tools/get_symbol_provenance.py
?? tests/test_generation_safe_hybrid.py","{""process_cpu_ms"": 281.25, ""runtime_distribution_version"": ""1.108.199"", ""screening_target_policy"": ""middle stride target"", ""worker_pid"": 22800}"
django/django,django-3eb2e228,blast_radius_default,cold_generation_safe_hybrid_screen,get_blast_radius,all_files_target_symbols,baseline_full,3,"{""cross_repo"": false, ""repo"": ""local/django-3eb2e228"", ""symbol"": ""tests/db_functions/comparison/test_nullif.py::NullIfTests.test_basic#method""}",1,2,45561,2730,39505920,625.263,369.1265,59.03539790456176,1,685,217563136,258859008,41295872,00b80fbf074b821980e1fe0acbb0410fc6240df01dc2bf28f54470512ee639f6,274a1d494d11d87a1b767340d1f398f197810f93,2026-07-29T20:21:07.572944,1.108.207,c2201a55b6e1b0ea38043c514ab7bc3a372bad13,f8fc323fc3addabb5fdb2cc89ad46a3576a724a9e4bbac1f1b2fc6fac00c503a,1,wt-1.108.207,e3b0c44298fc1c149afbf4c8996fb92427ae41e4649b934ca495991b7852b855,,"{""process_cpu_ms"": 625.0, ""runtime_distribution_version"": ""1.108.199"", ""screening_target_policy"": ""middle stride target"", ""worker_pid"": 42688}"
django/django,django-3eb2e228,blast_radius_source,cold_generation_safe_hybrid_screen,get_blast_radius,blast_enrichment,baseline_full,3,"{""cross_repo"": false, ""include_source"": true, ""repo"": ""local/django-3eb2e228"", ""source_budget"": 1000, ""symbol"": ""tests/db_functions/comparison/test_nullif.py::NullIfTests.test_basic#method""}",1,1,45561,2730,39505920,650.599,396.6606,60.96852285355495,1,685,218112000,258838528,40726528,00b80fbf074b821980e1fe0acbb0410fc6240df01dc2bf28f54470512ee639f6,274a1d494d11d87a1b767340d1f398f197810f93,2026-07-29T20:21:07.572944,1.108.207,c2201a55b6e1b0ea38043c514ab7bc3a372bad13,f8fc323fc3addabb5fdb2cc89ad46a3576a724a9e4bbac1f1b2fc6fac00c503a,1,wt-1.108.207,e3b0c44298fc1c149afbf4c8996fb92427ae41e4649b934ca495991b7852b855,,"{""process_cpu_ms"": 656.25, ""runtime_distribution_version"": ""1.108.199"", ""screening_target_policy"": ""middle stride target"", ""worker_pid"": 42688}"
django/django,django-3eb2e228,blast_radius_source,cold_generation_safe_hybrid_screen,get_blast_radius,blast_enrichment,generation_safe_hybrid,3,"{""cross_repo"": false, ""include_source"": true, ""repo"": ""local/django-3eb2e228"", ""source_budget"": 1000, ""symbol"": ""tests/db_functions/comparison/test_nullif.py::NullIfTests.test_basic#method""}",1,2,45561,2730,39505920,265.1493,14.2342,5.36837170605391,1,685,194236416,194764800,528384,00b80fbf074b821980e1fe0acbb0410fc6240df01dc2bf28f54470512ee639f6,274a1d494d11d87a1b767340d1f398f197810f93,2026-07-29T20:21:07.572944,1.108.207,c2201a55b6e1b0ea38043c514ab7bc3a372bad13,f8fc323fc3addabb5fdb2cc89ad46a3576a724a9e4bbac1f1b2fc6fac00c503a,1,wt-generation-safe-hybrid,175f8765c4949317d4f48614b8cdacd8c537ab2755c49f13f78a0b2b855cab96,"M src/jcodemunch_mcp/server.py
 M src/jcodemunch_mcp/storage/index_store.py
 M src/jcodemunch_mcp/storage/sqlite_store.py
 M src/jcodemunch_mcp/tools/check_references.py
 M src/jcodemunch_mcp/tools/find_references.py
 M src/jcodemunch_mcp/tools/get_blast_radius.py
 M src/jcodemunch_mcp/tools/get_churn_rate.py
 M src/jcodemunch_mcp/tools/get_file_outline.py
 M src/jcodemunch_mcp/tools/get_file_risk.py
 M src/jcodemunch_mcp/tools/get_file_tree.py
 M src/jcodemunch_mcp/tools/get_symbol_complexity.py
 M src/jcodemunch_mcp/tools/get_symbol_provenance.py
?? tests/test_generation_safe_hybrid.py","{""process_cpu_ms"": 265.625, ""runtime_distribution_version"": ""1.108.199"", ""screening_target_policy"": ""middle stride target"", ""worker_pid"": 22800}"
django/django,django-3eb2e228,delivery_metrics,cold_generation_safe_hybrid_screen,get_delivery_metrics,metadata,generation_safe_hybrid,3,"{""repo"": ""local/django-3eb2e228"", ""window_days"": 90}",1,1,45561,2730,39505920,61.2979,14.247,23.242231789343517,1,732,193171456,200146944,6975488,57153078e34718626b09786d9d9df863913ba1c55a12fd15b1490cdd38ba5633,274a1d494d11d87a1b767340d1f398f197810f93,2026-07-29T20:21:07.572944,1.108.207,c2201a55b6e1b0ea38043c514ab7bc3a372bad13,f8fc323fc3addabb5fdb2cc89ad46a3576a724a9e4bbac1f1b2fc6fac00c503a,1,wt-generation-safe-hybrid,175f8765c4949317d4f48614b8cdacd8c537ab2755c49f13f78a0b2b855cab96,"M src/jcodemunch_mcp/server.py
 M src/jcodemunch_mcp/storage/index_store.py
 M src/jcodemunch_mcp/storage/sqlite_store.py
 M src/jcodemunch_mcp/tools/check_references.py
 M src/jcodemunch_mcp/tools/find_references.py
 M src/jcodemunch_mcp/tools/get_blast_radius.py
 M src/jcodemunch_mcp/tools/get_churn_rate.py
 M src/jcodemunch_mcp/tools/get_file_outline.py
 M src/jcodemunch_mcp/tools/get_file_risk.py
 M src/jcodemunch_mcp/tools/get_file_tree.py
 M src/jcodemunch_mcp/tools/get_symbol_complexity.py
 M src/jcodemunch_mcp/tools/get_symbol_provenance.py
?? tests/test_generation_safe_hybrid.py","{""process_cpu_ms"": 31.25, ""runtime_distribution_version"": ""1.108.199"", ""screening_target_policy"": ""middle stride target"", ""worker_pid"": 22800}"
django/django,django-3eb2e228,delivery_metrics,cold_generation_safe_hybrid_screen,get_delivery_metrics,metadata,baseline_full,3,"{""repo"": ""local/django-3eb2e228"", ""window_days"": 90}",1,2,45561,2730,39505920,420.9931,367.4849,87.29000546564777,1,733,217333760,258678784,41345024,57153078e34718626b09786d9d9df863913ba1c55a12fd15b1490cdd38ba5633,274a1d494d11d87a1b767340d1f398f197810f93,2026-07-29T20:21:07.572944,1.108.207,c2201a55b6e1b0ea38043c514ab7bc3a372bad13,f8fc323fc3addabb5fdb2cc89ad46a3576a724a9e4bbac1f1b2fc6fac00c503a,1,wt-1.108.207,e3b0c44298fc1c149afbf4c8996fb92427ae41e4649b934ca495991b7852b855,,"{""process_cpu_ms"": 375.0, ""runtime_distribution_version"": ""1.108.199"", ""screening_target_policy"": ""middle stride target"", ""worker_pid"": 42688}"
django/django,django-3eb2e228,list_workspaces,cold_generation_safe_hybrid_screen,list_workspaces,metadata,baseline_full,3,"{""repo"": ""local/django-3eb2e228""}",1,1,45561,2730,39505920,403.957,400.9987,99.26766957869278,1,297,219254784,257486848,38232064,24698340b4423e3e998f62c64e84d3f0c37f6af85225d99dae8c7ed9f54c1725,274a1d494d11d87a1b767340d1f398f197810f93,2026-07-29T20:21:07.572944,1.108.207,c2201a55b6e1b0ea38043c514ab7bc3a372bad13,f8fc323fc3addabb5fdb2cc89ad46a3576a724a9e4bbac1f1b2fc6fac00c503a,1,wt-1.108.207,e3b0c44298fc1c149afbf4c8996fb92427ae41e4649b934ca495991b7852b855,,"{""process_cpu_ms"": 406.25, ""runtime_distribution_version"": ""1.108.199"", ""screening_target_policy"": ""middle stride target"", ""worker_pid"": 42688}"
django/django,django-3eb2e228,list_workspaces,cold_generation_safe_hybrid_screen,list_workspaces,metadata,generation_safe_hybrid,3,"{""repo"": ""local/django-3eb2e228""}",1,2,45561,2730,39505920,19.1381,16.3683,85.52729894817145,1,296,193794048,196026368,2232320,24698340b4423e3e998f62c64e84d3f0c37f6af85225d99dae8c7ed9f54c1725,274a1d494d11d87a1b767340d1f398f197810f93,2026-07-29T20:21:07.572944,1.108.207,c2201a55b6e1b0ea38043c514ab7bc3a372bad13,f8fc323fc3addabb5fdb2cc89ad46a3576a724a9e4bbac1f1b2fc6fac00c503a,1,wt-generation-safe-hybrid,175f8765c4949317d4f48614b8cdacd8c537ab2755c49f13f78a0b2b855cab96,"M src/jcodemunch_mcp/server.py
 M src/jcodemunch_mcp/storage/index_store.py
 M src/jcodemunch_mcp/storage/sqlite_store.py
 M src/jcodemunch_mcp/tools/check_references.py
 M src/jcodemunch_mcp/tools/find_references.py
 M src/jcodemunch_mcp/tools/get_blast_radius.py
 M src/jcodemunch_mcp/tools/get_churn_rate.py
 M src/jcodemunch_mcp/tools/get_file_outline.py
 M src/jcodemunch_mcp/tools/get_file_risk.py
 M src/jcodemunch_mcp/tools/get_file_tree.py
 M src/jcodemunch_mcp/tools/get_symbol_complexity.py
 M src/jcodemunch_mcp/tools/get_symbol_provenance.py
?? tests/test_generation_safe_hybrid.py","{""process_cpu_ms"": 31.25, ""runtime_distribution_version"": ""1.108.199"", ""screening_target_policy"": ""middle stride target"", ""worker_pid"": 22800}"
django/django,django-3eb2e228,search_text,cold_generation_safe_hybrid_screen,search_text,all_files,generation_safe_hybrid,3,"{""max_results"": 20, ""query"": ""test_basic"", ""repo"": ""local/django-3eb2e228""}",1,1,45561,2730,39505920,217.113,16.5282,7.612717801329261,1,2425,196980736,197623808,643072,6140d6ff4cab244e31d820b57e5f3ebeac228020759f8fe7074497f1e4dbbbe8,274a1d494d11d87a1b767340d1f398f197810f93,2026-07-29T20:21:07.572944,1.108.207,c2201a55b6e1b0ea38043c514ab7bc3a372bad13,f8fc323fc3addabb5fdb2cc89ad46a3576a724a9e4bbac1f1b2fc6fac00c503a,1,wt-generation-safe-hybrid,175f8765c4949317d4f48614b8cdacd8c537ab2755c49f13f78a0b2b855cab96,"M src/jcodemunch_mcp/server.py
 M src/jcodemunch_mcp/storage/index_store.py
 M src/jcodemunch_mcp/storage/sqlite_store.py
 M src/jcodemunch_mcp/tools/check_references.py
 M src/jcodemunch_mcp/tools/find_references.py
 M src/jcodemunch_mcp/tools/get_blast_radius.py
 M src/jcodemunch_mcp/tools/get_churn_rate.py
 M src/jcodemunch_mcp/tools/get_file_outline.py
 M src/jcodemunch_mcp/tools/get_file_risk.py
 M src/jcodemunch_mcp/tools/get_file_tree.py
 M src/jcodemunch_mcp/tools/get_symbol_complexity.py
 M src/jcodemunch_mcp/tools/get_symbol_provenance.py
?? tests/test_generation_safe_hybrid.py","{""process_cpu_ms"": 218.75, ""runtime_distribution_version"": ""1.108.199"", ""screening_target_policy"": ""middle stride target"", ""worker_pid"": 22800}"
django/django,django-3eb2e228,search_text,cold_generation_safe_hybrid_screen,search_text,all_files,baseline_full,3,"{""max_results"": 20, ""query"": ""test_basic"", ""repo"": ""local/django-3eb2e228""}",1,2,45561,2730,39505920,550.0658,346.3747,62.96968471771923,1,2425,218714112,257835008,39120896,6140d6ff4cab244e31d820b57e5f3ebeac228020759f8fe7074497f1e4dbbbe8,274a1d494d11d87a1b767340d1f398f197810f93,2026-07-29T20:21:07.572944,1.108.207,c2201a55b6e1b0ea38043c514ab7bc3a372bad13,f8fc323fc3addabb5fdb2cc89ad46a3576a724a9e4bbac1f1b2fc6fac00c503a,1,wt-1.108.207,e3b0c44298fc1c149afbf4c8996fb92427ae41e4649b934ca495991b7852b855,,"{""process_cpu_ms"": 546.875, ""runtime_distribution_version"": ""1.108.199"", ""screening_target_policy"": ""middle stride target"", ""worker_pid"": 42688}"
django/django,django-3eb2e228,coupling_metrics,cold_generation_safe_hybrid_screen,get_coupling_metrics,all_files,baseline_full,3,"{""module_path"": ""tests/custom_pk/fields.py"", ""repo"": ""local/django-3eb2e228""}",1,1,45561,2730,39505920,633.4226,374.6805,59.15174166504321,1,287,217759744,257388544,39628800,7c2d924117e8b3a9911852f2bffa031be6c1307c5b9778ddf9314e692a268a67,274a1d494d11d87a1b767340d1f398f197810f93,2026-07-29T20:21:07.572944,1.108.207,c2201a55b6e1b0ea38043c514ab7bc3a372bad13,f8fc323fc3addabb5fdb2cc89ad46a3576a724a9e4bbac1f1b2fc6fac00c503a,1,wt-1.108.207,e3b0c44298fc1c149afbf4c8996fb92427ae41e4649b934ca495991b7852b855,,"{""process_cpu_ms"": 625.0, ""runtime_distribution_version"": ""1.108.199"", ""screening_target_policy"": ""middle stride target"", ""worker_pid"": 42688}"
django/django,django-3eb2e228,coupling_metrics,cold_generation_safe_hybrid_screen,get_coupling_metrics,all_files,generation_safe_hybrid,3,"{""module_path"": ""tests/custom_pk/fields.py"", ""repo"": ""local/django-3eb2e228""}",1,2,45561,2730,39505920,274.8016,14.7642,5.3726761416236295,1,287,198180864,199045120,864256,7c2d924117e8b3a9911852f2bffa031be6c1307c5b9778ddf9314e692a268a67,274a1d494d11d87a1b767340d1f398f197810f93,2026-07-29T20:21:07.572944,1.108.207,c2201a55b6e1b0ea38043c514ab7bc3a372bad13,f8fc323fc3addabb5fdb2cc89ad46a3576a724a9e4bbac1f1b2fc6fac00c503a,1,wt-generation-safe-hybrid,175f8765c4949317d4f48614b8cdacd8c537ab2755c49f13f78a0b2b855cab96,"M src/jcodemunch_mcp/server.py
 M src/jcodemunch_mcp/storage/index_store.py
 M src/jcodemunch_mcp/storage/sqlite_store.py
 M src/jcodemunch_mcp/tools/check_references.py
 M src/jcodemunch_mcp/tools/find_references.py
 M src/jcodemunch_mcp/tools/get_blast_radius.py
 M src/jcodemunch_mcp/tools/get_churn_rate.py
 M src/jcodemunch_mcp/tools/get_file_outline.py
 M src/jcodemunch_mcp/tools/get_file_risk.py
 M src/jcodemunch_mcp/tools/get_file_tree.py
 M src/jcodemunch_mcp/tools/get_symbol_complexity.py
 M src/jcodemunch_mcp/tools/get_symbol_provenance.py
?? tests/test_generation_safe_hybrid.py","{""process_cpu_ms"": 281.25, ""runtime_distribution_version"": ""1.108.199"", ""screening_target_policy"": ""middle stride target"", ""worker_pid"": 22800}"
django/django,django-3eb2e228,dependency_cycles,cold_generation_safe_hybrid_screen,get_dependency_cycles,all_files,generation_safe_hybrid,3,"{""repo"": ""local/django-3eb2e228""}",1,1,45561,2730,39505920,274.14,14.8777,5.427044575764209,1,3549,199196672,199475200,278528,59de29f5ff121883f746daee41dd101f5943660e6830d90323ab3f4a0ca42215,274a1d494d11d87a1b767340d1f398f197810f93,2026-07-29T20:21:07.572944,1.108.207,c2201a55b6e1b0ea38043c514ab7bc3a372bad13,f8fc323fc3addabb5fdb2cc89ad46a3576a724a9e4bbac1f1b2fc6fac00c503a,1,wt-generation-safe-hybrid,175f8765c4949317d4f48614b8cdacd8c537ab2755c49f13f78a0b2b855cab96,"M src/jcodemunch_mcp/server.py
 M src/jcodemunch_mcp/storage/index_store.py
 M src/jcodemunch_mcp/storage/sqlite_store.py
 M src/jcodemunch_mcp/tools/check_references.py
 M src/jcodemunch_mcp/tools/find_references.py
 M src/jcodemunch_mcp/tools/get_blast_radius.py
 M src/jcodemunch_mcp/tools/get_churn_rate.py
 M src/jcodemunch_mcp/tools/get_file_outline.py
 M src/jcodemunch_mcp/tools/get_file_risk.py
 M src/jcodemunch_mcp/tools/get_file_tree.py
 M src/jcodemunch_mcp/tools/get_symbol_complexity.py
 M src/jcodemunch_mcp/tools/get_symbol_provenance.py
?? tests/test_generation_safe_hybrid.py","{""process_cpu_ms"": 265.625, ""runtime_distribution_version"": ""1.108.199"", ""screening_target_policy"": ""middle stride target"", ""worker_pid"": 22800}"
django/django,django-3eb2e228,dependency_cycles,cold_generation_safe_hybrid_screen,get_dependency_cycles,all_files,baseline_full,3,"{""repo"": ""local/django-3eb2e228""}",1,2,45561,2730,39505920,660.4928,395.589,59.89300716071394,1,3549,220110848,258711552,38600704,59de29f5ff121883f746daee41dd101f5943660e6830d90323ab3f4a0ca42215,274a1d494d11d87a1b767340d1f398f197810f93,2026-07-29T20:21:07.572944,1.108.207,c2201a55b6e1b0ea38043c514ab7bc3a372bad13,f8fc323fc3addabb5fdb2cc89ad46a3576a724a9e4bbac1f1b2fc6fac00c503a,1,wt-1.108.207,e3b0c44298fc1c149afbf4c8996fb92427ae41e4649b934ca495991b7852b855,,"{""process_cpu_ms"": 656.25, ""runtime_distribution_version"": ""1.108.199"", ""screening_target_policy"": ""middle stride target"", ""worker_pid"": 42688}"
django/django,django-3eb2e228,dependency_graph,cold_generation_safe_hybrid_screen,get_dependency_graph,all_files,baseline_full,3,"{""cross_repo"": false, ""depth"": 3, ""direction"": ""both"", ""file"": ""tests/custom_pk/fields.py"", ""repo"": ""local/django-3eb2e228""}",1,1,45561,2730,39505920,633.8566,372.6257,58.78706634907643,1,2308,218046464,257302528,39256064,ffed39f2fc2f89c9853b6f05aa0c832d2c966fbccd129b66c772874c97930db8,274a1d494d11d87a1b767340d1f398f197810f93,2026-07-29T20:21:07.572944,1.108.207,c2201a55b6e1b0ea38043c514ab7bc3a372bad13,f8fc323fc3addabb5fdb2cc89ad46a3576a724a9e4bbac1f1b2fc6fac00c503a,1,wt-1.108.207,e3b0c44298fc1c149afbf4c8996fb92427ae41e4649b934ca495991b7852b855,,"{""process_cpu_ms"": 640.625, ""runtime_distribution_version"": ""1.108.199"", ""screening_target_policy"": ""middle stride target"", ""worker_pid"": 42688}"
django/django,django-3eb2e228,dependency_graph,cold_generation_safe_hybrid_screen,get_dependency_graph,all_files,generation_safe_hybrid,3,"{""cross_repo"": false, ""depth"": 3, ""direction"": ""both"", ""file"": ""tests/custom_pk/fields.py"", ""repo"": ""local/django-3eb2e228""}",1,2,45561,2730,39505920,276.0512,14.4298,5.227218718846359,1,2308,199868416,208650240,8781824,ffed39f2fc2f89c9853b6f05aa0c832d2c966fbccd129b66c772874c97930db8,274a1d494d11d87a1b767340d1f398f197810f93,2026-07-29T20:21:07.572944,1.108.207,c2201a55b6e1b0ea38043c514ab7bc3a372bad13,f8fc323fc3addabb5fdb2cc89ad46a3576a724a9e4bbac1f1b2fc6fac00c503a,1,wt-generation-safe-hybrid,175f8765c4949317d4f48614b8cdacd8c537ab2755c49f13f78a0b2b855cab96,"M src/jcodemunch_mcp/server.py
 M src/jcodemunch_mcp/storage/index_store.py
 M src/jcodemunch_mcp/storage/sqlite_store.py
 M src/jcodemunch_mcp/tools/check_references.py
 M src/jcodemunch_mcp/tools/find_references.py
 M src/jcodemunch_mcp/tools/get_blast_radius.py
 M src/jcodemunch_mcp/tools/get_churn_rate.py
 M src/jcodemunch_mcp/tools/get_file_outline.py
 M src/jcodemunch_mcp/tools/get_file_risk.py
 M src/jcodemunch_mcp/tools/get_file_tree.py
 M src/jcodemunch_mcp/tools/get_symbol_complexity.py
 M src/jcodemunch_mcp/tools/get_symbol_provenance.py
?? tests/test_generation_safe_hybrid.py","{""process_cpu_ms"": 281.25, ""runtime_distribution_version"": ""1.108.199"", ""screening_target_policy"": ""middle stride target"", ""worker_pid"": 22800}"
django/django,django-3eb2e228,cross_repo_map_filtered,cold_generation_safe_hybrid_screen,get_cross_repo_map,all_files,generation_safe_hybrid,3,"{""repo"": ""local/django-3eb2e228""}",1,1,45561,2730,39505920,178.9482,15.6025,8.719003599924447,1,265,197951488,199569408,1617920,0ec037b4d1d0761d12ee860dab7d0b88749cf86caa2a3376080c7c040a47e7ac,274a1d494d11d87a1b767340d1f398f197810f93,2026-07-29T20:21:07.572944,1.108.207,c2201a55b6e1b0ea38043c514ab7bc3a372bad13,f8fc323fc3addabb5fdb2cc89ad46a3576a724a9e4bbac1f1b2fc6fac00c503a,1,wt-generation-safe-hybrid,175f8765c4949317d4f48614b8cdacd8c537ab2755c49f13f78a0b2b855cab96,"M src/jcodemunch_mcp/server.py
 M src/jcodemunch_mcp/storage/index_store.py
 M src/jcodemunch_mcp/storage/sqlite_store.py
 M src/jcodemunch_mcp/tools/check_references.py
 M src/jcodemunch_mcp/tools/find_references.py
 M src/jcodemunch_mcp/tools/get_blast_radius.py
 M src/jcodemunch_mcp/tools/get_churn_rate.py
 M src/jcodemunch_mcp/tools/get_file_outline.py
 M src/jcodemunch_mcp/tools/get_file_risk.py
 M src/jcodemunch_mcp/tools/get_file_tree.py
 M src/jcodemunch_mcp/tools/get_symbol_complexity.py
 M src/jcodemunch_mcp/tools/get_symbol_provenance.py
?? tests/test_generation_safe_hybrid.py","{""process_cpu_ms"": 187.5, ""runtime_distribution_version"": ""1.108.199"", ""screening_target_policy"": ""middle stride target"", ""worker_pid"": 22800}"
django/django,django-3eb2e228,cross_repo_map_filtered,cold_generation_safe_hybrid_screen,get_cross_repo_map,all_files,baseline_full,3,"{""repo"": ""local/django-3eb2e228""}",1,2,45561,2730,39505920,549.3636,392.6305,71.4700609942122,1,265,218324992,257830912,39505920,0ec037b4d1d0761d12ee860dab7d0b88749cf86caa2a3376080c7c040a47e7ac,274a1d494d11d87a1b767340d1f398f197810f93,2026-07-29T20:21:07.572944,1.108.207,c2201a55b6e1b0ea38043c514ab7bc3a372bad13,f8fc323fc3addabb5fdb2cc89ad46a3576a724a9e4bbac1f1b2fc6fac00c503a,1,wt-1.108.207,e3b0c44298fc1c149afbf4c8996fb92427ae41e4649b934ca495991b7852b855,,"{""process_cpu_ms"": 546.875, ""runtime_distribution_version"": ""1.108.199"", ""screening_target_policy"": ""middle stride target"", ""worker_pid"": 42688}"
django/django,django-3eb2e228,layer_violations,cold_generation_safe_hybrid_screen,get_layer_violations,all_files,baseline_full,3,"{""repo"": ""local/django-3eb2e228"", ""rules"": [{""may_not_import"": [], ""name"": ""all"", ""paths"": [""**/*""]}]}",1,1,45561,2730,39505920,616.1759,349.9872,56.799884578413405,1,176,218198016,257527808,39329792,d1b7f8d3c891fdf1b5613814668fd51355731992b665fa82f9ca2a91a34299f1,274a1d494d11d87a1b767340d1f398f197810f93,2026-07-29T20:21:07.572944,1.108.207,c2201a55b6e1b0ea38043c514ab7bc3a372bad13,f8fc323fc3addabb5fdb2cc89ad46a3576a724a9e4bbac1f1b2fc6fac00c503a,1,wt-1.108.207,e3b0c44298fc1c149afbf4c8996fb92427ae41e4649b934ca495991b7852b855,,"{""process_cpu_ms"": 625.0, ""runtime_distribution_version"": ""1.108.199"", ""screening_target_policy"": ""middle stride target"", ""worker_pid"": 42688}"
django/django,django-3eb2e228,layer_violations,cold_generation_safe_hybrid_screen,get_layer_violations,all_files,generation_safe_hybrid,3,"{""repo"": ""local/django-3eb2e228"", ""rules"": [{""may_not_import"": [], ""name"": ""all"", ""paths"": [""**/*""]}]}",1,2,45561,2730,39505920,273.4357,15.0171,5.492004153078767,1,176,200663040,201322496,659456,d1b7f8d3c891fdf1b5613814668fd51355731992b665fa82f9ca2a91a34299f1,274a1d494d11d87a1b767340d1f398f197810f93,2026-07-29T20:21:07.572944,1.108.207,c2201a55b6e1b0ea38043c514ab7bc3a372bad13,f8fc323fc3addabb5fdb2cc89ad46a3576a724a9e4bbac1f1b2fc6fac00c503a,1,wt-generation-safe-hybrid,175f8765c4949317d4f48614b8cdacd8c537ab2755c49f13f78a0b2b855cab96,"M src/jcodemunch_mcp/server.py
 M src/jcodemunch_mcp/storage/index_store.py
 M src/jcodemunch_mcp/storage/sqlite_store.py
 M src/jcodemunch_mcp/tools/check_references.py
 M src/jcodemunch_mcp/tools/find_references.py
 M src/jcodemunch_mcp/tools/get_blast_radius.py
 M src/jcodemunch_mcp/tools/get_churn_rate.py
 M src/jcodemunch_mcp/tools/get_file_outline.py
 M src/jcodemunch_mcp/tools/get_file_risk.py
 M src/jcodemunch_mcp/tools/get_file_tree.py
 M src/jcodemunch_mcp/tools/get_symbol_complexity.py
 M src/jcodemunch_mcp/tools/get_symbol_provenance.py
?? tests/test_generation_safe_hybrid.py","{""process_cpu_ms"": 281.25, ""runtime_distribution_version"": ""1.108.199"", ""screening_target_policy"": ""middle stride target"", ""worker_pid"": 22800}"
django/django,django-3eb2e228,file_tree_prefix,cold_generation_safe_hybrid_screen,get_file_tree,prefix_files,generation_safe_hybrid,3,"{""include_summaries"": true, ""path_prefix"": ""tests"", ""repo"": ""local/django-3eb2e228""}",1,1,45561,2730,39505920,83.363,12.9482,15.532310497462904,1,105108,199430144,200765440,1335296,bddd7ea4becdd97ee13fd7ef44c0f5dbf11deea1da31dedb0e9efa7ed16f6780,274a1d494d11d87a1b767340d1f398f197810f93,2026-07-29T20:21:07.572944,1.108.207,c2201a55b6e1b0ea38043c514ab7bc3a372bad13,f8fc323fc3addabb5fdb2cc89ad46a3576a724a9e4bbac1f1b2fc6fac00c503a,1,wt-generation-safe-hybrid,175f8765c4949317d4f48614b8cdacd8c537ab2755c49f13f78a0b2b855cab96,"M src/jcodemunch_mcp/server.py
 M src/jcodemunch_mcp/storage/index_store.py
 M src/jcodemunch_mcp/storage/sqlite_store.py
 M src/jcodemunch_mcp/tools/check_references.py
 M src/jcodemunch_mcp/tools/find_references.py
 M src/jcodemunch_mcp/tools/get_blast_radius.py
 M src/jcodemunch_mcp/tools/get_churn_rate.py
 M src/jcodemunch_mcp/tools/get_file_outline.py
 M src/jcodemunch_mcp/tools/get_file_risk.py
 M src/jcodemunch_mcp/tools/get_file_tree.py
 M src/jcodemunch_mcp/tools/get_symbol_complexity.py
 M src/jcodemunch_mcp/tools/get_symbol_provenance.py
?? tests/test_generation_safe_hybrid.py","{""process_cpu_ms"": 109.375, ""runtime_distribution_version"": ""1.108.199"", ""screening_target_policy"": ""middle stride target"", ""worker_pid"": 22800}"
django/django,django-3eb2e228,file_tree_prefix,cold_generation_safe_hybrid_screen,get_file_tree,prefix_files,baseline_full,3,"{""include_summaries"": true, ""path_prefix"": ""tests"", ""repo"": ""local/django-3eb2e228""}",1,2,45561,2730,39505920,402.1539,376.7086,93.67274568268516,1,105109,219533312,257744896,38211584,bddd7ea4becdd97ee13fd7ef44c0f5dbf11deea1da31dedb0e9efa7ed16f6780,274a1d494d11d87a1b767340d1f398f197810f93,2026-07-29T20:21:07.572944,1.108.207,c2201a55b6e1b0ea38043c514ab7bc3a372bad13,f8fc323fc3addabb5fdb2cc89ad46a3576a724a9e4bbac1f1b2fc6fac00c503a,1,wt-1.108.207,e3b0c44298fc1c149afbf4c8996fb92427ae41e4649b934ca495991b7852b855,,"{""process_cpu_ms"": 390.625, ""runtime_distribution_version"": ""1.108.199"", ""screening_target_policy"": ""middle stride target"", ""worker_pid"": 42688}"
expressjs/express,express-080294c3,symbol_source_single,cold_generation_safe_hybrid_screen,get_symbol_source,target_symbols,baseline_full,3,"{""repo"": ""local/express-080294c3"", ""symbol_id"": "".github/workflows/scorecard.yml::jobs.analysis.name#constant""}",1,1,471,172,507904,8.4334,4.3302,51.345839163326765,1,965,221085696,221130752,45056,ea0985f42b9fff945ec0f96b54568d4e42515e4962de7d7d8e31cd04712be12f,a3714473feb3d2908add734d340e7755fd85e0a3,2026-07-29T20:20:41.130953,1.108.207,c2201a55b6e1b0ea38043c514ab7bc3a372bad13,f8fc323fc3addabb5fdb2cc89ad46a3576a724a9e4bbac1f1b2fc6fac00c503a,1,wt-1.108.207,e3b0c44298fc1c149afbf4c8996fb92427ae41e4649b934ca495991b7852b855,,"{""process_cpu_ms"": 0.0, ""runtime_distribution_version"": ""1.108.199"", ""screening_target_policy"": ""middle stride target"", ""worker_pid"": 42688}"
expressjs/express,express-080294c3,symbol_source_single,cold_generation_safe_hybrid_screen,get_symbol_source,target_symbols,generation_safe_hybrid,3,"{""repo"": ""local/express-080294c3"", ""symbol_id"": "".github/workflows/scorecard.yml::jobs.analysis.name#constant""}",1,2,471,172,507904,6.2817,1.8114,28.836143082286643,1,965,200953856,200953856,0,ea0985f42b9fff945ec0f96b54568d4e42515e4962de7d7d8e31cd04712be12f,a3714473feb3d2908add734d340e7755fd85e0a3,2026-07-29T20:20:41.130953,1.108.207,c2201a55b6e1b0ea38043c514ab7bc3a372bad13,f8fc323fc3addabb5fdb2cc89ad46a3576a724a9e4bbac1f1b2fc6fac00c503a,1,wt-generation-safe-hybrid,175f8765c4949317d4f48614b8cdacd8c537ab2755c49f13f78a0b2b855cab96,"M src/jcodemunch_mcp/server.py
 M src/jcodemunch_mcp/storage/index_store.py
 M src/jcodemunch_mcp/storage/sqlite_store.py
 M src/jcodemunch_mcp/tools/check_references.py
 M src/jcodemunch_mcp/tools/find_references.py
 M src/jcodemunch_mcp/tools/get_blast_radius.py
 M src/jcodemunch_mcp/tools/get_churn_rate.py
 M src/jcodemunch_mcp/tools/get_file_outline.py
 M src/jcodemunch_mcp/tools/get_file_risk.py
 M src/jcodemunch_mcp/tools/get_file_tree.py
 M src/jcodemunch_mcp/tools/get_symbol_complexity.py
 M src/jcodemunch_mcp/tools/get_symbol_provenance.py
?? tests/test_generation_safe_hybrid.py","{""process_cpu_ms"": 0.0, ""runtime_distribution_version"": ""1.108.199"", ""screening_target_policy"": ""middle stride target"", ""worker_pid"": 22800}"
expressjs/express,express-080294c3,symbol_source_batch,cold_generation_safe_hybrid_screen,get_symbol_source,target_symbols,generation_safe_hybrid,3,"{""repo"": ""local/express-080294c3"", ""symbol_ids"": ["".github/workflows/scorecard.yml::jobs.analysis.name#constant"", "".github/workflows/scorecard.yml::jobs.analysis.runs-on#constant"", "".github/workflows/scorecard.yml::jobs.analysis.permissions#type""]}",1,1,471,172,507904,6.7811,1.6428,24.226157997964933,1,1890,200974336,200974336,0,d10e6100facd9a9fc93ffc6957a60e773372763b295af47144fb373e43b70ebd,a3714473feb3d2908add734d340e7755fd85e0a3,2026-07-29T20:20:41.130953,1.108.207,c2201a55b6e1b0ea38043c514ab7bc3a372bad13,f8fc323fc3addabb5fdb2cc89ad46a3576a724a9e4bbac1f1b2fc6fac00c503a,1,wt-generation-safe-hybrid,175f8765c4949317d4f48614b8cdacd8c537ab2755c49f13f78a0b2b855cab96,"M src/jcodemunch_mcp/server.py
 M src/jcodemunch_mcp/storage/index_store.py
 M src/jcodemunch_mcp/storage/sqlite_store.py
 M src/jcodemunch_mcp/tools/check_references.py
 M src/jcodemunch_mcp/tools/find_references.py
 M src/jcodemunch_mcp/tools/get_blast_radius.py
 M src/jcodemunch_mcp/tools/get_churn_rate.py
 M src/jcodemunch_mcp/tools/get_file_outline.py
 M src/jcodemunch_mcp/tools/get_file_risk.py
 M src/jcodemunch_mcp/tools/get_file_tree.py
 M src/jcodemunch_mcp/tools/get_symbol_complexity.py
 M src/jcodemunch_mcp/tools/get_symbol_provenance.py
?? tests/test_generation_safe_hybrid.py","{""process_cpu_ms"": 31.25, ""runtime_distribution_version"": ""1.108.199"", ""screening_target_policy"": ""middle stride target"", ""worker_pid"": 22800}"
expressjs/express,express-080294c3,symbol_source_batch,cold_generation_safe_hybrid_screen,get_symbol_source,target_symbols,baseline_full,3,"{""repo"": ""local/express-080294c3"", ""symbol_ids"": ["".github/workflows/scorecard.yml::jobs.analysis.name#constant"", "".github/workflows/scorecard.yml::jobs.analysis.runs-on#constant"", "".github/workflows/scorecard.yml::jobs.analysis.permissions#type""]}",1,2,471,172,507904,8.5938,4.2752,49.74749237822616,1,1890,221233152,221233152,0,d10e6100facd9a9fc93ffc6957a60e773372763b295af47144fb373e43b70ebd,a3714473feb3d2908add734d340e7755fd85e0a3,2026-07-29T20:20:41.130953,1.108.207,c2201a55b6e1b0ea38043c514ab7bc3a372bad13,f8fc323fc3addabb5fdb2cc89ad46a3576a724a9e4bbac1f1b2fc6fac00c503a,1,wt-1.108.207,e3b0c44298fc1c149afbf4c8996fb92427ae41e4649b934ca495991b7852b855,,"{""process_cpu_ms"": 0.0, ""runtime_distribution_version"": ""1.108.199"", ""screening_target_policy"": ""middle stride target"", ""worker_pid"": 42688}"
expressjs/express,express-080294c3,context_single,cold_generation_safe_hybrid_screen,get_context_bundle,target_symbols,baseline_full,3,"{""repo"": ""local/express-080294c3"", ""symbol_id"": "".github/workflows/scorecard.yml::jobs.analysis.name#constant""}",1,1,471,172,507904,7.7237,4.1364,53.55464349987701,1,593,221253632,221265920,12288,7b2ba4eb6848734aa8d0c731b3319cc994482ee83354219afe45679d273e9cce,a3714473feb3d2908add734d340e7755fd85e0a3,2026-07-29T20:20:41.130953,1.108.207,c2201a55b6e1b0ea38043c514ab7bc3a372bad13,f8fc323fc3addabb5fdb2cc89ad46a3576a724a9e4bbac1f1b2fc6fac00c503a,1,wt-1.108.207,e3b0c44298fc1c149afbf4c8996fb92427ae41e4649b934ca495991b7852b855,,"{""process_cpu_ms"": 0.0, ""runtime_distribution_version"": ""1.108.199"", ""screening_target_policy"": ""middle stride target"", ""worker_pid"": 42688}"
expressjs/express,express-080294c3,context_single,cold_generation_safe_hybrid_screen,get_context_bundle,target_symbols,generation_safe_hybrid,3,"{""repo"": ""local/express-080294c3"", ""symbol_id"": "".github/workflows/scorecard.yml::jobs.analysis.name#constant""}",1,2,471,172,507904,5.3535,1.3192,24.641823106379,1,593,200974336,200974336,0,7b2ba4eb6848734aa8d0c731b3319cc994482ee83354219afe45679d273e9cce,a3714473feb3d2908add734d340e7755fd85e0a3,2026-07-29T20:20:41.130953,1.108.207,c2201a55b6e1b0ea38043c514ab7bc3a372bad13,f8fc323fc3addabb5fdb2cc89ad46a3576a724a9e4bbac1f1b2fc6fac00c503a,1,wt-generation-safe-hybrid,175f8765c4949317d4f48614b8cdacd8c537ab2755c49f13f78a0b2b855cab96,"M src/jcodemunch_mcp/server.py
 M src/jcodemunch_mcp/storage/index_store.py
 M src/jcodemunch_mcp/storage/sqlite_store.py
 M src/jcodemunch_mcp/tools/check_references.py
 M src/jcodemunch_mcp/tools/find_references.py
 M src/jcodemunch_mcp/tools/get_blast_radius.py
 M src/jcodemunch_mcp/tools/get_churn_rate.py
 M src/jcodemunch_mcp/tools/get_file_outline.py
 M src/jcodemunch_mcp/tools/get_file_risk.py
 M src/jcodemunch_mcp/tools/get_file_tree.py
 M src/jcodemunch_mcp/tools/get_symbol_complexity.py
 M src/jcodemunch_mcp/tools/get_symbol_provenance.py
?? tests/test_generation_safe_hybrid.py","{""process_cpu_ms"": 31.25, ""runtime_distribution_version"": ""1.108.199"", ""screening_target_policy"": ""middle stride target"", ""worker_pid"": 22800}"
expressjs/express,express-080294c3,context_batch,cold_generation_safe_hybrid_screen,get_context_bundle,target_symbols,generation_safe_hybrid,3,"{""repo"": ""local/express-080294c3"", ""symbol_ids"": ["".github/workflows/scorecard.yml::jobs.analysis.name#constant"", "".github/workflows/scorecard.yml::jobs.analysis.runs-on#constant"", "".github/workflows/scorecard.yml::jobs.analysis.permissions#type""]}",1,1,471,172,507904,5.3385,1.3158,24.647372857544255,1,1624,200974336,200974336,0,3daf9cd937fd929e72546ec932eec09509ae194462c6a00138c9930cc420c98e,a3714473feb3d2908add734d340e7755fd85e0a3,2026-07-29T20:20:41.130953,1.108.207,c2201a55b6e1b0ea38043c514ab7bc3a372bad13,f8fc323fc3addabb5fdb2cc89ad46a3576a724a9e4bbac1f1b2fc6fac00c503a,1,wt-generation-safe-hybrid,175f8765c4949317d4f48614b8cdacd8c537ab2755c49f13f78a0b2b855cab96,"M src/jcodemunch_mcp/server.py
 M src/jcodemunch_mcp/storage/index_store.py
 M src/jcodemunch_mcp/storage/sqlite_store.py
 M src/jcodemunch_mcp/tools/check_references.py
 M src/jcodemunch_mcp/tools/find_references.py
 M src/jcodemunch_mcp/tools/get_blast_radius.py
 M src/jcodemunch_mcp/tools/get_churn_rate.py
 M src/jcodemunch_mcp/tools/get_file_outline.py
 M src/jcodemunch_mcp/tools/get_file_risk.py
 M src/jcodemunch_mcp/tools/get_file_tree.py
 M src/jcodemunch_mcp/tools/get_symbol_complexity.py
 M src/jcodemunch_mcp/tools/get_symbol_provenance.py
?? tests/test_generation_safe_hybrid.py","{""process_cpu_ms"": 0.0, ""runtime_distribution_version"": ""1.108.199"", ""screening_target_policy"": ""middle stride target"", ""worker_pid"": 22800}"
expressjs/express,express-080294c3,context_batch,cold_generation_safe_hybrid_screen,get_context_bundle,target_symbols,baseline_full,3,"{""repo"": ""local/express-080294c3"", ""symbol_ids"": ["".github/workflows/scorecard.yml::jobs.analysis.name#constant"", "".github/workflows/scorecard.yml::jobs.analysis.runs-on#constant"", "".github/workflows/scorecard.yml::jobs.analysis.permissions#type""]}",1,2,471,172,507904,7.637,4.1684,54.581642006023316,1,1624,221265920,221265920,0,3daf9cd937fd929e72546ec932eec09509ae194462c6a00138c9930cc420c98e,a3714473feb3d2908add734d340e7755fd85e0a3,2026-07-29T20:20:41.130953,1.108.207,c2201a55b6e1b0ea38043c514ab7bc3a372bad13,f8fc323fc3addabb5fdb2cc89ad46a3576a724a9e4bbac1f1b2fc6fac00c503a,1,wt-1.108.207,e3b0c44298fc1c149afbf4c8996fb92427ae41e4649b934ca495991b7852b855,,"{""process_cpu_ms"": 15.625, ""runtime_distribution_version"": ""1.108.199"", ""screening_target_policy"": ""middle stride target"", ""worker_pid"": 42688}"
expressjs/express,express-080294c3,context_single_callers,cold_generation_safe_hybrid_screen,get_context_bundle,all_files_target_symbols,baseline_full,3,"{""include_callers"": true, ""repo"": ""local/express-080294c3"", ""symbol_id"": "".github/workflows/scorecard.yml::jobs.analysis.name#constant""}",1,1,471,172,507904,10.035,4.2595,42.446437468858996,1,608,221265920,221265920,0,04017f65dfba303ac54c7889c71bc44e3152404600c9d8f9dbcc1c0998b2dbf3,a3714473feb3d2908add734d340e7755fd85e0a3,2026-07-29T20:20:41.130953,1.108.207,c2201a55b6e1b0ea38043c514ab7bc3a372bad13,f8fc323fc3addabb5fdb2cc89ad46a3576a724a9e4bbac1f1b2fc6fac00c503a,1,wt-1.108.207,e3b0c44298fc1c149afbf4c8996fb92427ae41e4649b934ca495991b7852b855,,"{""process_cpu_ms"": 15.625, ""runtime_distribution_version"": ""1.108.199"", ""screening_target_policy"": ""middle stride target"", ""worker_pid"": 42688}"
expressjs/express,express-080294c3,context_single_callers,cold_generation_safe_hybrid_screen,get_context_bundle,all_files_target_symbols,generation_safe_hybrid,3,"{""include_callers"": true, ""repo"": ""local/express-080294c3"", ""symbol_id"": "".github/workflows/scorecard.yml::jobs.analysis.name#constant""}",1,2,471,172,507904,8.2414,1.8003,21.844589511490764,1,608,200974336,200974336,0,04017f65dfba303ac54c7889c71bc44e3152404600c9d8f9dbcc1c0998b2dbf3,a3714473feb3d2908add734d340e7755fd85e0a3,2026-07-29T20:20:41.130953,1.108.207,c2201a55b6e1b0ea38043c514ab7bc3a372bad13,f8fc323fc3addabb5fdb2cc89ad46a3576a724a9e4bbac1f1b2fc6fac00c503a,1,wt-generation-safe-hybrid,175f8765c4949317d4f48614b8cdacd8c537ab2755c49f13f78a0b2b855cab96,"M src/jcodemunch_mcp/server.py
 M src/jcodemunch_mcp/storage/index_store.py
 M src/jcodemunch_mcp/storage/sqlite_store.py
 M src/jcodemunch_mcp/tools/check_references.py
 M src/jcodemunch_mcp/tools/find_references.py
 M src/jcodemunch_mcp/tools/get_blast_radius.py
 M src/jcodemunch_mcp/tools/get_churn_rate.py
 M src/jcodemunch_mcp/tools/get_file_outline.py
 M src/jcodemunch_mcp/tools/get_file_risk.py
 M src/jcodemunch_mcp/tools/get_file_tree.py
 M src/jcodemunch_mcp/tools/get_symbol_complexity.py
 M src/jcodemunch_mcp/tools/get_symbol_provenance.py
?? tests/test_generation_safe_hybrid.py","{""process_cpu_ms"": 31.25, ""runtime_distribution_version"": ""1.108.199"", ""screening_target_policy"": ""middle stride target"", ""worker_pid"": 22800}"
expressjs/express,express-080294c3,context_batch_callers,cold_generation_safe_hybrid_screen,get_context_bundle,all_files_target_symbols,generation_safe_hybrid,3,"{""include_callers"": true, ""repo"": ""local/express-080294c3"", ""symbol_ids"": ["".github/workflows/scorecard.yml::jobs.analysis.name#constant"", "".github/workflows/scorecard.yml::jobs.analysis.runs-on#constant"", "".github/workflows/scorecard.yml::jobs.analysis.permissions#type""]}",1,1,471,172,507904,13.1107,1.4058,10.722539605055413,1,1669,200974336,200974336,0,7d7a60e773bc92519999a9f00808f9f0c55c3c33bbb1e4e5ff9a778431a0627f,a3714473feb3d2908add734d340e7755fd85e0a3,2026-07-29T20:20:41.130953,1.108.207,c2201a55b6e1b0ea38043c514ab7bc3a372bad13,f8fc323fc3addabb5fdb2cc89ad46a3576a724a9e4bbac1f1b2fc6fac00c503a,1,wt-generation-safe-hybrid,175f8765c4949317d4f48614b8cdacd8c537ab2755c49f13f78a0b2b855cab96,"M src/jcodemunch_mcp/server.py
 M src/jcodemunch_mcp/storage/index_store.py
 M src/jcodemunch_mcp/storage/sqlite_store.py
 M src/jcodemunch_mcp/tools/check_references.py
 M src/jcodemunch_mcp/tools/find_references.py
 M src/jcodemunch_mcp/tools/get_blast_radius.py
 M src/jcodemunch_mcp/tools/get_churn_rate.py
 M src/jcodemunch_mcp/tools/get_file_outline.py
 M src/jcodemunch_mcp/tools/get_file_risk.py
 M src/jcodemunch_mcp/tools/get_file_tree.py
 M src/jcodemunch_mcp/tools/get_symbol_complexity.py
 M src/jcodemunch_mcp/tools/get_symbol_provenance.py
?? tests/test_generation_safe_hybrid.py","{""process_cpu_ms"": 15.625, ""runtime_distribution_version"": ""1.108.199"", ""screening_target_policy"": ""middle stride target"", ""worker_pid"": 22800}"
expressjs/express,express-080294c3,context_batch_callers,cold_generation_safe_hybrid_screen,get_context_bundle,all_files_target_symbols,baseline_full,3,"{""include_callers"": true, ""repo"": ""local/express-080294c3"", ""symbol_ids"": ["".github/workflows/scorecard.yml::jobs.analysis.name#constant"", "".github/workflows/scorecard.yml::jobs.analysis.runs-on#constant"", "".github/workflows/scorecard.yml::jobs.analysis.permissions#type""]}",1,2,471,172,507904,15.3277,4.116,26.85334394592796,1,1670,221360128,221360128,0,7d7a60e773bc92519999a9f00808f9f0c55c3c33bbb1e4e5ff9a778431a0627f,a3714473feb3d2908add734d340e7755fd85e0a3,2026-07-29T20:20:41.130953,1.108.207,c2201a55b6e1b0ea38043c514ab7bc3a372bad13,f8fc323fc3addabb5fdb2cc89ad46a3576a724a9e4bbac1f1b2fc6fac00c503a,1,wt-1.108.207,e3b0c44298fc1c149afbf4c8996fb92427ae41e4649b934ca495991b7852b855,,"{""process_cpu_ms"": 15.625, ""runtime_distribution_version"": ""1.108.199"", ""screening_target_policy"": ""middle stride target"", ""worker_pid"": 42688}"
expressjs/express,express-080294c3,file_content,cold_generation_safe_hybrid_screen,get_file_content,target_files,baseline_full,3,"{""file_path"": ""test/acceptance/cookies.js"", ""max_content_results"": 20, ""repo"": ""local/express-080294c3"", ""search_content"": true}",1,1,471,172,507904,7.2517,4.7355,65.30192920280761,1,3027,221364224,219246592,-2117632,fd78335b5e5f534e268452e25c22ce73d0aca55e5597636d78afd06ddcb2bcfe,a3714473feb3d2908add734d340e7755fd85e0a3,2026-07-29T20:20:41.130953,1.108.207,c2201a55b6e1b0ea38043c514ab7bc3a372bad13,f8fc323fc3addabb5fdb2cc89ad46a3576a724a9e4bbac1f1b2fc6fac00c503a,1,wt-1.108.207,e3b0c44298fc1c149afbf4c8996fb92427ae41e4649b934ca495991b7852b855,,"{""process_cpu_ms"": 31.25, ""runtime_distribution_version"": ""1.108.199"", ""screening_target_policy"": ""middle stride target"", ""worker_pid"": 42688}"
expressjs/express,express-080294c3,file_content,cold_generation_safe_hybrid_screen,get_file_content,target_files,generation_safe_hybrid,3,"{""file_path"": ""test/acceptance/cookies.js"", ""max_content_results"": 20, ""repo"": ""local/express-080294c3"", ""search_content"": true}",1,2,471,172,507904,4.3987,1.4247,32.389114965785346,1,3027,200974336,200974336,0,fd78335b5e5f534e268452e25c22ce73d0aca55e5597636d78afd06ddcb2bcfe,a3714473feb3d2908add734d340e7755fd85e0a3,2026-07-29T20:20:41.130953,1.108.207,c2201a55b6e1b0ea38043c514ab7bc3a372bad13,f8fc323fc3addabb5fdb2cc89ad46a3576a724a9e4bbac1f1b2fc6fac00c503a,1,wt-generation-safe-hybrid,175f8765c4949317d4f48614b8cdacd8c537ab2755c49f13f78a0b2b855cab96,"M src/jcodemunch_mcp/server.py
 M src/jcodemunch_mcp/storage/index_store.py
 M src/jcodemunch_mcp/storage/sqlite_store.py
 M src/jcodemunch_mcp/tools/check_references.py
 M src/jcodemunch_mcp/tools/find_references.py
 M src/jcodemunch_mcp/tools/get_blast_radius.py
 M src/jcodemunch_mcp/tools/get_churn_rate.py
 M src/jcodemunch_mcp/tools/get_file_outline.py
 M src/jcodemunch_mcp/tools/get_file_risk.py
 M src/jcodemunch_mcp/tools/get_file_tree.py
 M src/jcodemunch_mcp/tools/get_symbol_complexity.py
 M src/jcodemunch_mcp/tools/get_symbol_provenance.py
?? tests/test_generation_safe_hybrid.py","{""process_cpu_ms"": 0.0, ""runtime_distribution_version"": ""1.108.199"", ""screening_target_policy"": ""middle stride target"", ""worker_pid"": 22800}"
expressjs/express,express-080294c3,file_outline_single,cold_generation_safe_hybrid_screen,get_file_outline,target_file_symbols,generation_safe_hybrid,3,"{""file_path"": ""test/acceptance/cookies.js"", ""repo"": ""local/express-080294c3""}",1,1,471,172,507904,3.9733,1.3997,35.22764452721919,1,939,200974336,200974336,0,60e511ad664d2858b0d82698024682e0f72523991702c36074c6597f2f96bce7,a3714473feb3d2908add734d340e7755fd85e0a3,2026-07-29T20:20:41.130953,1.108.207,c2201a55b6e1b0ea38043c514ab7bc3a372bad13,f8fc323fc3addabb5fdb2cc89ad46a3576a724a9e4bbac1f1b2fc6fac00c503a,1,wt-generation-safe-hybrid,175f8765c4949317d4f48614b8cdacd8c537ab2755c49f13f78a0b2b855cab96,"M src/jcodemunch_mcp/server.py
 M src/jcodemunch_mcp/storage/index_store.py
 M src/jcodemunch_mcp/storage/sqlite_store.py
 M src/jcodemunch_mcp/tools/check_references.py
 M src/jcodemunch_mcp/tools/find_references.py
 M src/jcodemunch_mcp/tools/get_blast_radius.py
 M src/jcodemunch_mcp/tools/get_churn_rate.py
 M src/jcodemunch_mcp/tools/get_file_outline.py
 M src/jcodemunch_mcp/tools/get_file_risk.py
 M src/jcodemunch_mcp/tools/get_file_tree.py
 M src/jcodemunch_mcp/tools/get_symbol_complexity.py
 M src/jcodemunch_mcp/tools/get_symbol_provenance.py
?? tests/test_generation_safe_hybrid.py","{""process_cpu_ms"": 15.625, ""runtime_distribution_version"": ""1.108.199"", ""screening_target_policy"": ""middle stride target"", ""worker_pid"": 22800}"
expressjs/express,express-080294c3,file_outline_single,cold_generation_safe_hybrid_screen,get_file_outline,target_file_symbols,baseline_full,3,"{""file_path"": ""test/acceptance/cookies.js"", ""repo"": ""local/express-080294c3""}",1,2,471,172,507904,6.7392,4.1929,62.21658357075023,1,939,219275264,219275264,0,60e511ad664d2858b0d82698024682e0f72523991702c36074c6597f2f96bce7,a3714473feb3d2908add734d340e7755fd85e0a3,2026-07-29T20:20:41.130953,1.108.207,c2201a55b6e1b0ea38043c514ab7bc3a372bad13,f8fc323fc3addabb5fdb2cc89ad46a3576a724a9e4bbac1f1b2fc6fac00c503a,1,wt-1.108.207,e3b0c44298fc1c149afbf4c8996fb92427ae41e4649b934ca495991b7852b855,,"{""process_cpu_ms"": 31.25, ""runtime_distribution_version"": ""1.108.199"", ""screening_target_policy"": ""middle stride target"", ""worker_pid"": 42688}"
expressjs/express,express-080294c3,file_outline_batch,cold_generation_safe_hybrid_screen,get_file_outline,target_file_symbols,baseline_full,3,"{""file_paths"": [""test/acceptance/cookies.js"", ""test/acceptance/downloads.js"", ""test/acceptance/ejs.js""], ""repo"": ""local/express-080294c3""}",1,1,471,172,507904,7.63,4.1966,55.00131061598952,1,472,219283456,219295744,12288,5e315bf4a06a38eb67cb26d40422713ef9c2364b4d730c8210cd8e91c8243f6a,a3714473feb3d2908add734d340e7755fd85e0a3,2026-07-29T20:20:41.130953,1.108.207,c2201a55b6e1b0ea38043c514ab7bc3a372bad13,f8fc323fc3addabb5fdb2cc89ad46a3576a724a9e4bbac1f1b2fc6fac00c503a,1,wt-1.108.207,e3b0c44298fc1c149afbf4c8996fb92427ae41e4649b934ca495991b7852b855,,"{""process_cpu_ms"": 31.25, ""runtime_distribution_version"": ""1.108.199"", ""screening_target_policy"": ""middle stride target"", ""worker_pid"": 42688}"
expressjs/express,express-080294c3,file_outline_batch,cold_generation_safe_hybrid_screen,get_file_outline,target_file_symbols,generation_safe_hybrid,3,"{""file_paths"": [""test/acceptance/cookies.js"", ""test/acceptance/downloads.js"", ""test/acceptance/ejs.js""], ""repo"": ""local/express-080294c3""}",1,2,471,172,507904,4.9431,1.2558,25.405110153547366,1,472,200974336,200974336,0,5e315bf4a06a38eb67cb26d40422713ef9c2364b4d730c8210cd8e91c8243f6a,a3714473feb3d2908add734d340e7755fd85e0a3,2026-07-29T20:20:41.130953,1.108.207,c2201a55b6e1b0ea38043c514ab7bc3a372bad13,f8fc323fc3addabb5fdb2cc89ad46a3576a724a9e4bbac1f1b2fc6fac00c503a,1,wt-generation-safe-hybrid,175f8765c4949317d4f48614b8cdacd8c537ab2755c49f13f78a0b2b855cab96,"M src/jcodemunch_mcp/server.py
 M src/jcodemunch_mcp/storage/index_store.py
 M src/jcodemunch_mcp/storage/sqlite_store.py
 M src/jcodemunch_mcp/tools/check_references.py
 M src/jcodemunch_mcp/tools/find_references.py
 M src/jcodemunch_mcp/tools/get_blast_radius.py
 M src/jcodemunch_mcp/tools/get_churn_rate.py
 M src/jcodemunch_mcp/tools/get_file_outline.py
 M src/jcodemunch_mcp/tools/get_file_risk.py
 M src/jcodemunch_mcp/tools/get_file_tree.py
 M src/jcodemunch_mcp/tools/get_symbol_complexity.py
 M src/jcodemunch_mcp/tools/get_symbol_provenance.py
?? tests/test_generation_safe_hybrid.py","{""process_cpu_ms"": 0.0, ""runtime_distribution_version"": ""1.108.199"", ""screening_target_policy"": ""middle stride target"", ""worker_pid"": 22800}"
expressjs/express,express-080294c3,symbol_complexity,cold_generation_safe_hybrid_screen,get_symbol_complexity,target_symbols,generation_safe_hybrid,3,"{""repo"": ""local/express-080294c3"", ""symbol_id"": "".github/workflows/scorecard.yml::jobs.analysis.name#constant""}",1,1,471,172,507904,3.4094,1.283,37.63125476623452,1,570,200974336,200974336,0,002c4169909c5df7fefd442ab986fec0ac3d63b34041eaffa20c563a0f08f9c5,a3714473feb3d2908add734d340e7755fd85e0a3,2026-07-29T20:20:41.130953,1.108.207,c2201a55b6e1b0ea38043c514ab7bc3a372bad13,f8fc323fc3addabb5fdb2cc89ad46a3576a724a9e4bbac1f1b2fc6fac00c503a,1,wt-generation-safe-hybrid,175f8765c4949317d4f48614b8cdacd8c537ab2755c49f13f78a0b2b855cab96,"M src/jcodemunch_mcp/server.py
 M src/jcodemunch_mcp/storage/index_store.py
 M src/jcodemunch_mcp/storage/sqlite_store.py
 M src/jcodemunch_mcp/tools/check_references.py
 M src/jcodemunch_mcp/tools/find_references.py
 M src/jcodemunch_mcp/tools/get_blast_radius.py
 M src/jcodemunch_mcp/tools/get_churn_rate.py
 M src/jcodemunch_mcp/tools/get_file_outline.py
 M src/jcodemunch_mcp/tools/get_file_risk.py
 M src/jcodemunch_mcp/tools/get_file_tree.py
 M src/jcodemunch_mcp/tools/get_symbol_complexity.py
 M src/jcodemunch_mcp/tools/get_symbol_provenance.py
?? tests/test_generation_safe_hybrid.py","{""process_cpu_ms"": 0.0, ""runtime_distribution_version"": ""1.108.199"", ""screening_target_policy"": ""middle stride target"", ""worker_pid"": 22800}"
expressjs/express,express-080294c3,symbol_complexity,cold_generation_safe_hybrid_screen,get_symbol_complexity,target_symbols,baseline_full,3,"{""repo"": ""local/express-080294c3"", ""symbol_id"": "".github/workflows/scorecard.yml::jobs.analysis.name#constant""}",1,2,471,172,507904,5.905,4.1879,70.92125317527518,1,570,219303936,219303936,0,002c4169909c5df7fefd442ab986fec0ac3d63b34041eaffa20c563a0f08f9c5,a3714473feb3d2908add734d340e7755fd85e0a3,2026-07-29T20:20:41.130953,1.108.207,c2201a55b6e1b0ea38043c514ab7bc3a372bad13,f8fc323fc3addabb5fdb2cc89ad46a3576a724a9e4bbac1f1b2fc6fac00c503a,1,wt-1.108.207,e3b0c44298fc1c149afbf4c8996fb92427ae41e4649b934ca495991b7852b855,,"{""process_cpu_ms"": 31.25, ""runtime_distribution_version"": ""1.108.199"", ""screening_target_policy"": ""middle stride target"", ""worker_pid"": 42688}"
expressjs/express,express-080294c3,churn_symbol,cold_generation_safe_hybrid_screen,get_churn_rate,target_symbols,baseline_full,3,"{""days"": 30, ""repo"": ""local/express-080294c3"", ""target"": "".github/workflows/scorecard.yml::jobs.analysis.name#constant""}",1,1,471,172,507904,59.4563,4.3504,7.316970615393154,1,586,219344896,219410432,65536,0107a985a684f4be4d432e57eecc7686b5091b8a3e1791b61e519717743bb1ed,a3714473feb3d2908add734d340e7755fd85e0a3,2026-07-29T20:20:41.130953,1.108.207,c2201a55b6e1b0ea38043c514ab7bc3a372bad13,f8fc323fc3addabb5fdb2cc89ad46a3576a724a9e4bbac1f1b2fc6fac00c503a,1,wt-1.108.207,e3b0c44298fc1c149afbf4c8996fb92427ae41e4649b934ca495991b7852b855,,"{""process_cpu_ms"": 0.0, ""runtime_distribution_version"": ""1.108.199"", ""screening_target_policy"": ""middle stride target"", ""worker_pid"": 42688}"
expressjs/express,express-080294c3,churn_symbol,cold_generation_safe_hybrid_screen,get_churn_rate,target_symbols,generation_safe_hybrid,3,"{""days"": 30, ""repo"": ""local/express-080294c3"", ""target"": "".github/workflows/scorecard.yml::jobs.analysis.name#constant""}",1,2,471,172,507904,106.4934,1.442,1.3540745248062322,1,587,200986624,200986624,0,0107a985a684f4be4d432e57eecc7686b5091b8a3e1791b61e519717743bb1ed,a3714473feb3d2908add734d340e7755fd85e0a3,2026-07-29T20:20:41.130953,1.108.207,c2201a55b6e1b0ea38043c514ab7bc3a372bad13,f8fc323fc3addabb5fdb2cc89ad46a3576a724a9e4bbac1f1b2fc6fac00c503a,1,wt-generation-safe-hybrid,175f8765c4949317d4f48614b8cdacd8c537ab2755c49f13f78a0b2b855cab96,"M src/jcodemunch_mcp/server.py
 M src/jcodemunch_mcp/storage/index_store.py
 M src/jcodemunch_mcp/storage/sqlite_store.py
 M src/jcodemunch_mcp/tools/check_references.py
 M src/jcodemunch_mcp/tools/find_references.py
 M src/jcodemunch_mcp/tools/get_blast_radius.py
 M src/jcodemunch_mcp/tools/get_churn_rate.py
 M src/jcodemunch_mcp/tools/get_file_outline.py
 M src/jcodemunch_mcp/tools/get_file_risk.py
 M src/jcodemunch_mcp/tools/get_file_tree.py
 M src/jcodemunch_mcp/tools/get_symbol_complexity.py
 M src/jcodemunch_mcp/tools/get_symbol_provenance.py
?? tests/test_generation_safe_hybrid.py","{""process_cpu_ms"": 93.75, ""runtime_distribution_version"": ""1.108.199"", ""screening_target_policy"": ""middle stride target"", ""worker_pid"": 22800}"
expressjs/express,express-080294c3,churn_file,cold_generation_safe_hybrid_screen,get_churn_rate,metadata,generation_safe_hybrid,3,"{""days"": 30, ""repo"": ""local/express-080294c3"", ""target"": ""test/acceptance/cookies.js""}",1,1,471,172,507904,56.1429,1.56,2.778623833111578,1,520,200986624,200986624,0,3e35e251d33132221f8f81f7531503c5818f6acec70446b6135fae5db1d36cbc,a3714473feb3d2908add734d340e7755fd85e0a3,2026-07-29T20:20:41.130953,1.108.207,c2201a55b6e1b0ea38043c514ab7bc3a372bad13,f8fc323fc3addabb5fdb2cc89ad46a3576a724a9e4bbac1f1b2fc6fac00c503a,1,wt-generation-safe-hybrid,175f8765c4949317d4f48614b8cdacd8c537ab2755c49f13f78a0b2b855cab96,"M src/jcodemunch_mcp/server.py
 M src/jcodemunch_mcp/storage/index_store.py
 M src/jcodemunch_mcp/storage/sqlite_store.py
 M src/jcodemunch_mcp/tools/check_references.py
 M src/jcodemunch_mcp/tools/find_references.py
 M src/jcodemunch_mcp/tools/get_blast_radius.py
 M src/jcodemunch_mcp/tools/get_churn_rate.py
 M src/jcodemunch_mcp/tools/get_file_outline.py
 M src/jcodemunch_mcp/tools/get_file_risk.py
 M src/jcodemunch_mcp/tools/get_file_tree.py
 M src/jcodemunch_mcp/tools/get_symbol_complexity.py
 M src/jcodemunch_mcp/tools/get_symbol_provenance.py
?? tests/test_generation_safe_hybrid.py","{""process_cpu_ms"": 0.0, ""runtime_distribution_version"": ""1.108.199"", ""screening_target_policy"": ""middle stride target"", ""worker_pid"": 22800}"
expressjs/express,express-080294c3,churn_file,cold_generation_safe_hybrid_screen,get_churn_rate,metadata,baseline_full,3,"{""days"": 30, ""repo"": ""local/express-080294c3"", ""target"": ""test/acceptance/cookies.js""}",1,2,471,172,507904,62.1034,4.5216,7.280760795705228,1,520,219803648,219803648,0,3e35e251d33132221f8f81f7531503c5818f6acec70446b6135fae5db1d36cbc,a3714473feb3d2908add734d340e7755fd85e0a3,2026-07-29T20:20:41.130953,1.108.207,c2201a55b6e1b0ea38043c514ab7bc3a372bad13,f8fc323fc3addabb5fdb2cc89ad46a3576a724a9e4bbac1f1b2fc6fac00c503a,1,wt-1.108.207,e3b0c44298fc1c149afbf4c8996fb92427ae41e4649b934ca495991b7852b855,,"{""process_cpu_ms"": 15.625, ""runtime_distribution_version"": ""1.108.199"", ""screening_target_policy"": ""middle stride target"", ""worker_pid"": 42688}"
expressjs/express,express-080294c3,symbol_provenance,cold_generation_safe_hybrid_screen,get_symbol_provenance,target_symbols,baseline_full,3,"{""max_commits"": 3, ""repo"": ""local/express-080294c3"", ""symbol"": "".github/workflows/scorecard.yml::jobs.analysis.name#constant""}",1,1,471,172,507904,199.4543,5.1406,2.5773322510469816,1,1644,219832320,219832320,0,5f5ed567fd1ee3225c12a4eb23144be1dd585d436b69bff423a6ba7645c9e839,a3714473feb3d2908add734d340e7755fd85e0a3,2026-07-29T20:20:41.130953,1.108.207,c2201a55b6e1b0ea38043c514ab7bc3a372bad13,f8fc323fc3addabb5fdb2cc89ad46a3576a724a9e4bbac1f1b2fc6fac00c503a,1,wt-1.108.207,e3b0c44298fc1c149afbf4c8996fb92427ae41e4649b934ca495991b7852b855,,"{""process_cpu_ms"": 109.375, ""runtime_distribution_version"": ""1.108.199"", ""screening_target_policy"": ""middle stride target"", ""worker_pid"": 42688}"
expressjs/express,express-080294c3,symbol_provenance,cold_generation_safe_hybrid_screen,get_symbol_provenance,target_symbols,generation_safe_hybrid,3,"{""max_commits"": 3, ""repo"": ""local/express-080294c3"", ""symbol"": "".github/workflows/scorecard.yml::jobs.analysis.name#constant""}",1,2,471,172,507904,58.3427,2.6513,4.544356020547557,1,1643,201744384,201748480,4096,5f5ed567fd1ee3225c12a4eb23144be1dd585d436b69bff423a6ba7645c9e839,a3714473feb3d2908add734d340e7755fd85e0a3,2026-07-29T20:20:41.130953,1.108.207,c2201a55b6e1b0ea38043c514ab7bc3a372bad13,f8fc323fc3addabb5fdb2cc89ad46a3576a724a9e4bbac1f1b2fc6fac00c503a,1,wt-generation-safe-hybrid,175f8765c4949317d4f48614b8cdacd8c537ab2755c49f13f78a0b2b855cab96,"M src/jcodemunch_mcp/server.py
 M src/jcodemunch_mcp/storage/index_store.py
 M src/jcodemunch_mcp/storage/sqlite_store.py
 M src/jcodemunch_mcp/tools/check_references.py
 M src/jcodemunch_mcp/tools/find_references.py
 M src/jcodemunch_mcp/tools/get_blast_radius.py
 M src/jcodemunch_mcp/tools/get_churn_rate.py
 M src/jcodemunch_mcp/tools/get_file_outline.py
 M src/jcodemunch_mcp/tools/get_file_risk.py
 M src/jcodemunch_mcp/tools/get_file_tree.py
 M src/jcodemunch_mcp/tools/get_symbol_complexity.py
 M src/jcodemunch_mcp/tools/get_symbol_provenance.py
?? tests/test_generation_safe_hybrid.py","{""process_cpu_ms"": 15.625, ""runtime_distribution_version"": ""1.108.199"", ""screening_target_policy"": ""middle stride target"", ""worker_pid"": 22800}"
expressjs/express,express-080294c3,references_single,cold_generation_safe_hybrid_screen,find_references,all_files,generation_safe_hybrid,3,"{""identifier"": ""name"", ""repo"": ""local/express-080294c3""}",1,1,471,172,507904,4.5562,1.4002,30.731750142662744,1,365,201756672,201773056,16384,829edb94ddc8b3ebb40b5dcc7523467a108cb824cf1b00f8c72da8dcbd0b199e,a3714473feb3d2908add734d340e7755fd85e0a3,2026-07-29T20:20:41.130953,1.108.207,c2201a55b6e1b0ea38043c514ab7bc3a372bad13,f8fc323fc3addabb5fdb2cc89ad46a3576a724a9e4bbac1f1b2fc6fac00c503a,1,wt-generation-safe-hybrid,175f8765c4949317d4f48614b8cdacd8c537ab2755c49f13f78a0b2b855cab96,"M src/jcodemunch_mcp/server.py
 M src/jcodemunch_mcp/storage/index_store.py
 M src/jcodemunch_mcp/storage/sqlite_store.py
 M src/jcodemunch_mcp/tools/check_references.py
 M src/jcodemunch_mcp/tools/find_references.py
 M src/jcodemunch_mcp/tools/get_blast_radius.py
 M src/jcodemunch_mcp/tools/get_churn_rate.py
 M src/jcodemunch_mcp/tools/get_file_outline.py
 M src/jcodemunch_mcp/tools/get_file_risk.py
 M src/jcodemunch_mcp/tools/get_file_tree.py
 M src/jcodemunch_mcp/tools/get_symbol_complexity.py
 M src/jcodemunch_mcp/tools/get_symbol_provenance.py
?? tests/test_generation_safe_hybrid.py","{""process_cpu_ms"": 0.0, ""runtime_distribution_version"": ""1.108.199"", ""screening_target_policy"": ""middle stride target"", ""worker_pid"": 22800}"
expressjs/express,express-080294c3,references_single,cold_generation_safe_hybrid_screen,find_references,all_files,baseline_full,3,"{""identifier"": ""name"", ""repo"": ""local/express-080294c3""}",1,2,471,172,507904,7.3533,4.293,58.38195096079312,1,365,219832320,219832320,0,829edb94ddc8b3ebb40b5dcc7523467a108cb824cf1b00f8c72da8dcbd0b199e,a3714473feb3d2908add734d340e7755fd85e0a3,2026-07-29T20:20:41.130953,1.108.207,c2201a55b6e1b0ea38043c514ab7bc3a372bad13,f8fc323fc3addabb5fdb2cc89ad46a3576a724a9e4bbac1f1b2fc6fac00c503a,1,wt-1.108.207,e3b0c44298fc1c149afbf4c8996fb92427ae41e4649b934ca495991b7852b855,,"{""process_cpu_ms"": 31.25, ""runtime_distribution_version"": ""1.108.199"", ""screening_target_policy"": ""middle stride target"", ""worker_pid"": 42688}"
expressjs/express,express-080294c3,references_batch,cold_generation_safe_hybrid_screen,find_references,all_files,baseline_full,3,"{""identifiers"": [""name"", ""runs-on"", ""permissions""], ""repo"": ""local/express-080294c3""}",1,1,471,172,507904,7.0879,4.1328,58.3078203699262,1,339,219832320,219836416,4096,2f91b1b571892d5e48135add2910a1d143f8a5af1db68170d3187eb6219a1b03,a3714473feb3d2908add734d340e7755fd85e0a3,2026-07-29T20:20:41.130953,1.108.207,c2201a55b6e1b0ea38043c514ab7bc3a372bad13,f8fc323fc3addabb5fdb2cc89ad46a3576a724a9e4bbac1f1b2fc6fac00c503a,1,wt-1.108.207,e3b0c44298fc1c149afbf4c8996fb92427ae41e4649b934ca495991b7852b855,,"{""process_cpu_ms"": 15.625, ""runtime_distribution_version"": ""1.108.199"", ""screening_target_policy"": ""middle stride target"", ""worker_pid"": 42688}"
expressjs/express,express-080294c3,references_batch,cold_generation_safe_hybrid_screen,find_references,all_files,generation_safe_hybrid,3,"{""identifiers"": [""name"", ""runs-on"", ""permissions""], ""repo"": ""local/express-080294c3""}",1,2,471,172,507904,6.3033,3.0806,48.87281265368934,1,339,201773056,201773056,0,2f91b1b571892d5e48135add2910a1d143f8a5af1db68170d3187eb6219a1b03,a3714473feb3d2908add734d340e7755fd85e0a3,2026-07-29T20:20:41.130953,1.108.207,c2201a55b6e1b0ea38043c514ab7bc3a372bad13,f8fc323fc3addabb5fdb2cc89ad46a3576a724a9e4bbac1f1b2fc6fac00c503a,1,wt-generation-safe-hybrid,175f8765c4949317d4f48614b8cdacd8c537ab2755c49f13f78a0b2b855cab96,"M src/jcodemunch_mcp/server.py
 M src/jcodemunch_mcp/storage/index_store.py
 M src/jcodemunch_mcp/storage/sqlite_store.py
 M src/jcodemunch_mcp/tools/check_references.py
 M src/jcodemunch_mcp/tools/find_references.py
 M src/jcodemunch_mcp/tools/get_blast_radius.py
 M src/jcodemunch_mcp/tools/get_churn_rate.py
 M src/jcodemunch_mcp/tools/get_file_outline.py
 M src/jcodemunch_mcp/tools/get_file_risk.py
 M src/jcodemunch_mcp/tools/get_file_tree.py
 M src/jcodemunch_mcp/tools/get_symbol_complexity.py
 M src/jcodemunch_mcp/tools/get_symbol_provenance.py
?? tests/test_generation_safe_hybrid.py","{""process_cpu_ms"": 0.0, ""runtime_distribution_version"": ""1.108.199"", ""screening_target_policy"": ""middle stride target"", ""worker_pid"": 22800}"
expressjs/express,express-080294c3,references_call_chain,cold_generation_safe_hybrid_screen,find_references,reference_call_chain,generation_safe_hybrid,3,"{""identifier"": ""name"", ""include_call_chain"": true, ""repo"": ""local/express-080294c3""}",1,1,471,172,507904,52.1842,48.2836,92.52532375699924,1,366,201777152,198291456,-3485696,829edb94ddc8b3ebb40b5dcc7523467a108cb824cf1b00f8c72da8dcbd0b199e,a3714473feb3d2908add734d340e7755fd85e0a3,2026-07-29T20:20:41.130953,1.108.207,c2201a55b6e1b0ea38043c514ab7bc3a372bad13,f8fc323fc3addabb5fdb2cc89ad46a3576a724a9e4bbac1f1b2fc6fac00c503a,1,wt-generation-safe-hybrid,175f8765c4949317d4f48614b8cdacd8c537ab2755c49f13f78a0b2b855cab96,"M src/jcodemunch_mcp/server.py
 M src/jcodemunch_mcp/storage/index_store.py
 M src/jcodemunch_mcp/storage/sqlite_store.py
 M src/jcodemunch_mcp/tools/check_references.py
 M src/jcodemunch_mcp/tools/find_references.py
 M src/jcodemunch_mcp/tools/get_blast_radius.py
 M src/jcodemunch_mcp/tools/get_churn_rate.py
 M src/jcodemunch_mcp/tools/get_file_outline.py
 M src/jcodemunch_mcp/tools/get_file_risk.py
 M src/jcodemunch_mcp/tools/get_file_tree.py
 M src/jcodemunch_mcp/tools/get_symbol_complexity.py
 M src/jcodemunch_mcp/tools/get_symbol_provenance.py
?? tests/test_generation_safe_hybrid.py","{""process_cpu_ms"": 46.875, ""runtime_distribution_version"": ""1.108.199"", ""screening_target_policy"": ""middle stride target"", ""worker_pid"": 22800}"
expressjs/express,express-080294c3,references_call_chain,cold_generation_safe_hybrid_screen,find_references,reference_call_chain,baseline_full,3,"{""identifier"": ""name"", ""include_call_chain"": true, ""repo"": ""local/express-080294c3""}",1,2,471,172,507904,7.1726,4.1514,57.878593536513954,1,365,219836416,219836416,0,829edb94ddc8b3ebb40b5dcc7523467a108cb824cf1b00f8c72da8dcbd0b199e,a3714473feb3d2908add734d340e7755fd85e0a3,2026-07-29T20:20:41.130953,1.108.207,c2201a55b6e1b0ea38043c514ab7bc3a372bad13,f8fc323fc3addabb5fdb2cc89ad46a3576a724a9e4bbac1f1b2fc6fac00c503a,1,wt-1.108.207,e3b0c44298fc1c149afbf4c8996fb92427ae41e4649b934ca495991b7852b855,,"{""process_cpu_ms"": 15.625, ""runtime_distribution_version"": ""1.108.199"", ""screening_target_policy"": ""middle stride target"", ""worker_pid"": 42688}"
expressjs/express,express-080294c3,importers_single,cold_generation_safe_hybrid_screen,find_importers,all_files,baseline_full,3,"{""cross_repo"": false, ""file_path"": ""test/acceptance/cookies.js"", ""repo"": ""local/express-080294c3""}",1,1,471,172,507904,11.7808,4.115,34.92971614830911,1,401,219836416,219836416,0,549c5cb63878699287a1ddfabd729c54d297095f36fbbae07d98cc776255793a,a3714473feb3d2908add734d340e7755fd85e0a3,2026-07-29T20:20:41.130953,1.108.207,c2201a55b6e1b0ea38043c514ab7bc3a372bad13,f8fc323fc3addabb5fdb2cc89ad46a3576a724a9e4bbac1f1b2fc6fac00c503a,1,wt-1.108.207,e3b0c44298fc1c149afbf4c8996fb92427ae41e4649b934ca495991b7852b855,,"{""process_cpu_ms"": 0.0, ""runtime_distribution_version"": ""1.108.199"", ""screening_target_policy"": ""middle stride target"", ""worker_pid"": 42688}"
expressjs/express,express-080294c3,importers_single,cold_generation_safe_hybrid_screen,find_importers,all_files,generation_safe_hybrid,3,"{""cross_repo"": false, ""file_path"": ""test/acceptance/cookies.js"", ""repo"": ""local/express-080294c3""}",1,2,471,172,507904,8.8998,1.5011,16.86667116114969,1,401,198307840,198307840,0,549c5cb63878699287a1ddfabd729c54d297095f36fbbae07d98cc776255793a,a3714473feb3d2908add734d340e7755fd85e0a3,2026-07-29T20:20:41.130953,1.108.207,c2201a55b6e1b0ea38043c514ab7bc3a372bad13,f8fc323fc3addabb5fdb2cc89ad46a3576a724a9e4bbac1f1b2fc6fac00c503a,1,wt-generation-safe-hybrid,175f8765c4949317d4f48614b8cdacd8c537ab2755c49f13f78a0b2b855cab96,"M src/jcodemunch_mcp/server.py
 M src/jcodemunch_mcp/storage/index_store.py
 M src/jcodemunch_mcp/storage/sqlite_store.py
 M src/jcodemunch_mcp/tools/check_references.py
 M src/jcodemunch_mcp/tools/find_references.py
 M src/jcodemunch_mcp/tools/get_blast_radius.py
 M src/jcodemunch_mcp/tools/get_churn_rate.py
 M src/jcodemunch_mcp/tools/get_file_outline.py
 M src/jcodemunch_mcp/tools/get_file_risk.py
 M src/jcodemunch_mcp/tools/get_file_tree.py
 M src/jcodemunch_mcp/tools/get_symbol_complexity.py
 M src/jcodemunch_mcp/tools/get_symbol_provenance.py
?? tests/test_generation_safe_hybrid.py","{""process_cpu_ms"": 15.625, ""runtime_distribution_version"": ""1.108.199"", ""screening_target_policy"": ""middle stride target"", ""worker_pid"": 22800}"
expressjs/express,express-080294c3,importers_batch,cold_generation_safe_hybrid_screen,find_importers,all_files,generation_safe_hybrid,3,"{""cross_repo"": false, ""file_paths"": [""test/acceptance/cookies.js"", ""test/acceptance/downloads.js"", ""test/acceptance/ejs.js""], ""repo"": ""local/express-080294c3""}",1,1,471,172,507904,9.2069,1.4511,15.761005332956806,1,384,198307840,198307840,0,7eb7d5f84e3fc1452eefd12909458adaa2f261346450e3c04a18b4a4e08a3bf4,a3714473feb3d2908add734d340e7755fd85e0a3,2026-07-29T20:20:41.130953,1.108.207,c2201a55b6e1b0ea38043c514ab7bc3a372bad13,f8fc323fc3addabb5fdb2cc89ad46a3576a724a9e4bbac1f1b2fc6fac00c503a,1,wt-generation-safe-hybrid,175f8765c4949317d4f48614b8cdacd8c537ab2755c49f13f78a0b2b855cab96,"M src/jcodemunch_mcp/server.py
 M src/jcodemunch_mcp/storage/index_store.py
 M src/jcodemunch_mcp/storage/sqlite_store.py
 M src/jcodemunch_mcp/tools/check_references.py
 M src/jcodemunch_mcp/tools/find_references.py
 M src/jcodemunch_mcp/tools/get_blast_radius.py
 M src/jcodemunch_mcp/tools/get_churn_rate.py
 M src/jcodemunch_mcp/tools/get_file_outline.py
 M src/jcodemunch_mcp/tools/get_file_risk.py
 M src/jcodemunch_mcp/tools/get_file_tree.py
 M src/jcodemunch_mcp/tools/get_symbol_complexity.py
 M src/jcodemunch_mcp/tools/get_symbol_provenance.py
?? tests/test_generation_safe_hybrid.py","{""process_cpu_ms"": 15.625, ""runtime_distribution_version"": ""1.108.199"", ""screening_target_policy"": ""middle stride target"", ""worker_pid"": 22800}"
expressjs/express,express-080294c3,importers_batch,cold_generation_safe_hybrid_screen,find_importers,all_files,baseline_full,3,"{""cross_repo"": false, ""file_paths"": [""test/acceptance/cookies.js"", ""test/acceptance/downloads.js"", ""test/acceptance/ejs.js""], ""repo"": ""local/express-080294c3""}",1,2,471,172,507904,11.6931,4.2877,36.668633638641595,1,384,219836416,219836416,0,7eb7d5f84e3fc1452eefd12909458adaa2f261346450e3c04a18b4a4e08a3bf4,a3714473feb3d2908add734d340e7755fd85e0a3,2026-07-29T20:20:41.130953,1.108.207,c2201a55b6e1b0ea38043c514ab7bc3a372bad13,f8fc323fc3addabb5fdb2cc89ad46a3576a724a9e4bbac1f1b2fc6fac00c503a,1,wt-1.108.207,e3b0c44298fc1c149afbf4c8996fb92427ae41e4649b934ca495991b7852b855,,"{""process_cpu_ms"": 15.625, ""runtime_distribution_version"": ""1.108.199"", ""screening_target_policy"": ""middle stride target"", ""worker_pid"": 42688}"
expressjs/express,express-080294c3,check_refs_single_imports,cold_generation_safe_hybrid_screen,check_references,all_files_definitions,baseline_full,3,"{""identifier"": ""name"", ""repo"": ""local/express-080294c3"", ""search_content"": false}",1,1,471,172,507904,6.9177,4.325,62.52078002804401,1,229,219836416,219836416,0,e1c98ff59046427b5b73bd11eca617f958283cca7557946d578fb64cad4773b6,a3714473feb3d2908add734d340e7755fd85e0a3,2026-07-29T20:20:41.130953,1.108.207,c2201a55b6e1b0ea38043c514ab7bc3a372bad13,f8fc323fc3addabb5fdb2cc89ad46a3576a724a9e4bbac1f1b2fc6fac00c503a,1,wt-1.108.207,e3b0c44298fc1c149afbf4c8996fb92427ae41e4649b934ca495991b7852b855,,"{""process_cpu_ms"": 0.0, ""runtime_distribution_version"": ""1.108.199"", ""screening_target_policy"": ""middle stride target"", ""worker_pid"": 42688}"
expressjs/express,express-080294c3,check_refs_single_imports,cold_generation_safe_hybrid_screen,check_references,all_files_definitions,generation_safe_hybrid,3,"{""identifier"": ""name"", ""repo"": ""local/express-080294c3"", ""search_content"": false}",1,2,471,172,507904,5.0412,1.9901,39.476711893993496,1,229,198348800,198348800,0,e1c98ff59046427b5b73bd11eca617f958283cca7557946d578fb64cad4773b6,a3714473feb3d2908add734d340e7755fd85e0a3,2026-07-29T20:20:41.130953,1.108.207,c2201a55b6e1b0ea38043c514ab7bc3a372bad13,f8fc323fc3addabb5fdb2cc89ad46a3576a724a9e4bbac1f1b2fc6fac00c503a,1,wt-generation-safe-hybrid,175f8765c4949317d4f48614b8cdacd8c537ab2755c49f13f78a0b2b855cab96,"M src/jcodemunch_mcp/server.py
 M src/jcodemunch_mcp/storage/index_store.py
 M src/jcodemunch_mcp/storage/sqlite_store.py
 M src/jcodemunch_mcp/tools/check_references.py
 M src/jcodemunch_mcp/tools/find_references.py
 M src/jcodemunch_mcp/tools/get_blast_radius.py
 M src/jcodemunch_mcp/tools/get_churn_rate.py
 M src/jcodemunch_mcp/tools/get_file_outline.py
 M src/jcodemunch_mcp/tools/get_file_risk.py
 M src/jcodemunch_mcp/tools/get_file_tree.py
 M src/jcodemunch_mcp/tools/get_symbol_complexity.py
 M src/jcodemunch_mcp/tools/get_symbol_provenance.py
?? tests/test_generation_safe_hybrid.py","{""process_cpu_ms"": 15.625, ""runtime_distribution_version"": ""1.108.199"", ""screening_target_policy"": ""middle stride target"", ""worker_pid"": 22800}"
expressjs/express,express-080294c3,check_refs_batch_imports,cold_generation_safe_hybrid_screen,check_references,all_files_definitions,generation_safe_hybrid,3,"{""identifiers"": [""name"", ""runs-on"", ""permissions""], ""repo"": ""local/express-080294c3"", ""search_content"": false}",1,1,471,172,507904,5.3712,1.4116,26.280905570449807,1,373,198459392,198459392,0,12c6df9925a8c7673955a725648a2b64f2aaeb665582e6b6684b7156cb6e421b,a3714473feb3d2908add734d340e7755fd85e0a3,2026-07-29T20:20:41.130953,1.108.207,c2201a55b6e1b0ea38043c514ab7bc3a372bad13,f8fc323fc3addabb5fdb2cc89ad46a3576a724a9e4bbac1f1b2fc6fac00c503a,1,wt-generation-safe-hybrid,175f8765c4949317d4f48614b8cdacd8c537ab2755c49f13f78a0b2b855cab96,"M src/jcodemunch_mcp/server.py
 M src/jcodemunch_mcp/storage/index_store.py
 M src/jcodemunch_mcp/storage/sqlite_store.py
 M src/jcodemunch_mcp/tools/check_references.py
 M src/jcodemunch_mcp/tools/find_references.py
 M src/jcodemunch_mcp/tools/get_blast_radius.py
 M src/jcodemunch_mcp/tools/get_churn_rate.py
 M src/jcodemunch_mcp/tools/get_file_outline.py
 M src/jcodemunch_mcp/tools/get_file_risk.py
 M src/jcodemunch_mcp/tools/get_file_tree.py
 M src/jcodemunch_mcp/tools/get_symbol_complexity.py
 M src/jcodemunch_mcp/tools/get_symbol_provenance.py
?? tests/test_generation_safe_hybrid.py","{""process_cpu_ms"": 0.0, ""runtime_distribution_version"": ""1.108.199"", ""screening_target_policy"": ""middle stride target"", ""worker_pid"": 22800}"
expressjs/express,express-080294c3,check_refs_batch_imports,cold_generation_safe_hybrid_screen,check_references,all_files_definitions,baseline_full,3,"{""identifiers"": [""name"", ""runs-on"", ""permissions""], ""repo"": ""local/express-080294c3"", ""search_content"": false}",1,2,471,172,507904,7.1533,4.1693,58.2849873484965,1,373,219836416,219836416,0,12c6df9925a8c7673955a725648a2b64f2aaeb665582e6b6684b7156cb6e421b,a3714473feb3d2908add734d340e7755fd85e0a3,2026-07-29T20:20:41.130953,1.108.207,c2201a55b6e1b0ea38043c514ab7bc3a372bad13,f8fc323fc3addabb5fdb2cc89ad46a3576a724a9e4bbac1f1b2fc6fac00c503a,1,wt-1.108.207,e3b0c44298fc1c149afbf4c8996fb92427ae41e4649b934ca495991b7852b855,,"{""process_cpu_ms"": 15.625, ""runtime_distribution_version"": ""1.108.199"", ""screening_target_policy"": ""middle stride target"", ""worker_pid"": 42688}"
expressjs/express,express-080294c3,check_refs_single_content,cold_generation_safe_hybrid_screen,check_references,all_files_definitions,baseline_full,3,"{""identifier"": ""name"", ""max_content_results"": 20, ""repo"": ""local/express-080294c3"", ""search_content"": true}",1,1,471,172,507904,11.9305,4.1884,35.10665940237207,1,6057,219836416,219836416,0,8aa86f0305e9a79445303cc1e7b73dc94742f38812d668e19bcac6a294a0b093,a3714473feb3d2908add734d340e7755fd85e0a3,2026-07-29T20:20:41.130953,1.108.207,c2201a55b6e1b0ea38043c514ab7bc3a372bad13,f8fc323fc3addabb5fdb2cc89ad46a3576a724a9e4bbac1f1b2fc6fac00c503a,1,wt-1.108.207,e3b0c44298fc1c149afbf4c8996fb92427ae41e4649b934ca495991b7852b855,,"{""process_cpu_ms"": 15.625, ""runtime_distribution_version"": ""1.108.199"", ""screening_target_policy"": ""middle stride target"", ""worker_pid"": 42688}"
expressjs/express,express-080294c3,check_refs_single_content,cold_generation_safe_hybrid_screen,check_references,all_files_definitions,generation_safe_hybrid,3,"{""identifier"": ""name"", ""max_content_results"": 20, ""repo"": ""local/express-080294c3"", ""search_content"": true}",1,2,471,172,507904,9.7179,1.5565,16.0168349128927,1,6057,198496256,198500352,4096,8aa86f0305e9a79445303cc1e7b73dc94742f38812d668e19bcac6a294a0b093,a3714473feb3d2908add734d340e7755fd85e0a3,2026-07-29T20:20:41.130953,1.108.207,c2201a55b6e1b0ea38043c514ab7bc3a372bad13,f8fc323fc3addabb5fdb2cc89ad46a3576a724a9e4bbac1f1b2fc6fac00c503a,1,wt-generation-safe-hybrid,175f8765c4949317d4f48614b8cdacd8c537ab2755c49f13f78a0b2b855cab96,"M src/jcodemunch_mcp/server.py
 M src/jcodemunch_mcp/storage/index_store.py
 M src/jcodemunch_mcp/storage/sqlite_store.py
 M src/jcodemunch_mcp/tools/check_references.py
 M src/jcodemunch_mcp/tools/find_references.py
 M src/jcodemunch_mcp/tools/get_blast_radius.py
 M src/jcodemunch_mcp/tools/get_churn_rate.py
 M src/jcodemunch_mcp/tools/get_file_outline.py
 M src/jcodemunch_mcp/tools/get_file_risk.py
 M src/jcodemunch_mcp/tools/get_file_tree.py
 M src/jcodemunch_mcp/tools/get_symbol_complexity.py
 M src/jcodemunch_mcp/tools/get_symbol_provenance.py
?? tests/test_generation_safe_hybrid.py","{""process_cpu_ms"": 0.0, ""runtime_distribution_version"": ""1.108.199"", ""screening_target_policy"": ""middle stride target"", ""worker_pid"": 22800}"
expressjs/express,express-080294c3,check_refs_batch_content,cold_generation_safe_hybrid_screen,check_references,all_files_definitions,generation_safe_hybrid,3,"{""identifiers"": [""name"", ""runs-on"", ""permissions""], ""max_content_results"": 20, ""repo"": ""local/express-080294c3"", ""search_content"": true}",1,1,471,172,507904,60.8676,1.5367,2.5246600818826437,1,6390,198750208,198901760,151552,5f3c6b55ef3ad3d6d9a576d36f36429a164b240ba69211a3bd4618fa94037a0b,a3714473feb3d2908add734d340e7755fd85e0a3,2026-07-29T20:20:41.130953,1.108.207,c2201a55b6e1b0ea38043c514ab7bc3a372bad13,f8fc323fc3addabb5fdb2cc89ad46a3576a724a9e4bbac1f1b2fc6fac00c503a,1,wt-generation-safe-hybrid,175f8765c4949317d4f48614b8cdacd8c537ab2755c49f13f78a0b2b855cab96,"M src/jcodemunch_mcp/server.py
 M src/jcodemunch_mcp/storage/index_store.py
 M src/jcodemunch_mcp/storage/sqlite_store.py
 M src/jcodemunch_mcp/tools/check_references.py
 M src/jcodemunch_mcp/tools/find_references.py
 M src/jcodemunch_mcp/tools/get_blast_radius.py
 M src/jcodemunch_mcp/tools/get_churn_rate.py
 M src/jcodemunch_mcp/tools/get_file_outline.py
 M src/jcodemunch_mcp/tools/get_file_risk.py
 M src/jcodemunch_mcp/tools/get_file_tree.py
 M src/jcodemunch_mcp/tools/get_symbol_complexity.py
 M src/jcodemunch_mcp/tools/get_symbol_provenance.py
?? tests/test_generation_safe_hybrid.py","{""process_cpu_ms"": 62.5, ""runtime_distribution_version"": ""1.108.199"", ""screening_target_policy"": ""middle stride target"", ""worker_pid"": 22800}"
expressjs/express,express-080294c3,check_refs_batch_content,cold_generation_safe_hybrid_screen,check_references,all_files_definitions,baseline_full,3,"{""identifiers"": [""name"", ""runs-on"", ""permissions""], ""max_content_results"": 20, ""repo"": ""local/express-080294c3"", ""search_content"": true}",1,2,471,172,507904,62.6717,4.1617,6.640477280814147,1,6390,220213248,220446720,233472,5f3c6b55ef3ad3d6d9a576d36f36429a164b240ba69211a3bd4618fa94037a0b,a3714473feb3d2908add734d340e7755fd85e0a3,2026-07-29T20:20:41.130953,1.108.207,c2201a55b6e1b0ea38043c514ab7bc3a372bad13,f8fc323fc3addabb5fdb2cc89ad46a3576a724a9e4bbac1f1b2fc6fac00c503a,1,wt-1.108.207,e3b0c44298fc1c149afbf4c8996fb92427ae41e4649b934ca495991b7852b855,,"{""process_cpu_ms"": 62.5, ""runtime_distribution_version"": ""1.108.199"", ""screening_target_policy"": ""middle stride target"", ""worker_pid"": 42688}"
expressjs/express,express-080294c3,file_risk,cold_generation_safe_hybrid_screen,get_file_risk,all_files_target_file_symbols,baseline_full,3,"{""file_path"": ""test/acceptance/cookies.js"", ""repo"": ""local/express-080294c3""}",1,1,471,172,507904,27.7555,4.2956,15.476572210913153,1,231,220446720,220446720,0,c0e71ecfb98e662c235676c816d4681a767e9c8f768a492bcfac0232e4207ad8,a3714473feb3d2908add734d340e7755fd85e0a3,2026-07-29T20:20:41.130953,1.108.207,c2201a55b6e1b0ea38043c514ab7bc3a372bad13,f8fc323fc3addabb5fdb2cc89ad46a3576a724a9e4bbac1f1b2fc6fac00c503a,1,wt-1.108.207,e3b0c44298fc1c149afbf4c8996fb92427ae41e4649b934ca495991b7852b855,,"{""process_cpu_ms"": 15.625, ""runtime_distribution_version"": ""1.108.199"", ""screening_target_policy"": ""middle stride target"", ""worker_pid"": 42688}"
expressjs/express,express-080294c3,file_risk,cold_generation_safe_hybrid_screen,get_file_risk,all_files_target_file_symbols,generation_safe_hybrid,3,"{""file_path"": ""test/acceptance/cookies.js"", ""repo"": ""local/express-080294c3""}",1,2,471,172,507904,25.8585,1.49,5.762128507067309,1,231,199094272,199106560,12288,c0e71ecfb98e662c235676c816d4681a767e9c8f768a492bcfac0232e4207ad8,a3714473feb3d2908add734d340e7755fd85e0a3,2026-07-29T20:20:41.130953,1.108.207,c2201a55b6e1b0ea38043c514ab7bc3a372bad13,f8fc323fc3addabb5fdb2cc89ad46a3576a724a9e4bbac1f1b2fc6fac00c503a,1,wt-generation-safe-hybrid,175f8765c4949317d4f48614b8cdacd8c537ab2755c49f13f78a0b2b855cab96,"M src/jcodemunch_mcp/server.py
 M src/jcodemunch_mcp/storage/index_store.py
 M src/jcodemunch_mcp/storage/sqlite_store.py
 M src/jcodemunch_mcp/tools/check_references.py
 M src/jcodemunch_mcp/tools/find_references.py
 M src/jcodemunch_mcp/tools/get_blast_radius.py
 M src/jcodemunch_mcp/tools/get_churn_rate.py
 M src/jcodemunch_mcp/tools/get_file_outline.py
 M src/jcodemunch_mcp/tools/get_file_risk.py
 M src/jcodemunch_mcp/tools/get_file_tree.py
 M src/jcodemunch_mcp/tools/get_symbol_complexity.py
 M src/jcodemunch_mcp/tools/get_symbol_provenance.py
?? tests/test_generation_safe_hybrid.py","{""process_cpu_ms"": 31.25, ""runtime_distribution_version"": ""1.108.199"", ""screening_target_policy"": ""middle stride target"", ""worker_pid"": 22800}"
expressjs/express,express-080294c3,changed_symbols,cold_generation_safe_hybrid_screen,get_changed_symbols,metadata,generation_safe_hybrid,3,"{""include_blast_radius"": false, ""repo"": ""local/express-080294c3"", ""since_sha"": ""a3714473feb3d2908add734d340e7755fd85e0a3"", ""until_sha"": ""a3714473feb3d2908add734d340e7755fd85e0a3""}",1,1,471,172,507904,89.1977,1.5628,1.7520631137349953,1,538,199106560,199118848,12288,19b90ce501c4f89468cf324af26a45f4909661dfad12b8a2a1a692e675bfbe42,a3714473feb3d2908add734d340e7755fd85e0a3,2026-07-29T20:20:41.130953,1.108.207,c2201a55b6e1b0ea38043c514ab7bc3a372bad13,f8fc323fc3addabb5fdb2cc89ad46a3576a724a9e4bbac1f1b2fc6fac00c503a,1,wt-generation-safe-hybrid,175f8765c4949317d4f48614b8cdacd8c537ab2755c49f13f78a0b2b855cab96,"M src/jcodemunch_mcp/server.py
 M src/jcodemunch_mcp/storage/index_store.py
 M src/jcodemunch_mcp/storage/sqlite_store.py
 M src/jcodemunch_mcp/tools/check_references.py
 M src/jcodemunch_mcp/tools/find_references.py
 M src/jcodemunch_mcp/tools/get_blast_radius.py
 M src/jcodemunch_mcp/tools/get_churn_rate.py
 M src/jcodemunch_mcp/tools/get_file_outline.py
 M src/jcodemunch_mcp/tools/get_file_risk.py
 M src/jcodemunch_mcp/tools/get_file_tree.py
 M src/jcodemunch_mcp/tools/get_symbol_complexity.py
 M src/jcodemunch_mcp/tools/get_symbol_provenance.py
?? tests/test_generation_safe_hybrid.py","{""process_cpu_ms"": 15.625, ""runtime_distribution_version"": ""1.108.199"", ""screening_target_policy"": ""middle stride target"", ""worker_pid"": 22800}"
expressjs/express,express-080294c3,changed_symbols,cold_generation_safe_hybrid_screen,get_changed_symbols,metadata,baseline_full,3,"{""include_blast_radius"": false, ""repo"": ""local/express-080294c3"", ""since_sha"": ""a3714473feb3d2908add734d340e7755fd85e0a3"", ""until_sha"": ""a3714473feb3d2908add734d340e7755fd85e0a3""}",1,2,471,172,507904,91.6772,4.4588,4.863586584232503,1,538,220532736,220532736,0,19b90ce501c4f89468cf324af26a45f4909661dfad12b8a2a1a692e675bfbe42,a3714473feb3d2908add734d340e7755fd85e0a3,2026-07-29T20:20:41.130953,1.108.207,c2201a55b6e1b0ea38043c514ab7bc3a372bad13,f8fc323fc3addabb5fdb2cc89ad46a3576a724a9e4bbac1f1b2fc6fac00c503a,1,wt-1.108.207,e3b0c44298fc1c149afbf4c8996fb92427ae41e4649b934ca495991b7852b855,,"{""process_cpu_ms"": 46.875, ""runtime_distribution_version"": ""1.108.199"", ""screening_target_policy"": ""middle stride target"", ""worker_pid"": 42688}"
expressjs/express,express-080294c3,changed_symbols_blast,cold_generation_safe_hybrid_screen,get_changed_symbols,all_files,baseline_full,3,"{""include_blast_radius"": true, ""repo"": ""local/express-080294c3"", ""since_sha"": ""a3714473feb3d2908add734d340e7755fd85e0a3"", ""until_sha"": ""a3714473feb3d2908add734d340e7755fd85e0a3""}",1,1,471,172,507904,94.2567,4.6423,4.925167123398124,1,538,220532736,220532736,0,19b90ce501c4f89468cf324af26a45f4909661dfad12b8a2a1a692e675bfbe42,a3714473feb3d2908add734d340e7755fd85e0a3,2026-07-29T20:20:41.130953,1.108.207,c2201a55b6e1b0ea38043c514ab7bc3a372bad13,f8fc323fc3addabb5fdb2cc89ad46a3576a724a9e4bbac1f1b2fc6fac00c503a,1,wt-1.108.207,e3b0c44298fc1c149afbf4c8996fb92427ae41e4649b934ca495991b7852b855,,"{""process_cpu_ms"": 15.625, ""runtime_distribution_version"": ""1.108.199"", ""screening_target_policy"": ""middle stride target"", ""worker_pid"": 42688}"
expressjs/express,express-080294c3,changed_symbols_blast,cold_generation_safe_hybrid_screen,get_changed_symbols,all_files,generation_safe_hybrid,3,"{""include_blast_radius"": true, ""repo"": ""local/express-080294c3"", ""since_sha"": ""a3714473feb3d2908add734d340e7755fd85e0a3"", ""until_sha"": ""a3714473feb3d2908add734d340e7755fd85e0a3""}",1,2,471,172,507904,143.1073,4.3028,3.006694976426779,1,539,199139328,199180288,40960,19b90ce501c4f89468cf324af26a45f4909661dfad12b8a2a1a692e675bfbe42,a3714473feb3d2908add734d340e7755fd85e0a3,2026-07-29T20:20:41.130953,1.108.207,c2201a55b6e1b0ea38043c514ab7bc3a372bad13,f8fc323fc3addabb5fdb2cc89ad46a3576a724a9e4bbac1f1b2fc6fac00c503a,1,wt-generation-safe-hybrid,175f8765c4949317d4f48614b8cdacd8c537ab2755c49f13f78a0b2b855cab96,"M src/jcodemunch_mcp/server.py
 M src/jcodemunch_mcp/storage/index_store.py
 M src/jcodemunch_mcp/storage/sqlite_store.py
 M src/jcodemunch_mcp/tools/check_references.py
 M src/jcodemunch_mcp/tools/find_references.py
 M src/jcodemunch_mcp/tools/get_blast_radius.py
 M src/jcodemunch_mcp/tools/get_churn_rate.py
 M src/jcodemunch_mcp/tools/get_file_outline.py
 M src/jcodemunch_mcp/tools/get_file_risk.py
 M src/jcodemunch_mcp/tools/get_file_tree.py
 M src/jcodemunch_mcp/tools/get_symbol_complexity.py
 M src/jcodemunch_mcp/tools/get_symbol_provenance.py
?? tests/test_generation_safe_hybrid.py","{""process_cpu_ms"": 15.625, ""runtime_distribution_version"": ""1.108.199"", ""screening_target_policy"": ""middle stride target"", ""worker_pid"": 22800}"
expressjs/express,express-080294c3,blast_radius_default,cold_generation_safe_hybrid_screen,get_blast_radius,all_files_target_symbols,generation_safe_hybrid,3,"{""cross_repo"": false, ""repo"": ""local/express-080294c3"", ""symbol"": "".github/workflows/scorecard.yml::jobs.analysis.name#constant""}",1,1,471,172,507904,7.9306,1.5342,19.345320656696845,1,652,199225344,199225344,0,76be9a74a06e9cabbe0f783389c6d6caf33c92dd9a19bdc67135e3d306c91287,a3714473feb3d2908add734d340e7755fd85e0a3,2026-07-29T20:20:41.130953,1.108.207,c2201a55b6e1b0ea38043c514ab7bc3a372bad13,f8fc323fc3addabb5fdb2cc89ad46a3576a724a9e4bbac1f1b2fc6fac00c503a,1,wt-generation-safe-hybrid,175f8765c4949317d4f48614b8cdacd8c537ab2755c49f13f78a0b2b855cab96,"M src/jcodemunch_mcp/server.py
 M src/jcodemunch_mcp/storage/index_store.py
 M src/jcodemunch_mcp/storage/sqlite_store.py
 M src/jcodemunch_mcp/tools/check_references.py
 M src/jcodemunch_mcp/tools/find_references.py
 M src/jcodemunch_mcp/tools/get_blast_radius.py
 M src/jcodemunch_mcp/tools/get_churn_rate.py
 M src/jcodemunch_mcp/tools/get_file_outline.py
 M src/jcodemunch_mcp/tools/get_file_risk.py
 M src/jcodemunch_mcp/tools/get_file_tree.py
 M src/jcodemunch_mcp/tools/get_symbol_complexity.py
 M src/jcodemunch_mcp/tools/get_symbol_provenance.py
?? tests/test_generation_safe_hybrid.py","{""process_cpu_ms"": 15.625, ""runtime_distribution_version"": ""1.108.199"", ""screening_target_policy"": ""middle stride target"", ""worker_pid"": 22800}"
expressjs/express,express-080294c3,blast_radius_default,cold_generation_safe_hybrid_screen,get_blast_radius,all_files_target_symbols,baseline_full,3,"{""cross_repo"": false, ""repo"": ""local/express-080294c3"", ""symbol"": "".github/workflows/scorecard.yml::jobs.analysis.name#constant""}",1,2,471,172,507904,10.5894,4.0688,38.42332898936673,1,652,220540928,220540928,0,76be9a74a06e9cabbe0f783389c6d6caf33c92dd9a19bdc67135e3d306c91287,a3714473feb3d2908add734d340e7755fd85e0a3,2026-07-29T20:20:41.130953,1.108.207,c2201a55b6e1b0ea38043c514ab7bc3a372bad13,f8fc323fc3addabb5fdb2cc89ad46a3576a724a9e4bbac1f1b2fc6fac00c503a,1,wt-1.108.207,e3b0c44298fc1c149afbf4c8996fb92427ae41e4649b934ca495991b7852b855,,"{""process_cpu_ms"": 15.625, ""runtime_distribution_version"": ""1.108.199"", ""screening_target_policy"": ""middle stride target"", ""worker_pid"": 42688}"
expressjs/express,express-080294c3,blast_radius_source,cold_generation_safe_hybrid_screen,get_blast_radius,blast_enrichment,baseline_full,3,"{""cross_repo"": false, ""include_source"": true, ""repo"": ""local/express-080294c3"", ""source_budget"": 1000, ""symbol"": "".github/workflows/scorecard.yml::jobs.analysis.name#constant""}",1,1,471,172,507904,10.5746,4.1495,39.24025495054186,1,652,220540928,220540928,0,76be9a74a06e9cabbe0f783389c6d6caf33c92dd9a19bdc67135e3d306c91287,a3714473feb3d2908add734d340e7755fd85e0a3,2026-07-29T20:20:41.130953,1.108.207,c2201a55b6e1b0ea38043c514ab7bc3a372bad13,f8fc323fc3addabb5fdb2cc89ad46a3576a724a9e4bbac1f1b2fc6fac00c503a,1,wt-1.108.207,e3b0c44298fc1c149afbf4c8996fb92427ae41e4649b934ca495991b7852b855,,"{""process_cpu_ms"": 0.0, ""runtime_distribution_version"": ""1.108.199"", ""screening_target_policy"": ""middle stride target"", ""worker_pid"": 42688}"
expressjs/express,express-080294c3,blast_radius_source,cold_generation_safe_hybrid_screen,get_blast_radius,blast_enrichment,generation_safe_hybrid,3,"{""cross_repo"": false, ""include_source"": true, ""repo"": ""local/express-080294c3"", ""source_budget"": 1000, ""symbol"": "".github/workflows/scorecard.yml::jobs.analysis.name#constant""}",1,2,471,172,507904,8.0012,1.5178,18.969654551817225,1,652,199225344,199225344,0,76be9a74a06e9cabbe0f783389c6d6caf33c92dd9a19bdc67135e3d306c91287,a3714473feb3d2908add734d340e7755fd85e0a3,2026-07-29T20:20:41.130953,1.108.207,c2201a55b6e1b0ea38043c514ab7bc3a372bad13,f8fc323fc3addabb5fdb2cc89ad46a3576a724a9e4bbac1f1b2fc6fac00c503a,1,wt-generation-safe-hybrid,175f8765c4949317d4f48614b8cdacd8c537ab2755c49f13f78a0b2b855cab96,"M src/jcodemunch_mcp/server.py
 M src/jcodemunch_mcp/storage/index_store.py
 M src/jcodemunch_mcp/storage/sqlite_store.py
 M src/jcodemunch_mcp/tools/check_references.py
 M src/jcodemunch_mcp/tools/find_references.py
 M src/jcodemunch_mcp/tools/get_blast_radius.py
 M src/jcodemunch_mcp/tools/get_churn_rate.py
 M src/jcodemunch_mcp/tools/get_file_outline.py
 M src/jcodemunch_mcp/tools/get_file_risk.py
 M src/jcodemunch_mcp/tools/get_file_tree.py
 M src/jcodemunch_mcp/tools/get_symbol_complexity.py
 M src/jcodemunch_mcp/tools/get_symbol_provenance.py
?? tests/test_generation_safe_hybrid.py","{""process_cpu_ms"": 0.0, ""runtime_distribution_version"": ""1.108.199"", ""screening_target_policy"": ""middle stride target"", ""worker_pid"": 22800}"
expressjs/express,express-080294c3,delivery_metrics,cold_generation_safe_hybrid_screen,get_delivery_metrics,metadata,generation_safe_hybrid,3,"{""repo"": ""local/express-080294c3"", ""window_days"": 90}",1,1,471,172,507904,39.6742,2.0288,5.113650684827924,1,734,199225344,199225344,0,0d7ffbc77fd00c12447a5f44cabff88942517598ad54b6ae74417087f0027607,a3714473feb3d2908add734d340e7755fd85e0a3,2026-07-29T20:20:41.130953,1.108.207,c2201a55b6e1b0ea38043c514ab7bc3a372bad13,f8fc323fc3addabb5fdb2cc89ad46a3576a724a9e4bbac1f1b2fc6fac00c503a,1,wt-generation-safe-hybrid,175f8765c4949317d4f48614b8cdacd8c537ab2755c49f13f78a0b2b855cab96,"M src/jcodemunch_mcp/server.py
 M src/jcodemunch_mcp/storage/index_store.py
 M src/jcodemunch_mcp/storage/sqlite_store.py
 M src/jcodemunch_mcp/tools/check_references.py
 M src/jcodemunch_mcp/tools/find_references.py
 M src/jcodemunch_mcp/tools/get_blast_radius.py
 M src/jcodemunch_mcp/tools/get_churn_rate.py
 M src/jcodemunch_mcp/tools/get_file_outline.py
 M src/jcodemunch_mcp/tools/get_file_risk.py
 M src/jcodemunch_mcp/tools/get_file_tree.py
 M src/jcodemunch_mcp/tools/get_symbol_complexity.py
 M src/jcodemunch_mcp/tools/get_symbol_provenance.py
?? tests/test_generation_safe_hybrid.py","{""process_cpu_ms"": 15.625, ""runtime_distribution_version"": ""1.108.199"", ""screening_target_policy"": ""middle stride target"", ""worker_pid"": 22800}"
expressjs/express,express-080294c3,delivery_metrics,cold_generation_safe_hybrid_screen,get_delivery_metrics,metadata,baseline_full,3,"{""repo"": ""local/express-080294c3"", ""window_days"": 90}",1,2,471,172,507904,41.6589,5.016,12.040644376111706,1,734,220540928,220540928,0,0d7ffbc77fd00c12447a5f44cabff88942517598ad54b6ae74417087f0027607,a3714473feb3d2908add734d340e7755fd85e0a3,2026-07-29T20:20:41.130953,1.108.207,c2201a55b6e1b0ea38043c514ab7bc3a372bad13,f8fc323fc3addabb5fdb2cc89ad46a3576a724a9e4bbac1f1b2fc6fac00c503a,1,wt-1.108.207,e3b0c44298fc1c149afbf4c8996fb92427ae41e4649b934ca495991b7852b855,,"{""process_cpu_ms"": 15.625, ""runtime_distribution_version"": ""1.108.199"", ""screening_target_policy"": ""middle stride target"", ""worker_pid"": 42688}"
expressjs/express,express-080294c3,list_workspaces,cold_generation_safe_hybrid_screen,list_workspaces,metadata,baseline_full,3,"{""repo"": ""local/express-080294c3""}",1,1,471,172,507904,6.1483,4.2289,68.78161443000505,1,296,220540928,220540928,0,15ef5e2b51b89ec3d084ed3d297036c1df6d7e3dfb009675cf423ac80e99caa9,a3714473feb3d2908add734d340e7755fd85e0a3,2026-07-29T20:20:41.130953,1.108.207,c2201a55b6e1b0ea38043c514ab7bc3a372bad13,f8fc323fc3addabb5fdb2cc89ad46a3576a724a9e4bbac1f1b2fc6fac00c503a,1,wt-1.108.207,e3b0c44298fc1c149afbf4c8996fb92427ae41e4649b934ca495991b7852b855,,"{""process_cpu_ms"": 15.625, ""runtime_distribution_version"": ""1.108.199"", ""screening_target_policy"": ""middle stride target"", ""worker_pid"": 42688}"
expressjs/express,express-080294c3,list_workspaces,cold_generation_safe_hybrid_screen,list_workspaces,metadata,generation_safe_hybrid,3,"{""repo"": ""local/express-080294c3""}",1,2,471,172,507904,3.8617,1.7054,44.161897609860944,1,296,199229440,199233536,4096,15ef5e2b51b89ec3d084ed3d297036c1df6d7e3dfb009675cf423ac80e99caa9,a3714473feb3d2908add734d340e7755fd85e0a3,2026-07-29T20:20:41.130953,1.108.207,c2201a55b6e1b0ea38043c514ab7bc3a372bad13,f8fc323fc3addabb5fdb2cc89ad46a3576a724a9e4bbac1f1b2fc6fac00c503a,1,wt-generation-safe-hybrid,175f8765c4949317d4f48614b8cdacd8c537ab2755c49f13f78a0b2b855cab96,"M src/jcodemunch_mcp/server.py
 M src/jcodemunch_mcp/storage/index_store.py
 M src/jcodemunch_mcp/storage/sqlite_store.py
 M src/jcodemunch_mcp/tools/check_references.py
 M src/jcodemunch_mcp/tools/find_references.py
 M src/jcodemunch_mcp/tools/get_blast_radius.py
 M src/jcodemunch_mcp/tools/get_churn_rate.py
 M src/jcodemunch_mcp/tools/get_file_outline.py
 M src/jcodemunch_mcp/tools/get_file_risk.py
 M src/jcodemunch_mcp/tools/get_file_tree.py
 M src/jcodemunch_mcp/tools/get_symbol_complexity.py
 M src/jcodemunch_mcp/tools/get_symbol_provenance.py
?? tests/test_generation_safe_hybrid.py","{""process_cpu_ms"": 0.0, ""runtime_distribution_version"": ""1.108.199"", ""screening_target_policy"": ""middle stride target"", ""worker_pid"": 22800}"
expressjs/express,express-080294c3,search_text,cold_generation_safe_hybrid_screen,search_text,all_files,generation_safe_hybrid,3,"{""max_results"": 20, ""query"": ""name"", ""repo"": ""local/express-080294c3""}",1,1,471,172,507904,5.2428,1.3906,26.523994811932557,1,1978,199233536,199233536,0,27433f46ee4e6b682bff53d7313ac33675a54d30b949907cf72478ffb89a8cbc,a3714473feb3d2908add734d340e7755fd85e0a3,2026-07-29T20:20:41.130953,1.108.207,c2201a55b6e1b0ea38043c514ab7bc3a372bad13,f8fc323fc3addabb5fdb2cc89ad46a3576a724a9e4bbac1f1b2fc6fac00c503a,1,wt-generation-safe-hybrid,175f8765c4949317d4f48614b8cdacd8c537ab2755c49f13f78a0b2b855cab96,"M src/jcodemunch_mcp/server.py
 M src/jcodemunch_mcp/storage/index_store.py
 M src/jcodemunch_mcp/storage/sqlite_store.py
 M src/jcodemunch_mcp/tools/check_references.py
 M src/jcodemunch_mcp/tools/find_references.py
 M src/jcodemunch_mcp/tools/get_blast_radius.py
 M src/jcodemunch_mcp/tools/get_churn_rate.py
 M src/jcodemunch_mcp/tools/get_file_outline.py
 M src/jcodemunch_mcp/tools/get_file_risk.py
 M src/jcodemunch_mcp/tools/get_file_tree.py
 M src/jcodemunch_mcp/tools/get_symbol_complexity.py
 M src/jcodemunch_mcp/tools/get_symbol_provenance.py
?? tests/test_generation_safe_hybrid.py","{""process_cpu_ms"": 0.0, ""runtime_distribution_version"": ""1.108.199"", ""screening_target_policy"": ""middle stride target"", ""worker_pid"": 22800}"
expressjs/express,express-080294c3,search_text,cold_generation_safe_hybrid_screen,search_text,all_files,baseline_full,3,"{""max_results"": 20, ""query"": ""name"", ""repo"": ""local/express-080294c3""}",1,2,471,172,507904,7.6148,4.0846,53.640279455796616,1,1978,220540928,220540928,0,27433f46ee4e6b682bff53d7313ac33675a54d30b949907cf72478ffb89a8cbc,a3714473feb3d2908add734d340e7755fd85e0a3,2026-07-29T20:20:41.130953,1.108.207,c2201a55b6e1b0ea38043c514ab7bc3a372bad13,f8fc323fc3addabb5fdb2cc89ad46a3576a724a9e4bbac1f1b2fc6fac00c503a,1,wt-1.108.207,e3b0c44298fc1c149afbf4c8996fb92427ae41e4649b934ca495991b7852b855,,"{""process_cpu_ms"": 0.0, ""runtime_distribution_version"": ""1.108.199"", ""screening_target_policy"": ""middle stride target"", ""worker_pid"": 42688}"
expressjs/express,express-080294c3,coupling_metrics,cold_generation_safe_hybrid_screen,get_coupling_metrics,all_files,baseline_full,3,"{""module_path"": ""test/acceptance/cookies.js"", ""repo"": ""local/express-080294c3""}",1,1,471,172,507904,8.7536,4.6279,52.86853408883202,1,317,220540928,220540928,0,d53bbd7cc6a6892a1fe73a2b93324d364f73266b29c230ac173abde65a793d7f,a3714473feb3d2908add734d340e7755fd85e0a3,2026-07-29T20:20:41.130953,1.108.207,c2201a55b6e1b0ea38043c514ab7bc3a372bad13,f8fc323fc3addabb5fdb2cc89ad46a3576a724a9e4bbac1f1b2fc6fac00c503a,1,wt-1.108.207,e3b0c44298fc1c149afbf4c8996fb92427ae41e4649b934ca495991b7852b855,,"{""process_cpu_ms"": 0.0, ""runtime_distribution_version"": ""1.108.199"", ""screening_target_policy"": ""middle stride target"", ""worker_pid"": 42688}"
expressjs/express,express-080294c3,coupling_metrics,cold_generation_safe_hybrid_screen,get_coupling_metrics,all_files,generation_safe_hybrid,3,"{""module_path"": ""test/acceptance/cookies.js"", ""repo"": ""local/express-080294c3""}",1,2,471,172,507904,5.8722,1.4647,24.942951534348282,1,317,199233536,199233536,0,d53bbd7cc6a6892a1fe73a2b93324d364f73266b29c230ac173abde65a793d7f,a3714473feb3d2908add734d340e7755fd85e0a3,2026-07-29T20:20:41.130953,1.108.207,c2201a55b6e1b0ea38043c514ab7bc3a372bad13,f8fc323fc3addabb5fdb2cc89ad46a3576a724a9e4bbac1f1b2fc6fac00c503a,1,wt-generation-safe-hybrid,175f8765c4949317d4f48614b8cdacd8c537ab2755c49f13f78a0b2b855cab96,"M src/jcodemunch_mcp/server.py
 M src/jcodemunch_mcp/storage/index_store.py
 M src/jcodemunch_mcp/storage/sqlite_store.py
 M src/jcodemunch_mcp/tools/check_references.py
 M src/jcodemunch_mcp/tools/find_references.py
 M src/jcodemunch_mcp/tools/get_blast_radius.py
 M src/jcodemunch_mcp/tools/get_churn_rate.py
 M src/jcodemunch_mcp/tools/get_file_outline.py
 M src/jcodemunch_mcp/tools/get_file_risk.py
 M src/jcodemunch_mcp/tools/get_file_tree.py
 M src/jcodemunch_mcp/tools/get_symbol_complexity.py
 M src/jcodemunch_mcp/tools/get_symbol_provenance.py
?? tests/test_generation_safe_hybrid.py","{""process_cpu_ms"": 0.0, ""runtime_distribution_version"": ""1.108.199"", ""screening_target_policy"": ""middle stride target"", ""worker_pid"": 22800}"
expressjs/express,express-080294c3,dependency_cycles,cold_generation_safe_hybrid_screen,get_dependency_cycles,all_files,generation_safe_hybrid,3,"{""repo"": ""local/express-080294c3""}",1,1,471,172,507904,5.8204,1.4613,25.106521888529997,1,149,199233536,199233536,0,53dea643e4a99922b7bf8d68864434ae9ce8cfa2542a60a2ab5148d45d39cc05,a3714473feb3d2908add734d340e7755fd85e0a3,2026-07-29T20:20:41.130953,1.108.207,c2201a55b6e1b0ea38043c514ab7bc3a372bad13,f8fc323fc3addabb5fdb2cc89ad46a3576a724a9e4bbac1f1b2fc6fac00c503a,1,wt-generation-safe-hybrid,175f8765c4949317d4f48614b8cdacd8c537ab2755c49f13f78a0b2b855cab96,"M src/jcodemunch_mcp/server.py
 M src/jcodemunch_mcp/storage/index_store.py
 M src/jcodemunch_mcp/storage/sqlite_store.py
 M src/jcodemunch_mcp/tools/check_references.py
 M src/jcodemunch_mcp/tools/find_references.py
 M src/jcodemunch_mcp/tools/get_blast_radius.py
 M src/jcodemunch_mcp/tools/get_churn_rate.py
 M src/jcodemunch_mcp/tools/get_file_outline.py
 M src/jcodemunch_mcp/tools/get_file_risk.py
 M src/jcodemunch_mcp/tools/get_file_tree.py
 M src/jcodemunch_mcp/tools/get_symbol_complexity.py
 M src/jcodemunch_mcp/tools/get_symbol_provenance.py
?? tests/test_generation_safe_hybrid.py","{""process_cpu_ms"": 0.0, ""runtime_distribution_version"": ""1.108.199"", ""screening_target_policy"": ""middle stride target"", ""worker_pid"": 22800}"
expressjs/express,express-080294c3,dependency_cycles,cold_generation_safe_hybrid_screen,get_dependency_cycles,all_files,baseline_full,3,"{""repo"": ""local/express-080294c3""}",1,2,471,172,507904,8.6432,4.3972,50.87467604590892,1,149,220540928,220540928,0,53dea643e4a99922b7bf8d68864434ae9ce8cfa2542a60a2ab5148d45d39cc05,a3714473feb3d2908add734d340e7755fd85e0a3,2026-07-29T20:20:41.130953,1.108.207,c2201a55b6e1b0ea38043c514ab7bc3a372bad13,f8fc323fc3addabb5fdb2cc89ad46a3576a724a9e4bbac1f1b2fc6fac00c503a,1,wt-1.108.207,e3b0c44298fc1c149afbf4c8996fb92427ae41e4649b934ca495991b7852b855,,"{""process_cpu_ms"": 15.625, ""runtime_distribution_version"": ""1.108.199"", ""screening_target_policy"": ""middle stride target"", ""worker_pid"": 42688}"
expressjs/express,express-080294c3,dependency_graph,cold_generation_safe_hybrid_screen,get_dependency_graph,all_files,baseline_full,3,"{""cross_repo"": false, ""depth"": 3, ""direction"": ""both"", ""file"": ""test/acceptance/cookies.js"", ""repo"": ""local/express-080294c3""}",1,1,471,172,507904,8.7551,4.1432,47.323274434329704,1,823,220540928,220540928,0,10e2b216d2dc1a4e675eb3048db420f9a2a02dce32e8d7daeb3ceb72b7b094eb,a3714473feb3d2908add734d340e7755fd85e0a3,2026-07-29T20:20:41.130953,1.108.207,c2201a55b6e1b0ea38043c514ab7bc3a372bad13,f8fc323fc3addabb5fdb2cc89ad46a3576a724a9e4bbac1f1b2fc6fac00c503a,1,wt-1.108.207,e3b0c44298fc1c149afbf4c8996fb92427ae41e4649b934ca495991b7852b855,,"{""process_cpu_ms"": 0.0, ""runtime_distribution_version"": ""1.108.199"", ""screening_target_policy"": ""middle stride target"", ""worker_pid"": 42688}"
expressjs/express,express-080294c3,dependency_graph,cold_generation_safe_hybrid_screen,get_dependency_graph,all_files,generation_safe_hybrid,3,"{""cross_repo"": false, ""depth"": 3, ""direction"": ""both"", ""file"": ""test/acceptance/cookies.js"", ""repo"": ""local/express-080294c3""}",1,2,471,172,507904,6.4062,1.4654,22.874715119727764,1,823,199233536,199233536,0,10e2b216d2dc1a4e675eb3048db420f9a2a02dce32e8d7daeb3ceb72b7b094eb,a3714473feb3d2908add734d340e7755fd85e0a3,2026-07-29T20:20:41.130953,1.108.207,c2201a55b6e1b0ea38043c514ab7bc3a372bad13,f8fc323fc3addabb5fdb2cc89ad46a3576a724a9e4bbac1f1b2fc6fac00c503a,1,wt-generation-safe-hybrid,175f8765c4949317d4f48614b8cdacd8c537ab2755c49f13f78a0b2b855cab96,"M src/jcodemunch_mcp/server.py
 M src/jcodemunch_mcp/storage/index_store.py
 M src/jcodemunch_mcp/storage/sqlite_store.py
 M src/jcodemunch_mcp/tools/check_references.py
 M src/jcodemunch_mcp/tools/find_references.py
 M src/jcodemunch_mcp/tools/get_blast_radius.py
 M src/jcodemunch_mcp/tools/get_churn_rate.py
 M src/jcodemunch_mcp/tools/get_file_outline.py
 M src/jcodemunch_mcp/tools/get_file_risk.py
 M src/jcodemunch_mcp/tools/get_file_tree.py
 M src/jcodemunch_mcp/tools/get_symbol_complexity.py
 M src/jcodemunch_mcp/tools/get_symbol_provenance.py
?? tests/test_generation_safe_hybrid.py","{""process_cpu_ms"": 0.0, ""runtime_distribution_version"": ""1.108.199"", ""screening_target_policy"": ""middle stride target"", ""worker_pid"": 22800}"
expressjs/express,express-080294c3,cross_repo_map_filtered,cold_generation_safe_hybrid_screen,get_cross_repo_map,all_files,generation_safe_hybrid,3,"{""repo"": ""local/express-080294c3""}",1,1,471,172,507904,156.1696,1.4334,0.917848288015081,1,256,197902336,198144000,241664,4c782f89d9c2f201de765d97cec77c28274804930e49388d1b359bc177b5f8c2,a3714473feb3d2908add734d340e7755fd85e0a3,2026-07-29T20:20:41.130953,1.108.207,c2201a55b6e1b0ea38043c514ab7bc3a372bad13,f8fc323fc3addabb5fdb2cc89ad46a3576a724a9e4bbac1f1b2fc6fac00c503a,1,wt-generation-safe-hybrid,175f8765c4949317d4f48614b8cdacd8c537ab2755c49f13f78a0b2b855cab96,"M src/jcodemunch_mcp/server.py
 M src/jcodemunch_mcp/storage/index_store.py
 M src/jcodemunch_mcp/storage/sqlite_store.py
 M src/jcodemunch_mcp/tools/check_references.py
 M src/jcodemunch_mcp/tools/find_references.py
 M src/jcodemunch_mcp/tools/get_blast_radius.py
 M src/jcodemunch_mcp/tools/get_churn_rate.py
 M src/jcodemunch_mcp/tools/get_file_outline.py
 M src/jcodemunch_mcp/tools/get_file_risk.py
 M src/jcodemunch_mcp/tools/get_file_tree.py
 M src/jcodemunch_mcp/tools/get_symbol_complexity.py
 M src/jcodemunch_mcp/tools/get_symbol_provenance.py
?? tests/test_generation_safe_hybrid.py","{""process_cpu_ms"": 156.25, ""runtime_distribution_version"": ""1.108.199"", ""screening_target_policy"": ""middle stride target"", ""worker_pid"": 22800}"
expressjs/express,express-080294c3,cross_repo_map_filtered,cold_generation_safe_hybrid_screen,get_cross_repo_map,all_files,baseline_full,3,"{""repo"": ""local/express-080294c3""}",1,2,471,172,507904,149.3282,4.8477,3.2463392714838855,1,256,227516416,229588992,2072576,4c782f89d9c2f201de765d97cec77c28274804930e49388d1b359bc177b5f8c2,a3714473feb3d2908add734d340e7755fd85e0a3,2026-07-29T20:20:41.130953,1.108.207,c2201a55b6e1b0ea38043c514ab7bc3a372bad13,f8fc323fc3addabb5fdb2cc89ad46a3576a724a9e4bbac1f1b2fc6fac00c503a,1,wt-1.108.207,e3b0c44298fc1c149afbf4c8996fb92427ae41e4649b934ca495991b7852b855,,"{""process_cpu_ms"": 156.25, ""runtime_distribution_version"": ""1.108.199"", ""screening_target_policy"": ""middle stride target"", ""worker_pid"": 42688}"
expressjs/express,express-080294c3,layer_violations,cold_generation_safe_hybrid_screen,get_layer_violations,all_files,baseline_full,3,"{""repo"": ""local/express-080294c3"", ""rules"": [{""may_not_import"": [], ""name"": ""all"", ""paths"": [""**/*""]}]}",1,1,471,172,507904,8.7847,4.2359,48.219062688538024,1,175,229588992,229588992,0,ba39fe2cf78bfcb4ad8da4dcc68cc6f8c5331152fac1d5a4d2d9e5ce47722555,a3714473feb3d2908add734d340e7755fd85e0a3,2026-07-29T20:20:41.130953,1.108.207,c2201a55b6e1b0ea38043c514ab7bc3a372bad13,f8fc323fc3addabb5fdb2cc89ad46a3576a724a9e4bbac1f1b2fc6fac00c503a,1,wt-1.108.207,e3b0c44298fc1c149afbf4c8996fb92427ae41e4649b934ca495991b7852b855,,"{""process_cpu_ms"": 15.625, ""runtime_distribution_version"": ""1.108.199"", ""screening_target_policy"": ""middle stride target"", ""worker_pid"": 42688}"
expressjs/express,express-080294c3,layer_violations,cold_generation_safe_hybrid_screen,get_layer_violations,all_files,generation_safe_hybrid,3,"{""repo"": ""local/express-080294c3"", ""rules"": [{""may_not_import"": [], ""name"": ""all"", ""paths"": [""**/*""]}]}",1,2,471,172,507904,6.1094,1.3892,22.73873048089829,1,175,198144000,198144000,0,ba39fe2cf78bfcb4ad8da4dcc68cc6f8c5331152fac1d5a4d2d9e5ce47722555,a3714473feb3d2908add734d340e7755fd85e0a3,2026-07-29T20:20:41.130953,1.108.207,c2201a55b6e1b0ea38043c514ab7bc3a372bad13,f8fc323fc3addabb5fdb2cc89ad46a3576a724a9e4bbac1f1b2fc6fac00c503a,1,wt-generation-safe-hybrid,175f8765c4949317d4f48614b8cdacd8c537ab2755c49f13f78a0b2b855cab96,"M src/jcodemunch_mcp/server.py
 M src/jcodemunch_mcp/storage/index_store.py
 M src/jcodemunch_mcp/storage/sqlite_store.py
 M src/jcodemunch_mcp/tools/check_references.py
 M src/jcodemunch_mcp/tools/find_references.py
 M src/jcodemunch_mcp/tools/get_blast_radius.py
 M src/jcodemunch_mcp/tools/get_churn_rate.py
 M src/jcodemunch_mcp/tools/get_file_outline.py
 M src/jcodemunch_mcp/tools/get_file_risk.py
 M src/jcodemunch_mcp/tools/get_file_tree.py
 M src/jcodemunch_mcp/tools/get_symbol_complexity.py
 M src/jcodemunch_mcp/tools/get_symbol_provenance.py
?? tests/test_generation_safe_hybrid.py","{""process_cpu_ms"": 15.625, ""runtime_distribution_version"": ""1.108.199"", ""screening_target_policy"": ""middle stride target"", ""worker_pid"": 22800}"
expressjs/express,express-080294c3,file_tree_prefix,cold_generation_safe_hybrid_screen,get_file_tree,prefix_files,generation_safe_hybrid,3,"{""include_summaries"": true, ""path_prefix"": ""test"", ""repo"": ""local/express-080294c3""}",1,1,471,172,507904,6.5898,1.308,19.84885732495675,1,13311,198180864,198266880,86016,315f301f99f93b5fd2e47d09797a077b426652a011765f8e65c87b43074c40f1,a3714473feb3d2908add734d340e7755fd85e0a3,2026-07-29T20:20:41.130953,1.108.207,c2201a55b6e1b0ea38043c514ab7bc3a372bad13,f8fc323fc3addabb5fdb2cc89ad46a3576a724a9e4bbac1f1b2fc6fac00c503a,1,wt-generation-safe-hybrid,175f8765c4949317d4f48614b8cdacd8c537ab2755c49f13f78a0b2b855cab96,"M src/jcodemunch_mcp/server.py
 M src/jcodemunch_mcp/storage/index_store.py
 M src/jcodemunch_mcp/storage/sqlite_store.py
 M src/jcodemunch_mcp/tools/check_references.py
 M src/jcodemunch_mcp/tools/find_references.py
 M src/jcodemunch_mcp/tools/get_blast_radius.py
 M src/jcodemunch_mcp/tools/get_churn_rate.py
 M src/jcodemunch_mcp/tools/get_file_outline.py
 M src/jcodemunch_mcp/tools/get_file_risk.py
 M src/jcodemunch_mcp/tools/get_file_tree.py
 M src/jcodemunch_mcp/tools/get_symbol_complexity.py
 M src/jcodemunch_mcp/tools/get_symbol_provenance.py
?? tests/test_generation_safe_hybrid.py","{""process_cpu_ms"": 15.625, ""runtime_distribution_version"": ""1.108.199"", ""screening_target_policy"": ""middle stride target"", ""worker_pid"": 22800}"
expressjs/express,express-080294c3,file_tree_prefix,cold_generation_safe_hybrid_screen,get_file_tree,prefix_files,baseline_full,3,"{""include_summaries"": true, ""path_prefix"": ""test"", ""repo"": ""local/express-080294c3""}",1,2,471,172,507904,9.0608,4.2032,46.38883983754194,1,13311,229621760,229621760,0,315f301f99f93b5fd2e47d09797a077b426652a011765f8e65c87b43074c40f1,a3714473feb3d2908add734d340e7755fd85e0a3,2026-07-29T20:20:41.130953,1.108.207,c2201a55b6e1b0ea38043c514ab7bc3a372bad13,f8fc323fc3addabb5fdb2cc89ad46a3576a724a9e4bbac1f1b2fc6fac00c503a,1,wt-1.108.207,e3b0c44298fc1c149afbf4c8996fb92427ae41e4649b934ca495991b7852b855,,"{""process_cpu_ms"": 15.625, ""runtime_distribution_version"": ""1.108.199"", ""screening_target_policy"": ""middle stride target"", ""worker_pid"": 42688}"
fastapi/fastapi,fastapi-c1d6b9c4,symbol_source_single,cold_generation_safe_hybrid_screen,get_symbol_source,target_symbols,baseline_full,3,"{""repo"": ""local/fastapi-c1d6b9c4"", ""symbol_id"": ""docs_src/body_multiple_params/tutorial002_py310.py::User.username#field""}",1,1,13405,1191,14544896,121.5201,116.7557,96.07933173195217,1,979,231329792,232726528,1396736,1ab8ff051ea316b69169e5e1747d2f5232e2ece543707c9a147d490870a48f1c,95f8322ee1dcda7ceace7b1c4f6c9915b36d748f,2026-07-29T20:20:52.765681,1.108.207,c2201a55b6e1b0ea38043c514ab7bc3a372bad13,f8fc323fc3addabb5fdb2cc89ad46a3576a724a9e4bbac1f1b2fc6fac00c503a,1,wt-1.108.207,e3b0c44298fc1c149afbf4c8996fb92427ae41e4649b934ca495991b7852b855,,"{""process_cpu_ms"": 140.625, ""runtime_distribution_version"": ""1.108.199"", ""screening_target_policy"": ""middle stride target"", ""worker_pid"": 42688}"
fastapi/fastapi,fastapi-c1d6b9c4,symbol_source_single,cold_generation_safe_hybrid_screen,get_symbol_source,target_symbols,generation_safe_hybrid,3,"{""repo"": ""local/fastapi-c1d6b9c4"", ""symbol_id"": ""docs_src/body_multiple_params/tutorial002_py310.py::User.username#field""}",1,2,13405,1191,14544896,12.7444,7.3214,57.447977150748564,1,977,199008256,199213056,204800,1ab8ff051ea316b69169e5e1747d2f5232e2ece543707c9a147d490870a48f1c,95f8322ee1dcda7ceace7b1c4f6c9915b36d748f,2026-07-29T20:20:52.765681,1.108.207,c2201a55b6e1b0ea38043c514ab7bc3a372bad13,f8fc323fc3addabb5fdb2cc89ad46a3576a724a9e4bbac1f1b2fc6fac00c503a,1,wt-generation-safe-hybrid,175f8765c4949317d4f48614b8cdacd8c537ab2755c49f13f78a0b2b855cab96,"M src/jcodemunch_mcp/server.py
 M src/jcodemunch_mcp/storage/index_store.py
 M src/jcodemunch_mcp/storage/sqlite_store.py
 M src/jcodemunch_mcp/tools/check_references.py
 M src/jcodemunch_mcp/tools/find_references.py
 M src/jcodemunch_mcp/tools/get_blast_radius.py
 M src/jcodemunch_mcp/tools/get_churn_rate.py
 M src/jcodemunch_mcp/tools/get_file_outline.py
 M src/jcodemunch_mcp/tools/get_file_risk.py
 M src/jcodemunch_mcp/tools/get_file_tree.py
 M src/jcodemunch_mcp/tools/get_symbol_complexity.py
 M src/jcodemunch_mcp/tools/get_symbol_provenance.py
?? tests/test_generation_safe_hybrid.py","{""process_cpu_ms"": 15.625, ""runtime_distribution_version"": ""1.108.199"", ""screening_target_policy"": ""middle stride target"", ""worker_pid"": 22800}"
fastapi/fastapi,fastapi-c1d6b9c4,symbol_source_batch,cold_generation_safe_hybrid_screen,get_symbol_source,target_symbols,generation_safe_hybrid,3,"{""repo"": ""local/fastapi-c1d6b9c4"", ""symbol_ids"": [""docs_src/body_multiple_params/tutorial002_py310.py::User.username#field"", ""docs_src/body_multiple_params/tutorial002_py310.py::User.full_name#field"", ""docs_src/body_multiple_params/tutorial002_py310.py::update_item#function""]}",1,1,13405,1191,14544896,10.8372,5.5926,51.60558077732256,1,2249,199389184,199471104,81920,c6902e4e08d2987e10e71934d2593abc4e73a14bc3021daa4d57cbe16416e133,95f8322ee1dcda7ceace7b1c4f6c9915b36d748f,2026-07-29T20:20:52.765681,1.108.207,c2201a55b6e1b0ea38043c514ab7bc3a372bad13,f8fc323fc3addabb5fdb2cc89ad46a3576a724a9e4bbac1f1b2fc6fac00c503a,1,wt-generation-safe-hybrid,175f8765c4949317d4f48614b8cdacd8c537ab2755c49f13f78a0b2b855cab96,"M src/jcodemunch_mcp/server.py
 M src/jcodemunch_mcp/storage/index_store.py
 M src/jcodemunch_mcp/storage/sqlite_store.py
 M src/jcodemunch_mcp/tools/check_references.py
 M src/jcodemunch_mcp/tools/find_references.py
 M src/jcodemunch_mcp/tools/get_blast_radius.py
 M src/jcodemunch_mcp/tools/get_churn_rate.py
 M src/jcodemunch_mcp/tools/get_file_outline.py
 M src/jcodemunch_mcp/tools/get_file_risk.py
 M src/jcodemunch_mcp/tools/get_file_tree.py
 M src/jcodemunch_mcp/tools/get_symbol_complexity.py
 M src/jcodemunch_mcp/tools/get_symbol_provenance.py
?? tests/test_generation_safe_hybrid.py","{""process_cpu_ms"": 0.0, ""runtime_distribution_version"": ""1.108.199"", ""screening_target_policy"": ""middle stride target"", ""worker_pid"": 22800}"
fastapi/fastapi,fastapi-c1d6b9c4,symbol_source_batch,cold_generation_safe_hybrid_screen,get_symbol_source,target_symbols,baseline_full,3,"{""repo"": ""local/fastapi-c1d6b9c4"", ""symbol_ids"": [""docs_src/body_multiple_params/tutorial002_py310.py::User.username#field"", ""docs_src/body_multiple_params/tutorial002_py310.py::User.full_name#field"", ""docs_src/body_multiple_params/tutorial002_py310.py::update_item#function""]}",1,2,13405,1191,14544896,95.6921,91.0062,95.10314853577255,1,2250,231616512,232022016,405504,c6902e4e08d2987e10e71934d2593abc4e73a14bc3021daa4d57cbe16416e133,95f8322ee1dcda7ceace7b1c4f6c9915b36d748f,2026-07-29T20:20:52.765681,1.108.207,c2201a55b6e1b0ea38043c514ab7bc3a372bad13,f8fc323fc3addabb5fdb2cc89ad46a3576a724a9e4bbac1f1b2fc6fac00c503a,1,wt-1.108.207,e3b0c44298fc1c149afbf4c8996fb92427ae41e4649b934ca495991b7852b855,,"{""process_cpu_ms"": 187.5, ""runtime_distribution_version"": ""1.108.199"", ""screening_target_policy"": ""middle stride target"", ""worker_pid"": 42688}"
fastapi/fastapi,fastapi-c1d6b9c4,context_single,cold_generation_safe_hybrid_screen,get_context_bundle,target_symbols,baseline_full,3,"{""repo"": ""local/fastapi-c1d6b9c4"", ""symbol_id"": ""docs_src/body_multiple_params/tutorial002_py310.py::User.username#field""}",1,1,13405,1191,14544896,116.4208,111.6541,95.90562854747606,1,673,232480768,232480768,0,e3161dd7d37ee5ef7757ae6917b2ffb189a1cdeb072d4bb2814e0627537c18f9,95f8322ee1dcda7ceace7b1c4f6c9915b36d748f,2026-07-29T20:20:52.765681,1.108.207,c2201a55b6e1b0ea38043c514ab7bc3a372bad13,f8fc323fc3addabb5fdb2cc89ad46a3576a724a9e4bbac1f1b2fc6fac00c503a,1,wt-1.108.207,e3b0c44298fc1c149afbf4c8996fb92427ae41e4649b934ca495991b7852b855,,"{""process_cpu_ms"": 125.0, ""runtime_distribution_version"": ""1.108.199"", ""screening_target_policy"": ""middle stride target"", ""worker_pid"": 42688}"
fastapi/fastapi,fastapi-c1d6b9c4,context_single,cold_generation_safe_hybrid_screen,get_context_bundle,target_symbols,generation_safe_hybrid,3,"{""repo"": ""local/fastapi-c1d6b9c4"", ""symbol_id"": ""docs_src/body_multiple_params/tutorial002_py310.py::User.username#field""}",1,2,13405,1191,14544896,13.7564,8.9326,64.93413974586375,1,672,199766016,199786496,20480,e3161dd7d37ee5ef7757ae6917b2ffb189a1cdeb072d4bb2814e0627537c18f9,95f8322ee1dcda7ceace7b1c4f6c9915b36d748f,2026-07-29T20:20:52.765681,1.108.207,c2201a55b6e1b0ea38043c514ab7bc3a372bad13,f8fc323fc3addabb5fdb2cc89ad46a3576a724a9e4bbac1f1b2fc6fac00c503a,1,wt-generation-safe-hybrid,175f8765c4949317d4f48614b8cdacd8c537ab2755c49f13f78a0b2b855cab96,"M src/jcodemunch_mcp/server.py
 M src/jcodemunch_mcp/storage/index_store.py
 M src/jcodemunch_mcp/storage/sqlite_store.py
 M src/jcodemunch_mcp/tools/check_references.py
 M src/jcodemunch_mcp/tools/find_references.py
 M src/jcodemunch_mcp/tools/get_blast_radius.py
 M src/jcodemunch_mcp/tools/get_churn_rate.py
 M src/jcodemunch_mcp/tools/get_file_outline.py
 M src/jcodemunch_mcp/tools/get_file_risk.py
 M src/jcodemunch_mcp/tools/get_file_tree.py
 M src/jcodemunch_mcp/tools/get_symbol_complexity.py
 M src/jcodemunch_mcp/tools/get_symbol_provenance.py
?? tests/test_generation_safe_hybrid.py","{""process_cpu_ms"": 15.625, ""runtime_distribution_version"": ""1.108.199"", ""screening_target_policy"": ""middle stride target"", ""worker_pid"": 22800}"
fastapi/fastapi,fastapi-c1d6b9c4,context_batch,cold_generation_safe_hybrid_screen,get_context_bundle,target_symbols,generation_safe_hybrid,3,"{""repo"": ""local/fastapi-c1d6b9c4"", ""symbol_ids"": [""docs_src/body_multiple_params/tutorial002_py310.py::User.username#field"", ""docs_src/body_multiple_params/tutorial002_py310.py::User.full_name#field"", ""docs_src/body_multiple_params/tutorial002_py310.py::update_item#function""]}",1,1,13405,1191,14544896,11.1952,7.0016,62.541089038159214,1,2224,199790592,199811072,20480,a400c98c2294c88bcbedd7fb5a886a6fe298d03b1d9b3a7c88e4f391aeb60f91,95f8322ee1dcda7ceace7b1c4f6c9915b36d748f,2026-07-29T20:20:52.765681,1.108.207,c2201a55b6e1b0ea38043c514ab7bc3a372bad13,f8fc323fc3addabb5fdb2cc89ad46a3576a724a9e4bbac1f1b2fc6fac00c503a,1,wt-generation-safe-hybrid,175f8765c4949317d4f48614b8cdacd8c537ab2755c49f13f78a0b2b855cab96,"M src/jcodemunch_mcp/server.py
 M src/jcodemunch_mcp/storage/index_store.py
 M src/jcodemunch_mcp/storage/sqlite_store.py
 M src/jcodemunch_mcp/tools/check_references.py
 M src/jcodemunch_mcp/tools/find_references.py
 M src/jcodemunch_mcp/tools/get_blast_radius.py
 M src/jcodemunch_mcp/tools/get_churn_rate.py
 M src/jcodemunch_mcp/tools/get_file_outline.py
 M src/jcodemunch_mcp/tools/get_file_risk.py
 M src/jcodemunch_mcp/tools/get_file_tree.py
 M src/jcodemunch_mcp/tools/get_symbol_complexity.py
 M src/jcodemunch_mcp/tools/get_symbol_provenance.py
?? tests/test_generation_safe_hybrid.py","{""process_cpu_ms"": 31.25, ""runtime_distribution_version"": ""1.108.199"", ""screening_target_policy"": ""middle stride target"", ""worker_pid"": 22800}"
fastapi/fastapi,fastapi-c1d6b9c4,context_batch,cold_generation_safe_hybrid_screen,get_context_bundle,target_symbols,baseline_full,3,"{""repo"": ""local/fastapi-c1d6b9c4"", ""symbol_ids"": [""docs_src/body_multiple_params/tutorial002_py310.py::User.username#field"", ""docs_src/body_multiple_params/tutorial002_py310.py::User.full_name#field"", ""docs_src/body_multiple_params/tutorial002_py310.py::update_item#function""]}",1,2,13405,1191,14544896,96.9554,92.769,95.6821383852782,1,2225,232685568,232685568,0,a400c98c2294c88bcbedd7fb5a886a6fe298d03b1d9b3a7c88e4f391aeb60f91,95f8322ee1dcda7ceace7b1c4f6c9915b36d748f,2026-07-29T20:20:52.765681,1.108.207,c2201a55b6e1b0ea38043c514ab7bc3a372bad13,f8fc323fc3addabb5fdb2cc89ad46a3576a724a9e4bbac1f1b2fc6fac00c503a,1,wt-1.108.207,e3b0c44298fc1c149afbf4c8996fb92427ae41e4649b934ca495991b7852b855,,"{""process_cpu_ms"": 140.625, ""runtime_distribution_version"": ""1.108.199"", ""screening_target_policy"": ""middle stride target"", ""worker_pid"": 42688}"
fastapi/fastapi,fastapi-c1d6b9c4,context_single_callers,cold_generation_safe_hybrid_screen,get_context_bundle,all_files_target_symbols,baseline_full,3,"{""include_callers"": true, ""repo"": ""local/fastapi-c1d6b9c4"", ""symbol_id"": ""docs_src/body_multiple_params/tutorial002_py310.py::User.username#field""}",1,1,13405,1191,14544896,175.6036,111.6678,63.590837545471736,1,688,232951808,233209856,258048,24c843dec2c19013e18f5530724d599ce2d14d4d62b6040a15b92dcbedc3053a,95f8322ee1dcda7ceace7b1c4f6c9915b36d748f,2026-07-29T20:20:52.765681,1.108.207,c2201a55b6e1b0ea38043c514ab7bc3a372bad13,f8fc323fc3addabb5fdb2cc89ad46a3576a724a9e4bbac1f1b2fc6fac00c503a,1,wt-1.108.207,e3b0c44298fc1c149afbf4c8996fb92427ae41e4649b934ca495991b7852b855,,"{""process_cpu_ms"": 281.25, ""runtime_distribution_version"": ""1.108.199"", ""screening_target_policy"": ""middle stride target"", ""worker_pid"": 42688}"
fastapi/fastapi,fastapi-c1d6b9c4,context_single_callers,cold_generation_safe_hybrid_screen,get_context_bundle,all_files_target_symbols,generation_safe_hybrid,3,"{""include_callers"": true, ""repo"": ""local/fastapi-c1d6b9c4"", ""symbol_id"": ""docs_src/body_multiple_params/tutorial002_py310.py::User.username#field""}",1,2,13405,1191,14544896,76.8439,6.2377,8.117365204004482,1,687,199966720,200015872,49152,24c843dec2c19013e18f5530724d599ce2d14d4d62b6040a15b92dcbedc3053a,95f8322ee1dcda7ceace7b1c4f6c9915b36d748f,2026-07-29T20:20:52.765681,1.108.207,c2201a55b6e1b0ea38043c514ab7bc3a372bad13,f8fc323fc3addabb5fdb2cc89ad46a3576a724a9e4bbac1f1b2fc6fac00c503a,1,wt-generation-safe-hybrid,175f8765c4949317d4f48614b8cdacd8c537ab2755c49f13f78a0b2b855cab96,"M src/jcodemunch_mcp/server.py
 M src/jcodemunch_mcp/storage/index_store.py
 M src/jcodemunch_mcp/storage/sqlite_store.py
 M src/jcodemunch_mcp/tools/check_references.py
 M src/jcodemunch_mcp/tools/find_references.py
 M src/jcodemunch_mcp/tools/get_blast_radius.py
 M src/jcodemunch_mcp/tools/get_churn_rate.py
 M src/jcodemunch_mcp/tools/get_file_outline.py
 M src/jcodemunch_mcp/tools/get_file_risk.py
 M src/jcodemunch_mcp/tools/get_file_tree.py
 M src/jcodemunch_mcp/tools/get_symbol_complexity.py
 M src/jcodemunch_mcp/tools/get_symbol_provenance.py
?? tests/test_generation_safe_hybrid.py","{""process_cpu_ms"": 156.25, ""runtime_distribution_version"": ""1.108.199"", ""screening_target_policy"": ""middle stride target"", ""worker_pid"": 22800}"
fastapi/fastapi,fastapi-c1d6b9c4,context_batch_callers,cold_generation_safe_hybrid_screen,get_context_bundle,all_files_target_symbols,generation_safe_hybrid,3,"{""include_callers"": true, ""repo"": ""local/fastapi-c1d6b9c4"", ""symbol_ids"": [""docs_src/body_multiple_params/tutorial002_py310.py::User.username#field"", ""docs_src/body_multiple_params/tutorial002_py310.py::User.full_name#field"", ""docs_src/body_multiple_params/tutorial002_py310.py::update_item#function""]}",1,1,13405,1191,14544896,188.554,5.5644,2.951090934162097,1,2271,200015872,200216576,200704,99f9b49c2ac92902253ec72d4894b03334e0e910565a73a0da011bf2fa41950a,95f8322ee1dcda7ceace7b1c4f6c9915b36d748f,2026-07-29T20:20:52.765681,1.108.207,c2201a55b6e1b0ea38043c514ab7bc3a372bad13,f8fc323fc3addabb5fdb2cc89ad46a3576a724a9e4bbac1f1b2fc6fac00c503a,1,wt-generation-safe-hybrid,175f8765c4949317d4f48614b8cdacd8c537ab2755c49f13f78a0b2b855cab96,"M src/jcodemunch_mcp/server.py
 M src/jcodemunch_mcp/storage/index_store.py
 M src/jcodemunch_mcp/storage/sqlite_store.py
 M src/jcodemunch_mcp/tools/check_references.py
 M src/jcodemunch_mcp/tools/find_references.py
 M src/jcodemunch_mcp/tools/get_blast_radius.py
 M src/jcodemunch_mcp/tools/get_churn_rate.py
 M src/jcodemunch_mcp/tools/get_file_outline.py
 M src/jcodemunch_mcp/tools/get_file_risk.py
 M src/jcodemunch_mcp/tools/get_file_tree.py
 M src/jcodemunch_mcp/tools/get_symbol_complexity.py
 M src/jcodemunch_mcp/tools/get_symbol_provenance.py
?? tests/test_generation_safe_hybrid.py","{""process_cpu_ms"": 187.5, ""runtime_distribution_version"": ""1.108.199"", ""screening_target_policy"": ""middle stride target"", ""worker_pid"": 22800}"
fastapi/fastapi,fastapi-c1d6b9c4,context_batch_callers,cold_generation_safe_hybrid_screen,get_context_bundle,all_files_target_symbols,baseline_full,3,"{""include_callers"": true, ""repo"": ""local/fastapi-c1d6b9c4"", ""symbol_ids"": [""docs_src/body_multiple_params/tutorial002_py310.py::User.username#field"", ""docs_src/body_multiple_params/tutorial002_py310.py::User.full_name#field"", ""docs_src/body_multiple_params/tutorial002_py310.py::update_item#function""]}",1,2,13405,1191,14544896,274.8975,93.1194,33.87422584781601,1,2271,219676672,231038976,11362304,99f9b49c2ac92902253ec72d4894b03334e0e910565a73a0da011bf2fa41950a,95f8322ee1dcda7ceace7b1c4f6c9915b36d748f,2026-07-29T20:20:52.765681,1.108.207,c2201a55b6e1b0ea38043c514ab7bc3a372bad13,f8fc323fc3addabb5fdb2cc89ad46a3576a724a9e4bbac1f1b2fc6fac00c503a,1,wt-1.108.207,e3b0c44298fc1c149afbf4c8996fb92427ae41e4649b934ca495991b7852b855,,"{""process_cpu_ms"": 265.625, ""runtime_distribution_version"": ""1.108.199"", ""screening_target_policy"": ""middle stride target"", ""worker_pid"": 42688}"
fastapi/fastapi,fastapi-c1d6b9c4,file_content,cold_generation_safe_hybrid_screen,get_file_content,target_files,baseline_full,3,"{""file_path"": ""scripts/topic_repos.py"", ""max_content_results"": 20, ""repo"": ""local/fastapi-c1d6b9c4"", ""search_content"": true}",1,1,13405,1191,14544896,113.4725,110.2403,97.15155654453723,1,4605,231530496,232579072,1048576,e6b150aaacc47f2339b7af496b0dd762b590901d8ab42c3c364b15c4758eafdb,95f8322ee1dcda7ceace7b1c4f6c9915b36d748f,2026-07-29T20:20:52.765681,1.108.207,c2201a55b6e1b0ea38043c514ab7bc3a372bad13,f8fc323fc3addabb5fdb2cc89ad46a3576a724a9e4bbac1f1b2fc6fac00c503a,1,wt-1.108.207,e3b0c44298fc1c149afbf4c8996fb92427ae41e4649b934ca495991b7852b855,,"{""process_cpu_ms"": 125.0, ""runtime_distribution_version"": ""1.108.199"", ""screening_target_policy"": ""middle stride target"", ""worker_pid"": 42688}"
fastapi/fastapi,fastapi-c1d6b9c4,file_content,cold_generation_safe_hybrid_screen,get_file_content,target_files,generation_safe_hybrid,3,"{""file_path"": ""scripts/topic_repos.py"", ""max_content_results"": 20, ""repo"": ""local/fastapi-c1d6b9c4"", ""search_content"": true}",1,2,13405,1191,14544896,8.8609,5.76,65.00468349716168,1,4603,200613888,200679424,65536,e6b150aaacc47f2339b7af496b0dd762b590901d8ab42c3c364b15c4758eafdb,95f8322ee1dcda7ceace7b1c4f6c9915b36d748f,2026-07-29T20:20:52.765681,1.108.207,c2201a55b6e1b0ea38043c514ab7bc3a372bad13,f8fc323fc3addabb5fdb2cc89ad46a3576a724a9e4bbac1f1b2fc6fac00c503a,1,wt-generation-safe-hybrid,175f8765c4949317d4f48614b8cdacd8c537ab2755c49f13f78a0b2b855cab96,"M src/jcodemunch_mcp/server.py
 M src/jcodemunch_mcp/storage/index_store.py
 M src/jcodemunch_mcp/storage/sqlite_store.py
 M src/jcodemunch_mcp/tools/check_references.py
 M src/jcodemunch_mcp/tools/find_references.py
 M src/jcodemunch_mcp/tools/get_blast_radius.py
 M src/jcodemunch_mcp/tools/get_churn_rate.py
 M src/jcodemunch_mcp/tools/get_file_outline.py
 M src/jcodemunch_mcp/tools/get_file_risk.py
 M src/jcodemunch_mcp/tools/get_file_tree.py
 M src/jcodemunch_mcp/tools/get_symbol_complexity.py
 M src/jcodemunch_mcp/tools/get_symbol_provenance.py
?? tests/test_generation_safe_hybrid.py","{""process_cpu_ms"": 0.0, ""runtime_distribution_version"": ""1.108.199"", ""screening_target_policy"": ""middle stride target"", ""worker_pid"": 22800}"
fastapi/fastapi,fastapi-c1d6b9c4,file_outline_single,cold_generation_safe_hybrid_screen,get_file_outline,target_file_symbols,generation_safe_hybrid,3,"{""file_path"": ""scripts/topic_repos.py"", ""repo"": ""local/fastapi-c1d6b9c4""}",1,1,13405,1191,14544896,8.9655,5.4706,61.01834811220791,1,1651,200839168,200941568,102400,81998dc763a2a3aa8f025f0f9ce9254e3edb729c72c9971b8214a6dae07d46d0,95f8322ee1dcda7ceace7b1c4f6c9915b36d748f,2026-07-29T20:20:52.765681,1.108.207,c2201a55b6e1b0ea38043c514ab7bc3a372bad13,f8fc323fc3addabb5fdb2cc89ad46a3576a724a9e4bbac1f1b2fc6fac00c503a,1,wt-generation-safe-hybrid,175f8765c4949317d4f48614b8cdacd8c537ab2755c49f13f78a0b2b855cab96,"M src/jcodemunch_mcp/server.py
 M src/jcodemunch_mcp/storage/index_store.py
 M src/jcodemunch_mcp/storage/sqlite_store.py
 M src/jcodemunch_mcp/tools/check_references.py
 M src/jcodemunch_mcp/tools/find_references.py
 M src/jcodemunch_mcp/tools/get_blast_radius.py
 M src/jcodemunch_mcp/tools/get_churn_rate.py
 M src/jcodemunch_mcp/tools/get_file_outline.py
 M src/jcodemunch_mcp/tools/get_file_risk.py
 M src/jcodemunch_mcp/tools/get_file_tree.py
 M src/jcodemunch_mcp/tools/get_symbol_complexity.py
 M src/jcodemunch_mcp/tools/get_symbol_provenance.py
?? tests/test_generation_safe_hybrid.py","{""process_cpu_ms"": 31.25, ""runtime_distribution_version"": ""1.108.199"", ""screening_target_policy"": ""middle stride target"", ""worker_pid"": 22800}"
fastapi/fastapi,fastapi-c1d6b9c4,file_outline_single,cold_generation_safe_hybrid_screen,get_file_outline,target_file_symbols,baseline_full,3,"{""file_path"": ""scripts/topic_repos.py"", ""repo"": ""local/fastapi-c1d6b9c4""}",1,2,13405,1191,14544896,97.0872,92.614,95.39259552237577,1,1652,232624128,233160704,536576,81998dc763a2a3aa8f025f0f9ce9254e3edb729c72c9971b8214a6dae07d46d0,95f8322ee1dcda7ceace7b1c4f6c9915b36d748f,2026-07-29T20:20:52.765681,1.108.207,c2201a55b6e1b0ea38043c514ab7bc3a372bad13,f8fc323fc3addabb5fdb2cc89ad46a3576a724a9e4bbac1f1b2fc6fac00c503a,1,wt-1.108.207,e3b0c44298fc1c149afbf4c8996fb92427ae41e4649b934ca495991b7852b855,,"{""process_cpu_ms"": 187.5, ""runtime_distribution_version"": ""1.108.199"", ""screening_target_policy"": ""middle stride target"", ""worker_pid"": 42688}"
fastapi/fastapi,fastapi-c1d6b9c4,file_outline_batch,cold_generation_safe_hybrid_screen,get_file_outline,target_file_symbols,baseline_full,3,"{""file_paths"": [""scripts/topic_repos.py"", ""scripts/translate.py"", ""scripts/translation_fixer.py""], ""repo"": ""local/fastapi-c1d6b9c4""}",1,1,13405,1191,14544896,118.798,112.0513,94.32086398760921,1,8887,231874560,232222720,348160,cb39cd7ca78d17359c6d08a708cde9247e511dcd304bdb02faa83924412b99f1,95f8322ee1dcda7ceace7b1c4f6c9915b36d748f,2026-07-29T20:20:52.765681,1.108.207,c2201a55b6e1b0ea38043c514ab7bc3a372bad13,f8fc323fc3addabb5fdb2cc89ad46a3576a724a9e4bbac1f1b2fc6fac00c503a,1,wt-1.108.207,e3b0c44298fc1c149afbf4c8996fb92427ae41e4649b934ca495991b7852b855,,"{""process_cpu_ms"": 109.375, ""runtime_distribution_version"": ""1.108.199"", ""screening_target_policy"": ""middle stride target"", ""worker_pid"": 42688}"
fastapi/fastapi,fastapi-c1d6b9c4,file_outline_batch,cold_generation_safe_hybrid_screen,get_file_outline,target_file_symbols,generation_safe_hybrid,3,"{""file_paths"": [""scripts/topic_repos.py"", ""scripts/translate.py"", ""scripts/translation_fixer.py""], ""repo"": ""local/fastapi-c1d6b9c4""}",1,2,13405,1191,14544896,14.7289,8.4769,57.55283829749677,1,8886,201265152,201273344,8192,cb39cd7ca78d17359c6d08a708cde9247e511dcd304bdb02faa83924412b99f1,95f8322ee1dcda7ceace7b1c4f6c9915b36d748f,2026-07-29T20:20:52.765681,1.108.207,c2201a55b6e1b0ea38043c514ab7bc3a372bad13,f8fc323fc3addabb5fdb2cc89ad46a3576a724a9e4bbac1f1b2fc6fac00c503a,1,wt-generation-safe-hybrid,175f8765c4949317d4f48614b8cdacd8c537ab2755c49f13f78a0b2b855cab96,"M src/jcodemunch_mcp/server.py
 M src/jcodemunch_mcp/storage/index_store.py
 M src/jcodemunch_mcp/storage/sqlite_store.py
 M src/jcodemunch_mcp/tools/check_references.py
 M src/jcodemunch_mcp/tools/find_references.py
 M src/jcodemunch_mcp/tools/get_blast_radius.py
 M src/jcodemunch_mcp/tools/get_churn_rate.py
 M src/jcodemunch_mcp/tools/get_file_outline.py
 M src/jcodemunch_mcp/tools/get_file_risk.py
 M src/jcodemunch_mcp/tools/get_file_tree.py
 M src/jcodemunch_mcp/tools/get_symbol_complexity.py
 M src/jcodemunch_mcp/tools/get_symbol_provenance.py
?? tests/test_generation_safe_hybrid.py","{""process_cpu_ms"": 31.25, ""runtime_distribution_version"": ""1.108.199"", ""screening_target_policy"": ""middle stride target"", ""worker_pid"": 22800}"
fastapi/fastapi,fastapi-c1d6b9c4,symbol_complexity,cold_generation_safe_hybrid_screen,get_symbol_complexity,target_symbols,generation_safe_hybrid,3,"{""repo"": ""local/fastapi-c1d6b9c4"", ""symbol_id"": ""docs_src/body_multiple_params/tutorial002_py310.py::User.username#field""}",1,1,13405,1191,14544896,38.9186,36.3276,93.34251489005257,1,602,201281536,199122944,-2158592,4ebba128cdc821202d81332e1c05573707fac62a7753cb926c21d66821315edf,95f8322ee1dcda7ceace7b1c4f6c9915b36d748f,2026-07-29T20:20:52.765681,1.108.207,c2201a55b6e1b0ea38043c514ab7bc3a372bad13,f8fc323fc3addabb5fdb2cc89ad46a3576a724a9e4bbac1f1b2fc6fac00c503a,1,wt-generation-safe-hybrid,175f8765c4949317d4f48614b8cdacd8c537ab2755c49f13f78a0b2b855cab96,"M src/jcodemunch_mcp/server.py
 M src/jcodemunch_mcp/storage/index_store.py
 M src/jcodemunch_mcp/storage/sqlite_store.py
 M src/jcodemunch_mcp/tools/check_references.py
 M src/jcodemunch_mcp/tools/find_references.py
 M src/jcodemunch_mcp/tools/get_blast_radius.py
 M src/jcodemunch_mcp/tools/get_churn_rate.py
 M src/jcodemunch_mcp/tools/get_file_outline.py
 M src/jcodemunch_mcp/tools/get_file_risk.py
 M src/jcodemunch_mcp/tools/get_file_tree.py
 M src/jcodemunch_mcp/tools/get_symbol_complexity.py
 M src/jcodemunch_mcp/tools/get_symbol_provenance.py
?? tests/test_generation_safe_hybrid.py","{""process_cpu_ms"": 31.25, ""runtime_distribution_version"": ""1.108.199"", ""screening_target_policy"": ""middle stride target"", ""worker_pid"": 22800}"
fastapi/fastapi,fastapi-c1d6b9c4,symbol_complexity,cold_generation_safe_hybrid_screen,get_symbol_complexity,target_symbols,baseline_full,3,"{""repo"": ""local/fastapi-c1d6b9c4"", ""symbol_id"": ""docs_src/body_multiple_params/tutorial002_py310.py::User.username#field""}",1,2,13405,1191,14544896,93.3674,91.0772,97.54710959071367,1,602,221343744,231604224,10260480,4ebba128cdc821202d81332e1c05573707fac62a7753cb926c21d66821315edf,95f8322ee1dcda7ceace7b1c4f6c9915b36d748f,2026-07-29T20:20:52.765681,1.108.207,c2201a55b6e1b0ea38043c514ab7bc3a372bad13,f8fc323fc3addabb5fdb2cc89ad46a3576a724a9e4bbac1f1b2fc6fac00c503a,1,wt-1.108.207,e3b0c44298fc1c149afbf4c8996fb92427ae41e4649b934ca495991b7852b855,,"{""process_cpu_ms"": 109.375, ""runtime_distribution_version"": ""1.108.199"", ""screening_target_policy"": ""middle stride target"", ""worker_pid"": 42688}"
fastapi/fastapi,fastapi-c1d6b9c4,churn_symbol,cold_generation_safe_hybrid_screen,get_churn_rate,target_symbols,baseline_full,3,"{""days"": 30, ""repo"": ""local/fastapi-c1d6b9c4"", ""target"": ""docs_src/body_multiple_params/tutorial002_py310.py::User.username#field""}",1,1,13405,1191,14544896,178.0363,116.5568,65.46799725673921,1,590,232022016,232808448,786432,a6bfc85622604614bb6b86a03e0b089d6133ca58050711a47f235974b5d0b94a,95f8322ee1dcda7ceace7b1c4f6c9915b36d748f,2026-07-29T20:20:52.765681,1.108.207,c2201a55b6e1b0ea38043c514ab7bc3a372bad13,f8fc323fc3addabb5fdb2cc89ad46a3576a724a9e4bbac1f1b2fc6fac00c503a,1,wt-1.108.207,e3b0c44298fc1c149afbf4c8996fb92427ae41e4649b934ca495991b7852b855,,"{""process_cpu_ms"": 140.625, ""runtime_distribution_version"": ""1.108.199"", ""screening_target_policy"": ""middle stride target"", ""worker_pid"": 42688}"
fastapi/fastapi,fastapi-c1d6b9c4,churn_symbol,cold_generation_safe_hybrid_screen,get_churn_rate,target_symbols,generation_safe_hybrid,3,"{""days"": 30, ""repo"": ""local/fastapi-c1d6b9c4"", ""target"": ""docs_src/body_multiple_params/tutorial002_py310.py::User.username#field""}",1,2,13405,1191,14544896,68.9316,8.0593,11.691734995270673,1,589,200314880,200523776,208896,a6bfc85622604614bb6b86a03e0b089d6133ca58050711a47f235974b5d0b94a,95f8322ee1dcda7ceace7b1c4f6c9915b36d748f,2026-07-29T20:20:52.765681,1.108.207,c2201a55b6e1b0ea38043c514ab7bc3a372bad13,f8fc323fc3addabb5fdb2cc89ad46a3576a724a9e4bbac1f1b2fc6fac00c503a,1,wt-generation-safe-hybrid,175f8765c4949317d4f48614b8cdacd8c537ab2755c49f13f78a0b2b855cab96,"M src/jcodemunch_mcp/server.py
 M src/jcodemunch_mcp/storage/index_store.py
 M src/jcodemunch_mcp/storage/sqlite_store.py
 M src/jcodemunch_mcp/tools/check_references.py
 M src/jcodemunch_mcp/tools/find_references.py
 M src/jcodemunch_mcp/tools/get_blast_radius.py
 M src/jcodemunch_mcp/tools/get_churn_rate.py
 M src/jcodemunch_mcp/tools/get_file_outline.py
 M src/jcodemunch_mcp/tools/get_file_risk.py
 M src/jcodemunch_mcp/tools/get_file_tree.py
 M src/jcodemunch_mcp/tools/get_symbol_complexity.py
 M src/jcodemunch_mcp/tools/get_symbol_provenance.py
?? tests/test_generation_safe_hybrid.py","{""process_cpu_ms"": 15.625, ""runtime_distribution_version"": ""1.108.199"", ""screening_target_policy"": ""middle stride target"", ""worker_pid"": 22800}"
fastapi/fastapi,fastapi-c1d6b9c4,churn_file,cold_generation_safe_hybrid_screen,get_churn_rate,metadata,generation_safe_hybrid,3,"{""days"": 30, ""repo"": ""local/fastapi-c1d6b9c4"", ""target"": ""scripts/topic_repos.py""}",1,1,13405,1191,14544896,63.0573,6.5952,10.459058665689778,1,481,200523776,200536064,12288,7dcb2e1bd547846d1c670511b17e9ac6bd45f286f7a6b78e9edb3736fdaf496a,95f8322ee1dcda7ceace7b1c4f6c9915b36d748f,2026-07-29T20:20:52.765681,1.108.207,c2201a55b6e1b0ea38043c514ab7bc3a372bad13,f8fc323fc3addabb5fdb2cc89ad46a3576a724a9e4bbac1f1b2fc6fac00c503a,1,wt-generation-safe-hybrid,175f8765c4949317d4f48614b8cdacd8c537ab2755c49f13f78a0b2b855cab96,"M src/jcodemunch_mcp/server.py
 M src/jcodemunch_mcp/storage/index_store.py
 M src/jcodemunch_mcp/storage/sqlite_store.py
 M src/jcodemunch_mcp/tools/check_references.py
 M src/jcodemunch_mcp/tools/find_references.py
 M src/jcodemunch_mcp/tools/get_blast_radius.py
 M src/jcodemunch_mcp/tools/get_churn_rate.py
 M src/jcodemunch_mcp/tools/get_file_outline.py
 M src/jcodemunch_mcp/tools/get_file_risk.py
 M src/jcodemunch_mcp/tools/get_file_tree.py
 M src/jcodemunch_mcp/tools/get_symbol_complexity.py
 M src/jcodemunch_mcp/tools/get_symbol_provenance.py
?? tests/test_generation_safe_hybrid.py","{""process_cpu_ms"": 15.625, ""runtime_distribution_version"": ""1.108.199"", ""screening_target_policy"": ""middle stride target"", ""worker_pid"": 22800}"
fastapi/fastapi,fastapi-c1d6b9c4,churn_file,cold_generation_safe_hybrid_screen,get_churn_rate,metadata,baseline_full,3,"{""days"": 30, ""repo"": ""local/fastapi-c1d6b9c4"", ""target"": ""scripts/topic_repos.py""}",1,2,13405,1191,14544896,155.9137,95.2055,61.06294700209154,1,482,233168896,233181184,12288,7dcb2e1bd547846d1c670511b17e9ac6bd45f286f7a6b78e9edb3736fdaf496a,95f8322ee1dcda7ceace7b1c4f6c9915b36d748f,2026-07-29T20:20:52.765681,1.108.207,c2201a55b6e1b0ea38043c514ab7bc3a372bad13,f8fc323fc3addabb5fdb2cc89ad46a3576a724a9e4bbac1f1b2fc6fac00c503a,1,wt-1.108.207,e3b0c44298fc1c149afbf4c8996fb92427ae41e4649b934ca495991b7852b855,,"{""process_cpu_ms"": 109.375, ""runtime_distribution_version"": ""1.108.199"", ""screening_target_policy"": ""middle stride target"", ""worker_pid"": 42688}"
fastapi/fastapi,fastapi-c1d6b9c4,symbol_provenance,cold_generation_safe_hybrid_screen,get_symbol_provenance,target_symbols,baseline_full,3,"{""max_commits"": 3, ""repo"": ""local/fastapi-c1d6b9c4"", ""symbol"": ""docs_src/body_multiple_params/tutorial002_py310.py::User.username#field""}",1,1,13405,1191,14544896,175.8582,113.4252,64.49810131117002,1,1717,231714816,232353792,638976,bdd7cf8be527946e9533b01a05a3c5c19f479de1899e2531cd13594a5e203961,95f8322ee1dcda7ceace7b1c4f6c9915b36d748f,2026-07-29T20:20:52.765681,1.108.207,c2201a55b6e1b0ea38043c514ab7bc3a372bad13,f8fc323fc3addabb5fdb2cc89ad46a3576a724a9e4bbac1f1b2fc6fac00c503a,1,wt-1.108.207,e3b0c44298fc1c149afbf4c8996fb92427ae41e4649b934ca495991b7852b855,,"{""process_cpu_ms"": 125.0, ""runtime_distribution_version"": ""1.108.199"", ""screening_target_policy"": ""middle stride target"", ""worker_pid"": 42688}"
fastapi/fastapi,fastapi-c1d6b9c4,symbol_provenance,cold_generation_safe_hybrid_screen,get_symbol_provenance,target_symbols,generation_safe_hybrid,3,"{""max_commits"": 3, ""repo"": ""local/fastapi-c1d6b9c4"", ""symbol"": ""docs_src/body_multiple_params/tutorial002_py310.py::User.username#field""}",1,2,13405,1191,14544896,113.4455,6.912,6.09279345588851,1,1717,200540160,200556544,16384,bdd7cf8be527946e9533b01a05a3c5c19f479de1899e2531cd13594a5e203961,95f8322ee1dcda7ceace7b1c4f6c9915b36d748f,2026-07-29T20:20:52.765681,1.108.207,c2201a55b6e1b0ea38043c514ab7bc3a372bad13,f8fc323fc3addabb5fdb2cc89ad46a3576a724a9e4bbac1f1b2fc6fac00c503a,1,wt-generation-safe-hybrid,175f8765c4949317d4f48614b8cdacd8c537ab2755c49f13f78a0b2b855cab96,"M src/jcodemunch_mcp/server.py
 M src/jcodemunch_mcp/storage/index_store.py
 M src/jcodemunch_mcp/storage/sqlite_store.py
 M src/jcodemunch_mcp/tools/check_references.py
 M src/jcodemunch_mcp/tools/find_references.py
 M src/jcodemunch_mcp/tools/get_blast_radius.py
 M src/jcodemunch_mcp/tools/get_churn_rate.py
 M src/jcodemunch_mcp/tools/get_file_outline.py
 M src/jcodemunch_mcp/tools/get_file_risk.py
 M src/jcodemunch_mcp/tools/get_file_tree.py
 M src/jcodemunch_mcp/tools/get_symbol_complexity.py
 M src/jcodemunch_mcp/tools/get_symbol_provenance.py
?? tests/test_generation_safe_hybrid.py","{""process_cpu_ms"": 15.625, ""runtime_distribution_version"": ""1.108.199"", ""screening_target_policy"": ""middle stride target"", ""worker_pid"": 22800}"
fastapi/fastapi,fastapi-c1d6b9c4,references_single,cold_generation_safe_hybrid_screen,find_references,all_files,generation_safe_hybrid,3,"{""identifier"": ""username"", ""repo"": ""local/fastapi-c1d6b9c4""}",1,1,13405,1191,14544896,11.4556,6.0325,52.65983449142777,1,369,200564736,200622080,57344,eb503f009166d546afe5671bb0b18665894f6e8f47fa78a937396526794b0681,95f8322ee1dcda7ceace7b1c4f6c9915b36d748f,2026-07-29T20:20:52.765681,1.108.207,c2201a55b6e1b0ea38043c514ab7bc3a372bad13,f8fc323fc3addabb5fdb2cc89ad46a3576a724a9e4bbac1f1b2fc6fac00c503a,1,wt-generation-safe-hybrid,175f8765c4949317d4f48614b8cdacd8c537ab2755c49f13f78a0b2b855cab96,"M src/jcodemunch_mcp/server.py
 M src/jcodemunch_mcp/storage/index_store.py
 M src/jcodemunch_mcp/storage/sqlite_store.py
 M src/jcodemunch_mcp/tools/check_references.py
 M src/jcodemunch_mcp/tools/find_references.py
 M src/jcodemunch_mcp/tools/get_blast_radius.py
 M src/jcodemunch_mcp/tools/get_churn_rate.py
 M src/jcodemunch_mcp/tools/get_file_outline.py
 M src/jcodemunch_mcp/tools/get_file_risk.py
 M src/jcodemunch_mcp/tools/get_file_tree.py
 M src/jcodemunch_mcp/tools/get_symbol_complexity.py
 M src/jcodemunch_mcp/tools/get_symbol_provenance.py
?? tests/test_generation_safe_hybrid.py","{""process_cpu_ms"": 15.625, ""runtime_distribution_version"": ""1.108.199"", ""screening_target_policy"": ""middle stride target"", ""worker_pid"": 22800}"
fastapi/fastapi,fastapi-c1d6b9c4,references_single,cold_generation_safe_hybrid_screen,find_references,all_files,baseline_full,3,"{""identifier"": ""username"", ""repo"": ""local/fastapi-c1d6b9c4""}",1,2,13405,1191,14544896,95.468,90.0532,94.32815184145473,1,370,232677376,232947712,270336,eb503f009166d546afe5671bb0b18665894f6e8f47fa78a937396526794b0681,95f8322ee1dcda7ceace7b1c4f6c9915b36d748f,2026-07-29T20:20:52.765681,1.108.207,c2201a55b6e1b0ea38043c514ab7bc3a372bad13,f8fc323fc3addabb5fdb2cc89ad46a3576a724a9e4bbac1f1b2fc6fac00c503a,1,wt-1.108.207,e3b0c44298fc1c149afbf4c8996fb92427ae41e4649b934ca495991b7852b855,,"{""process_cpu_ms"": 93.75, ""runtime_distribution_version"": ""1.108.199"", ""screening_target_policy"": ""middle stride target"", ""worker_pid"": 42688}"
fastapi/fastapi,fastapi-c1d6b9c4,references_batch,cold_generation_safe_hybrid_screen,find_references,all_files,baseline_full,3,"{""identifiers"": [""username"", ""full_name"", ""update_item""], ""repo"": ""local/fastapi-c1d6b9c4""}",1,1,13405,1191,14544896,116.1236,110.5447,95.19572248879643,1,347,230281216,231141376,860160,be03c1717f2099c6674c4bcffbf1d2d178f349b83120e91e2dd8509ece9a20b6,95f8322ee1dcda7ceace7b1c4f6c9915b36d748f,2026-07-29T20:20:52.765681,1.108.207,c2201a55b6e1b0ea38043c514ab7bc3a372bad13,f8fc323fc3addabb5fdb2cc89ad46a3576a724a9e4bbac1f1b2fc6fac00c503a,1,wt-1.108.207,e3b0c44298fc1c149afbf4c8996fb92427ae41e4649b934ca495991b7852b855,,"{""process_cpu_ms"": 109.375, ""runtime_distribution_version"": ""1.108.199"", ""screening_target_policy"": ""middle stride target"", ""worker_pid"": 42688}"
fastapi/fastapi,fastapi-c1d6b9c4,references_batch,cold_generation_safe_hybrid_screen,find_references,all_files,generation_safe_hybrid,3,"{""identifiers"": [""username"", ""full_name"", ""update_item""], ""repo"": ""local/fastapi-c1d6b9c4""}",1,2,13405,1191,14544896,12.4941,6.1152,48.94470189929647,1,345,200634368,200814592,180224,be03c1717f2099c6674c4bcffbf1d2d178f349b83120e91e2dd8509ece9a20b6,95f8322ee1dcda7ceace7b1c4f6c9915b36d748f,2026-07-29T20:20:52.765681,1.108.207,c2201a55b6e1b0ea38043c514ab7bc3a372bad13,f8fc323fc3addabb5fdb2cc89ad46a3576a724a9e4bbac1f1b2fc6fac00c503a,1,wt-generation-safe-hybrid,175f8765c4949317d4f48614b8cdacd8c537ab2755c49f13f78a0b2b855cab96,"M src/jcodemunch_mcp/server.py
 M src/jcodemunch_mcp/storage/index_store.py
 M src/jcodemunch_mcp/storage/sqlite_store.py
 M src/jcodemunch_mcp/tools/check_references.py
 M src/jcodemunch_mcp/tools/find_references.py
 M src/jcodemunch_mcp/tools/get_blast_radius.py
 M src/jcodemunch_mcp/tools/get_churn_rate.py
 M src/jcodemunch_mcp/tools/get_file_outline.py
 M src/jcodemunch_mcp/tools/get_file_risk.py
 M src/jcodemunch_mcp/tools/get_file_tree.py
 M src/jcodemunch_mcp/tools/get_symbol_complexity.py
 M src/jcodemunch_mcp/tools/get_symbol_provenance.py
?? tests/test_generation_safe_hybrid.py","{""process_cpu_ms"": 0.0, ""runtime_distribution_version"": ""1.108.199"", ""screening_target_policy"": ""middle stride target"", ""worker_pid"": 22800}"
fastapi/fastapi,fastapi-c1d6b9c4,references_call_chain,cold_generation_safe_hybrid_screen,find_references,reference_call_chain,generation_safe_hybrid,3,"{""identifier"": ""username"", ""include_call_chain"": true, ""repo"": ""local/fastapi-c1d6b9c4""}",1,1,13405,1191,14544896,12.267,7.3392,59.828808999755445,1,369,201113600,201134080,20480,eb503f009166d546afe5671bb0b18665894f6e8f47fa78a937396526794b0681,95f8322ee1dcda7ceace7b1c4f6c9915b36d748f,2026-07-29T20:20:52.765681,1.108.207,c2201a55b6e1b0ea38043c514ab7bc3a372bad13,f8fc323fc3addabb5fdb2cc89ad46a3576a724a9e4bbac1f1b2fc6fac00c503a,1,wt-generation-safe-hybrid,175f8765c4949317d4f48614b8cdacd8c537ab2755c49f13f78a0b2b855cab96,"M src/jcodemunch_mcp/server.py
 M src/jcodemunch_mcp/storage/index_store.py
 M src/jcodemunch_mcp/storage/sqlite_store.py
 M src/jcodemunch_mcp/tools/check_references.py
 M src/jcodemunch_mcp/tools/find_references.py
 M src/jcodemunch_mcp/tools/get_blast_radius.py
 M src/jcodemunch_mcp/tools/get_churn_rate.py
 M src/jcodemunch_mcp/tools/get_file_outline.py
 M src/jcodemunch_mcp/tools/get_file_risk.py
 M src/jcodemunch_mcp/tools/get_file_tree.py
 M src/jcodemunch_mcp/tools/get_symbol_complexity.py
 M src/jcodemunch_mcp/tools/get_symbol_provenance.py
?? tests/test_generation_safe_hybrid.py","{""process_cpu_ms"": 15.625, ""runtime_distribution_version"": ""1.108.199"", ""screening_target_policy"": ""middle stride target"", ""worker_pid"": 22800}"
fastapi/fastapi,fastapi-c1d6b9c4,references_call_chain,cold_generation_safe_hybrid_screen,find_references,reference_call_chain,baseline_full,3,"{""identifier"": ""username"", ""include_call_chain"": true, ""repo"": ""local/fastapi-c1d6b9c4""}",1,2,13405,1191,14544896,95.053,89.7014,94.36987785761629,1,370,231477248,231755776,278528,eb503f009166d546afe5671bb0b18665894f6e8f47fa78a937396526794b0681,95f8322ee1dcda7ceace7b1c4f6c9915b36d748f,2026-07-29T20:20:52.765681,1.108.207,c2201a55b6e1b0ea38043c514ab7bc3a372bad13,f8fc323fc3addabb5fdb2cc89ad46a3576a724a9e4bbac1f1b2fc6fac00c503a,1,wt-1.108.207,e3b0c44298fc1c149afbf4c8996fb92427ae41e4649b934ca495991b7852b855,,"{""process_cpu_ms"": 93.75, ""runtime_distribution_version"": ""1.108.199"", ""screening_target_policy"": ""middle stride target"", ""worker_pid"": 42688}"
fastapi/fastapi,fastapi-c1d6b9c4,importers_single,cold_generation_safe_hybrid_screen,find_importers,all_files,baseline_full,3,"{""cross_repo"": false, ""file_path"": ""scripts/topic_repos.py"", ""repo"": ""local/fastapi-c1d6b9c4""}",1,1,13405,1191,14544896,231.9529,107.5978,46.38777958801119,1,395,231907328,231915520,8192,90c8586e30221484ff2003a75b482846456cd133c9af010dbaccb081ef7d44fa,95f8322ee1dcda7ceace7b1c4f6c9915b36d748f,2026-07-29T20:20:52.765681,1.108.207,c2201a55b6e1b0ea38043c514ab7bc3a372bad13,f8fc323fc3addabb5fdb2cc89ad46a3576a724a9e4bbac1f1b2fc6fac00c503a,1,wt-1.108.207,e3b0c44298fc1c149afbf4c8996fb92427ae41e4649b934ca495991b7852b855,,"{""process_cpu_ms"": 234.375, ""runtime_distribution_version"": ""1.108.199"", ""screening_target_policy"": ""middle stride target"", ""worker_pid"": 42688}"
fastapi/fastapi,fastapi-c1d6b9c4,importers_single,cold_generation_safe_hybrid_screen,find_importers,all_files,generation_safe_hybrid,3,"{""cross_repo"": false, ""file_path"": ""scripts/topic_repos.py"", ""repo"": ""local/fastapi-c1d6b9c4""}",1,2,13405,1191,14544896,132.9703,7.8914,5.934708728189678,1,395,201207808,201306112,98304,90c8586e30221484ff2003a75b482846456cd133c9af010dbaccb081ef7d44fa,95f8322ee1dcda7ceace7b1c4f6c9915b36d748f,2026-07-29T20:20:52.765681,1.108.207,c2201a55b6e1b0ea38043c514ab7bc3a372bad13,f8fc323fc3addabb5fdb2cc89ad46a3576a724a9e4bbac1f1b2fc6fac00c503a,1,wt-generation-safe-hybrid,175f8765c4949317d4f48614b8cdacd8c537ab2755c49f13f78a0b2b855cab96,"M src/jcodemunch_mcp/server.py
 M src/jcodemunch_mcp/storage/index_store.py
 M src/jcodemunch_mcp/storage/sqlite_store.py
 M src/jcodemunch_mcp/tools/check_references.py
 M src/jcodemunch_mcp/tools/find_references.py
 M src/jcodemunch_mcp/tools/get_blast_radius.py
 M src/jcodemunch_mcp/tools/get_churn_rate.py
 M src/jcodemunch_mcp/tools/get_file_outline.py
 M src/jcodemunch_mcp/tools/get_file_risk.py
 M src/jcodemunch_mcp/tools/get_file_tree.py
 M src/jcodemunch_mcp/tools/get_symbol_complexity.py
 M src/jcodemunch_mcp/tools/get_symbol_provenance.py
?? tests/test_generation_safe_hybrid.py","{""process_cpu_ms"": 140.625, ""runtime_distribution_version"": ""1.108.199"", ""screening_target_policy"": ""middle stride target"", ""worker_pid"": 22800}"
fastapi/fastapi,fastapi-c1d6b9c4,importers_batch,cold_generation_safe_hybrid_screen,find_importers,all_files,generation_safe_hybrid,3,"{""cross_repo"": false, ""file_paths"": [""scripts/topic_repos.py"", ""scripts/translate.py"", ""scripts/translation_fixer.py""], ""repo"": ""local/fastapi-c1d6b9c4""}",1,1,13405,1191,14544896,131.1502,7.1794,5.474181510969864,1,2281,201306112,201306112,0,703eebae111fbee905473d4a7fe83ca58e83579c623b3a365f7bc2b2024c54bb,95f8322ee1dcda7ceace7b1c4f6c9915b36d748f,2026-07-29T20:20:52.765681,1.108.207,c2201a55b6e1b0ea38043c514ab7bc3a372bad13,f8fc323fc3addabb5fdb2cc89ad46a3576a724a9e4bbac1f1b2fc6fac00c503a,1,wt-generation-safe-hybrid,175f8765c4949317d4f48614b8cdacd8c537ab2755c49f13f78a0b2b855cab96,"M src/jcodemunch_mcp/server.py
 M src/jcodemunch_mcp/storage/index_store.py
 M src/jcodemunch_mcp/storage/sqlite_store.py
 M src/jcodemunch_mcp/tools/check_references.py
 M src/jcodemunch_mcp/tools/find_references.py
 M src/jcodemunch_mcp/tools/get_blast_radius.py
 M src/jcodemunch_mcp/tools/get_churn_rate.py
 M src/jcodemunch_mcp/tools/get_file_outline.py
 M src/jcodemunch_mcp/tools/get_file_risk.py
 M src/jcodemunch_mcp/tools/get_file_tree.py
 M src/jcodemunch_mcp/tools/get_symbol_complexity.py
 M src/jcodemunch_mcp/tools/get_symbol_provenance.py
?? tests/test_generation_safe_hybrid.py","{""process_cpu_ms"": 125.0, ""runtime_distribution_version"": ""1.108.199"", ""screening_target_policy"": ""middle stride target"", ""worker_pid"": 22800}"
fastapi/fastapi,fastapi-c1d6b9c4,importers_batch,cold_generation_safe_hybrid_screen,find_importers,all_files,baseline_full,3,"{""cross_repo"": false, ""file_paths"": [""scripts/topic_repos.py"", ""scripts/translate.py"", ""scripts/translation_fixer.py""], ""repo"": ""local/fastapi-c1d6b9c4""}",1,2,13405,1191,14544896,219.1896,93.4589,42.63838247800078,1,2281,220372992,229924864,9551872,703eebae111fbee905473d4a7fe83ca58e83579c623b3a365f7bc2b2024c54bb,95f8322ee1dcda7ceace7b1c4f6c9915b36d748f,2026-07-29T20:20:52.765681,1.108.207,c2201a55b6e1b0ea38043c514ab7bc3a372bad13,f8fc323fc3addabb5fdb2cc89ad46a3576a724a9e4bbac1f1b2fc6fac00c503a,1,wt-1.108.207,e3b0c44298fc1c149afbf4c8996fb92427ae41e4649b934ca495991b7852b855,,"{""process_cpu_ms"": 218.75, ""runtime_distribution_version"": ""1.108.199"", ""screening_target_policy"": ""middle stride target"", ""worker_pid"": 42688}"
fastapi/fastapi,fastapi-c1d6b9c4,check_refs_single_imports,cold_generation_safe_hybrid_screen,check_references,all_files_definitions,baseline_full,3,"{""identifier"": ""username"", ""repo"": ""local/fastapi-c1d6b9c4"", ""search_content"": false}",1,1,13405,1191,14544896,113.6589,107.9175,94.94856979963734,1,235,230506496,230785024,278528,d9259a9f031094dcf6041eb2875b757f9fc6fa67ae5736e996c1bb3f93d455ed,95f8322ee1dcda7ceace7b1c4f6c9915b36d748f,2026-07-29T20:20:52.765681,1.108.207,c2201a55b6e1b0ea38043c514ab7bc3a372bad13,f8fc323fc3addabb5fdb2cc89ad46a3576a724a9e4bbac1f1b2fc6fac00c503a,1,wt-1.108.207,e3b0c44298fc1c149afbf4c8996fb92427ae41e4649b934ca495991b7852b855,,"{""process_cpu_ms"": 125.0, ""runtime_distribution_version"": ""1.108.199"", ""screening_target_policy"": ""middle stride target"", ""worker_pid"": 42688}"
fastapi/fastapi,fastapi-c1d6b9c4,check_refs_single_imports,cold_generation_safe_hybrid_screen,check_references,all_files_definitions,generation_safe_hybrid,3,"{""identifier"": ""username"", ""repo"": ""local/fastapi-c1d6b9c4"", ""search_content"": false}",1,2,13405,1191,14544896,14.9485,6.0396,40.402715991571064,1,234,201748480,201781248,32768,d9259a9f031094dcf6041eb2875b757f9fc6fa67ae5736e996c1bb3f93d455ed,95f8322ee1dcda7ceace7b1c4f6c9915b36d748f,2026-07-29T20:20:52.765681,1.108.207,c2201a55b6e1b0ea38043c514ab7bc3a372bad13,f8fc323fc3addabb5fdb2cc89ad46a3576a724a9e4bbac1f1b2fc6fac00c503a,1,wt-generation-safe-hybrid,175f8765c4949317d4f48614b8cdacd8c537ab2755c49f13f78a0b2b855cab96,"M src/jcodemunch_mcp/server.py
 M src/jcodemunch_mcp/storage/index_store.py
 M src/jcodemunch_mcp/storage/sqlite_store.py
 M src/jcodemunch_mcp/tools/check_references.py
 M src/jcodemunch_mcp/tools/find_references.py
 M src/jcodemunch_mcp/tools/get_blast_radius.py
 M src/jcodemunch_mcp/tools/get_churn_rate.py
 M src/jcodemunch_mcp/tools/get_file_outline.py
 M src/jcodemunch_mcp/tools/get_file_risk.py
 M src/jcodemunch_mcp/tools/get_file_tree.py
 M src/jcodemunch_mcp/tools/get_symbol_complexity.py
 M src/jcodemunch_mcp/tools/get_symbol_provenance.py
?? tests/test_generation_safe_hybrid.py","{""process_cpu_ms"": 15.625, ""runtime_distribution_version"": ""1.108.199"", ""screening_target_policy"": ""middle stride target"", ""worker_pid"": 22800}"
fastapi/fastapi,fastapi-c1d6b9c4,check_refs_batch_imports,cold_generation_safe_hybrid_screen,check_references,all_files_definitions,generation_safe_hybrid,3,"{""identifiers"": [""username"", ""full_name"", ""update_item""], ""repo"": ""local/fastapi-c1d6b9c4"", ""search_content"": false}",1,1,13405,1191,14544896,22.709,5.553,24.452860099520013,1,380,202272768,202272768,0,f8e83756714f87a2521484d769e276dd2fa44c5eab167ba9e65e76df112302f4,95f8322ee1dcda7ceace7b1c4f6c9915b36d748f,2026-07-29T20:20:52.765681,1.108.207,c2201a55b6e1b0ea38043c514ab7bc3a372bad13,f8fc323fc3addabb5fdb2cc89ad46a3576a724a9e4bbac1f1b2fc6fac00c503a,1,wt-generation-safe-hybrid,175f8765c4949317d4f48614b8cdacd8c537ab2755c49f13f78a0b2b855cab96,"M src/jcodemunch_mcp/server.py
 M src/jcodemunch_mcp/storage/index_store.py
 M src/jcodemunch_mcp/storage/sqlite_store.py
 M src/jcodemunch_mcp/tools/check_references.py
 M src/jcodemunch_mcp/tools/find_references.py
 M src/jcodemunch_mcp/tools/get_blast_radius.py
 M src/jcodemunch_mcp/tools/get_churn_rate.py
 M src/jcodemunch_mcp/tools/get_file_outline.py
 M src/jcodemunch_mcp/tools/get_file_risk.py
 M src/jcodemunch_mcp/tools/get_file_tree.py
 M src/jcodemunch_mcp/tools/get_symbol_complexity.py
 M src/jcodemunch_mcp/tools/get_symbol_provenance.py
?? tests/test_generation_safe_hybrid.py","{""process_cpu_ms"": 62.5, ""runtime_distribution_version"": ""1.108.199"", ""screening_target_policy"": ""middle stride target"", ""worker_pid"": 22800}"
fastapi/fastapi,fastapi-c1d6b9c4,check_refs_batch_imports,cold_generation_safe_hybrid_screen,check_references,all_files_definitions,baseline_full,3,"{""identifiers"": [""username"", ""full_name"", ""update_item""], ""repo"": ""local/fastapi-c1d6b9c4"", ""search_content"": false}",1,2,13405,1191,14544896,101.8603,90.5991,88.94446609719391,1,380,231235584,231337984,102400,f8e83756714f87a2521484d769e276dd2fa44c5eab167ba9e65e76df112302f4,95f8322ee1dcda7ceace7b1c4f6c9915b36d748f,2026-07-29T20:20:52.765681,1.108.207,c2201a55b6e1b0ea38043c514ab7bc3a372bad13,f8fc323fc3addabb5fdb2cc89ad46a3576a724a9e4bbac1f1b2fc6fac00c503a,1,wt-1.108.207,e3b0c44298fc1c149afbf4c8996fb92427ae41e4649b934ca495991b7852b855,,"{""process_cpu_ms"": 218.75, ""runtime_distribution_version"": ""1.108.199"", ""screening_target_policy"": ""middle stride target"", ""worker_pid"": 42688}"
fastapi/fastapi,fastapi-c1d6b9c4,check_refs_single_content,cold_generation_safe_hybrid_screen,check_references,all_files_definitions,baseline_full,3,"{""identifier"": ""username"", ""max_content_results"": 20, ""repo"": ""local/fastapi-c1d6b9c4"", ""search_content"": true}",1,1,13405,1191,14544896,170.7849,110.4437,64.66830498480837,1,6102,231825408,232374272,548864,6c7da0a6d5672ba2b2610ff4ad44864474e121e9cc72526b5097ac96fd7360dc,95f8322ee1dcda7ceace7b1c4f6c9915b36d748f,2026-07-29T20:20:52.765681,1.108.207,c2201a55b6e1b0ea38043c514ab7bc3a372bad13,f8fc323fc3addabb5fdb2cc89ad46a3576a724a9e4bbac1f1b2fc6fac00c503a,1,wt-1.108.207,e3b0c44298fc1c149afbf4c8996fb92427ae41e4649b934ca495991b7852b855,,"{""process_cpu_ms"": 187.5, ""runtime_distribution_version"": ""1.108.199"", ""screening_target_policy"": ""middle stride target"", ""worker_pid"": 42688}"
fastapi/fastapi,fastapi-c1d6b9c4,check_refs_single_content,cold_generation_safe_hybrid_screen,check_references,all_files_definitions,generation_safe_hybrid,3,"{""identifier"": ""username"", ""max_content_results"": 20, ""repo"": ""local/fastapi-c1d6b9c4"", ""search_content"": true}",1,2,13405,1191,14544896,69.2921,5.8878,8.497072537850634,1,6101,202350592,202407936,57344,6c7da0a6d5672ba2b2610ff4ad44864474e121e9cc72526b5097ac96fd7360dc,95f8322ee1dcda7ceace7b1c4f6c9915b36d748f,2026-07-29T20:20:52.765681,1.108.207,c2201a55b6e1b0ea38043c514ab7bc3a372bad13,f8fc323fc3addabb5fdb2cc89ad46a3576a724a9e4bbac1f1b2fc6fac00c503a,1,wt-generation-safe-hybrid,175f8765c4949317d4f48614b8cdacd8c537ab2755c49f13f78a0b2b855cab96,"M src/jcodemunch_mcp/server.py
 M src/jcodemunch_mcp/storage/index_store.py
 M src/jcodemunch_mcp/storage/sqlite_store.py
 M src/jcodemunch_mcp/tools/check_references.py
 M src/jcodemunch_mcp/tools/find_references.py
 M src/jcodemunch_mcp/tools/get_blast_radius.py
 M src/jcodemunch_mcp/tools/get_churn_rate.py
 M src/jcodemunch_mcp/tools/get_file_outline.py
 M src/jcodemunch_mcp/tools/get_file_risk.py
 M src/jcodemunch_mcp/tools/get_file_tree.py
 M src/jcodemunch_mcp/tools/get_symbol_complexity.py
 M src/jcodemunch_mcp/tools/get_symbol_provenance.py
?? tests/test_generation_safe_hybrid.py","{""process_cpu_ms"": 78.125, ""runtime_distribution_version"": ""1.108.199"", ""screening_target_policy"": ""middle stride target"", ""worker_pid"": 22800}"
fastapi/fastapi,fastapi-c1d6b9c4,check_refs_batch_content,cold_generation_safe_hybrid_screen,check_references,all_files_definitions,generation_safe_hybrid,3,"{""identifiers"": [""username"", ""full_name"", ""update_item""], ""max_content_results"": 20, ""repo"": ""local/fastapi-c1d6b9c4"", ""search_content"": true}",1,1,13405,1191,14544896,449.0029,45.8894,10.220290336654841,1,17509,204550144,202227712,-2322432,1fe5ce4b4e7d1db4af91355dd4417b9e1313576d1b7c3e49ec374997fe80442a,95f8322ee1dcda7ceace7b1c4f6c9915b36d748f,2026-07-29T20:20:52.765681,1.108.207,c2201a55b6e1b0ea38043c514ab7bc3a372bad13,f8fc323fc3addabb5fdb2cc89ad46a3576a724a9e4bbac1f1b2fc6fac00c503a,1,wt-generation-safe-hybrid,175f8765c4949317d4f48614b8cdacd8c537ab2755c49f13f78a0b2b855cab96,"M src/jcodemunch_mcp/server.py
 M src/jcodemunch_mcp/storage/index_store.py
 M src/jcodemunch_mcp/storage/sqlite_store.py
 M src/jcodemunch_mcp/tools/check_references.py
 M src/jcodemunch_mcp/tools/find_references.py
 M src/jcodemunch_mcp/tools/get_blast_radius.py
 M src/jcodemunch_mcp/tools/get_churn_rate.py
 M src/jcodemunch_mcp/tools/get_file_outline.py
 M src/jcodemunch_mcp/tools/get_file_risk.py
 M src/jcodemunch_mcp/tools/get_file_tree.py
 M src/jcodemunch_mcp/tools/get_symbol_complexity.py
 M src/jcodemunch_mcp/tools/get_symbol_provenance.py
?? tests/test_generation_safe_hybrid.py","{""process_cpu_ms"": 453.125, ""runtime_distribution_version"": ""1.108.199"", ""screening_target_policy"": ""middle stride target"", ""worker_pid"": 22800}"
fastapi/fastapi,fastapi-c1d6b9c4,check_refs_batch_content,cold_generation_safe_hybrid_screen,check_references,all_files_definitions,baseline_full,3,"{""identifiers"": [""username"", ""full_name"", ""update_item""], ""max_content_results"": 20, ""repo"": ""local/fastapi-c1d6b9c4"", ""search_content"": true}",1,2,13405,1191,14544896,533.5143,109.4283,20.510846663341542,1,17509,221224960,232804352,11579392,1fe5ce4b4e7d1db4af91355dd4417b9e1313576d1b7c3e49ec374997fe80442a,95f8322ee1dcda7ceace7b1c4f6c9915b36d748f,2026-07-29T20:20:52.765681,1.108.207,c2201a55b6e1b0ea38043c514ab7bc3a372bad13,f8fc323fc3addabb5fdb2cc89ad46a3576a724a9e4bbac1f1b2fc6fac00c503a,1,wt-1.108.207,e3b0c44298fc1c149afbf4c8996fb92427ae41e4649b934ca495991b7852b855,,"{""process_cpu_ms"": 531.25, ""runtime_distribution_version"": ""1.108.199"", ""screening_target_policy"": ""middle stride target"", ""worker_pid"": 42688}"
fastapi/fastapi,fastapi-c1d6b9c4,file_risk,cold_generation_safe_hybrid_screen,get_file_risk,all_files_target_file_symbols,baseline_full,3,"{""file_path"": ""scripts/topic_repos.py"", ""repo"": ""local/fastapi-c1d6b9c4""}",1,1,13405,1191,14544896,233.0557,110.7865,47.536490203843975,1,509,232919040,232960000,40960,a3bcfca446fbe6393e6ddfbebd7ad6cdb2a80f57c03cb5235410194f019cef05,95f8322ee1dcda7ceace7b1c4f6c9915b36d748f,2026-07-29T20:20:52.765681,1.108.207,c2201a55b6e1b0ea38043c514ab7bc3a372bad13,f8fc323fc3addabb5fdb2cc89ad46a3576a724a9e4bbac1f1b2fc6fac00c503a,1,wt-1.108.207,e3b0c44298fc1c149afbf4c8996fb92427ae41e4649b934ca495991b7852b855,,"{""process_cpu_ms"": 203.125, ""runtime_distribution_version"": ""1.108.199"", ""screening_target_policy"": ""middle stride target"", ""worker_pid"": 42688}"
fastapi/fastapi,fastapi-c1d6b9c4,file_risk,cold_generation_safe_hybrid_screen,get_file_risk,all_files_target_file_symbols,generation_safe_hybrid,3,"{""file_path"": ""scripts/topic_repos.py"", ""repo"": ""local/fastapi-c1d6b9c4""}",1,2,13405,1191,14544896,128.2885,8.5505,6.665055714269011,1,509,202350592,202424320,73728,a3bcfca446fbe6393e6ddfbebd7ad6cdb2a80f57c03cb5235410194f019cef05,95f8322ee1dcda7ceace7b1c4f6c9915b36d748f,2026-07-29T20:20:52.765681,1.108.207,c2201a55b6e1b0ea38043c514ab7bc3a372bad13,f8fc323fc3addabb5fdb2cc89ad46a3576a724a9e4bbac1f1b2fc6fac00c503a,1,wt-generation-safe-hybrid,175f8765c4949317d4f48614b8cdacd8c537ab2755c49f13f78a0b2b855cab96,"M src/jcodemunch_mcp/server.py
 M src/jcodemunch_mcp/storage/index_store.py
 M src/jcodemunch_mcp/storage/sqlite_store.py
 M src/jcodemunch_mcp/tools/check_references.py
 M src/jcodemunch_mcp/tools/find_references.py
 M src/jcodemunch_mcp/tools/get_blast_radius.py
 M src/jcodemunch_mcp/tools/get_churn_rate.py
 M src/jcodemunch_mcp/tools/get_file_outline.py
 M src/jcodemunch_mcp/tools/get_file_risk.py
 M src/jcodemunch_mcp/tools/get_file_tree.py
 M src/jcodemunch_mcp/tools/get_symbol_complexity.py
 M src/jcodemunch_mcp/tools/get_symbol_provenance.py
?? tests/test_generation_safe_hybrid.py","{""process_cpu_ms"": 109.375, ""runtime_distribution_version"": ""1.108.199"", ""screening_target_policy"": ""middle stride target"", ""worker_pid"": 22800}"
fastapi/fastapi,fastapi-c1d6b9c4,changed_symbols,cold_generation_safe_hybrid_screen,get_changed_symbols,metadata,generation_safe_hybrid,3,"{""include_blast_radius"": false, ""repo"": ""local/fastapi-c1d6b9c4"", ""since_sha"": ""95f8322ee1dcda7ceace7b1c4f6c9915b36d748f"", ""until_sha"": ""95f8322ee1dcda7ceace7b1c4f6c9915b36d748f""}",1,1,13405,1191,14544896,146.8445,9.1772,6.249604173121907,1,539,202469376,202571776,102400,567cf452d846b80d813f45d9d15d929e4cbfda9503c77f60a1f8052421559b2d,95f8322ee1dcda7ceace7b1c4f6c9915b36d748f,2026-07-29T20:20:52.765681,1.108.207,c2201a55b6e1b0ea38043c514ab7bc3a372bad13,f8fc323fc3addabb5fdb2cc89ad46a3576a724a9e4bbac1f1b2fc6fac00c503a,1,wt-generation-safe-hybrid,175f8765c4949317d4f48614b8cdacd8c537ab2755c49f13f78a0b2b855cab96,"M src/jcodemunch_mcp/server.py
 M src/jcodemunch_mcp/storage/index_store.py
 M src/jcodemunch_mcp/storage/sqlite_store.py
 M src/jcodemunch_mcp/tools/check_references.py
 M src/jcodemunch_mcp/tools/find_references.py
 M src/jcodemunch_mcp/tools/get_blast_radius.py
 M src/jcodemunch_mcp/tools/get_churn_rate.py
 M src/jcodemunch_mcp/tools/get_file_outline.py
 M src/jcodemunch_mcp/tools/get_file_risk.py
 M src/jcodemunch_mcp/tools/get_file_tree.py
 M src/jcodemunch_mcp/tools/get_symbol_complexity.py
 M src/jcodemunch_mcp/tools/get_symbol_provenance.py
?? tests/test_generation_safe_hybrid.py","{""process_cpu_ms"": 15.625, ""runtime_distribution_version"": ""1.108.199"", ""screening_target_policy"": ""middle stride target"", ""worker_pid"": 22800}"
fastapi/fastapi,fastapi-c1d6b9c4,changed_symbols,cold_generation_safe_hybrid_screen,get_changed_symbols,metadata,baseline_full,3,"{""include_blast_radius"": false, ""repo"": ""local/fastapi-c1d6b9c4"", ""since_sha"": ""95f8322ee1dcda7ceace7b1c4f6c9915b36d748f"", ""until_sha"": ""95f8322ee1dcda7ceace7b1c4f6c9915b36d748f""}",1,2,13405,1191,14544896,189.7477,97.3642,51.31245332617998,1,539,233033728,233033728,0,567cf452d846b80d813f45d9d15d929e4cbfda9503c77f60a1f8052421559b2d,95f8322ee1dcda7ceace7b1c4f6c9915b36d748f,2026-07-29T20:20:52.765681,1.108.207,c2201a55b6e1b0ea38043c514ab7bc3a372bad13,f8fc323fc3addabb5fdb2cc89ad46a3576a724a9e4bbac1f1b2fc6fac00c503a,1,wt-1.108.207,e3b0c44298fc1c149afbf4c8996fb92427ae41e4649b934ca495991b7852b855,,"{""process_cpu_ms"": 125.0, ""runtime_distribution_version"": ""1.108.199"", ""screening_target_policy"": ""middle stride target"", ""worker_pid"": 42688}"
fastapi/fastapi,fastapi-c1d6b9c4,changed_symbols_blast,cold_generation_safe_hybrid_screen,get_changed_symbols,all_files,baseline_full,3,"{""include_blast_radius"": true, ""repo"": ""local/fastapi-c1d6b9c4"", ""since_sha"": ""95f8322ee1dcda7ceace7b1c4f6c9915b36d748f"", ""until_sha"": ""95f8322ee1dcda7ceace7b1c4f6c9915b36d748f""}",1,1,13405,1191,14544896,316.6623,116.3551,36.74422247296252,1,539,233041920,233041920,0,567cf452d846b80d813f45d9d15d929e4cbfda9503c77f60a1f8052421559b2d,95f8322ee1dcda7ceace7b1c4f6c9915b36d748f,2026-07-29T20:20:52.765681,1.108.207,c2201a55b6e1b0ea38043c514ab7bc3a372bad13,f8fc323fc3addabb5fdb2cc89ad46a3576a724a9e4bbac1f1b2fc6fac00c503a,1,wt-1.108.207,e3b0c44298fc1c149afbf4c8996fb92427ae41e4649b934ca495991b7852b855,,"{""process_cpu_ms"": 187.5, ""runtime_distribution_version"": ""1.108.199"", ""screening_target_policy"": ""middle stride target"", ""worker_pid"": 42688}"
fastapi/fastapi,fastapi-c1d6b9c4,changed_symbols_blast,cold_generation_safe_hybrid_screen,get_changed_symbols,all_files,generation_safe_hybrid,3,"{""include_blast_radius"": true, ""repo"": ""local/fastapi-c1d6b9c4"", ""since_sha"": ""95f8322ee1dcda7ceace7b1c4f6c9915b36d748f"", ""until_sha"": ""95f8322ee1dcda7ceace7b1c4f6c9915b36d748f""}",1,2,13405,1191,14544896,229.5245,7.1371,3.1095155419138267,1,539,202571776,202788864,217088,567cf452d846b80d813f45d9d15d929e4cbfda9503c77f60a1f8052421559b2d,95f8322ee1dcda7ceace7b1c4f6c9915b36d748f,2026-07-29T20:20:52.765681,1.108.207,c2201a55b6e1b0ea38043c514ab7bc3a372bad13,f8fc323fc3addabb5fdb2cc89ad46a3576a724a9e4bbac1f1b2fc6fac00c503a,1,wt-generation-safe-hybrid,175f8765c4949317d4f48614b8cdacd8c537ab2755c49f13f78a0b2b855cab96,"M src/jcodemunch_mcp/server.py
 M src/jcodemunch_mcp/storage/index_store.py
 M src/jcodemunch_mcp/storage/sqlite_store.py
 M src/jcodemunch_mcp/tools/check_references.py
 M src/jcodemunch_mcp/tools/find_references.py
 M src/jcodemunch_mcp/tools/get_blast_radius.py
 M src/jcodemunch_mcp/tools/get_churn_rate.py
 M src/jcodemunch_mcp/tools/get_file_outline.py
 M src/jcodemunch_mcp/tools/get_file_risk.py
 M src/jcodemunch_mcp/tools/get_file_tree.py
 M src/jcodemunch_mcp/tools/get_symbol_complexity.py
 M src/jcodemunch_mcp/tools/get_symbol_provenance.py
?? tests/test_generation_safe_hybrid.py","{""process_cpu_ms"": 109.375, ""runtime_distribution_version"": ""1.108.199"", ""screening_target_policy"": ""middle stride target"", ""worker_pid"": 22800}"
fastapi/fastapi,fastapi-c1d6b9c4,blast_radius_default,cold_generation_safe_hybrid_screen,get_blast_radius,all_files_target_symbols,generation_safe_hybrid,3,"{""cross_repo"": false, ""repo"": ""local/fastapi-c1d6b9c4"", ""symbol"": ""docs_src/body_multiple_params/tutorial002_py310.py::User.username#field""}",1,1,13405,1191,14544896,70.931,6.1105,8.614710070350059,1,684,202809344,202809344,0,1f5e6bfd72be254690bb7af552fac2f88d087a26b85174d5a76e0f99984b5544,95f8322ee1dcda7ceace7b1c4f6c9915b36d748f,2026-07-29T20:20:52.765681,1.108.207,c2201a55b6e1b0ea38043c514ab7bc3a372bad13,f8fc323fc3addabb5fdb2cc89ad46a3576a724a9e4bbac1f1b2fc6fac00c503a,1,wt-generation-safe-hybrid,175f8765c4949317d4f48614b8cdacd8c537ab2755c49f13f78a0b2b855cab96,"M src/jcodemunch_mcp/server.py
 M src/jcodemunch_mcp/storage/index_store.py
 M src/jcodemunch_mcp/storage/sqlite_store.py
 M src/jcodemunch_mcp/tools/check_references.py
 M src/jcodemunch_mcp/tools/find_references.py
 M src/jcodemunch_mcp/tools/get_blast_radius.py
 M src/jcodemunch_mcp/tools/get_churn_rate.py
 M src/jcodemunch_mcp/tools/get_file_outline.py
 M src/jcodemunch_mcp/tools/get_file_risk.py
 M src/jcodemunch_mcp/tools/get_file_tree.py
 M src/jcodemunch_mcp/tools/get_symbol_complexity.py
 M src/jcodemunch_mcp/tools/get_symbol_provenance.py
?? tests/test_generation_safe_hybrid.py","{""process_cpu_ms"": 62.5, ""runtime_distribution_version"": ""1.108.199"", ""screening_target_policy"": ""middle stride target"", ""worker_pid"": 22800}"
fastapi/fastapi,fastapi-c1d6b9c4,blast_radius_default,cold_generation_safe_hybrid_screen,get_blast_radius,all_files_target_symbols,baseline_full,3,"{""cross_repo"": false, ""repo"": ""local/fastapi-c1d6b9c4"", ""symbol"": ""docs_src/body_multiple_params/tutorial002_py310.py::User.username#field""}",1,2,13405,1191,14544896,156.1317,90.835,58.17844806660018,1,685,233050112,233050112,0,1f5e6bfd72be254690bb7af552fac2f88d087a26b85174d5a76e0f99984b5544,95f8322ee1dcda7ceace7b1c4f6c9915b36d748f,2026-07-29T20:20:52.765681,1.108.207,c2201a55b6e1b0ea38043c514ab7bc3a372bad13,f8fc323fc3addabb5fdb2cc89ad46a3576a724a9e4bbac1f1b2fc6fac00c503a,1,wt-1.108.207,e3b0c44298fc1c149afbf4c8996fb92427ae41e4649b934ca495991b7852b855,,"{""process_cpu_ms"": 156.25, ""runtime_distribution_version"": ""1.108.199"", ""screening_target_policy"": ""middle stride target"", ""worker_pid"": 42688}"
fastapi/fastapi,fastapi-c1d6b9c4,blast_radius_source,cold_generation_safe_hybrid_screen,get_blast_radius,blast_enrichment,baseline_full,3,"{""cross_repo"": false, ""include_source"": true, ""repo"": ""local/fastapi-c1d6b9c4"", ""source_budget"": 1000, ""symbol"": ""docs_src/body_multiple_params/tutorial002_py310.py::User.username#field""}",1,1,13405,1191,14544896,187.0494,121.346,64.87377131388821,1,685,233058304,233058304,0,1f5e6bfd72be254690bb7af552fac2f88d087a26b85174d5a76e0f99984b5544,95f8322ee1dcda7ceace7b1c4f6c9915b36d748f,2026-07-29T20:20:52.765681,1.108.207,c2201a55b6e1b0ea38043c514ab7bc3a372bad13,f8fc323fc3addabb5fdb2cc89ad46a3576a724a9e4bbac1f1b2fc6fac00c503a,1,wt-1.108.207,e3b0c44298fc1c149afbf4c8996fb92427ae41e4649b934ca495991b7852b855,,"{""process_cpu_ms"": 187.5, ""runtime_distribution_version"": ""1.108.199"", ""screening_target_policy"": ""middle stride target"", ""worker_pid"": 42688}"
fastapi/fastapi,fastapi-c1d6b9c4,blast_radius_source,cold_generation_safe_hybrid_screen,get_blast_radius,blast_enrichment,generation_safe_hybrid,3,"{""cross_repo"": false, ""include_source"": true, ""repo"": ""local/fastapi-c1d6b9c4"", ""source_budget"": 1000, ""symbol"": ""docs_src/body_multiple_params/tutorial002_py310.py::User.username#field""}",1,2,13405,1191,14544896,73.1865,6.8038,9.296523265902865,1,684,201986048,202252288,266240,1f5e6bfd72be254690bb7af552fac2f88d087a26b85174d5a76e0f99984b5544,95f8322ee1dcda7ceace7b1c4f6c9915b36d748f,2026-07-29T20:20:52.765681,1.108.207,c2201a55b6e1b0ea38043c514ab7bc3a372bad13,f8fc323fc3addabb5fdb2cc89ad46a3576a724a9e4bbac1f1b2fc6fac00c503a,1,wt-generation-safe-hybrid,175f8765c4949317d4f48614b8cdacd8c537ab2755c49f13f78a0b2b855cab96,"M src/jcodemunch_mcp/server.py
 M src/jcodemunch_mcp/storage/index_store.py
 M src/jcodemunch_mcp/storage/sqlite_store.py
 M src/jcodemunch_mcp/tools/check_references.py
 M src/jcodemunch_mcp/tools/find_references.py
 M src/jcodemunch_mcp/tools/get_blast_radius.py
 M src/jcodemunch_mcp/tools/get_churn_rate.py
 M src/jcodemunch_mcp/tools/get_file_outline.py
 M src/jcodemunch_mcp/tools/get_file_risk.py
 M src/jcodemunch_mcp/tools/get_file_tree.py
 M src/jcodemunch_mcp/tools/get_symbol_complexity.py
 M src/jcodemunch_mcp/tools/get_symbol_provenance.py
?? tests/test_generation_safe_hybrid.py","{""process_cpu_ms"": 78.125, ""runtime_distribution_version"": ""1.108.199"", ""screening_target_policy"": ""middle stride target"", ""worker_pid"": 22800}"
fastapi/fastapi,fastapi-c1d6b9c4,delivery_metrics,cold_generation_safe_hybrid_screen,get_delivery_metrics,metadata,generation_safe_hybrid,3,"{""repo"": ""local/fastapi-c1d6b9c4"", ""window_days"": 90}",1,1,13405,1191,14544896,49.0586,6.3535,12.950838385114945,1,738,198692864,202391552,3698688,220719a1364104f742bef559af8d15209d5250b949c6e170dc1f2c54bef536cb,95f8322ee1dcda7ceace7b1c4f6c9915b36d748f,2026-07-29T20:20:52.765681,1.108.207,c2201a55b6e1b0ea38043c514ab7bc3a372bad13,f8fc323fc3addabb5fdb2cc89ad46a3576a724a9e4bbac1f1b2fc6fac00c503a,1,wt-generation-safe-hybrid,175f8765c4949317d4f48614b8cdacd8c537ab2755c49f13f78a0b2b855cab96,"M src/jcodemunch_mcp/server.py
 M src/jcodemunch_mcp/storage/index_store.py
 M src/jcodemunch_mcp/storage/sqlite_store.py
 M src/jcodemunch_mcp/tools/check_references.py
 M src/jcodemunch_mcp/tools/find_references.py
 M src/jcodemunch_mcp/tools/get_blast_radius.py
 M src/jcodemunch_mcp/tools/get_churn_rate.py
 M src/jcodemunch_mcp/tools/get_file_outline.py
 M src/jcodemunch_mcp/tools/get_file_risk.py
 M src/jcodemunch_mcp/tools/get_file_tree.py
 M src/jcodemunch_mcp/tools/get_symbol_complexity.py
 M src/jcodemunch_mcp/tools/get_symbol_provenance.py
?? tests/test_generation_safe_hybrid.py","{""process_cpu_ms"": 15.625, ""runtime_distribution_version"": ""1.108.199"", ""screening_target_policy"": ""middle stride target"", ""worker_pid"": 22800}"
fastapi/fastapi,fastapi-c1d6b9c4,delivery_metrics,cold_generation_safe_hybrid_screen,get_delivery_metrics,metadata,baseline_full,3,"{""repo"": ""local/fastapi-c1d6b9c4"", ""window_days"": 90}",1,2,13405,1191,14544896,142.1064,96.3376,67.79258358525723,1,739,235012096,235331584,319488,220719a1364104f742bef559af8d15209d5250b949c6e170dc1f2c54bef536cb,95f8322ee1dcda7ceace7b1c4f6c9915b36d748f,2026-07-29T20:20:52.765681,1.108.207,c2201a55b6e1b0ea38043c514ab7bc3a372bad13,f8fc323fc3addabb5fdb2cc89ad46a3576a724a9e4bbac1f1b2fc6fac00c503a,1,wt-1.108.207,e3b0c44298fc1c149afbf4c8996fb92427ae41e4649b934ca495991b7852b855,,"{""process_cpu_ms"": 140.625, ""runtime_distribution_version"": ""1.108.199"", ""screening_target_policy"": ""middle stride target"", ""worker_pid"": 42688}"
fastapi/fastapi,fastapi-c1d6b9c4,list_workspaces,cold_generation_safe_hybrid_screen,list_workspaces,metadata,baseline_full,3,"{""repo"": ""local/fastapi-c1d6b9c4""}",1,1,13405,1191,14544896,94.9631,92.6244,97.53725394390031,1,297,219410432,230428672,11018240,6fa479c2e8ef55693d3eb2084b7f6f4bc000a44a08f104eae639410e11d56283,95f8322ee1dcda7ceace7b1c4f6c9915b36d748f,2026-07-29T20:20:52.765681,1.108.207,c2201a55b6e1b0ea38043c514ab7bc3a372bad13,f8fc323fc3addabb5fdb2cc89ad46a3576a724a9e4bbac1f1b2fc6fac00c503a,1,wt-1.108.207,e3b0c44298fc1c149afbf4c8996fb92427ae41e4649b934ca495991b7852b855,,"{""process_cpu_ms"": 93.75, ""runtime_distribution_version"": ""1.108.199"", ""screening_target_policy"": ""middle stride target"", ""worker_pid"": 42688}"
fastapi/fastapi,fastapi-c1d6b9c4,list_workspaces,cold_generation_safe_hybrid_screen,list_workspaces,metadata,generation_safe_hybrid,3,"{""repo"": ""local/fastapi-c1d6b9c4""}",1,2,13405,1191,14544896,8.6117,5.8458,67.88206741990547,1,296,202395648,202395648,0,6fa479c2e8ef55693d3eb2084b7f6f4bc000a44a08f104eae639410e11d56283,95f8322ee1dcda7ceace7b1c4f6c9915b36d748f,2026-07-29T20:20:52.765681,1.108.207,c2201a55b6e1b0ea38043c514ab7bc3a372bad13,f8fc323fc3addabb5fdb2cc89ad46a3576a724a9e4bbac1f1b2fc6fac00c503a,1,wt-generation-safe-hybrid,175f8765c4949317d4f48614b8cdacd8c537ab2755c49f13f78a0b2b855cab96,"M src/jcodemunch_mcp/server.py
 M src/jcodemunch_mcp/storage/index_store.py
 M src/jcodemunch_mcp/storage/sqlite_store.py
 M src/jcodemunch_mcp/tools/check_references.py
 M src/jcodemunch_mcp/tools/find_references.py
 M src/jcodemunch_mcp/tools/get_blast_radius.py
 M src/jcodemunch_mcp/tools/get_churn_rate.py
 M src/jcodemunch_mcp/tools/get_file_outline.py
 M src/jcodemunch_mcp/tools/get_file_risk.py
 M src/jcodemunch_mcp/tools/get_file_tree.py
 M src/jcodemunch_mcp/tools/get_symbol_complexity.py
 M src/jcodemunch_mcp/tools/get_symbol_provenance.py
?? tests/test_generation_safe_hybrid.py","{""process_cpu_ms"": 0.0, ""runtime_distribution_version"": ""1.108.199"", ""screening_target_policy"": ""middle stride target"", ""worker_pid"": 22800}"
fastapi/fastapi,fastapi-c1d6b9c4,search_text,cold_generation_safe_hybrid_screen,search_text,all_files,generation_safe_hybrid,3,"{""max_results"": 20, ""query"": ""username"", ""repo"": ""local/fastapi-c1d6b9c4""}",1,1,13405,1191,14544896,33.4164,7.6537,22.904023174249765,1,2650,199036928,200331264,1294336,4ad33d122a2072139a78b0a4a11d09fbb67069d8ff1153c919047d79d9091ca1,95f8322ee1dcda7ceace7b1c4f6c9915b36d748f,2026-07-29T20:20:52.765681,1.108.207,c2201a55b6e1b0ea38043c514ab7bc3a372bad13,f8fc323fc3addabb5fdb2cc89ad46a3576a724a9e4bbac1f1b2fc6fac00c503a,1,wt-generation-safe-hybrid,175f8765c4949317d4f48614b8cdacd8c537ab2755c49f13f78a0b2b855cab96,"M src/jcodemunch_mcp/server.py
 M src/jcodemunch_mcp/storage/index_store.py
 M src/jcodemunch_mcp/storage/sqlite_store.py
 M src/jcodemunch_mcp/tools/check_references.py
 M src/jcodemunch_mcp/tools/find_references.py
 M src/jcodemunch_mcp/tools/get_blast_radius.py
 M src/jcodemunch_mcp/tools/get_churn_rate.py
 M src/jcodemunch_mcp/tools/get_file_outline.py
 M src/jcodemunch_mcp/tools/get_file_risk.py
 M src/jcodemunch_mcp/tools/get_file_tree.py
 M src/jcodemunch_mcp/tools/get_symbol_complexity.py
 M src/jcodemunch_mcp/tools/get_symbol_provenance.py
?? tests/test_generation_safe_hybrid.py","{""process_cpu_ms"": 31.25, ""runtime_distribution_version"": ""1.108.199"", ""screening_target_policy"": ""middle stride target"", ""worker_pid"": 22800}"
fastapi/fastapi,fastapi-c1d6b9c4,search_text,cold_generation_safe_hybrid_screen,search_text,all_files,baseline_full,3,"{""max_results"": 20, ""query"": ""username"", ""repo"": ""local/fastapi-c1d6b9c4""}",1,2,13405,1191,14544896,130.2992,104.5994,80.27631788990261,1,2651,231436288,231710720,274432,4ad33d122a2072139a78b0a4a11d09fbb67069d8ff1153c919047d79d9091ca1,95f8322ee1dcda7ceace7b1c4f6c9915b36d748f,2026-07-29T20:20:52.765681,1.108.207,c2201a55b6e1b0ea38043c514ab7bc3a372bad13,f8fc323fc3addabb5fdb2cc89ad46a3576a724a9e4bbac1f1b2fc6fac00c503a,1,wt-1.108.207,e3b0c44298fc1c149afbf4c8996fb92427ae41e4649b934ca495991b7852b855,,"{""process_cpu_ms"": 125.0, ""runtime_distribution_version"": ""1.108.199"", ""screening_target_policy"": ""middle stride target"", ""worker_pid"": 42688}"
fastapi/fastapi,fastapi-c1d6b9c4,coupling_metrics,cold_generation_safe_hybrid_screen,get_coupling_metrics,all_files,baseline_full,3,"{""module_path"": ""scripts/topic_repos.py"", ""repo"": ""local/fastapi-c1d6b9c4""}",1,1,13405,1191,14544896,172.6752,107.4413,62.22161607457238,1,261,232296448,232718336,421888,9de827c72ec773e04a9c049079bbf258665fde50fe547b3ddc46945550585646,95f8322ee1dcda7ceace7b1c4f6c9915b36d748f,2026-07-29T20:20:52.765681,1.108.207,c2201a55b6e1b0ea38043c514ab7bc3a372bad13,f8fc323fc3addabb5fdb2cc89ad46a3576a724a9e4bbac1f1b2fc6fac00c503a,1,wt-1.108.207,e3b0c44298fc1c149afbf4c8996fb92427ae41e4649b934ca495991b7852b855,,"{""process_cpu_ms"": 171.875, ""runtime_distribution_version"": ""1.108.199"", ""screening_target_policy"": ""middle stride target"", ""worker_pid"": 42688}"
fastapi/fastapi,fastapi-c1d6b9c4,coupling_metrics,cold_generation_safe_hybrid_screen,get_coupling_metrics,all_files,generation_safe_hybrid,3,"{""module_path"": ""scripts/topic_repos.py"", ""repo"": ""local/fastapi-c1d6b9c4""}",1,2,13405,1191,14544896,71.4477,7.3911,10.344769670682192,1,260,200568832,200585216,16384,9de827c72ec773e04a9c049079bbf258665fde50fe547b3ddc46945550585646,95f8322ee1dcda7ceace7b1c4f6c9915b36d748f,2026-07-29T20:20:52.765681,1.108.207,c2201a55b6e1b0ea38043c514ab7bc3a372bad13,f8fc323fc3addabb5fdb2cc89ad46a3576a724a9e4bbac1f1b2fc6fac00c503a,1,wt-generation-safe-hybrid,175f8765c4949317d4f48614b8cdacd8c537ab2755c49f13f78a0b2b855cab96,"M src/jcodemunch_mcp/server.py
 M src/jcodemunch_mcp/storage/index_store.py
 M src/jcodemunch_mcp/storage/sqlite_store.py
 M src/jcodemunch_mcp/tools/check_references.py
 M src/jcodemunch_mcp/tools/find_references.py
 M src/jcodemunch_mcp/tools/get_blast_radius.py
 M src/jcodemunch_mcp/tools/get_churn_rate.py
 M src/jcodemunch_mcp/tools/get_file_outline.py
 M src/jcodemunch_mcp/tools/get_file_risk.py
 M src/jcodemunch_mcp/tools/get_file_tree.py
 M src/jcodemunch_mcp/tools/get_symbol_complexity.py
 M src/jcodemunch_mcp/tools/get_symbol_provenance.py
?? tests/test_generation_safe_hybrid.py","{""process_cpu_ms"": 62.5, ""runtime_distribution_version"": ""1.108.199"", ""screening_target_policy"": ""middle stride target"", ""worker_pid"": 22800}"
fastapi/fastapi,fastapi-c1d6b9c4,dependency_cycles,cold_generation_safe_hybrid_screen,get_dependency_cycles,all_files,generation_safe_hybrid,3,"{""repo"": ""local/fastapi-c1d6b9c4""}",1,1,13405,1191,14544896,70.7945,7.1941,10.161947608924422,1,150,200605696,200605696,0,b4505d7c162d3d5d8dcc718e36432d7e00040ee0e9831ae8b966e2f16eeb55bb,95f8322ee1dcda7ceace7b1c4f6c9915b36d748f,2026-07-29T20:20:52.765681,1.108.207,c2201a55b6e1b0ea38043c514ab7bc3a372bad13,f8fc323fc3addabb5fdb2cc89ad46a3576a724a9e4bbac1f1b2fc6fac00c503a,1,wt-generation-safe-hybrid,175f8765c4949317d4f48614b8cdacd8c537ab2755c49f13f78a0b2b855cab96,"M src/jcodemunch_mcp/server.py
 M src/jcodemunch_mcp/storage/index_store.py
 M src/jcodemunch_mcp/storage/sqlite_store.py
 M src/jcodemunch_mcp/tools/check_references.py
 M src/jcodemunch_mcp/tools/find_references.py
 M src/jcodemunch_mcp/tools/get_blast_radius.py
 M src/jcodemunch_mcp/tools/get_churn_rate.py
 M src/jcodemunch_mcp/tools/get_file_outline.py
 M src/jcodemunch_mcp/tools/get_file_risk.py
 M src/jcodemunch_mcp/tools/get_file_tree.py
 M src/jcodemunch_mcp/tools/get_symbol_complexity.py
 M src/jcodemunch_mcp/tools/get_symbol_provenance.py
?? tests/test_generation_safe_hybrid.py","{""process_cpu_ms"": 93.75, ""runtime_distribution_version"": ""1.108.199"", ""screening_target_policy"": ""middle stride target"", ""worker_pid"": 22800}"
fastapi/fastapi,fastapi-c1d6b9c4,dependency_cycles,cold_generation_safe_hybrid_screen,get_dependency_cycles,all_files,baseline_full,3,"{""repo"": ""local/fastapi-c1d6b9c4""}",1,2,13405,1191,14544896,156.1774,92.2504,59.06770121669332,1,151,230322176,231440384,1118208,b4505d7c162d3d5d8dcc718e36432d7e00040ee0e9831ae8b966e2f16eeb55bb,95f8322ee1dcda7ceace7b1c4f6c9915b36d748f,2026-07-29T20:20:52.765681,1.108.207,c2201a55b6e1b0ea38043c514ab7bc3a372bad13,f8fc323fc3addabb5fdb2cc89ad46a3576a724a9e4bbac1f1b2fc6fac00c503a,1,wt-1.108.207,e3b0c44298fc1c149afbf4c8996fb92427ae41e4649b934ca495991b7852b855,,"{""process_cpu_ms"": 156.25, ""runtime_distribution_version"": ""1.108.199"", ""screening_target_policy"": ""middle stride target"", ""worker_pid"": 42688}"
fastapi/fastapi,fastapi-c1d6b9c4,dependency_graph,cold_generation_safe_hybrid_screen,get_dependency_graph,all_files,baseline_full,3,"{""cross_repo"": false, ""depth"": 3, ""direction"": ""both"", ""file"": ""scripts/topic_repos.py"", ""repo"": ""local/fastapi-c1d6b9c4""}",1,1,13405,1191,14544896,172.4967,107.5845,62.36901923341143,1,354,231579648,231858176,278528,3463b904a553193f6a229192b7126060b266d1db4fef83af59f3af899bc5ddc3,95f8322ee1dcda7ceace7b1c4f6c9915b36d748f,2026-07-29T20:20:52.765681,1.108.207,c2201a55b6e1b0ea38043c514ab7bc3a372bad13,f8fc323fc3addabb5fdb2cc89ad46a3576a724a9e4bbac1f1b2fc6fac00c503a,1,wt-1.108.207,e3b0c44298fc1c149afbf4c8996fb92427ae41e4649b934ca495991b7852b855,,"{""process_cpu_ms"": 171.875, ""runtime_distribution_version"": ""1.108.199"", ""screening_target_policy"": ""middle stride target"", ""worker_pid"": 42688}"
fastapi/fastapi,fastapi-c1d6b9c4,dependency_graph,cold_generation_safe_hybrid_screen,get_dependency_graph,all_files,generation_safe_hybrid,3,"{""cross_repo"": false, ""depth"": 3, ""direction"": ""both"", ""file"": ""scripts/topic_repos.py"", ""repo"": ""local/fastapi-c1d6b9c4""}",1,2,13405,1191,14544896,69.775,6.0797,8.713292726621281,1,353,201154560,201191424,36864,3463b904a553193f6a229192b7126060b266d1db4fef83af59f3af899bc5ddc3,95f8322ee1dcda7ceace7b1c4f6c9915b36d748f,2026-07-29T20:20:52.765681,1.108.207,c2201a55b6e1b0ea38043c514ab7bc3a372bad13,f8fc323fc3addabb5fdb2cc89ad46a3576a724a9e4bbac1f1b2fc6fac00c503a,1,wt-generation-safe-hybrid,175f8765c4949317d4f48614b8cdacd8c537ab2755c49f13f78a0b2b855cab96,"M src/jcodemunch_mcp/server.py
 M src/jcodemunch_mcp/storage/index_store.py
 M src/jcodemunch_mcp/storage/sqlite_store.py
 M src/jcodemunch_mcp/tools/check_references.py
 M src/jcodemunch_mcp/tools/find_references.py
 M src/jcodemunch_mcp/tools/get_blast_radius.py
 M src/jcodemunch_mcp/tools/get_churn_rate.py
 M src/jcodemunch_mcp/tools/get_file_outline.py
 M src/jcodemunch_mcp/tools/get_file_risk.py
 M src/jcodemunch_mcp/tools/get_file_tree.py
 M src/jcodemunch_mcp/tools/get_symbol_complexity.py
 M src/jcodemunch_mcp/tools/get_symbol_provenance.py
?? tests/test_generation_safe_hybrid.py","{""process_cpu_ms"": 62.5, ""runtime_distribution_version"": ""1.108.199"", ""screening_target_policy"": ""middle stride target"", ""worker_pid"": 22800}"
fastapi/fastapi,fastapi-c1d6b9c4,cross_repo_map_filtered,cold_generation_safe_hybrid_screen,get_cross_repo_map,all_files,generation_safe_hybrid,3,"{""repo"": ""local/fastapi-c1d6b9c4""}",1,1,13405,1191,14544896,159.6976,6.3424,3.971506146617106,1,256,202588160,203165696,577536,2b2ef1fab520c827a3857c1a2daebdae1bec39eb43634735481fb2341cc4fa82,95f8322ee1dcda7ceace7b1c4f6c9915b36d748f,2026-07-29T20:20:52.765681,1.108.207,c2201a55b6e1b0ea38043c514ab7bc3a372bad13,f8fc323fc3addabb5fdb2cc89ad46a3576a724a9e4bbac1f1b2fc6fac00c503a,1,wt-generation-safe-hybrid,175f8765c4949317d4f48614b8cdacd8c537ab2755c49f13f78a0b2b855cab96,"M src/jcodemunch_mcp/server.py
 M src/jcodemunch_mcp/storage/index_store.py
 M src/jcodemunch_mcp/storage/sqlite_store.py
 M src/jcodemunch_mcp/tools/check_references.py
 M src/jcodemunch_mcp/tools/find_references.py
 M src/jcodemunch_mcp/tools/get_blast_radius.py
 M src/jcodemunch_mcp/tools/get_churn_rate.py
 M src/jcodemunch_mcp/tools/get_file_outline.py
 M src/jcodemunch_mcp/tools/get_file_risk.py
 M src/jcodemunch_mcp/tools/get_file_tree.py
 M src/jcodemunch_mcp/tools/get_symbol_complexity.py
 M src/jcodemunch_mcp/tools/get_symbol_provenance.py
?? tests/test_generation_safe_hybrid.py","{""process_cpu_ms"": 156.25, ""runtime_distribution_version"": ""1.108.199"", ""screening_target_policy"": ""middle stride target"", ""worker_pid"": 22800}"
fastapi/fastapi,fastapi-c1d6b9c4,cross_repo_map_filtered,cold_generation_safe_hybrid_screen,get_cross_repo_map,all_files,baseline_full,3,"{""repo"": ""local/fastapi-c1d6b9c4""}",1,2,13405,1191,14544896,249.3292,102.3125,41.035105394795316,1,256,232763392,233041920,278528,2b2ef1fab520c827a3857c1a2daebdae1bec39eb43634735481fb2341cc4fa82,95f8322ee1dcda7ceace7b1c4f6c9915b36d748f,2026-07-29T20:20:52.765681,1.108.207,c2201a55b6e1b0ea38043c514ab7bc3a372bad13,f8fc323fc3addabb5fdb2cc89ad46a3576a724a9e4bbac1f1b2fc6fac00c503a,1,wt-1.108.207,e3b0c44298fc1c149afbf4c8996fb92427ae41e4649b934ca495991b7852b855,,"{""process_cpu_ms"": 250.0, ""runtime_distribution_version"": ""1.108.199"", ""screening_target_policy"": ""middle stride target"", ""worker_pid"": 42688}"
fastapi/fastapi,fastapi-c1d6b9c4,layer_violations,cold_generation_safe_hybrid_screen,get_layer_violations,all_files,baseline_full,3,"{""repo"": ""local/fastapi-c1d6b9c4"", ""rules"": [{""may_not_import"": [], ""name"": ""all"", ""paths"": [""**/*""]}]}",1,1,13405,1191,14544896,177.5951,112.2824,63.22381642286301,1,177,233050112,233054208,4096,5c36761a6c95a8e97f7a1af512de247d3958eb621c02382e98587f3f6fb7e02d,95f8322ee1dcda7ceace7b1c4f6c9915b36d748f,2026-07-29T20:20:52.765681,1.108.207,c2201a55b6e1b0ea38043c514ab7bc3a372bad13,f8fc323fc3addabb5fdb2cc89ad46a3576a724a9e4bbac1f1b2fc6fac00c503a,1,wt-1.108.207,e3b0c44298fc1c149afbf4c8996fb92427ae41e4649b934ca495991b7852b855,,"{""process_cpu_ms"": 171.875, ""runtime_distribution_version"": ""1.108.199"", ""screening_target_policy"": ""middle stride target"", ""worker_pid"": 42688}"
fastapi/fastapi,fastapi-c1d6b9c4,layer_violations,cold_generation_safe_hybrid_screen,get_layer_violations,all_files,generation_safe_hybrid,3,"{""repo"": ""local/fastapi-c1d6b9c4"", ""rules"": [{""may_not_import"": [], ""name"": ""all"", ""paths"": [""**/*""]}]}",1,2,13405,1191,14544896,70.66,6.4073,9.06778941409567,1,176,198139904,199507968,1368064,5c36761a6c95a8e97f7a1af512de247d3958eb621c02382e98587f3f6fb7e02d,95f8322ee1dcda7ceace7b1c4f6c9915b36d748f,2026-07-29T20:20:52.765681,1.108.207,c2201a55b6e1b0ea38043c514ab7bc3a372bad13,f8fc323fc3addabb5fdb2cc89ad46a3576a724a9e4bbac1f1b2fc6fac00c503a,1,wt-generation-safe-hybrid,175f8765c4949317d4f48614b8cdacd8c537ab2755c49f13f78a0b2b855cab96,"M src/jcodemunch_mcp/server.py
 M src/jcodemunch_mcp/storage/index_store.py
 M src/jcodemunch_mcp/storage/sqlite_store.py
 M src/jcodemunch_mcp/tools/check_references.py
 M src/jcodemunch_mcp/tools/find_references.py
 M src/jcodemunch_mcp/tools/get_blast_radius.py
 M src/jcodemunch_mcp/tools/get_churn_rate.py
 M src/jcodemunch_mcp/tools/get_file_outline.py
 M src/jcodemunch_mcp/tools/get_file_risk.py
 M src/jcodemunch_mcp/tools/get_file_tree.py
 M src/jcodemunch_mcp/tools/get_symbol_complexity.py
 M src/jcodemunch_mcp/tools/get_symbol_provenance.py
?? tests/test_generation_safe_hybrid.py","{""process_cpu_ms"": 78.125, ""runtime_distribution_version"": ""1.108.199"", ""screening_target_policy"": ""middle stride target"", ""worker_pid"": 22800}"
fastapi/fastapi,fastapi-c1d6b9c4,file_tree_prefix,cold_generation_safe_hybrid_screen,get_file_tree,prefix_files,generation_safe_hybrid,3,"{""include_summaries"": true, ""path_prefix"": ""scripts"", ""repo"": ""local/fastapi-c1d6b9c4""}",1,1,13405,1191,14544896,13.2648,7.9644,60.04161389542247,1,9540,199757824,199835648,77824,a628d5014c609ce382bba836d4e6f7382d983f307f75d7f4dac23c9e0b0c7dbf,95f8322ee1dcda7ceace7b1c4f6c9915b36d748f,2026-07-29T20:20:52.765681,1.108.207,c2201a55b6e1b0ea38043c514ab7bc3a372bad13,f8fc323fc3addabb5fdb2cc89ad46a3576a724a9e4bbac1f1b2fc6fac00c503a,1,wt-generation-safe-hybrid,175f8765c4949317d4f48614b8cdacd8c537ab2755c49f13f78a0b2b855cab96,"M src/jcodemunch_mcp/server.py
 M src/jcodemunch_mcp/storage/index_store.py
 M src/jcodemunch_mcp/storage/sqlite_store.py
 M src/jcodemunch_mcp/tools/check_references.py
 M src/jcodemunch_mcp/tools/find_references.py
 M src/jcodemunch_mcp/tools/get_blast_radius.py
 M src/jcodemunch_mcp/tools/get_churn_rate.py
 M src/jcodemunch_mcp/tools/get_file_outline.py
 M src/jcodemunch_mcp/tools/get_file_risk.py
 M src/jcodemunch_mcp/tools/get_file_tree.py
 M src/jcodemunch_mcp/tools/get_symbol_complexity.py
 M src/jcodemunch_mcp/tools/get_symbol_provenance.py
?? tests/test_generation_safe_hybrid.py","{""process_cpu_ms"": 15.625, ""runtime_distribution_version"": ""1.108.199"", ""screening_target_policy"": ""middle stride target"", ""worker_pid"": 22800}"
fastapi/fastapi,fastapi-c1d6b9c4,file_tree_prefix,cold_generation_safe_hybrid_screen,get_file_tree,prefix_files,baseline_full,3,"{""include_summaries"": true, ""path_prefix"": ""scripts"", ""repo"": ""local/fastapi-c1d6b9c4""}",1,2,13405,1191,14544896,100.0137,94.6179,94.6049391233401,1,9541,233332736,233336832,4096,a628d5014c609ce382bba836d4e6f7382d983f307f75d7f4dac23c9e0b0c7dbf,95f8322ee1dcda7ceace7b1c4f6c9915b36d748f,2026-07-29T20:20:52.765681,1.108.207,c2201a55b6e1b0ea38043c514ab7bc3a372bad13,f8fc323fc3addabb5fdb2cc89ad46a3576a724a9e4bbac1f1b2fc6fac00c503a,1,wt-1.108.207,e3b0c44298fc1c149afbf4c8996fb92427ae41e4649b934ca495991b7852b855,,"{""process_cpu_ms"": 109.375, ""runtime_distribution_version"": ""1.108.199"", ""screening_target_policy"": ""middle stride target"", ""worker_pid"": 42688}"
gin-gonic/gin,gin-87ab3d33,symbol_source_single,cold_generation_safe_hybrid_screen,get_symbol_source,target_symbols,baseline_full,3,"{""repo"": ""local/gin-87ab3d33"", ""symbol_id"": ""context.go::PureJSON#method""}",1,1,1834,109,2580480,16.8752,12.7424,75.50962358964635,1,1156,233361408,233373696,12288,bd1d5f8766ab865126bcbb930902ed4df37823ce68573ab85d5a27acaea8f0f5,34dac209ffb6ef85cc78c5d217bbb7ad001d68fd,2026-07-29T20:20:45.784692,1.108.207,c2201a55b6e1b0ea38043c514ab7bc3a372bad13,f8fc323fc3addabb5fdb2cc89ad46a3576a724a9e4bbac1f1b2fc6fac00c503a,1,wt-1.108.207,e3b0c44298fc1c149afbf4c8996fb92427ae41e4649b934ca495991b7852b855,,"{""process_cpu_ms"": 31.25, ""runtime_distribution_version"": ""1.108.199"", ""screening_target_policy"": ""middle stride target"", ""worker_pid"": 42688}"
gin-gonic/gin,gin-87ab3d33,symbol_source_single,cold_generation_safe_hybrid_screen,get_symbol_source,target_symbols,generation_safe_hybrid,3,"{""repo"": ""local/gin-87ab3d33"", ""symbol_id"": ""context.go::PureJSON#method""}",1,2,1834,109,2580480,5.9477,1.2819,21.552869176320257,1,1155,199991296,200003584,12288,bd1d5f8766ab865126bcbb930902ed4df37823ce68573ab85d5a27acaea8f0f5,34dac209ffb6ef85cc78c5d217bbb7ad001d68fd,2026-07-29T20:20:45.784692,1.108.207,c2201a55b6e1b0ea38043c514ab7bc3a372bad13,f8fc323fc3addabb5fdb2cc89ad46a3576a724a9e4bbac1f1b2fc6fac00c503a,1,wt-generation-safe-hybrid,175f8765c4949317d4f48614b8cdacd8c537ab2755c49f13f78a0b2b855cab96,"M src/jcodemunch_mcp/server.py
 M src/jcodemunch_mcp/storage/index_store.py
 M src/jcodemunch_mcp/storage/sqlite_store.py
 M src/jcodemunch_mcp/tools/check_references.py
 M src/jcodemunch_mcp/tools/find_references.py
 M src/jcodemunch_mcp/tools/get_blast_radius.py
 M src/jcodemunch_mcp/tools/get_churn_rate.py
 M src/jcodemunch_mcp/tools/get_file_outline.py
 M src/jcodemunch_mcp/tools/get_file_risk.py
 M src/jcodemunch_mcp/tools/get_file_tree.py
 M src/jcodemunch_mcp/tools/get_symbol_complexity.py
 M src/jcodemunch_mcp/tools/get_symbol_provenance.py
?? tests/test_generation_safe_hybrid.py","{""process_cpu_ms"": 0.0, ""runtime_distribution_version"": ""1.108.199"", ""screening_target_policy"": ""middle stride target"", ""worker_pid"": 22800}"
gin-gonic/gin,gin-87ab3d33,symbol_source_batch,cold_generation_safe_hybrid_screen,get_symbol_source,target_symbols,generation_safe_hybrid,3,"{""repo"": ""local/gin-87ab3d33"", ""symbol_ids"": [""context.go::PureJSON#method"", ""context.go::XML#method"", ""context.go::PDF#method""]}",1,1,1834,109,2580480,6.6553,1.4565,21.884813607200275,1,2347,200011776,200011776,0,7fe0d300965c5ee86b7943e90f11d86675d6b8c2eed03e344d45877fe41c8921,34dac209ffb6ef85cc78c5d217bbb7ad001d68fd,2026-07-29T20:20:45.784692,1.108.207,c2201a55b6e1b0ea38043c514ab7bc3a372bad13,f8fc323fc3addabb5fdb2cc89ad46a3576a724a9e4bbac1f1b2fc6fac00c503a,1,wt-generation-safe-hybrid,175f8765c4949317d4f48614b8cdacd8c537ab2755c49f13f78a0b2b855cab96,"M src/jcodemunch_mcp/server.py
 M src/jcodemunch_mcp/storage/index_store.py
 M src/jcodemunch_mcp/storage/sqlite_store.py
 M src/jcodemunch_mcp/tools/check_references.py
 M src/jcodemunch_mcp/tools/find_references.py
 M src/jcodemunch_mcp/tools/get_blast_radius.py
 M src/jcodemunch_mcp/tools/get_churn_rate.py
 M src/jcodemunch_mcp/tools/get_file_outline.py
 M src/jcodemunch_mcp/tools/get_file_risk.py
 M src/jcodemunch_mcp/tools/get_file_tree.py
 M src/jcodemunch_mcp/tools/get_symbol_complexity.py
 M src/jcodemunch_mcp/tools/get_symbol_provenance.py
?? tests/test_generation_safe_hybrid.py","{""process_cpu_ms"": 31.25, ""runtime_distribution_version"": ""1.108.199"", ""screening_target_policy"": ""middle stride target"", ""worker_pid"": 22800}"
gin-gonic/gin,gin-87ab3d33,symbol_source_batch,cold_generation_safe_hybrid_screen,get_symbol_source,target_symbols,baseline_full,3,"{""repo"": ""local/gin-87ab3d33"", ""symbol_ids"": [""context.go::PureJSON#method"", ""context.go::XML#method"", ""context.go::PDF#method""]}",1,2,1834,109,2580480,17.8424,12.8797,72.18591669282158,1,2348,233398272,233398272,0,7fe0d300965c5ee86b7943e90f11d86675d6b8c2eed03e344d45877fe41c8921,34dac209ffb6ef85cc78c5d217bbb7ad001d68fd,2026-07-29T20:20:45.784692,1.108.207,c2201a55b6e1b0ea38043c514ab7bc3a372bad13,f8fc323fc3addabb5fdb2cc89ad46a3576a724a9e4bbac1f1b2fc6fac00c503a,1,wt-1.108.207,e3b0c44298fc1c149afbf4c8996fb92427ae41e4649b934ca495991b7852b855,,"{""process_cpu_ms"": 15.625, ""runtime_distribution_version"": ""1.108.199"", ""screening_target_policy"": ""middle stride target"", ""worker_pid"": 42688}"
gin-gonic/gin,gin-87ab3d33,context_single,cold_generation_safe_hybrid_screen,get_context_bundle,target_symbols,baseline_full,3,"{""repo"": ""local/gin-87ab3d33"", ""symbol_id"": ""context.go::PureJSON#method""}",1,1,1834,109,2580480,16.1909,12.5457,77.48611874571519,1,1403,233402368,233402368,0,4ed43bf7db5133032a9c4f862786fec55b4d450db90a700f607a5e435370f7e4,34dac209ffb6ef85cc78c5d217bbb7ad001d68fd,2026-07-29T20:20:45.784692,1.108.207,c2201a55b6e1b0ea38043c514ab7bc3a372bad13,f8fc323fc3addabb5fdb2cc89ad46a3576a724a9e4bbac1f1b2fc6fac00c503a,1,wt-1.108.207,e3b0c44298fc1c149afbf4c8996fb92427ae41e4649b934ca495991b7852b855,,"{""process_cpu_ms"": 15.625, ""runtime_distribution_version"": ""1.108.199"", ""screening_target_policy"": ""middle stride target"", ""worker_pid"": 42688}"
gin-gonic/gin,gin-87ab3d33,context_single,cold_generation_safe_hybrid_screen,get_context_bundle,target_symbols,generation_safe_hybrid,3,"{""repo"": ""local/gin-87ab3d33"", ""symbol_id"": ""context.go::PureJSON#method""}",1,2,1834,109,2580480,5.4203,1.3373,24.672066121801375,1,1402,200208384,200278016,69632,4ed43bf7db5133032a9c4f862786fec55b4d450db90a700f607a5e435370f7e4,34dac209ffb6ef85cc78c5d217bbb7ad001d68fd,2026-07-29T20:20:45.784692,1.108.207,c2201a55b6e1b0ea38043c514ab7bc3a372bad13,f8fc323fc3addabb5fdb2cc89ad46a3576a724a9e4bbac1f1b2fc6fac00c503a,1,wt-generation-safe-hybrid,175f8765c4949317d4f48614b8cdacd8c537ab2755c49f13f78a0b2b855cab96,"M src/jcodemunch_mcp/server.py
 M src/jcodemunch_mcp/storage/index_store.py
 M src/jcodemunch_mcp/storage/sqlite_store.py
 M src/jcodemunch_mcp/tools/check_references.py
 M src/jcodemunch_mcp/tools/find_references.py
 M src/jcodemunch_mcp/tools/get_blast_radius.py
 M src/jcodemunch_mcp/tools/get_churn_rate.py
 M src/jcodemunch_mcp/tools/get_file_outline.py
 M src/jcodemunch_mcp/tools/get_file_risk.py
 M src/jcodemunch_mcp/tools/get_file_tree.py
 M src/jcodemunch_mcp/tools/get_symbol_complexity.py
 M src/jcodemunch_mcp/tools/get_symbol_provenance.py
?? tests/test_generation_safe_hybrid.py","{""process_cpu_ms"": 0.0, ""runtime_distribution_version"": ""1.108.199"", ""screening_target_policy"": ""middle stride target"", ""worker_pid"": 22800}"
gin-gonic/gin,gin-87ab3d33,context_batch,cold_generation_safe_hybrid_screen,get_context_bundle,target_symbols,generation_safe_hybrid,3,"{""repo"": ""local/gin-87ab3d33"", ""symbol_ids"": [""context.go::PureJSON#method"", ""context.go::XML#method"", ""context.go::PDF#method""]}",1,1,1834,109,2580480,6.5248,1.3088,20.05885237861697,1,4532,200302592,200302592,0,ce3e53bac8e20a7b6630088d8880e14198030baeb54f286474dc66a5bf98bae2,34dac209ffb6ef85cc78c5d217bbb7ad001d68fd,2026-07-29T20:20:45.784692,1.108.207,c2201a55b6e1b0ea38043c514ab7bc3a372bad13,f8fc323fc3addabb5fdb2cc89ad46a3576a724a9e4bbac1f1b2fc6fac00c503a,1,wt-generation-safe-hybrid,175f8765c4949317d4f48614b8cdacd8c537ab2755c49f13f78a0b2b855cab96,"M src/jcodemunch_mcp/server.py
 M src/jcodemunch_mcp/storage/index_store.py
 M src/jcodemunch_mcp/storage/sqlite_store.py
 M src/jcodemunch_mcp/tools/check_references.py
 M src/jcodemunch_mcp/tools/find_references.py
 M src/jcodemunch_mcp/tools/get_blast_radius.py
 M src/jcodemunch_mcp/tools/get_churn_rate.py
 M src/jcodemunch_mcp/tools/get_file_outline.py
 M src/jcodemunch_mcp/tools/get_file_risk.py
 M src/jcodemunch_mcp/tools/get_file_tree.py
 M src/jcodemunch_mcp/tools/get_symbol_complexity.py
 M src/jcodemunch_mcp/tools/get_symbol_provenance.py
?? tests/test_generation_safe_hybrid.py","{""process_cpu_ms"": 0.0, ""runtime_distribution_version"": ""1.108.199"", ""screening_target_policy"": ""middle stride target"", ""worker_pid"": 22800}"
gin-gonic/gin,gin-87ab3d33,context_batch,cold_generation_safe_hybrid_screen,get_context_bundle,target_symbols,baseline_full,3,"{""repo"": ""local/gin-87ab3d33"", ""symbol_ids"": [""context.go::PureJSON#method"", ""context.go::XML#method"", ""context.go::PDF#method""]}",1,2,1834,109,2580480,16.6387,12.6034,75.74750431223593,1,4533,233402368,233402368,0,ce3e53bac8e20a7b6630088d8880e14198030baeb54f286474dc66a5bf98bae2,34dac209ffb6ef85cc78c5d217bbb7ad001d68fd,2026-07-29T20:20:45.784692,1.108.207,c2201a55b6e1b0ea38043c514ab7bc3a372bad13,f8fc323fc3addabb5fdb2cc89ad46a3576a724a9e4bbac1f1b2fc6fac00c503a,1,wt-1.108.207,e3b0c44298fc1c149afbf4c8996fb92427ae41e4649b934ca495991b7852b855,,"{""process_cpu_ms"": 15.625, ""runtime_distribution_version"": ""1.108.199"", ""screening_target_policy"": ""middle stride target"", ""worker_pid"": 42688}"
gin-gonic/gin,gin-87ab3d33,context_single_callers,cold_generation_safe_hybrid_screen,get_context_bundle,all_files_target_symbols,baseline_full,3,"{""include_callers"": true, ""repo"": ""local/gin-87ab3d33"", ""symbol_id"": ""context.go::PureJSON#method""}",1,1,1834,109,2580480,20.2097,12.9064,63.8624027076107,1,1437,233402368,233402368,0,2e641c494d26f5b0d629f540c552408c743c40b82ceb961c77e1539276781218,34dac209ffb6ef85cc78c5d217bbb7ad001d68fd,2026-07-29T20:20:45.784692,1.108.207,c2201a55b6e1b0ea38043c514ab7bc3a372bad13,f8fc323fc3addabb5fdb2cc89ad46a3576a724a9e4bbac1f1b2fc6fac00c503a,1,wt-1.108.207,e3b0c44298fc1c149afbf4c8996fb92427ae41e4649b934ca495991b7852b855,,"{""process_cpu_ms"": 31.25, ""runtime_distribution_version"": ""1.108.199"", ""screening_target_policy"": ""middle stride target"", ""worker_pid"": 42688}"
gin-gonic/gin,gin-87ab3d33,context_single_callers,cold_generation_safe_hybrid_screen,get_context_bundle,all_files_target_symbols,generation_safe_hybrid,3,"{""include_callers"": true, ""repo"": ""local/gin-87ab3d33"", ""symbol_id"": ""context.go::PureJSON#method""}",1,2,1834,109,2580480,8.3432,1.2418,14.883977370792984,1,1436,200310784,200310784,0,2e641c494d26f5b0d629f540c552408c743c40b82ceb961c77e1539276781218,34dac209ffb6ef85cc78c5d217bbb7ad001d68fd,2026-07-29T20:20:45.784692,1.108.207,c2201a55b6e1b0ea38043c514ab7bc3a372bad13,f8fc323fc3addabb5fdb2cc89ad46a3576a724a9e4bbac1f1b2fc6fac00c503a,1,wt-generation-safe-hybrid,175f8765c4949317d4f48614b8cdacd8c537ab2755c49f13f78a0b2b855cab96,"M src/jcodemunch_mcp/server.py
 M src/jcodemunch_mcp/storage/index_store.py
 M src/jcodemunch_mcp/storage/sqlite_store.py
 M src/jcodemunch_mcp/tools/check_references.py
 M src/jcodemunch_mcp/tools/find_references.py
 M src/jcodemunch_mcp/tools/get_blast_radius.py
 M src/jcodemunch_mcp/tools/get_churn_rate.py
 M src/jcodemunch_mcp/tools/get_file_outline.py
 M src/jcodemunch_mcp/tools/get_file_risk.py
 M src/jcodemunch_mcp/tools/get_file_tree.py
 M src/jcodemunch_mcp/tools/get_symbol_complexity.py
 M src/jcodemunch_mcp/tools/get_symbol_provenance.py
?? tests/test_generation_safe_hybrid.py","{""process_cpu_ms"": 15.625, ""runtime_distribution_version"": ""1.108.199"", ""screening_target_policy"": ""middle stride target"", ""worker_pid"": 22800}"
gin-gonic/gin,gin-87ab3d33,context_batch_callers,cold_generation_safe_hybrid_screen,get_context_bundle,all_files_target_symbols,generation_safe_hybrid,3,"{""include_callers"": true, ""repo"": ""local/gin-87ab3d33"", ""symbol_ids"": [""context.go::PureJSON#method"", ""context.go::XML#method"", ""context.go::PDF#method""]}",1,1,1834,109,2580480,14.1728,3.0506,21.52432829081057,1,4635,200310784,200310784,0,8c223d2222108d1731125121b1c2ebeefbd17e0266f0f1bcc8d38d49a6395712,34dac209ffb6ef85cc78c5d217bbb7ad001d68fd,2026-07-29T20:20:45.784692,1.108.207,c2201a55b6e1b0ea38043c514ab7bc3a372bad13,f8fc323fc3addabb5fdb2cc89ad46a3576a724a9e4bbac1f1b2fc6fac00c503a,1,wt-generation-safe-hybrid,175f8765c4949317d4f48614b8cdacd8c537ab2755c49f13f78a0b2b855cab96,"M src/jcodemunch_mcp/server.py
 M src/jcodemunch_mcp/storage/index_store.py
 M src/jcodemunch_mcp/storage/sqlite_store.py
 M src/jcodemunch_mcp/tools/check_references.py
 M src/jcodemunch_mcp/tools/find_references.py
 M src/jcodemunch_mcp/tools/get_blast_radius.py
 M src/jcodemunch_mcp/tools/get_churn_rate.py
 M src/jcodemunch_mcp/tools/get_file_outline.py
 M src/jcodemunch_mcp/tools/get_file_risk.py
 M src/jcodemunch_mcp/tools/get_file_tree.py
 M src/jcodemunch_mcp/tools/get_symbol_complexity.py
 M src/jcodemunch_mcp/tools/get_symbol_provenance.py
?? tests/test_generation_safe_hybrid.py","{""process_cpu_ms"": 15.625, ""runtime_distribution_version"": ""1.108.199"", ""screening_target_policy"": ""middle stride target"", ""worker_pid"": 22800}"
gin-gonic/gin,gin-87ab3d33,context_batch_callers,cold_generation_safe_hybrid_screen,get_context_bundle,all_files_target_symbols,baseline_full,3,"{""include_callers"": true, ""repo"": ""local/gin-87ab3d33"", ""symbol_ids"": [""context.go::PureJSON#method"", ""context.go::XML#method"", ""context.go::PDF#method""]}",1,2,1834,109,2580480,23.588,12.7714,54.14363235543497,1,4635,233402368,233402368,0,8c223d2222108d1731125121b1c2ebeefbd17e0266f0f1bcc8d38d49a6395712,34dac209ffb6ef85cc78c5d217bbb7ad001d68fd,2026-07-29T20:20:45.784692,1.108.207,c2201a55b6e1b0ea38043c514ab7bc3a372bad13,f8fc323fc3addabb5fdb2cc89ad46a3576a724a9e4bbac1f1b2fc6fac00c503a,1,wt-1.108.207,e3b0c44298fc1c149afbf4c8996fb92427ae41e4649b934ca495991b7852b855,,"{""process_cpu_ms"": 31.25, ""runtime_distribution_version"": ""1.108.199"", ""screening_target_policy"": ""middle stride target"", ""worker_pid"": 42688}"
gin-gonic/gin,gin-87ab3d33,file_content,cold_generation_safe_hybrid_screen,get_file_content,target_files,baseline_full,3,"{""file_path"": ""debug_test.go"", ""max_content_results"": 20, ""repo"": ""local/gin-87ab3d33"", ""search_content"": true}",1,1,1834,109,2580480,15.4029,12.7364,82.68832492582565,1,9066,233402368,233402368,0,ed914b93eb623e902c407128dad109e299775b41768cff1d23a4892682f7609c,34dac209ffb6ef85cc78c5d217bbb7ad001d68fd,2026-07-29T20:20:45.784692,1.108.207,c2201a55b6e1b0ea38043c514ab7bc3a372bad13,f8fc323fc3addabb5fdb2cc89ad46a3576a724a9e4bbac1f1b2fc6fac00c503a,1,wt-1.108.207,e3b0c44298fc1c149afbf4c8996fb92427ae41e4649b934ca495991b7852b855,,"{""process_cpu_ms"": 31.25, ""runtime_distribution_version"": ""1.108.199"", ""screening_target_policy"": ""middle stride target"", ""worker_pid"": 42688}"
gin-gonic/gin,gin-87ab3d33,file_content,cold_generation_safe_hybrid_screen,get_file_content,target_files,generation_safe_hybrid,3,"{""file_path"": ""debug_test.go"", ""max_content_results"": 20, ""repo"": ""local/gin-87ab3d33"", ""search_content"": true}",1,2,1834,109,2580480,4.041,1.278,31.625835189309576,1,9065,200327168,200327168,0,ed914b93eb623e902c407128dad109e299775b41768cff1d23a4892682f7609c,34dac209ffb6ef85cc78c5d217bbb7ad001d68fd,2026-07-29T20:20:45.784692,1.108.207,c2201a55b6e1b0ea38043c514ab7bc3a372bad13,f8fc323fc3addabb5fdb2cc89ad46a3576a724a9e4bbac1f1b2fc6fac00c503a,1,wt-generation-safe-hybrid,175f8765c4949317d4f48614b8cdacd8c537ab2755c49f13f78a0b2b855cab96,"M src/jcodemunch_mcp/server.py
 M src/jcodemunch_mcp/storage/index_store.py
 M src/jcodemunch_mcp/storage/sqlite_store.py
 M src/jcodemunch_mcp/tools/check_references.py
 M src/jcodemunch_mcp/tools/find_references.py
 M src/jcodemunch_mcp/tools/get_blast_radius.py
 M src/jcodemunch_mcp/tools/get_churn_rate.py
 M src/jcodemunch_mcp/tools/get_file_outline.py
 M src/jcodemunch_mcp/tools/get_file_risk.py
 M src/jcodemunch_mcp/tools/get_file_tree.py
 M src/jcodemunch_mcp/tools/get_symbol_complexity.py
 M src/jcodemunch_mcp/tools/get_symbol_provenance.py
?? tests/test_generation_safe_hybrid.py","{""process_cpu_ms"": 0.0, ""runtime_distribution_version"": ""1.108.199"", ""screening_target_policy"": ""middle stride target"", ""worker_pid"": 22800}"
gin-gonic/gin,gin-87ab3d33,file_outline_single,cold_generation_safe_hybrid_screen,get_file_outline,target_file_symbols,generation_safe_hybrid,3,"{""file_path"": ""debug_test.go"", ""repo"": ""local/gin-87ab3d33""}",1,1,1834,109,2580480,4.7405,1.272,26.832612593608268,1,2902,200327168,200335360,8192,2855bea8e6258c9136fe163dff39b5011311699a61720f525cc86ba2cbfbfd41,34dac209ffb6ef85cc78c5d217bbb7ad001d68fd,2026-07-29T20:20:45.784692,1.108.207,c2201a55b6e1b0ea38043c514ab7bc3a372bad13,f8fc323fc3addabb5fdb2cc89ad46a3576a724a9e4bbac1f1b2fc6fac00c503a,1,wt-generation-safe-hybrid,175f8765c4949317d4f48614b8cdacd8c537ab2755c49f13f78a0b2b855cab96,"M src/jcodemunch_mcp/server.py
 M src/jcodemunch_mcp/storage/index_store.py
 M src/jcodemunch_mcp/storage/sqlite_store.py
 M src/jcodemunch_mcp/tools/check_references.py
 M src/jcodemunch_mcp/tools/find_references.py
 M src/jcodemunch_mcp/tools/get_blast_radius.py
 M src/jcodemunch_mcp/tools/get_churn_rate.py
 M src/jcodemunch_mcp/tools/get_file_outline.py
 M src/jcodemunch_mcp/tools/get_file_risk.py
 M src/jcodemunch_mcp/tools/get_file_tree.py
 M src/jcodemunch_mcp/tools/get_symbol_complexity.py
 M src/jcodemunch_mcp/tools/get_symbol_provenance.py
?? tests/test_generation_safe_hybrid.py","{""process_cpu_ms"": 0.0, ""runtime_distribution_version"": ""1.108.199"", ""screening_target_policy"": ""middle stride target"", ""worker_pid"": 22800}"
gin-gonic/gin,gin-87ab3d33,file_outline_single,cold_generation_safe_hybrid_screen,get_file_outline,target_file_symbols,baseline_full,3,"{""file_path"": ""debug_test.go"", ""repo"": ""local/gin-87ab3d33""}",1,2,1834,109,2580480,15.4059,12.8617,83.48554774469521,1,2903,233402368,233402368,0,2855bea8e6258c9136fe163dff39b5011311699a61720f525cc86ba2cbfbfd41,34dac209ffb6ef85cc78c5d217bbb7ad001d68fd,2026-07-29T20:20:45.784692,1.108.207,c2201a55b6e1b0ea38043c514ab7bc3a372bad13,f8fc323fc3addabb5fdb2cc89ad46a3576a724a9e4bbac1f1b2fc6fac00c503a,1,wt-1.108.207,e3b0c44298fc1c149afbf4c8996fb92427ae41e4649b934ca495991b7852b855,,"{""process_cpu_ms"": 31.25, ""runtime_distribution_version"": ""1.108.199"", ""screening_target_policy"": ""middle stride target"", ""worker_pid"": 42688}"
gin-gonic/gin,gin-87ab3d33,file_outline_batch,cold_generation_safe_hybrid_screen,get_file_outline,target_file_symbols,baseline_full,3,"{""file_paths"": [""debug_test.go"", ""deprecated.go"", ""deprecated_test.go""], ""repo"": ""local/gin-87ab3d33""}",1,1,1834,109,2580480,16.579,12.6657,76.39604318716448,1,3151,233402368,233402368,0,cdd4b1d7132b26c8bf6126904833f9c230abe5f2786725b030dbc85b22635f73,34dac209ffb6ef85cc78c5d217bbb7ad001d68fd,2026-07-29T20:20:45.784692,1.108.207,c2201a55b6e1b0ea38043c514ab7bc3a372bad13,f8fc323fc3addabb5fdb2cc89ad46a3576a724a9e4bbac1f1b2fc6fac00c503a,1,wt-1.108.207,e3b0c44298fc1c149afbf4c8996fb92427ae41e4649b934ca495991b7852b855,,"{""process_cpu_ms"": 31.25, ""runtime_distribution_version"": ""1.108.199"", ""screening_target_policy"": ""middle stride target"", ""worker_pid"": 42688}"
gin-gonic/gin,gin-87ab3d33,file_outline_batch,cold_generation_safe_hybrid_screen,get_file_outline,target_file_symbols,generation_safe_hybrid,3,"{""file_paths"": [""debug_test.go"", ""deprecated.go"", ""deprecated_test.go""], ""repo"": ""local/gin-87ab3d33""}",1,2,1834,109,2580480,5.3009,1.246,23.50544247203305,1,3150,200364032,200364032,0,cdd4b1d7132b26c8bf6126904833f9c230abe5f2786725b030dbc85b22635f73,34dac209ffb6ef85cc78c5d217bbb7ad001d68fd,2026-07-29T20:20:45.784692,1.108.207,c2201a55b6e1b0ea38043c514ab7bc3a372bad13,f8fc323fc3addabb5fdb2cc89ad46a3576a724a9e4bbac1f1b2fc6fac00c503a,1,wt-generation-safe-hybrid,175f8765c4949317d4f48614b8cdacd8c537ab2755c49f13f78a0b2b855cab96,"M src/jcodemunch_mcp/server.py
 M src/jcodemunch_mcp/storage/index_store.py
 M src/jcodemunch_mcp/storage/sqlite_store.py
 M src/jcodemunch_mcp/tools/check_references.py
 M src/jcodemunch_mcp/tools/find_references.py
 M src/jcodemunch_mcp/tools/get_blast_radius.py
 M src/jcodemunch_mcp/tools/get_churn_rate.py
 M src/jcodemunch_mcp/tools/get_file_outline.py
 M src/jcodemunch_mcp/tools/get_file_risk.py
 M src/jcodemunch_mcp/tools/get_file_tree.py
 M src/jcodemunch_mcp/tools/get_symbol_complexity.py
 M src/jcodemunch_mcp/tools/get_symbol_provenance.py
?? tests/test_generation_safe_hybrid.py","{""process_cpu_ms"": 0.0, ""runtime_distribution_version"": ""1.108.199"", ""screening_target_policy"": ""middle stride target"", ""worker_pid"": 22800}"
gin-gonic/gin,gin-87ab3d33,symbol_complexity,cold_generation_safe_hybrid_screen,get_symbol_complexity,target_symbols,generation_safe_hybrid,3,"{""repo"": ""local/gin-87ab3d33"", ""symbol_id"": ""context.go::PureJSON#method""}",1,1,1834,109,2580480,3.3898,1.2996,38.33854504690542,1,394,200364032,200364032,0,b14b290a1225d51e582540070b1c202de9ed765c2caca9f54db71b6ad6f5cc99,34dac209ffb6ef85cc78c5d217bbb7ad001d68fd,2026-07-29T20:20:45.784692,1.108.207,c2201a55b6e1b0ea38043c514ab7bc3a372bad13,f8fc323fc3addabb5fdb2cc89ad46a3576a724a9e4bbac1f1b2fc6fac00c503a,1,wt-generation-safe-hybrid,175f8765c4949317d4f48614b8cdacd8c537ab2755c49f13f78a0b2b855cab96,"M src/jcodemunch_mcp/server.py
 M src/jcodemunch_mcp/storage/index_store.py
 M src/jcodemunch_mcp/storage/sqlite_store.py
 M src/jcodemunch_mcp/tools/check_references.py
 M src/jcodemunch_mcp/tools/find_references.py
 M src/jcodemunch_mcp/tools/get_blast_radius.py
 M src/jcodemunch_mcp/tools/get_churn_rate.py
 M src/jcodemunch_mcp/tools/get_file_outline.py
 M src/jcodemunch_mcp/tools/get_file_risk.py
 M src/jcodemunch_mcp/tools/get_file_tree.py
 M src/jcodemunch_mcp/tools/get_symbol_complexity.py
 M src/jcodemunch_mcp/tools/get_symbol_provenance.py
?? tests/test_generation_safe_hybrid.py","{""process_cpu_ms"": 0.0, ""runtime_distribution_version"": ""1.108.199"", ""screening_target_policy"": ""middle stride target"", ""worker_pid"": 22800}"
gin-gonic/gin,gin-87ab3d33,symbol_complexity,cold_generation_safe_hybrid_screen,get_symbol_complexity,target_symbols,baseline_full,3,"{""repo"": ""local/gin-87ab3d33"", ""symbol_id"": ""context.go::PureJSON#method""}",1,2,1834,109,2580480,14.5514,12.808,88.01902222466566,1,395,233402368,233402368,0,b14b290a1225d51e582540070b1c202de9ed765c2caca9f54db71b6ad6f5cc99,34dac209ffb6ef85cc78c5d217bbb7ad001d68fd,2026-07-29T20:20:45.784692,1.108.207,c2201a55b6e1b0ea38043c514ab7bc3a372bad13,f8fc323fc3addabb5fdb2cc89ad46a3576a724a9e4bbac1f1b2fc6fac00c503a,1,wt-1.108.207,e3b0c44298fc1c149afbf4c8996fb92427ae41e4649b934ca495991b7852b855,,"{""process_cpu_ms"": 15.625, ""runtime_distribution_version"": ""1.108.199"", ""screening_target_policy"": ""middle stride target"", ""worker_pid"": 42688}"
gin-gonic/gin,gin-87ab3d33,churn_symbol,cold_generation_safe_hybrid_screen,get_churn_rate,target_symbols,baseline_full,3,"{""days"": 30, ""repo"": ""local/gin-87ab3d33"", ""target"": ""context.go::PureJSON#method""}",1,1,1834,109,2580480,67.7536,13.2438,19.54700562036556,1,453,233402368,233402368,0,46eea3fa112d3f4b0a5deaea3e9e0ea5d2b9a5e9130a214a4b8e92c31d348ce4,34dac209ffb6ef85cc78c5d217bbb7ad001d68fd,2026-07-29T20:20:45.784692,1.108.207,c2201a55b6e1b0ea38043c514ab7bc3a372bad13,f8fc323fc3addabb5fdb2cc89ad46a3576a724a9e4bbac1f1b2fc6fac00c503a,1,wt-1.108.207,e3b0c44298fc1c149afbf4c8996fb92427ae41e4649b934ca495991b7852b855,,"{""process_cpu_ms"": 31.25, ""runtime_distribution_version"": ""1.108.199"", ""screening_target_policy"": ""middle stride target"", ""worker_pid"": 42688}"
gin-gonic/gin,gin-87ab3d33,churn_symbol,cold_generation_safe_hybrid_screen,get_churn_rate,target_symbols,generation_safe_hybrid,3,"{""days"": 30, ""repo"": ""local/gin-87ab3d33"", ""target"": ""context.go::PureJSON#method""}",1,2,1834,109,2580480,58.4447,1.4153,2.4216053808129736,1,453,200560640,200568832,8192,46eea3fa112d3f4b0a5deaea3e9e0ea5d2b9a5e9130a214a4b8e92c31d348ce4,34dac209ffb6ef85cc78c5d217bbb7ad001d68fd,2026-07-29T20:20:45.784692,1.108.207,c2201a55b6e1b0ea38043c514ab7bc3a372bad13,f8fc323fc3addabb5fdb2cc89ad46a3576a724a9e4bbac1f1b2fc6fac00c503a,1,wt-generation-safe-hybrid,175f8765c4949317d4f48614b8cdacd8c537ab2755c49f13f78a0b2b855cab96,"M src/jcodemunch_mcp/server.py
 M src/jcodemunch_mcp/storage/index_store.py
 M src/jcodemunch_mcp/storage/sqlite_store.py
 M src/jcodemunch_mcp/tools/check_references.py
 M src/jcodemunch_mcp/tools/find_references.py
 M src/jcodemunch_mcp/tools/get_blast_radius.py
 M src/jcodemunch_mcp/tools/get_churn_rate.py
 M src/jcodemunch_mcp/tools/get_file_outline.py
 M src/jcodemunch_mcp/tools/get_file_risk.py
 M src/jcodemunch_mcp/tools/get_file_tree.py
 M src/jcodemunch_mcp/tools/get_symbol_complexity.py
 M src/jcodemunch_mcp/tools/get_symbol_provenance.py
?? tests/test_generation_safe_hybrid.py","{""process_cpu_ms"": 15.625, ""runtime_distribution_version"": ""1.108.199"", ""screening_target_policy"": ""middle stride target"", ""worker_pid"": 22800}"
gin-gonic/gin,gin-87ab3d33,churn_file,cold_generation_safe_hybrid_screen,get_churn_rate,metadata,generation_safe_hybrid,3,"{""days"": 30, ""repo"": ""local/gin-87ab3d33"", ""target"": ""debug_test.go""}",1,1,1834,109,2580480,54.89,1.5284,2.7844780470030974,1,411,200630272,200630272,0,93caa2193eb5ae25218e1181aef2bb30fdf2efb8c2c167b3e2d8d3e8962f15e6,34dac209ffb6ef85cc78c5d217bbb7ad001d68fd,2026-07-29T20:20:45.784692,1.108.207,c2201a55b6e1b0ea38043c514ab7bc3a372bad13,f8fc323fc3addabb5fdb2cc89ad46a3576a724a9e4bbac1f1b2fc6fac00c503a,1,wt-generation-safe-hybrid,175f8765c4949317d4f48614b8cdacd8c537ab2755c49f13f78a0b2b855cab96,"M src/jcodemunch_mcp/server.py
 M src/jcodemunch_mcp/storage/index_store.py
 M src/jcodemunch_mcp/storage/sqlite_store.py
 M src/jcodemunch_mcp/tools/check_references.py
 M src/jcodemunch_mcp/tools/find_references.py
 M src/jcodemunch_mcp/tools/get_blast_radius.py
 M src/jcodemunch_mcp/tools/get_churn_rate.py
 M src/jcodemunch_mcp/tools/get_file_outline.py
 M src/jcodemunch_mcp/tools/get_file_risk.py
 M src/jcodemunch_mcp/tools/get_file_tree.py
 M src/jcodemunch_mcp/tools/get_symbol_complexity.py
 M src/jcodemunch_mcp/tools/get_symbol_provenance.py
?? tests/test_generation_safe_hybrid.py","{""process_cpu_ms"": 31.25, ""runtime_distribution_version"": ""1.108.199"", ""screening_target_policy"": ""middle stride target"", ""worker_pid"": 22800}"
gin-gonic/gin,gin-87ab3d33,churn_file,cold_generation_safe_hybrid_screen,get_churn_rate,metadata,baseline_full,3,"{""days"": 30, ""repo"": ""local/gin-87ab3d33"", ""target"": ""debug_test.go""}",1,2,1834,109,2580480,67.211,13.6215,20.26677180818616,1,411,233402368,233402368,0,93caa2193eb5ae25218e1181aef2bb30fdf2efb8c2c167b3e2d8d3e8962f15e6,34dac209ffb6ef85cc78c5d217bbb7ad001d68fd,2026-07-29T20:20:45.784692,1.108.207,c2201a55b6e1b0ea38043c514ab7bc3a372bad13,f8fc323fc3addabb5fdb2cc89ad46a3576a724a9e4bbac1f1b2fc6fac00c503a,1,wt-1.108.207,e3b0c44298fc1c149afbf4c8996fb92427ae41e4649b934ca495991b7852b855,,"{""process_cpu_ms"": 31.25, ""runtime_distribution_version"": ""1.108.199"", ""screening_target_policy"": ""middle stride target"", ""worker_pid"": 42688}"
gin-gonic/gin,gin-87ab3d33,symbol_provenance,cold_generation_safe_hybrid_screen,get_symbol_provenance,target_symbols,baseline_full,3,"{""max_commits"": 3, ""repo"": ""local/gin-87ab3d33"", ""symbol"": ""context.go::PureJSON#method""}",1,1,1834,109,2580480,51.1166,13.4257,26.2648532961895,1,1512,233402368,233402368,0,ef7aa227f74b0fa3a772839636843130c77986f93854d3d9839fd1130d7c37d6,34dac209ffb6ef85cc78c5d217bbb7ad001d68fd,2026-07-29T20:20:45.784692,1.108.207,c2201a55b6e1b0ea38043c514ab7bc3a372bad13,f8fc323fc3addabb5fdb2cc89ad46a3576a724a9e4bbac1f1b2fc6fac00c503a,1,wt-1.108.207,e3b0c44298fc1c149afbf4c8996fb92427ae41e4649b934ca495991b7852b855,,"{""process_cpu_ms"": 78.125, ""runtime_distribution_version"": ""1.108.199"", ""screening_target_policy"": ""middle stride target"", ""worker_pid"": 42688}"
gin-gonic/gin,gin-87ab3d33,symbol_provenance,cold_generation_safe_hybrid_screen,get_symbol_provenance,target_symbols,generation_safe_hybrid,3,"{""max_commits"": 3, ""repo"": ""local/gin-87ab3d33"", ""symbol"": ""context.go::PureJSON#method""}",1,2,1834,109,2580480,40.0784,2.2371,5.581809653079962,1,1512,200802304,200802304,0,ef7aa227f74b0fa3a772839636843130c77986f93854d3d9839fd1130d7c37d6,34dac209ffb6ef85cc78c5d217bbb7ad001d68fd,2026-07-29T20:20:45.784692,1.108.207,c2201a55b6e1b0ea38043c514ab7bc3a372bad13,f8fc323fc3addabb5fdb2cc89ad46a3576a724a9e4bbac1f1b2fc6fac00c503a,1,wt-generation-safe-hybrid,175f8765c4949317d4f48614b8cdacd8c537ab2755c49f13f78a0b2b855cab96,"M src/jcodemunch_mcp/server.py
 M src/jcodemunch_mcp/storage/index_store.py
 M src/jcodemunch_mcp/storage/sqlite_store.py
 M src/jcodemunch_mcp/tools/check_references.py
 M src/jcodemunch_mcp/tools/find_references.py
 M src/jcodemunch_mcp/tools/get_blast_radius.py
 M src/jcodemunch_mcp/tools/get_churn_rate.py
 M src/jcodemunch_mcp/tools/get_file_outline.py
 M src/jcodemunch_mcp/tools/get_file_risk.py
 M src/jcodemunch_mcp/tools/get_file_tree.py
 M src/jcodemunch_mcp/tools/get_symbol_complexity.py
 M src/jcodemunch_mcp/tools/get_symbol_provenance.py
?? tests/test_generation_safe_hybrid.py","{""process_cpu_ms"": 0.0, ""runtime_distribution_version"": ""1.108.199"", ""screening_target_policy"": ""middle stride target"", ""worker_pid"": 22800}"
gin-gonic/gin,gin-87ab3d33,references_single,cold_generation_safe_hybrid_screen,find_references,all_files,generation_safe_hybrid,3,"{""identifier"": ""PureJSON"", ""repo"": ""local/gin-87ab3d33""}",1,1,1834,109,2580480,4.521,1.3778,30.475558504755583,1,365,200802304,200802304,0,c8426ce7c8f0855aa1af8197929ed5c73cd1ec2775f9eda92718b0a3bed0ecb1,34dac209ffb6ef85cc78c5d217bbb7ad001d68fd,2026-07-29T20:20:45.784692,1.108.207,c2201a55b6e1b0ea38043c514ab7bc3a372bad13,f8fc323fc3addabb5fdb2cc89ad46a3576a724a9e4bbac1f1b2fc6fac00c503a,1,wt-generation-safe-hybrid,175f8765c4949317d4f48614b8cdacd8c537ab2755c49f13f78a0b2b855cab96,"M src/jcodemunch_mcp/server.py
 M src/jcodemunch_mcp/storage/index_store.py
 M src/jcodemunch_mcp/storage/sqlite_store.py
 M src/jcodemunch_mcp/tools/check_references.py
 M src/jcodemunch_mcp/tools/find_references.py
 M src/jcodemunch_mcp/tools/get_blast_radius.py
 M src/jcodemunch_mcp/tools/get_churn_rate.py
 M src/jcodemunch_mcp/tools/get_file_outline.py
 M src/jcodemunch_mcp/tools/get_file_risk.py
 M src/jcodemunch_mcp/tools/get_file_tree.py
 M src/jcodemunch_mcp/tools/get_symbol_complexity.py
 M src/jcodemunch_mcp/tools/get_symbol_provenance.py
?? tests/test_generation_safe_hybrid.py","{""process_cpu_ms"": 15.625, ""runtime_distribution_version"": ""1.108.199"", ""screening_target_policy"": ""middle stride target"", ""worker_pid"": 22800}"
gin-gonic/gin,gin-87ab3d33,references_single,cold_generation_safe_hybrid_screen,find_references,all_files,baseline_full,3,"{""identifier"": ""PureJSON"", ""repo"": ""local/gin-87ab3d33""}",1,2,1834,109,2580480,15.7904,12.6596,80.17276319789238,1,366,233402368,233402368,0,c8426ce7c8f0855aa1af8197929ed5c73cd1ec2775f9eda92718b0a3bed0ecb1,34dac209ffb6ef85cc78c5d217bbb7ad001d68fd,2026-07-29T20:20:45.784692,1.108.207,c2201a55b6e1b0ea38043c514ab7bc3a372bad13,f8fc323fc3addabb5fdb2cc89ad46a3576a724a9e4bbac1f1b2fc6fac00c503a,1,wt-1.108.207,e3b0c44298fc1c149afbf4c8996fb92427ae41e4649b934ca495991b7852b855,,"{""process_cpu_ms"": 15.625, ""runtime_distribution_version"": ""1.108.199"", ""screening_target_policy"": ""middle stride target"", ""worker_pid"": 42688}"
gin-gonic/gin,gin-87ab3d33,references_batch,cold_generation_safe_hybrid_screen,find_references,all_files,baseline_full,3,"{""identifiers"": [""PureJSON"", ""XML"", ""PDF""], ""repo"": ""local/gin-87ab3d33""}",1,1,1834,109,2580480,16.359,13.0292,79.64545510116754,1,801,233402368,233402368,0,22ab57a18be1a066dc2f2bc75689d17cbc8f41af4c078a35b527c1997d10e653,34dac209ffb6ef85cc78c5d217bbb7ad001d68fd,2026-07-29T20:20:45.784692,1.108.207,c2201a55b6e1b0ea38043c514ab7bc3a372bad13,f8fc323fc3addabb5fdb2cc89ad46a3576a724a9e4bbac1f1b2fc6fac00c503a,1,wt-1.108.207,e3b0c44298fc1c149afbf4c8996fb92427ae41e4649b934ca495991b7852b855,,"{""process_cpu_ms"": 15.625, ""runtime_distribution_version"": ""1.108.199"", ""screening_target_policy"": ""middle stride target"", ""worker_pid"": 42688}"
gin-gonic/gin,gin-87ab3d33,references_batch,cold_generation_safe_hybrid_screen,find_references,all_files,generation_safe_hybrid,3,"{""identifiers"": [""PureJSON"", ""XML"", ""PDF""], ""repo"": ""local/gin-87ab3d33""}",1,2,1834,109,2580480,4.5645,1.2158,26.635995180194982,1,800,200888320,200888320,0,22ab57a18be1a066dc2f2bc75689d17cbc8f41af4c078a35b527c1997d10e653,34dac209ffb6ef85cc78c5d217bbb7ad001d68fd,2026-07-29T20:20:45.784692,1.108.207,c2201a55b6e1b0ea38043c514ab7bc3a372bad13,f8fc323fc3addabb5fdb2cc89ad46a3576a724a9e4bbac1f1b2fc6fac00c503a,1,wt-generation-safe-hybrid,175f8765c4949317d4f48614b8cdacd8c537ab2755c49f13f78a0b2b855cab96,"M src/jcodemunch_mcp/server.py
 M src/jcodemunch_mcp/storage/index_store.py
 M src/jcodemunch_mcp/storage/sqlite_store.py
 M src/jcodemunch_mcp/tools/check_references.py
 M src/jcodemunch_mcp/tools/find_references.py
 M src/jcodemunch_mcp/tools/get_blast_radius.py
 M src/jcodemunch_mcp/tools/get_churn_rate.py
 M src/jcodemunch_mcp/tools/get_file_outline.py
 M src/jcodemunch_mcp/tools/get_file_risk.py
 M src/jcodemunch_mcp/tools/get_file_tree.py
 M src/jcodemunch_mcp/tools/get_symbol_complexity.py
 M src/jcodemunch_mcp/tools/get_symbol_provenance.py
?? tests/test_generation_safe_hybrid.py","{""process_cpu_ms"": 0.0, ""runtime_distribution_version"": ""1.108.199"", ""screening_target_policy"": ""middle stride target"", ""worker_pid"": 22800}"
gin-gonic/gin,gin-87ab3d33,references_call_chain,cold_generation_safe_hybrid_screen,find_references,reference_call_chain,generation_safe_hybrid,3,"{""identifier"": ""PureJSON"", ""include_call_chain"": true, ""repo"": ""local/gin-87ab3d33""}",1,1,1834,109,2580480,4.398,1.2592,28.631195998180996,1,365,200888320,200888320,0,c8426ce7c8f0855aa1af8197929ed5c73cd1ec2775f9eda92718b0a3bed0ecb1,34dac209ffb6ef85cc78c5d217bbb7ad001d68fd,2026-07-29T20:20:45.784692,1.108.207,c2201a55b6e1b0ea38043c514ab7bc3a372bad13,f8fc323fc3addabb5fdb2cc89ad46a3576a724a9e4bbac1f1b2fc6fac00c503a,1,wt-generation-safe-hybrid,175f8765c4949317d4f48614b8cdacd8c537ab2755c49f13f78a0b2b855cab96,"M src/jcodemunch_mcp/server.py
 M src/jcodemunch_mcp/storage/index_store.py
 M src/jcodemunch_mcp/storage/sqlite_store.py
 M src/jcodemunch_mcp/tools/check_references.py
 M src/jcodemunch_mcp/tools/find_references.py
 M src/jcodemunch_mcp/tools/get_blast_radius.py
 M src/jcodemunch_mcp/tools/get_churn_rate.py
 M src/jcodemunch_mcp/tools/get_file_outline.py
 M src/jcodemunch_mcp/tools/get_file_risk.py
 M src/jcodemunch_mcp/tools/get_file_tree.py
 M src/jcodemunch_mcp/tools/get_symbol_complexity.py
 M src/jcodemunch_mcp/tools/get_symbol_provenance.py
?? tests/test_generation_safe_hybrid.py","{""process_cpu_ms"": 15.625, ""runtime_distribution_version"": ""1.108.199"", ""screening_target_policy"": ""middle stride target"", ""worker_pid"": 22800}"
gin-gonic/gin,gin-87ab3d33,references_call_chain,cold_generation_safe_hybrid_screen,find_references,reference_call_chain,baseline_full,3,"{""identifier"": ""PureJSON"", ""include_call_chain"": true, ""repo"": ""local/gin-87ab3d33""}",1,2,1834,109,2580480,15.6526,12.6293,80.68499801949837,1,366,233402368,233402368,0,c8426ce7c8f0855aa1af8197929ed5c73cd1ec2775f9eda92718b0a3bed0ecb1,34dac209ffb6ef85cc78c5d217bbb7ad001d68fd,2026-07-29T20:20:45.784692,1.108.207,c2201a55b6e1b0ea38043c514ab7bc3a372bad13,f8fc323fc3addabb5fdb2cc89ad46a3576a724a9e4bbac1f1b2fc6fac00c503a,1,wt-1.108.207,e3b0c44298fc1c149afbf4c8996fb92427ae41e4649b934ca495991b7852b855,,"{""process_cpu_ms"": 15.625, ""runtime_distribution_version"": ""1.108.199"", ""screening_target_policy"": ""middle stride target"", ""worker_pid"": 42688}"
gin-gonic/gin,gin-87ab3d33,importers_single,cold_generation_safe_hybrid_screen,find_importers,all_files,baseline_full,3,"{""cross_repo"": false, ""file_path"": ""debug_test.go"", ""repo"": ""local/gin-87ab3d33""}",1,1,1834,109,2580480,35.3909,28.0485,79.25342390275466,1,372,233402368,233402368,0,204dba08abd233ccc9a265696b7e6cd8e279fac4753fbde248aa6fff075166c8,34dac209ffb6ef85cc78c5d217bbb7ad001d68fd,2026-07-29T20:20:45.784692,1.108.207,c2201a55b6e1b0ea38043c514ab7bc3a372bad13,f8fc323fc3addabb5fdb2cc89ad46a3576a724a9e4bbac1f1b2fc6fac00c503a,1,wt-1.108.207,e3b0c44298fc1c149afbf4c8996fb92427ae41e4649b934ca495991b7852b855,,"{""process_cpu_ms"": 62.5, ""runtime_distribution_version"": ""1.108.199"", ""screening_target_policy"": ""middle stride target"", ""worker_pid"": 42688}"
gin-gonic/gin,gin-87ab3d33,importers_single,cold_generation_safe_hybrid_screen,find_importers,all_files,generation_safe_hybrid,3,"{""cross_repo"": false, ""file_path"": ""debug_test.go"", ""repo"": ""local/gin-87ab3d33""}",1,2,1834,109,2580480,9.1589,1.2969,14.15999737959799,1,371,200892416,200892416,0,204dba08abd233ccc9a265696b7e6cd8e279fac4753fbde248aa6fff075166c8,34dac209ffb6ef85cc78c5d217bbb7ad001d68fd,2026-07-29T20:20:45.784692,1.108.207,c2201a55b6e1b0ea38043c514ab7bc3a372bad13,f8fc323fc3addabb5fdb2cc89ad46a3576a724a9e4bbac1f1b2fc6fac00c503a,1,wt-generation-safe-hybrid,175f8765c4949317d4f48614b8cdacd8c537ab2755c49f13f78a0b2b855cab96,"M src/jcodemunch_mcp/server.py
 M src/jcodemunch_mcp/storage/index_store.py
 M src/jcodemunch_mcp/storage/sqlite_store.py
 M src/jcodemunch_mcp/tools/check_references.py
 M src/jcodemunch_mcp/tools/find_references.py
 M src/jcodemunch_mcp/tools/get_blast_radius.py
 M src/jcodemunch_mcp/tools/get_churn_rate.py
 M src/jcodemunch_mcp/tools/get_file_outline.py
 M src/jcodemunch_mcp/tools/get_file_risk.py
 M src/jcodemunch_mcp/tools/get_file_tree.py
 M src/jcodemunch_mcp/tools/get_symbol_complexity.py
 M src/jcodemunch_mcp/tools/get_symbol_provenance.py
?? tests/test_generation_safe_hybrid.py","{""process_cpu_ms"": 31.25, ""runtime_distribution_version"": ""1.108.199"", ""screening_target_policy"": ""middle stride target"", ""worker_pid"": 22800}"
gin-gonic/gin,gin-87ab3d33,importers_batch,cold_generation_safe_hybrid_screen,find_importers,all_files,generation_safe_hybrid,3,"{""cross_repo"": false, ""file_paths"": [""debug_test.go"", ""deprecated.go"", ""deprecated_test.go""], ""repo"": ""local/gin-87ab3d33""}",1,1,1834,109,2580480,9.4203,1.3801,14.650276530471432,1,348,200892416,200892416,0,20d0e14b00863696a09640c24ba12aef5441323e251e188e46d6653755a1b613,34dac209ffb6ef85cc78c5d217bbb7ad001d68fd,2026-07-29T20:20:45.784692,1.108.207,c2201a55b6e1b0ea38043c514ab7bc3a372bad13,f8fc323fc3addabb5fdb2cc89ad46a3576a724a9e4bbac1f1b2fc6fac00c503a,1,wt-generation-safe-hybrid,175f8765c4949317d4f48614b8cdacd8c537ab2755c49f13f78a0b2b855cab96,"M src/jcodemunch_mcp/server.py
 M src/jcodemunch_mcp/storage/index_store.py
 M src/jcodemunch_mcp/storage/sqlite_store.py
 M src/jcodemunch_mcp/tools/check_references.py
 M src/jcodemunch_mcp/tools/find_references.py
 M src/jcodemunch_mcp/tools/get_blast_radius.py
 M src/jcodemunch_mcp/tools/get_churn_rate.py
 M src/jcodemunch_mcp/tools/get_file_outline.py
 M src/jcodemunch_mcp/tools/get_file_risk.py
 M src/jcodemunch_mcp/tools/get_file_tree.py
 M src/jcodemunch_mcp/tools/get_symbol_complexity.py
 M src/jcodemunch_mcp/tools/get_symbol_provenance.py
?? tests/test_generation_safe_hybrid.py","{""process_cpu_ms"": 31.25, ""runtime_distribution_version"": ""1.108.199"", ""screening_target_policy"": ""middle stride target"", ""worker_pid"": 22800}"
gin-gonic/gin,gin-87ab3d33,importers_batch,cold_generation_safe_hybrid_screen,find_importers,all_files,baseline_full,3,"{""cross_repo"": false, ""file_paths"": [""debug_test.go"", ""deprecated.go"", ""deprecated_test.go""], ""repo"": ""local/gin-87ab3d33""}",1,2,1834,109,2580480,20.7908,13.8147,66.44621659580199,1,349,233402368,233402368,0,20d0e14b00863696a09640c24ba12aef5441323e251e188e46d6653755a1b613,34dac209ffb6ef85cc78c5d217bbb7ad001d68fd,2026-07-29T20:20:45.784692,1.108.207,c2201a55b6e1b0ea38043c514ab7bc3a372bad13,f8fc323fc3addabb5fdb2cc89ad46a3576a724a9e4bbac1f1b2fc6fac00c503a,1,wt-1.108.207,e3b0c44298fc1c149afbf4c8996fb92427ae41e4649b934ca495991b7852b855,,"{""process_cpu_ms"": 46.875, ""runtime_distribution_version"": ""1.108.199"", ""screening_target_policy"": ""middle stride target"", ""worker_pid"": 42688}"
gin-gonic/gin,gin-87ab3d33,check_refs_single_imports,cold_generation_safe_hybrid_screen,check_references,all_files_definitions,baseline_full,3,"{""identifier"": ""PureJSON"", ""repo"": ""local/gin-87ab3d33"", ""search_content"": false}",1,1,1834,109,2580480,15.5856,13.0642,83.82224617595729,1,230,233402368,233402368,0,436fe1dfdca2e6c04437f16dd8ea62b6d587cf92d2698413fbd8741d8433ce88,34dac209ffb6ef85cc78c5d217bbb7ad001d68fd,2026-07-29T20:20:45.784692,1.108.207,c2201a55b6e1b0ea38043c514ab7bc3a372bad13,f8fc323fc3addabb5fdb2cc89ad46a3576a724a9e4bbac1f1b2fc6fac00c503a,1,wt-1.108.207,e3b0c44298fc1c149afbf4c8996fb92427ae41e4649b934ca495991b7852b855,,"{""process_cpu_ms"": 15.625, ""runtime_distribution_version"": ""1.108.199"", ""screening_target_policy"": ""middle stride target"", ""worker_pid"": 42688}"
gin-gonic/gin,gin-87ab3d33,check_refs_single_imports,cold_generation_safe_hybrid_screen,check_references,all_files_definitions,generation_safe_hybrid,3,"{""identifier"": ""PureJSON"", ""repo"": ""local/gin-87ab3d33"", ""search_content"": false}",1,2,1834,109,2580480,5.2717,1.3667,25.92522336248269,1,229,200892416,200892416,0,436fe1dfdca2e6c04437f16dd8ea62b6d587cf92d2698413fbd8741d8433ce88,34dac209ffb6ef85cc78c5d217bbb7ad001d68fd,2026-07-29T20:20:45.784692,1.108.207,c2201a55b6e1b0ea38043c514ab7bc3a372bad13,f8fc323fc3addabb5fdb2cc89ad46a3576a724a9e4bbac1f1b2fc6fac00c503a,1,wt-generation-safe-hybrid,175f8765c4949317d4f48614b8cdacd8c537ab2755c49f13f78a0b2b855cab96,"M src/jcodemunch_mcp/server.py
 M src/jcodemunch_mcp/storage/index_store.py
 M src/jcodemunch_mcp/storage/sqlite_store.py
 M src/jcodemunch_mcp/tools/check_references.py
 M src/jcodemunch_mcp/tools/find_references.py
 M src/jcodemunch_mcp/tools/get_blast_radius.py
 M src/jcodemunch_mcp/tools/get_churn_rate.py
 M src/jcodemunch_mcp/tools/get_file_outline.py
 M src/jcodemunch_mcp/tools/get_file_risk.py
 M src/jcodemunch_mcp/tools/get_file_tree.py
 M src/jcodemunch_mcp/tools/get_symbol_complexity.py
 M src/jcodemunch_mcp/tools/get_symbol_provenance.py
?? tests/test_generation_safe_hybrid.py","{""process_cpu_ms"": 0.0, ""runtime_distribution_version"": ""1.108.199"", ""screening_target_policy"": ""middle stride target"", ""worker_pid"": 22800}"
gin-gonic/gin,gin-87ab3d33,check_refs_batch_imports,cold_generation_safe_hybrid_screen,check_references,all_files_definitions,generation_safe_hybrid,3,"{""identifiers"": [""PureJSON"", ""XML"", ""PDF""], ""repo"": ""local/gin-87ab3d33"", ""search_content"": false}",1,1,1834,109,2580480,6.9701,1.3252,19.01263970387799,1,1114,200892416,200892416,0,645e3b8799ece3dba742b64917b23d570d51a07e9c6ebdeedd5d52a064e48738,34dac209ffb6ef85cc78c5d217bbb7ad001d68fd,2026-07-29T20:20:45.784692,1.108.207,c2201a55b6e1b0ea38043c514ab7bc3a372bad13,f8fc323fc3addabb5fdb2cc89ad46a3576a724a9e4bbac1f1b2fc6fac00c503a,1,wt-generation-safe-hybrid,175f8765c4949317d4f48614b8cdacd8c537ab2755c49f13f78a0b2b855cab96,"M src/jcodemunch_mcp/server.py
 M src/jcodemunch_mcp/storage/index_store.py
 M src/jcodemunch_mcp/storage/sqlite_store.py
 M src/jcodemunch_mcp/tools/check_references.py
 M src/jcodemunch_mcp/tools/find_references.py
 M src/jcodemunch_mcp/tools/get_blast_radius.py
 M src/jcodemunch_mcp/tools/get_churn_rate.py
 M src/jcodemunch_mcp/tools/get_file_outline.py
 M src/jcodemunch_mcp/tools/get_file_risk.py
 M src/jcodemunch_mcp/tools/get_file_tree.py
 M src/jcodemunch_mcp/tools/get_symbol_complexity.py
 M src/jcodemunch_mcp/tools/get_symbol_provenance.py
?? tests/test_generation_safe_hybrid.py","{""process_cpu_ms"": 0.0, ""runtime_distribution_version"": ""1.108.199"", ""screening_target_policy"": ""middle stride target"", ""worker_pid"": 22800}"
gin-gonic/gin,gin-87ab3d33,check_refs_batch_imports,cold_generation_safe_hybrid_screen,check_references,all_files_definitions,baseline_full,3,"{""identifiers"": [""PureJSON"", ""XML"", ""PDF""], ""repo"": ""local/gin-87ab3d33"", ""search_content"": false}",1,2,1834,109,2580480,16.7123,13.4554,80.51195825828881,1,1115,233402368,233402368,0,645e3b8799ece3dba742b64917b23d570d51a07e9c6ebdeedd5d52a064e48738,34dac209ffb6ef85cc78c5d217bbb7ad001d68fd,2026-07-29T20:20:45.784692,1.108.207,c2201a55b6e1b0ea38043c514ab7bc3a372bad13,f8fc323fc3addabb5fdb2cc89ad46a3576a724a9e4bbac1f1b2fc6fac00c503a,1,wt-1.108.207,e3b0c44298fc1c149afbf4c8996fb92427ae41e4649b934ca495991b7852b855,,"{""process_cpu_ms"": 15.625, ""runtime_distribution_version"": ""1.108.199"", ""screening_target_policy"": ""middle stride target"", ""worker_pid"": 42688}"
gin-gonic/gin,gin-87ab3d33,check_refs_single_content,cold_generation_safe_hybrid_screen,check_references,all_files_definitions,baseline_full,3,"{""identifier"": ""PureJSON"", ""max_content_results"": 20, ""repo"": ""local/gin-87ab3d33"", ""search_content"": true}",1,1,1834,109,2580480,34.2451,12.7483,37.226639723639295,1,1009,233414656,233414656,0,8bd74a35a5765cf9335a97e05931d1935c5cd16b85a827443e562dd67a8fbb4d,34dac209ffb6ef85cc78c5d217bbb7ad001d68fd,2026-07-29T20:20:45.784692,1.108.207,c2201a55b6e1b0ea38043c514ab7bc3a372bad13,f8fc323fc3addabb5fdb2cc89ad46a3576a724a9e4bbac1f1b2fc6fac00c503a,1,wt-1.108.207,e3b0c44298fc1c149afbf4c8996fb92427ae41e4649b934ca495991b7852b855,,"{""process_cpu_ms"": 31.25, ""runtime_distribution_version"": ""1.108.199"", ""screening_target_policy"": ""middle stride target"", ""worker_pid"": 42688}"
gin-gonic/gin,gin-87ab3d33,check_refs_single_content,cold_generation_safe_hybrid_screen,check_references,all_files_definitions,generation_safe_hybrid,3,"{""identifier"": ""PureJSON"", ""max_content_results"": 20, ""repo"": ""local/gin-87ab3d33"", ""search_content"": true}",1,2,1834,109,2580480,22.7663,1.3522,5.93948072370126,1,1009,201682944,201687040,4096,8bd74a35a5765cf9335a97e05931d1935c5cd16b85a827443e562dd67a8fbb4d,34dac209ffb6ef85cc78c5d217bbb7ad001d68fd,2026-07-29T20:20:45.784692,1.108.207,c2201a55b6e1b0ea38043c514ab7bc3a372bad13,f8fc323fc3addabb5fdb2cc89ad46a3576a724a9e4bbac1f1b2fc6fac00c503a,1,wt-generation-safe-hybrid,175f8765c4949317d4f48614b8cdacd8c537ab2755c49f13f78a0b2b855cab96,"M src/jcodemunch_mcp/server.py
 M src/jcodemunch_mcp/storage/index_store.py
 M src/jcodemunch_mcp/storage/sqlite_store.py
 M src/jcodemunch_mcp/tools/check_references.py
 M src/jcodemunch_mcp/tools/find_references.py
 M src/jcodemunch_mcp/tools/get_blast_radius.py
 M src/jcodemunch_mcp/tools/get_churn_rate.py
 M src/jcodemunch_mcp/tools/get_file_outline.py
 M src/jcodemunch_mcp/tools/get_file_risk.py
 M src/jcodemunch_mcp/tools/get_file_tree.py
 M src/jcodemunch_mcp/tools/get_symbol_complexity.py
 M src/jcodemunch_mcp/tools/get_symbol_provenance.py
?? tests/test_generation_safe_hybrid.py","{""process_cpu_ms"": 31.25, ""runtime_distribution_version"": ""1.108.199"", ""screening_target_policy"": ""middle stride target"", ""worker_pid"": 22800}"
gin-gonic/gin,gin-87ab3d33,check_refs_batch_content,cold_generation_safe_hybrid_screen,check_references,all_files_definitions,generation_safe_hybrid,3,"{""identifiers"": [""PureJSON"", ""XML"", ""PDF""], ""max_content_results"": 20, ""repo"": ""local/gin-87ab3d33"", ""search_content"": true}",1,1,1834,109,2580480,63.595,1.3702,2.154571900306628,1,18302,201928704,201957376,28672,4c3d360fe33f29aee7e5c505a4f7821b1883ef0fe1fb57cf9bf99cda2d6c450a,34dac209ffb6ef85cc78c5d217bbb7ad001d68fd,2026-07-29T20:20:45.784692,1.108.207,c2201a55b6e1b0ea38043c514ab7bc3a372bad13,f8fc323fc3addabb5fdb2cc89ad46a3576a724a9e4bbac1f1b2fc6fac00c503a,1,wt-generation-safe-hybrid,175f8765c4949317d4f48614b8cdacd8c537ab2755c49f13f78a0b2b855cab96,"M src/jcodemunch_mcp/server.py
 M src/jcodemunch_mcp/storage/index_store.py
 M src/jcodemunch_mcp/storage/sqlite_store.py
 M src/jcodemunch_mcp/tools/check_references.py
 M src/jcodemunch_mcp/tools/find_references.py
 M src/jcodemunch_mcp/tools/get_blast_radius.py
 M src/jcodemunch_mcp/tools/get_churn_rate.py
 M src/jcodemunch_mcp/tools/get_file_outline.py
 M src/jcodemunch_mcp/tools/get_file_risk.py
 M src/jcodemunch_mcp/tools/get_file_tree.py
 M src/jcodemunch_mcp/tools/get_symbol_complexity.py
 M src/jcodemunch_mcp/tools/get_symbol_provenance.py
?? tests/test_generation_safe_hybrid.py","{""process_cpu_ms"": 93.75, ""runtime_distribution_version"": ""1.108.199"", ""screening_target_policy"": ""middle stride target"", ""worker_pid"": 22800}"
gin-gonic/gin,gin-87ab3d33,check_refs_batch_content,cold_generation_safe_hybrid_screen,check_references,all_files_definitions,baseline_full,3,"{""identifiers"": [""PureJSON"", ""XML"", ""PDF""], ""max_content_results"": 20, ""repo"": ""local/gin-87ab3d33"", ""search_content"": true}",1,2,1834,109,2580480,70.8609,12.6623,17.86923394989338,1,18302,233406464,233406464,0,4c3d360fe33f29aee7e5c505a4f7821b1883ef0fe1fb57cf9bf99cda2d6c450a,34dac209ffb6ef85cc78c5d217bbb7ad001d68fd,2026-07-29T20:20:45.784692,1.108.207,c2201a55b6e1b0ea38043c514ab7bc3a372bad13,f8fc323fc3addabb5fdb2cc89ad46a3576a724a9e4bbac1f1b2fc6fac00c503a,1,wt-1.108.207,e3b0c44298fc1c149afbf4c8996fb92427ae41e4649b934ca495991b7852b855,,"{""process_cpu_ms"": 78.125, ""runtime_distribution_version"": ""1.108.199"", ""screening_target_policy"": ""middle stride target"", ""worker_pid"": 42688}"
gin-gonic/gin,gin-87ab3d33,file_risk,cold_generation_safe_hybrid_screen,get_file_risk,all_files_target_file_symbols,baseline_full,3,"{""file_path"": ""debug_test.go"", ""repo"": ""local/gin-87ab3d33""}",1,1,1834,109,2580480,38.8104,13.4281,34.59923113392286,1,3575,233406464,233406464,0,f68e50500bcf35f662924eb03e708a76d8791be9fd25652ec14c26d7cf9f7af7,34dac209ffb6ef85cc78c5d217bbb7ad001d68fd,2026-07-29T20:20:45.784692,1.108.207,c2201a55b6e1b0ea38043c514ab7bc3a372bad13,f8fc323fc3addabb5fdb2cc89ad46a3576a724a9e4bbac1f1b2fc6fac00c503a,1,wt-1.108.207,e3b0c44298fc1c149afbf4c8996fb92427ae41e4649b934ca495991b7852b855,,"{""process_cpu_ms"": 15.625, ""runtime_distribution_version"": ""1.108.199"", ""screening_target_policy"": ""middle stride target"", ""worker_pid"": 42688}"
gin-gonic/gin,gin-87ab3d33,file_risk,cold_generation_safe_hybrid_screen,get_file_risk,all_files_target_file_symbols,generation_safe_hybrid,3,"{""file_path"": ""debug_test.go"", ""repo"": ""local/gin-87ab3d33""}",1,2,1834,109,2580480,29.1842,4.1342,14.165884279850054,1,3575,201957376,201957376,0,f68e50500bcf35f662924eb03e708a76d8791be9fd25652ec14c26d7cf9f7af7,34dac209ffb6ef85cc78c5d217bbb7ad001d68fd,2026-07-29T20:20:45.784692,1.108.207,c2201a55b6e1b0ea38043c514ab7bc3a372bad13,f8fc323fc3addabb5fdb2cc89ad46a3576a724a9e4bbac1f1b2fc6fac00c503a,1,wt-generation-safe-hybrid,175f8765c4949317d4f48614b8cdacd8c537ab2755c49f13f78a0b2b855cab96,"M src/jcodemunch_mcp/server.py
 M src/jcodemunch_mcp/storage/index_store.py
 M src/jcodemunch_mcp/storage/sqlite_store.py
 M src/jcodemunch_mcp/tools/check_references.py
 M src/jcodemunch_mcp/tools/find_references.py
 M src/jcodemunch_mcp/tools/get_blast_radius.py
 M src/jcodemunch_mcp/tools/get_churn_rate.py
 M src/jcodemunch_mcp/tools/get_file_outline.py
 M src/jcodemunch_mcp/tools/get_file_risk.py
 M src/jcodemunch_mcp/tools/get_file_tree.py
 M src/jcodemunch_mcp/tools/get_symbol_complexity.py
 M src/jcodemunch_mcp/tools/get_symbol_provenance.py
?? tests/test_generation_safe_hybrid.py","{""process_cpu_ms"": 15.625, ""runtime_distribution_version"": ""1.108.199"", ""screening_target_policy"": ""middle stride target"", ""worker_pid"": 22800}"
gin-gonic/gin,gin-87ab3d33,changed_symbols,cold_generation_safe_hybrid_screen,get_changed_symbols,metadata,generation_safe_hybrid,3,"{""include_blast_radius"": false, ""repo"": ""local/gin-87ab3d33"", ""since_sha"": ""34dac209ffb6ef85cc78c5d217bbb7ad001d68fd"", ""until_sha"": ""34dac209ffb6ef85cc78c5d217bbb7ad001d68fd""}",1,1,1834,109,2580480,319.5636,1.5856,0.49617666092133145,1,539,201957376,201957376,0,49e1d80c5e8d6a627ded2cf145c978d87efd5482043601a36eef817c94e2b3bf,34dac209ffb6ef85cc78c5d217bbb7ad001d68fd,2026-07-29T20:20:45.784692,1.108.207,c2201a55b6e1b0ea38043c514ab7bc3a372bad13,f8fc323fc3addabb5fdb2cc89ad46a3576a724a9e4bbac1f1b2fc6fac00c503a,1,wt-generation-safe-hybrid,175f8765c4949317d4f48614b8cdacd8c537ab2755c49f13f78a0b2b855cab96,"M src/jcodemunch_mcp/server.py
 M src/jcodemunch_mcp/storage/index_store.py
 M src/jcodemunch_mcp/storage/sqlite_store.py
 M src/jcodemunch_mcp/tools/check_references.py
 M src/jcodemunch_mcp/tools/find_references.py
 M src/jcodemunch_mcp/tools/get_blast_radius.py
 M src/jcodemunch_mcp/tools/get_churn_rate.py
 M src/jcodemunch_mcp/tools/get_file_outline.py
 M src/jcodemunch_mcp/tools/get_file_risk.py
 M src/jcodemunch_mcp/tools/get_file_tree.py
 M src/jcodemunch_mcp/tools/get_symbol_complexity.py
 M src/jcodemunch_mcp/tools/get_symbol_provenance.py
?? tests/test_generation_safe_hybrid.py","{""process_cpu_ms"": 250.0, ""runtime_distribution_version"": ""1.108.199"", ""screening_target_policy"": ""middle stride target"", ""worker_pid"": 22800}"
gin-gonic/gin,gin-87ab3d33,changed_symbols,cold_generation_safe_hybrid_screen,get_changed_symbols,metadata,baseline_full,3,"{""include_blast_radius"": false, ""repo"": ""local/gin-87ab3d33"", ""since_sha"": ""34dac209ffb6ef85cc78c5d217bbb7ad001d68fd"", ""until_sha"": ""34dac209ffb6ef85cc78c5d217bbb7ad001d68fd""}",1,2,1834,109,2580480,107.2293,14.7685,13.77282142101086,1,539,233402368,233406464,4096,49e1d80c5e8d6a627ded2cf145c978d87efd5482043601a36eef817c94e2b3bf,34dac209ffb6ef85cc78c5d217bbb7ad001d68fd,2026-07-29T20:20:45.784692,1.108.207,c2201a55b6e1b0ea38043c514ab7bc3a372bad13,f8fc323fc3addabb5fdb2cc89ad46a3576a724a9e4bbac1f1b2fc6fac00c503a,1,wt-1.108.207,e3b0c44298fc1c149afbf4c8996fb92427ae41e4649b934ca495991b7852b855,,"{""process_cpu_ms"": 31.25, ""runtime_distribution_version"": ""1.108.199"", ""screening_target_policy"": ""middle stride target"", ""worker_pid"": 42688}"
gin-gonic/gin,gin-87ab3d33,changed_symbols_blast,cold_generation_safe_hybrid_screen,get_changed_symbols,all_files,baseline_full,3,"{""include_blast_radius"": true, ""repo"": ""local/gin-87ab3d33"", ""since_sha"": ""34dac209ffb6ef85cc78c5d217bbb7ad001d68fd"", ""until_sha"": ""34dac209ffb6ef85cc78c5d217bbb7ad001d68fd""}",1,1,1834,109,2580480,110.4571,14.6053,13.222599543171059,1,539,233406464,233418752,12288,49e1d80c5e8d6a627ded2cf145c978d87efd5482043601a36eef817c94e2b3bf,34dac209ffb6ef85cc78c5d217bbb7ad001d68fd,2026-07-29T20:20:45.784692,1.108.207,c2201a55b6e1b0ea38043c514ab7bc3a372bad13,f8fc323fc3addabb5fdb2cc89ad46a3576a724a9e4bbac1f1b2fc6fac00c503a,1,wt-1.108.207,e3b0c44298fc1c149afbf4c8996fb92427ae41e4649b934ca495991b7852b855,,"{""process_cpu_ms"": 125.0, ""runtime_distribution_version"": ""1.108.199"", ""screening_target_policy"": ""middle stride target"", ""worker_pid"": 42688}"
gin-gonic/gin,gin-87ab3d33,changed_symbols_blast,cold_generation_safe_hybrid_screen,get_changed_symbols,all_files,generation_safe_hybrid,3,"{""include_blast_radius"": true, ""repo"": ""local/gin-87ab3d33"", ""since_sha"": ""34dac209ffb6ef85cc78c5d217bbb7ad001d68fd"", ""until_sha"": ""34dac209ffb6ef85cc78c5d217bbb7ad001d68fd""}",1,2,1834,109,2580480,105.2,1.8687,1.7763307984790873,1,539,202391552,202391552,0,49e1d80c5e8d6a627ded2cf145c978d87efd5482043601a36eef817c94e2b3bf,34dac209ffb6ef85cc78c5d217bbb7ad001d68fd,2026-07-29T20:20:45.784692,1.108.207,c2201a55b6e1b0ea38043c514ab7bc3a372bad13,f8fc323fc3addabb5fdb2cc89ad46a3576a724a9e4bbac1f1b2fc6fac00c503a,1,wt-generation-safe-hybrid,175f8765c4949317d4f48614b8cdacd8c537ab2755c49f13f78a0b2b855cab96,"M src/jcodemunch_mcp/server.py
 M src/jcodemunch_mcp/storage/index_store.py
 M src/jcodemunch_mcp/storage/sqlite_store.py
 M src/jcodemunch_mcp/tools/check_references.py
 M src/jcodemunch_mcp/tools/find_references.py
 M src/jcodemunch_mcp/tools/get_blast_radius.py
 M src/jcodemunch_mcp/tools/get_churn_rate.py
 M src/jcodemunch_mcp/tools/get_file_outline.py
 M src/jcodemunch_mcp/tools/get_file_risk.py
 M src/jcodemunch_mcp/tools/get_file_tree.py
 M src/jcodemunch_mcp/tools/get_symbol_complexity.py
 M src/jcodemunch_mcp/tools/get_symbol_provenance.py
?? tests/test_generation_safe_hybrid.py","{""process_cpu_ms"": 0.0, ""runtime_distribution_version"": ""1.108.199"", ""screening_target_policy"": ""middle stride target"", ""worker_pid"": 22800}"
gin-gonic/gin,gin-87ab3d33,blast_radius_default,cold_generation_safe_hybrid_screen,get_blast_radius,all_files_target_symbols,generation_safe_hybrid,3,"{""cross_repo"": false, ""repo"": ""local/gin-87ab3d33"", ""symbol"": ""context.go::PureJSON#method""}",1,1,1834,109,2580480,11.374,1.5343,13.489537541761912,1,670,202530816,202530816,0,7cf58576ecd3a5f92a20925030525e21ae86546912effa58a357a7893496f828,34dac209ffb6ef85cc78c5d217bbb7ad001d68fd,2026-07-29T20:20:45.784692,1.108.207,c2201a55b6e1b0ea38043c514ab7bc3a372bad13,f8fc323fc3addabb5fdb2cc89ad46a3576a724a9e4bbac1f1b2fc6fac00c503a,1,wt-generation-safe-hybrid,175f8765c4949317d4f48614b8cdacd8c537ab2755c49f13f78a0b2b855cab96,"M src/jcodemunch_mcp/server.py
 M src/jcodemunch_mcp/storage/index_store.py
 M src/jcodemunch_mcp/storage/sqlite_store.py
 M src/jcodemunch_mcp/tools/check_references.py
 M src/jcodemunch_mcp/tools/find_references.py
 M src/jcodemunch_mcp/tools/get_blast_radius.py
 M src/jcodemunch_mcp/tools/get_churn_rate.py
 M src/jcodemunch_mcp/tools/get_file_outline.py
 M src/jcodemunch_mcp/tools/get_file_risk.py
 M src/jcodemunch_mcp/tools/get_file_tree.py
 M src/jcodemunch_mcp/tools/get_symbol_complexity.py
 M src/jcodemunch_mcp/tools/get_symbol_provenance.py
?? tests/test_generation_safe_hybrid.py","{""process_cpu_ms"": 15.625, ""runtime_distribution_version"": ""1.108.199"", ""screening_target_policy"": ""middle stride target"", ""worker_pid"": 22800}"
gin-gonic/gin,gin-87ab3d33,blast_radius_default,cold_generation_safe_hybrid_screen,get_blast_radius,all_files_target_symbols,baseline_full,3,"{""cross_repo"": false, ""repo"": ""local/gin-87ab3d33"", ""symbol"": ""context.go::PureJSON#method""}",1,2,1834,109,2580480,22.4818,12.8366,57.09774128406089,1,671,233426944,233426944,0,7cf58576ecd3a5f92a20925030525e21ae86546912effa58a357a7893496f828,34dac209ffb6ef85cc78c5d217bbb7ad001d68fd,2026-07-29T20:20:45.784692,1.108.207,c2201a55b6e1b0ea38043c514ab7bc3a372bad13,f8fc323fc3addabb5fdb2cc89ad46a3576a724a9e4bbac1f1b2fc6fac00c503a,1,wt-1.108.207,e3b0c44298fc1c149afbf4c8996fb92427ae41e4649b934ca495991b7852b855,,"{""process_cpu_ms"": 15.625, ""runtime_distribution_version"": ""1.108.199"", ""screening_target_policy"": ""middle stride target"", ""worker_pid"": 42688}"
gin-gonic/gin,gin-87ab3d33,blast_radius_source,cold_generation_safe_hybrid_screen,get_blast_radius,blast_enrichment,baseline_full,3,"{""cross_repo"": false, ""include_source"": true, ""repo"": ""local/gin-87ab3d33"", ""source_budget"": 1000, ""symbol"": ""context.go::PureJSON#method""}",1,1,1834,109,2580480,24.4988,12.8305,52.37195291197937,1,645,233426944,233426944,0,b83931afaf6c4eef21373bdfb9f9cb33740d0287fa271e9046f5e389bae8062d,34dac209ffb6ef85cc78c5d217bbb7ad001d68fd,2026-07-29T20:20:45.784692,1.108.207,c2201a55b6e1b0ea38043c514ab7bc3a372bad13,f8fc323fc3addabb5fdb2cc89ad46a3576a724a9e4bbac1f1b2fc6fac00c503a,1,wt-1.108.207,e3b0c44298fc1c149afbf4c8996fb92427ae41e4649b934ca495991b7852b855,,"{""process_cpu_ms"": 15.625, ""runtime_distribution_version"": ""1.108.199"", ""screening_target_policy"": ""middle stride target"", ""worker_pid"": 42688}"
gin-gonic/gin,gin-87ab3d33,blast_radius_source,cold_generation_safe_hybrid_screen,get_blast_radius,blast_enrichment,generation_safe_hybrid,3,"{""cross_repo"": false, ""include_source"": true, ""repo"": ""local/gin-87ab3d33"", ""source_budget"": 1000, ""symbol"": ""context.go::PureJSON#method""}",1,2,1834,109,2580480,24.8838,1.2355,4.965077681061574,1,645,199155712,200544256,1388544,b83931afaf6c4eef21373bdfb9f9cb33740d0287fa271e9046f5e389bae8062d,34dac209ffb6ef85cc78c5d217bbb7ad001d68fd,2026-07-29T20:20:45.784692,1.108.207,c2201a55b6e1b0ea38043c514ab7bc3a372bad13,f8fc323fc3addabb5fdb2cc89ad46a3576a724a9e4bbac1f1b2fc6fac00c503a,1,wt-generation-safe-hybrid,175f8765c4949317d4f48614b8cdacd8c537ab2755c49f13f78a0b2b855cab96,"M src/jcodemunch_mcp/server.py
 M src/jcodemunch_mcp/storage/index_store.py
 M src/jcodemunch_mcp/storage/sqlite_store.py
 M src/jcodemunch_mcp/tools/check_references.py
 M src/jcodemunch_mcp/tools/find_references.py
 M src/jcodemunch_mcp/tools/get_blast_radius.py
 M src/jcodemunch_mcp/tools/get_churn_rate.py
 M src/jcodemunch_mcp/tools/get_file_outline.py
 M src/jcodemunch_mcp/tools/get_file_risk.py
 M src/jcodemunch_mcp/tools/get_file_tree.py
 M src/jcodemunch_mcp/tools/get_symbol_complexity.py
 M src/jcodemunch_mcp/tools/get_symbol_provenance.py
?? tests/test_generation_safe_hybrid.py","{""process_cpu_ms"": 31.25, ""runtime_distribution_version"": ""1.108.199"", ""screening_target_policy"": ""middle stride target"", ""worker_pid"": 22800}"
gin-gonic/gin,gin-87ab3d33,delivery_metrics,cold_generation_safe_hybrid_screen,get_delivery_metrics,metadata,generation_safe_hybrid,3,"{""repo"": ""local/gin-87ab3d33"", ""window_days"": 90}",1,1,1834,109,2580480,40.3761,1.5636,3.872587991410761,1,696,200552448,200552448,0,b98020dca8cbaaa7fe4cbb438ca89fed22ad4b8023eedba6c76c2bfd7be6fe6b,34dac209ffb6ef85cc78c5d217bbb7ad001d68fd,2026-07-29T20:20:45.784692,1.108.207,c2201a55b6e1b0ea38043c514ab7bc3a372bad13,f8fc323fc3addabb5fdb2cc89ad46a3576a724a9e4bbac1f1b2fc6fac00c503a,1,wt-generation-safe-hybrid,175f8765c4949317d4f48614b8cdacd8c537ab2755c49f13f78a0b2b855cab96,"M src/jcodemunch_mcp/server.py
 M src/jcodemunch_mcp/storage/index_store.py
 M src/jcodemunch_mcp/storage/sqlite_store.py
 M src/jcodemunch_mcp/tools/check_references.py
 M src/jcodemunch_mcp/tools/find_references.py
 M src/jcodemunch_mcp/tools/get_blast_radius.py
 M src/jcodemunch_mcp/tools/get_churn_rate.py
 M src/jcodemunch_mcp/tools/get_file_outline.py
 M src/jcodemunch_mcp/tools/get_file_risk.py
 M src/jcodemunch_mcp/tools/get_file_tree.py
 M src/jcodemunch_mcp/tools/get_symbol_complexity.py
 M src/jcodemunch_mcp/tools/get_symbol_provenance.py
?? tests/test_generation_safe_hybrid.py","{""process_cpu_ms"": 15.625, ""runtime_distribution_version"": ""1.108.199"", ""screening_target_policy"": ""middle stride target"", ""worker_pid"": 22800}"
gin-gonic/gin,gin-87ab3d33,delivery_metrics,cold_generation_safe_hybrid_screen,get_delivery_metrics,metadata,baseline_full,3,"{""repo"": ""local/gin-87ab3d33"", ""window_days"": 90}",1,2,1834,109,2580480,51.0862,13.0397,25.524897134646928,1,696,233426944,233426944,0,b98020dca8cbaaa7fe4cbb438ca89fed22ad4b8023eedba6c76c2bfd7be6fe6b,34dac209ffb6ef85cc78c5d217bbb7ad001d68fd,2026-07-29T20:20:45.784692,1.108.207,c2201a55b6e1b0ea38043c514ab7bc3a372bad13,f8fc323fc3addabb5fdb2cc89ad46a3576a724a9e4bbac1f1b2fc6fac00c503a,1,wt-1.108.207,e3b0c44298fc1c149afbf4c8996fb92427ae41e4649b934ca495991b7852b855,,"{""process_cpu_ms"": 15.625, ""runtime_distribution_version"": ""1.108.199"", ""screening_target_policy"": ""middle stride target"", ""worker_pid"": 42688}"
gin-gonic/gin,gin-87ab3d33,list_workspaces,cold_generation_safe_hybrid_screen,list_workspaces,metadata,baseline_full,3,"{""repo"": ""local/gin-87ab3d33""}",1,1,1834,109,2580480,15.0686,13.1472,87.24898132540515,1,293,233426944,233426944,0,46a3a92799a8b21c8b38ded2c7266a83d71aadbbbd9839ec68279f5f51fa8700,34dac209ffb6ef85cc78c5d217bbb7ad001d68fd,2026-07-29T20:20:45.784692,1.108.207,c2201a55b6e1b0ea38043c514ab7bc3a372bad13,f8fc323fc3addabb5fdb2cc89ad46a3576a724a9e4bbac1f1b2fc6fac00c503a,1,wt-1.108.207,e3b0c44298fc1c149afbf4c8996fb92427ae41e4649b934ca495991b7852b855,,"{""process_cpu_ms"": 15.625, ""runtime_distribution_version"": ""1.108.199"", ""screening_target_policy"": ""middle stride target"", ""worker_pid"": 42688}"
gin-gonic/gin,gin-87ab3d33,list_workspaces,cold_generation_safe_hybrid_screen,list_workspaces,metadata,generation_safe_hybrid,3,"{""repo"": ""local/gin-87ab3d33""}",1,2,1834,109,2580480,3.5545,1.4613,41.111267407511605,1,292,200556544,200556544,0,46a3a92799a8b21c8b38ded2c7266a83d71aadbbbd9839ec68279f5f51fa8700,34dac209ffb6ef85cc78c5d217bbb7ad001d68fd,2026-07-29T20:20:45.784692,1.108.207,c2201a55b6e1b0ea38043c514ab7bc3a372bad13,f8fc323fc3addabb5fdb2cc89ad46a3576a724a9e4bbac1f1b2fc6fac00c503a,1,wt-generation-safe-hybrid,175f8765c4949317d4f48614b8cdacd8c537ab2755c49f13f78a0b2b855cab96,"M src/jcodemunch_mcp/server.py
 M src/jcodemunch_mcp/storage/index_store.py
 M src/jcodemunch_mcp/storage/sqlite_store.py
 M src/jcodemunch_mcp/tools/check_references.py
 M src/jcodemunch_mcp/tools/find_references.py
 M src/jcodemunch_mcp/tools/get_blast_radius.py
 M src/jcodemunch_mcp/tools/get_churn_rate.py
 M src/jcodemunch_mcp/tools/get_file_outline.py
 M src/jcodemunch_mcp/tools/get_file_risk.py
 M src/jcodemunch_mcp/tools/get_file_tree.py
 M src/jcodemunch_mcp/tools/get_symbol_complexity.py
 M src/jcodemunch_mcp/tools/get_symbol_provenance.py
?? tests/test_generation_safe_hybrid.py","{""process_cpu_ms"": 0.0, ""runtime_distribution_version"": ""1.108.199"", ""screening_target_policy"": ""middle stride target"", ""worker_pid"": 22800}"
gin-gonic/gin,gin-87ab3d33,search_text,cold_generation_safe_hybrid_screen,search_text,all_files,generation_safe_hybrid,3,"{""max_results"": 20, ""query"": ""PureJSON"", ""repo"": ""local/gin-87ab3d33""}",1,1,1834,109,2580480,20.1809,1.2951,6.417454127417507,1,2426,200597504,200597504,0,717a3918fc55414ee9832e81f3a13061bee7bd2487503db19602140b1791bcb9,34dac209ffb6ef85cc78c5d217bbb7ad001d68fd,2026-07-29T20:20:45.784692,1.108.207,c2201a55b6e1b0ea38043c514ab7bc3a372bad13,f8fc323fc3addabb5fdb2cc89ad46a3576a724a9e4bbac1f1b2fc6fac00c503a,1,wt-generation-safe-hybrid,175f8765c4949317d4f48614b8cdacd8c537ab2755c49f13f78a0b2b855cab96,"M src/jcodemunch_mcp/server.py
 M src/jcodemunch_mcp/storage/index_store.py
 M src/jcodemunch_mcp/storage/sqlite_store.py
 M src/jcodemunch_mcp/tools/check_references.py
 M src/jcodemunch_mcp/tools/find_references.py
 M src/jcodemunch_mcp/tools/get_blast_radius.py
 M src/jcodemunch_mcp/tools/get_churn_rate.py
 M src/jcodemunch_mcp/tools/get_file_outline.py
 M src/jcodemunch_mcp/tools/get_file_risk.py
 M src/jcodemunch_mcp/tools/get_file_tree.py
 M src/jcodemunch_mcp/tools/get_symbol_complexity.py
 M src/jcodemunch_mcp/tools/get_symbol_provenance.py
?? tests/test_generation_safe_hybrid.py","{""process_cpu_ms"": 15.625, ""runtime_distribution_version"": ""1.108.199"", ""screening_target_policy"": ""middle stride target"", ""worker_pid"": 22800}"
gin-gonic/gin,gin-87ab3d33,search_text,cold_generation_safe_hybrid_screen,search_text,all_files,baseline_full,3,"{""max_results"": 20, ""query"": ""PureJSON"", ""repo"": ""local/gin-87ab3d33""}",1,2,1834,109,2580480,32.3875,13.1489,40.59868776534156,1,2426,233426944,233431040,4096,717a3918fc55414ee9832e81f3a13061bee7bd2487503db19602140b1791bcb9,34dac209ffb6ef85cc78c5d217bbb7ad001d68fd,2026-07-29T20:20:45.784692,1.108.207,c2201a55b6e1b0ea38043c514ab7bc3a372bad13,f8fc323fc3addabb5fdb2cc89ad46a3576a724a9e4bbac1f1b2fc6fac00c503a,1,wt-1.108.207,e3b0c44298fc1c149afbf4c8996fb92427ae41e4649b934ca495991b7852b855,,"{""process_cpu_ms"": 31.25, ""runtime_distribution_version"": ""1.108.199"", ""screening_target_policy"": ""middle stride target"", ""worker_pid"": 42688}"
gin-gonic/gin,gin-87ab3d33,coupling_metrics,cold_generation_safe_hybrid_screen,get_coupling_metrics,all_files,baseline_full,3,"{""module_path"": ""debug_test.go"", ""repo"": ""local/gin-87ab3d33""}",1,1,1834,109,2580480,17.4094,13.2501,76.10888370650338,1,259,233431040,233431040,0,703cbd842b32fe2748b78bb4274362343cc328966894946d0f8b462207609b8e,34dac209ffb6ef85cc78c5d217bbb7ad001d68fd,2026-07-29T20:20:45.784692,1.108.207,c2201a55b6e1b0ea38043c514ab7bc3a372bad13,f8fc323fc3addabb5fdb2cc89ad46a3576a724a9e4bbac1f1b2fc6fac00c503a,1,wt-1.108.207,e3b0c44298fc1c149afbf4c8996fb92427ae41e4649b934ca495991b7852b855,,"{""process_cpu_ms"": 15.625, ""runtime_distribution_version"": ""1.108.199"", ""screening_target_policy"": ""middle stride target"", ""worker_pid"": 42688}"
gin-gonic/gin,gin-87ab3d33,coupling_metrics,cold_generation_safe_hybrid_screen,get_coupling_metrics,all_files,generation_safe_hybrid,3,"{""module_path"": ""debug_test.go"", ""repo"": ""local/gin-87ab3d33""}",1,2,1834,109,2580480,5.9721,1.3971,23.393781082031445,1,258,200597504,200597504,0,703cbd842b32fe2748b78bb4274362343cc328966894946d0f8b462207609b8e,34dac209ffb6ef85cc78c5d217bbb7ad001d68fd,2026-07-29T20:20:45.784692,1.108.207,c2201a55b6e1b0ea38043c514ab7bc3a372bad13,f8fc323fc3addabb5fdb2cc89ad46a3576a724a9e4bbac1f1b2fc6fac00c503a,1,wt-generation-safe-hybrid,175f8765c4949317d4f48614b8cdacd8c537ab2755c49f13f78a0b2b855cab96,"M src/jcodemunch_mcp/server.py
 M src/jcodemunch_mcp/storage/index_store.py
 M src/jcodemunch_mcp/storage/sqlite_store.py
 M src/jcodemunch_mcp/tools/check_references.py
 M src/jcodemunch_mcp/tools/find_references.py
 M src/jcodemunch_mcp/tools/get_blast_radius.py
 M src/jcodemunch_mcp/tools/get_churn_rate.py
 M src/jcodemunch_mcp/tools/get_file_outline.py
 M src/jcodemunch_mcp/tools/get_file_risk.py
 M src/jcodemunch_mcp/tools/get_file_tree.py
 M src/jcodemunch_mcp/tools/get_symbol_complexity.py
 M src/jcodemunch_mcp/tools/get_symbol_provenance.py
?? tests/test_generation_safe_hybrid.py","{""process_cpu_ms"": 0.0, ""runtime_distribution_version"": ""1.108.199"", ""screening_target_policy"": ""middle stride target"", ""worker_pid"": 22800}"
gin-gonic/gin,gin-87ab3d33,dependency_cycles,cold_generation_safe_hybrid_screen,get_dependency_cycles,all_files,generation_safe_hybrid,3,"{""repo"": ""local/gin-87ab3d33""}",1,1,1834,109,2580480,5.7307,1.3195,23.02511037046085,1,145,200597504,200597504,0,ee7b243f04c63bb5370a89f96824da48c48b4555564a739762a4b26f0bcc54a6,34dac209ffb6ef85cc78c5d217bbb7ad001d68fd,2026-07-29T20:20:45.784692,1.108.207,c2201a55b6e1b0ea38043c514ab7bc3a372bad13,f8fc323fc3addabb5fdb2cc89ad46a3576a724a9e4bbac1f1b2fc6fac00c503a,1,wt-generation-safe-hybrid,175f8765c4949317d4f48614b8cdacd8c537ab2755c49f13f78a0b2b855cab96,"M src/jcodemunch_mcp/server.py
 M src/jcodemunch_mcp/storage/index_store.py
 M src/jcodemunch_mcp/storage/sqlite_store.py
 M src/jcodemunch_mcp/tools/check_references.py
 M src/jcodemunch_mcp/tools/find_references.py
 M src/jcodemunch_mcp/tools/get_blast_radius.py
 M src/jcodemunch_mcp/tools/get_churn_rate.py
 M src/jcodemunch_mcp/tools/get_file_outline.py
 M src/jcodemunch_mcp/tools/get_file_risk.py
 M src/jcodemunch_mcp/tools/get_file_tree.py
 M src/jcodemunch_mcp/tools/get_symbol_complexity.py
 M src/jcodemunch_mcp/tools/get_symbol_provenance.py
?? tests/test_generation_safe_hybrid.py","{""process_cpu_ms"": 0.0, ""runtime_distribution_version"": ""1.108.199"", ""screening_target_policy"": ""middle stride target"", ""worker_pid"": 22800}"
gin-gonic/gin,gin-87ab3d33,dependency_cycles,cold_generation_safe_hybrid_screen,get_dependency_cycles,all_files,baseline_full,3,"{""repo"": ""local/gin-87ab3d33""}",1,2,1834,109,2580480,16.6905,12.7036,76.11275875498038,1,146,233431040,233431040,0,ee7b243f04c63bb5370a89f96824da48c48b4555564a739762a4b26f0bcc54a6,34dac209ffb6ef85cc78c5d217bbb7ad001d68fd,2026-07-29T20:20:45.784692,1.108.207,c2201a55b6e1b0ea38043c514ab7bc3a372bad13,f8fc323fc3addabb5fdb2cc89ad46a3576a724a9e4bbac1f1b2fc6fac00c503a,1,wt-1.108.207,e3b0c44298fc1c149afbf4c8996fb92427ae41e4649b934ca495991b7852b855,,"{""process_cpu_ms"": 15.625, ""runtime_distribution_version"": ""1.108.199"", ""screening_target_policy"": ""middle stride target"", ""worker_pid"": 42688}"
gin-gonic/gin,gin-87ab3d33,dependency_graph,cold_generation_safe_hybrid_screen,get_dependency_graph,all_files,baseline_full,3,"{""cross_repo"": false, ""depth"": 3, ""direction"": ""both"", ""file"": ""debug_test.go"", ""repo"": ""local/gin-87ab3d33""}",1,1,1834,109,2580480,17.0374,12.5038,73.3903060326106,1,461,233431040,233431040,0,a48a1b942dba35896415060a47166bfe01c32912f72551b6f9652aef4b62ee8a,34dac209ffb6ef85cc78c5d217bbb7ad001d68fd,2026-07-29T20:20:45.784692,1.108.207,c2201a55b6e1b0ea38043c514ab7bc3a372bad13,f8fc323fc3addabb5fdb2cc89ad46a3576a724a9e4bbac1f1b2fc6fac00c503a,1,wt-1.108.207,e3b0c44298fc1c149afbf4c8996fb92427ae41e4649b934ca495991b7852b855,,"{""process_cpu_ms"": 31.25, ""runtime_distribution_version"": ""1.108.199"", ""screening_target_policy"": ""middle stride target"", ""worker_pid"": 42688}"
gin-gonic/gin,gin-87ab3d33,dependency_graph,cold_generation_safe_hybrid_screen,get_dependency_graph,all_files,generation_safe_hybrid,3,"{""cross_repo"": false, ""depth"": 3, ""direction"": ""both"", ""file"": ""debug_test.go"", ""repo"": ""local/gin-87ab3d33""}",1,2,1834,109,2580480,6.0855,1.3221,21.725412866650238,1,460,200597504,200597504,0,a48a1b942dba35896415060a47166bfe01c32912f72551b6f9652aef4b62ee8a,34dac209ffb6ef85cc78c5d217bbb7ad001d68fd,2026-07-29T20:20:45.784692,1.108.207,c2201a55b6e1b0ea38043c514ab7bc3a372bad13,f8fc323fc3addabb5fdb2cc89ad46a3576a724a9e4bbac1f1b2fc6fac00c503a,1,wt-generation-safe-hybrid,175f8765c4949317d4f48614b8cdacd8c537ab2755c49f13f78a0b2b855cab96,"M src/jcodemunch_mcp/server.py
 M src/jcodemunch_mcp/storage/index_store.py
 M src/jcodemunch_mcp/storage/sqlite_store.py
 M src/jcodemunch_mcp/tools/check_references.py
 M src/jcodemunch_mcp/tools/find_references.py
 M src/jcodemunch_mcp/tools/get_blast_radius.py
 M src/jcodemunch_mcp/tools/get_churn_rate.py
 M src/jcodemunch_mcp/tools/get_file_outline.py
 M src/jcodemunch_mcp/tools/get_file_risk.py
 M src/jcodemunch_mcp/tools/get_file_tree.py
 M src/jcodemunch_mcp/tools/get_symbol_complexity.py
 M src/jcodemunch_mcp/tools/get_symbol_provenance.py
?? tests/test_generation_safe_hybrid.py","{""process_cpu_ms"": 0.0, ""runtime_distribution_version"": ""1.108.199"", ""screening_target_policy"": ""middle stride target"", ""worker_pid"": 22800}"
gin-gonic/gin,gin-87ab3d33,cross_repo_map_filtered,cold_generation_safe_hybrid_screen,get_cross_repo_map,all_files,generation_safe_hybrid,3,"{""repo"": ""local/gin-87ab3d33""}",1,1,1834,109,2580480,152.5745,1.3932,0.9131276851636413,1,269,201388032,201187328,-200704,26c53db95602b06fead4edbd4d64f97e453c730aadef03266efefc716de9a142,34dac209ffb6ef85cc78c5d217bbb7ad001d68fd,2026-07-29T20:20:45.784692,1.108.207,c2201a55b6e1b0ea38043c514ab7bc3a372bad13,f8fc323fc3addabb5fdb2cc89ad46a3576a724a9e4bbac1f1b2fc6fac00c503a,1,wt-generation-safe-hybrid,175f8765c4949317d4f48614b8cdacd8c537ab2755c49f13f78a0b2b855cab96,"M src/jcodemunch_mcp/server.py
 M src/jcodemunch_mcp/storage/index_store.py
 M src/jcodemunch_mcp/storage/sqlite_store.py
 M src/jcodemunch_mcp/tools/check_references.py
 M src/jcodemunch_mcp/tools/find_references.py
 M src/jcodemunch_mcp/tools/get_blast_radius.py
 M src/jcodemunch_mcp/tools/get_churn_rate.py
 M src/jcodemunch_mcp/tools/get_file_outline.py
 M src/jcodemunch_mcp/tools/get_file_risk.py
 M src/jcodemunch_mcp/tools/get_file_tree.py
 M src/jcodemunch_mcp/tools/get_symbol_complexity.py
 M src/jcodemunch_mcp/tools/get_symbol_provenance.py
?? tests/test_generation_safe_hybrid.py","{""process_cpu_ms"": 156.25, ""runtime_distribution_version"": ""1.108.199"", ""screening_target_policy"": ""middle stride target"", ""worker_pid"": 22800}"
gin-gonic/gin,gin-87ab3d33,cross_repo_map_filtered,cold_generation_safe_hybrid_screen,get_cross_repo_map,all_files,baseline_full,3,"{""repo"": ""local/gin-87ab3d33""}",1,2,1834,109,2580480,163.554,18.6789,11.420631717964708,1,269,233820160,233828352,8192,26c53db95602b06fead4edbd4d64f97e453c730aadef03266efefc716de9a142,34dac209ffb6ef85cc78c5d217bbb7ad001d68fd,2026-07-29T20:20:45.784692,1.108.207,c2201a55b6e1b0ea38043c514ab7bc3a372bad13,f8fc323fc3addabb5fdb2cc89ad46a3576a724a9e4bbac1f1b2fc6fac00c503a,1,wt-1.108.207,e3b0c44298fc1c149afbf4c8996fb92427ae41e4649b934ca495991b7852b855,,"{""process_cpu_ms"": 156.25, ""runtime_distribution_version"": ""1.108.199"", ""screening_target_policy"": ""middle stride target"", ""worker_pid"": 42688}"
gin-gonic/gin,gin-87ab3d33,layer_violations,cold_generation_safe_hybrid_screen,get_layer_violations,all_files,baseline_full,3,"{""repo"": ""local/gin-87ab3d33"", ""rules"": [{""may_not_import"": [], ""name"": ""all"", ""paths"": [""**/*""]}]}",1,1,1834,109,2580480,17.5227,13.2097,75.38621331187545,1,172,233828352,233828352,0,1d768c39c363fbaafebc1c1ab8ae9fcf76217994cfc102f557ccd10d84522720,34dac209ffb6ef85cc78c5d217bbb7ad001d68fd,2026-07-29T20:20:45.784692,1.108.207,c2201a55b6e1b0ea38043c514ab7bc3a372bad13,f8fc323fc3addabb5fdb2cc89ad46a3576a724a9e4bbac1f1b2fc6fac00c503a,1,wt-1.108.207,e3b0c44298fc1c149afbf4c8996fb92427ae41e4649b934ca495991b7852b855,,"{""process_cpu_ms"": 31.25, ""runtime_distribution_version"": ""1.108.199"", ""screening_target_policy"": ""middle stride target"", ""worker_pid"": 42688}"
gin-gonic/gin,gin-87ab3d33,layer_violations,cold_generation_safe_hybrid_screen,get_layer_violations,all_files,generation_safe_hybrid,3,"{""repo"": ""local/gin-87ab3d33"", ""rules"": [{""may_not_import"": [], ""name"": ""all"", ""paths"": [""**/*""]}]}",1,2,1834,109,2580480,6.0757,1.4107,23.218723768454662,1,171,201187328,201187328,0,1d768c39c363fbaafebc1c1ab8ae9fcf76217994cfc102f557ccd10d84522720,34dac209ffb6ef85cc78c5d217bbb7ad001d68fd,2026-07-29T20:20:45.784692,1.108.207,c2201a55b6e1b0ea38043c514ab7bc3a372bad13,f8fc323fc3addabb5fdb2cc89ad46a3576a724a9e4bbac1f1b2fc6fac00c503a,1,wt-generation-safe-hybrid,175f8765c4949317d4f48614b8cdacd8c537ab2755c49f13f78a0b2b855cab96,"M src/jcodemunch_mcp/server.py
 M src/jcodemunch_mcp/storage/index_store.py
 M src/jcodemunch_mcp/storage/sqlite_store.py
 M src/jcodemunch_mcp/tools/check_references.py
 M src/jcodemunch_mcp/tools/find_references.py
 M src/jcodemunch_mcp/tools/get_blast_radius.py
 M src/jcodemunch_mcp/tools/get_churn_rate.py
 M src/jcodemunch_mcp/tools/get_file_outline.py
 M src/jcodemunch_mcp/tools/get_file_risk.py
 M src/jcodemunch_mcp/tools/get_file_tree.py
 M src/jcodemunch_mcp/tools/get_symbol_complexity.py
 M src/jcodemunch_mcp/tools/get_symbol_provenance.py
?? tests/test_generation_safe_hybrid.py","{""process_cpu_ms"": 0.0, ""runtime_distribution_version"": ""1.108.199"", ""screening_target_policy"": ""middle stride target"", ""worker_pid"": 22800}"
gin-gonic/gin,gin-87ab3d33,file_tree_prefix,cold_generation_safe_hybrid_screen,get_file_tree,prefix_files,generation_safe_hybrid,3,"{""include_summaries"": true, ""path_prefix"": """", ""repo"": ""local/gin-87ab3d33""}",1,1,1834,109,2580480,18.4845,1.1836,6.403202683329276,1,23329,201748480,201965568,217088,73779043637bd97c198ef9ae19e8f495275c3bdce3a5559c4a0d3b2c937b0ae7,34dac209ffb6ef85cc78c5d217bbb7ad001d68fd,2026-07-29T20:20:45.784692,1.108.207,c2201a55b6e1b0ea38043c514ab7bc3a372bad13,f8fc323fc3addabb5fdb2cc89ad46a3576a724a9e4bbac1f1b2fc6fac00c503a,1,wt-generation-safe-hybrid,175f8765c4949317d4f48614b8cdacd8c537ab2755c49f13f78a0b2b855cab96,"M src/jcodemunch_mcp/server.py
 M src/jcodemunch_mcp/storage/index_store.py
 M src/jcodemunch_mcp/storage/sqlite_store.py
 M src/jcodemunch_mcp/tools/check_references.py
 M src/jcodemunch_mcp/tools/find_references.py
 M src/jcodemunch_mcp/tools/get_blast_radius.py
 M src/jcodemunch_mcp/tools/get_churn_rate.py
 M src/jcodemunch_mcp/tools/get_file_outline.py
 M src/jcodemunch_mcp/tools/get_file_risk.py
 M src/jcodemunch_mcp/tools/get_file_tree.py
 M src/jcodemunch_mcp/tools/get_symbol_complexity.py
 M src/jcodemunch_mcp/tools/get_symbol_provenance.py
?? tests/test_generation_safe_hybrid.py","{""process_cpu_ms"": 15.625, ""runtime_distribution_version"": ""1.108.199"", ""screening_target_policy"": ""middle stride target"", ""worker_pid"": 22800}"
gin-gonic/gin,gin-87ab3d33,file_tree_prefix,cold_generation_safe_hybrid_screen,get_file_tree,prefix_files,baseline_full,3,"{""include_summaries"": true, ""path_prefix"": """", ""repo"": ""local/gin-87ab3d33""}",1,2,1834,109,2580480,18.0454,12.881,71.38107218460105,1,23329,233836544,233836544,0,73779043637bd97c198ef9ae19e8f495275c3bdce3a5559c4a0d3b2c937b0ae7,34dac209ffb6ef85cc78c5d217bbb7ad001d68fd,2026-07-29T20:20:45.784692,1.108.207,c2201a55b6e1b0ea38043c514ab7bc3a372bad13,f8fc323fc3addabb5fdb2cc89ad46a3576a724a9e4bbac1f1b2fc6fac00c503a,1,wt-1.108.207,e3b0c44298fc1c149afbf4c8996fb92427ae41e4649b934ca495991b7852b855,,"{""process_cpu_ms"": 15.625, ""runtime_distribution_version"": ""1.108.199"", ""screening_target_policy"": ""middle stride target"", ""worker_pid"": 42688}"
