repo,repo_name,case,scope,tool,profile,mode,target_index,target_value,repetition,order_position,symbol_count,file_count,database_size_bytes,wall_ms,load_phase_ms,load_phase_pct,load_calls,response_bytes,rss_before_bytes,rss_after_bytes,rss_delta_bytes,canonical_response_hash,repo_git_head,repo_indexed_at,jcodemunch_version,jcodemunch_source_sha,benchmark_sha256,staged_harness_sha256,python_utf8_mode,source_root_basename,source_diff_sha256,source_dirty_paths,parity_debug_json
django/django,django-3eb2e228,symbol_source_single,cold_generation_safe_hybrid_deep_order_balanced,get_symbol_source,target_symbols,baseline_full,3,"{""repo"": ""local/django-3eb2e228"", ""symbol_id"": ""tests/db_functions/comparison/test_nullif.py::NullIfTests.test_basic#method""}",1,1,45561,2730,39505920,364.9763,359.2354,98.42704855082373,1,1655,139808768,247259136,107450368,4bd281e69164260c096b148861e75cc4a2447ef9874c60f022dd76dc106cb524,274a1d494d11d87a1b767340d1f398f197810f93,2026-07-29T20:21:07.572944,1.108.207,c2201a55b6e1b0ea38043c514ab7bc3a372bad13,491d48d7d479279b6b5a67d51aa9d6ceb8a5c446abb992140c52e9c1b6662584,63a81eaf47ab83ae45c2e53b33f33c88998d26901e3a5bd37ababcaf86419595,1,wt-1.108.207,e3b0c44298fc1c149afbf4c8996fb92427ae41e4649b934ca495991b7852b855,,"{""process_cpu_ms"": 359.375, ""runtime_distribution_version"": ""1.108.199"", ""target_policy"": ""middle stride target; repeated representative wins, outliers, and edge cases"", ""worker_pid"": 38724}"
django/django,django-3eb2e228,symbol_source_single,cold_generation_safe_hybrid_deep_order_balanced,get_symbol_source,target_symbols,generation_safe_hybrid,3,"{""repo"": ""local/django-3eb2e228"", ""symbol_id"": ""tests/db_functions/comparison/test_nullif.py::NullIfTests.test_basic#method""}",1,2,45561,2730,39505920,20.5628,14.9897,72.89717353667788,1,1654,111616000,120496128,8880128,4bd281e69164260c096b148861e75cc4a2447ef9874c60f022dd76dc106cb524,274a1d494d11d87a1b767340d1f398f197810f93,2026-07-29T20:21:07.572944,1.108.207,c2201a55b6e1b0ea38043c514ab7bc3a372bad13,491d48d7d479279b6b5a67d51aa9d6ceb8a5c446abb992140c52e9c1b6662584,63a81eaf47ab83ae45c2e53b33f33c88998d26901e3a5bd37ababcaf86419595,1,wt-generation-safe-hybrid,175f8765c4949317d4f48614b8cdacd8c537ab2755c49f13f78a0b2b855cab96,"M src/jcodemunch_mcp/server.py
 M src/jcodemunch_mcp/storage/index_store.py
 M src/jcodemunch_mcp/storage/sqlite_store.py
 M src/jcodemunch_mcp/tools/check_references.py
 M src/jcodemunch_mcp/tools/find_references.py
 M src/jcodemunch_mcp/tools/get_blast_radius.py
 M src/jcodemunch_mcp/tools/get_churn_rate.py
 M src/jcodemunch_mcp/tools/get_file_outline.py
 M src/jcodemunch_mcp/tools/get_file_risk.py
 M src/jcodemunch_mcp/tools/get_file_tree.py
 M src/jcodemunch_mcp/tools/get_symbol_complexity.py
 M src/jcodemunch_mcp/tools/get_symbol_provenance.py
?? tests/test_generation_safe_hybrid.py","{""process_cpu_ms"": 15.625, ""runtime_distribution_version"": ""1.108.199"", ""target_policy"": ""middle stride target; repeated representative wins, outliers, and edge cases"", ""worker_pid"": 27172}"
django/django,django-3eb2e228,file_content,cold_generation_safe_hybrid_deep_order_balanced,get_file_content,target_files,baseline_full,3,"{""file_path"": ""tests/custom_pk/fields.py"", ""max_content_results"": 20, ""repo"": ""local/django-3eb2e228"", ""search_content"": true}",1,1,45561,2730,39505920,376.0777,372.2124,98.97220707316599,1,3199,151576576,251924480,100347904,7916f0400c87e7e42e6f81f2885b1ef39cbdfd6876f3eb6e24308160f936297e,274a1d494d11d87a1b767340d1f398f197810f93,2026-07-29T20:21:07.572944,1.108.207,c2201a55b6e1b0ea38043c514ab7bc3a372bad13,491d48d7d479279b6b5a67d51aa9d6ceb8a5c446abb992140c52e9c1b6662584,63a81eaf47ab83ae45c2e53b33f33c88998d26901e3a5bd37ababcaf86419595,1,wt-1.108.207,e3b0c44298fc1c149afbf4c8996fb92427ae41e4649b934ca495991b7852b855,,"{""process_cpu_ms"": 531.25, ""runtime_distribution_version"": ""1.108.199"", ""target_policy"": ""middle stride target; repeated representative wins, outliers, and edge cases"", ""worker_pid"": 38724}"
django/django,django-3eb2e228,file_content,cold_generation_safe_hybrid_deep_order_balanced,get_file_content,target_files,generation_safe_hybrid,3,"{""file_path"": ""tests/custom_pk/fields.py"", ""max_content_results"": 20, ""repo"": ""local/django-3eb2e228"", ""search_content"": true}",1,2,45561,2730,39505920,27.278,23.7234,86.96898599604077,1,3198,113369088,122548224,9179136,7916f0400c87e7e42e6f81f2885b1ef39cbdfd6876f3eb6e24308160f936297e,274a1d494d11d87a1b767340d1f398f197810f93,2026-07-29T20:21:07.572944,1.108.207,c2201a55b6e1b0ea38043c514ab7bc3a372bad13,491d48d7d479279b6b5a67d51aa9d6ceb8a5c446abb992140c52e9c1b6662584,63a81eaf47ab83ae45c2e53b33f33c88998d26901e3a5bd37ababcaf86419595,1,wt-generation-safe-hybrid,175f8765c4949317d4f48614b8cdacd8c537ab2755c49f13f78a0b2b855cab96,"M src/jcodemunch_mcp/server.py
 M src/jcodemunch_mcp/storage/index_store.py
 M src/jcodemunch_mcp/storage/sqlite_store.py
 M src/jcodemunch_mcp/tools/check_references.py
 M src/jcodemunch_mcp/tools/find_references.py
 M src/jcodemunch_mcp/tools/get_blast_radius.py
 M src/jcodemunch_mcp/tools/get_churn_rate.py
 M src/jcodemunch_mcp/tools/get_file_outline.py
 M src/jcodemunch_mcp/tools/get_file_risk.py
 M src/jcodemunch_mcp/tools/get_file_tree.py
 M src/jcodemunch_mcp/tools/get_symbol_complexity.py
 M src/jcodemunch_mcp/tools/get_symbol_provenance.py
?? tests/test_generation_safe_hybrid.py","{""process_cpu_ms"": 31.25, ""runtime_distribution_version"": ""1.108.199"", ""target_policy"": ""middle stride target; repeated representative wins, outliers, and edge cases"", ""worker_pid"": 27172}"
django/django,django-3eb2e228,dependency_cycles,cold_generation_safe_hybrid_deep_order_balanced,get_dependency_cycles,all_files,baseline_full,3,"{""repo"": ""local/django-3eb2e228""}",1,1,45561,2730,39505920,623.0369,357.902,57.444751667196606,1,3549,183705600,252387328,68681728,59de29f5ff121883f746daee41dd101f5943660e6830d90323ab3f4a0ca42215,274a1d494d11d87a1b767340d1f398f197810f93,2026-07-29T20:21:07.572944,1.108.207,c2201a55b6e1b0ea38043c514ab7bc3a372bad13,491d48d7d479279b6b5a67d51aa9d6ceb8a5c446abb992140c52e9c1b6662584,63a81eaf47ab83ae45c2e53b33f33c88998d26901e3a5bd37ababcaf86419595,1,wt-1.108.207,e3b0c44298fc1c149afbf4c8996fb92427ae41e4649b934ca495991b7852b855,,"{""process_cpu_ms"": 625.0, ""runtime_distribution_version"": ""1.108.199"", ""target_policy"": ""middle stride target; repeated representative wins, outliers, and edge cases"", ""worker_pid"": 38724}"
django/django,django-3eb2e228,dependency_cycles,cold_generation_safe_hybrid_deep_order_balanced,get_dependency_cycles,all_files,generation_safe_hybrid,3,"{""repo"": ""local/django-3eb2e228""}",1,2,45561,2730,39505920,288.2607,16.7099,5.796801298269242,1,3549,119504896,125861888,6356992,59de29f5ff121883f746daee41dd101f5943660e6830d90323ab3f4a0ca42215,274a1d494d11d87a1b767340d1f398f197810f93,2026-07-29T20:21:07.572944,1.108.207,c2201a55b6e1b0ea38043c514ab7bc3a372bad13,491d48d7d479279b6b5a67d51aa9d6ceb8a5c446abb992140c52e9c1b6662584,63a81eaf47ab83ae45c2e53b33f33c88998d26901e3a5bd37ababcaf86419595,1,wt-generation-safe-hybrid,175f8765c4949317d4f48614b8cdacd8c537ab2755c49f13f78a0b2b855cab96,"M src/jcodemunch_mcp/server.py
 M src/jcodemunch_mcp/storage/index_store.py
 M src/jcodemunch_mcp/storage/sqlite_store.py
 M src/jcodemunch_mcp/tools/check_references.py
 M src/jcodemunch_mcp/tools/find_references.py
 M src/jcodemunch_mcp/tools/get_blast_radius.py
 M src/jcodemunch_mcp/tools/get_churn_rate.py
 M src/jcodemunch_mcp/tools/get_file_outline.py
 M src/jcodemunch_mcp/tools/get_file_risk.py
 M src/jcodemunch_mcp/tools/get_file_tree.py
 M src/jcodemunch_mcp/tools/get_symbol_complexity.py
 M src/jcodemunch_mcp/tools/get_symbol_provenance.py
?? tests/test_generation_safe_hybrid.py","{""process_cpu_ms"": 281.25, ""runtime_distribution_version"": ""1.108.199"", ""target_policy"": ""middle stride target; repeated representative wins, outliers, and edge cases"", ""worker_pid"": 27172}"
django/django,django-3eb2e228,changed_symbols,cold_generation_safe_hybrid_deep_order_balanced,get_changed_symbols,metadata,baseline_full,3,"{""include_blast_radius"": false, ""repo"": ""local/django-3eb2e228"", ""since_sha"": ""274a1d494d11d87a1b767340d1f398f197810f93"", ""until_sha"": ""274a1d494d11d87a1b767340d1f398f197810f93""}",1,1,45561,2730,39505920,524.3878,383.9098,73.21104724404344,1,539,186068992,252030976,65961984,7890ec2ac238cb084bbae498de22a373a175966b52963bc28f68d66e09b6c110,274a1d494d11d87a1b767340d1f398f197810f93,2026-07-29T20:21:07.572944,1.108.207,c2201a55b6e1b0ea38043c514ab7bc3a372bad13,491d48d7d479279b6b5a67d51aa9d6ceb8a5c446abb992140c52e9c1b6662584,63a81eaf47ab83ae45c2e53b33f33c88998d26901e3a5bd37ababcaf86419595,1,wt-1.108.207,e3b0c44298fc1c149afbf4c8996fb92427ae41e4649b934ca495991b7852b855,,"{""process_cpu_ms"": 437.5, ""runtime_distribution_version"": ""1.108.199"", ""target_policy"": ""middle stride target; repeated representative wins, outliers, and edge cases"", ""worker_pid"": 38724}"
django/django,django-3eb2e228,changed_symbols,cold_generation_safe_hybrid_deep_order_balanced,get_changed_symbols,metadata,generation_safe_hybrid,3,"{""include_blast_radius"": false, ""repo"": ""local/django-3eb2e228"", ""since_sha"": ""274a1d494d11d87a1b767340d1f398f197810f93"", ""until_sha"": ""274a1d494d11d87a1b767340d1f398f197810f93""}",1,2,45561,2730,39505920,104.1669,15.7885,15.156926048485653,1,539,121778176,125652992,3874816,7890ec2ac238cb084bbae498de22a373a175966b52963bc28f68d66e09b6c110,274a1d494d11d87a1b767340d1f398f197810f93,2026-07-29T20:21:07.572944,1.108.207,c2201a55b6e1b0ea38043c514ab7bc3a372bad13,491d48d7d479279b6b5a67d51aa9d6ceb8a5c446abb992140c52e9c1b6662584,63a81eaf47ab83ae45c2e53b33f33c88998d26901e3a5bd37ababcaf86419595,1,wt-generation-safe-hybrid,175f8765c4949317d4f48614b8cdacd8c537ab2755c49f13f78a0b2b855cab96,"M src/jcodemunch_mcp/server.py
 M src/jcodemunch_mcp/storage/index_store.py
 M src/jcodemunch_mcp/storage/sqlite_store.py
 M src/jcodemunch_mcp/tools/check_references.py
 M src/jcodemunch_mcp/tools/find_references.py
 M src/jcodemunch_mcp/tools/get_blast_radius.py
 M src/jcodemunch_mcp/tools/get_churn_rate.py
 M src/jcodemunch_mcp/tools/get_file_outline.py
 M src/jcodemunch_mcp/tools/get_file_risk.py
 M src/jcodemunch_mcp/tools/get_file_tree.py
 M src/jcodemunch_mcp/tools/get_symbol_complexity.py
 M src/jcodemunch_mcp/tools/get_symbol_provenance.py
?? tests/test_generation_safe_hybrid.py","{""process_cpu_ms"": 15.625, ""runtime_distribution_version"": ""1.108.199"", ""target_policy"": ""middle stride target; repeated representative wins, outliers, and edge cases"", ""worker_pid"": 27172}"
django/django,django-3eb2e228,references_call_chain,cold_generation_safe_hybrid_deep_order_balanced,find_references,reference_call_chain,baseline_full,3,"{""identifier"": ""test_basic"", ""include_call_chain"": true, ""repo"": ""local/django-3eb2e228""}",1,1,45561,2730,39505920,373.7622,360.5299,96.45970084722317,1,372,187998208,252379136,64380928,d2e21df97856d9f2bdf993813cb54ef3d6f1d7c7b0fd1fca3f0dff2557dbd764,274a1d494d11d87a1b767340d1f398f197810f93,2026-07-29T20:21:07.572944,1.108.207,c2201a55b6e1b0ea38043c514ab7bc3a372bad13,491d48d7d479279b6b5a67d51aa9d6ceb8a5c446abb992140c52e9c1b6662584,63a81eaf47ab83ae45c2e53b33f33c88998d26901e3a5bd37ababcaf86419595,1,wt-1.108.207,e3b0c44298fc1c149afbf4c8996fb92427ae41e4649b934ca495991b7852b855,,"{""process_cpu_ms"": 375.0, ""runtime_distribution_version"": ""1.108.199"", ""target_policy"": ""middle stride target; repeated representative wins, outliers, and edge cases"", ""worker_pid"": 38724}"
django/django,django-3eb2e228,references_call_chain,cold_generation_safe_hybrid_deep_order_balanced,find_references,reference_call_chain,generation_safe_hybrid,3,"{""identifier"": ""test_basic"", ""include_call_chain"": true, ""repo"": ""local/django-3eb2e228""}",1,2,45561,2730,39505920,25.5525,14.0286,54.90108599941298,1,371,122400768,128786432,6385664,d2e21df97856d9f2bdf993813cb54ef3d6f1d7c7b0fd1fca3f0dff2557dbd764,274a1d494d11d87a1b767340d1f398f197810f93,2026-07-29T20:21:07.572944,1.108.207,c2201a55b6e1b0ea38043c514ab7bc3a372bad13,491d48d7d479279b6b5a67d51aa9d6ceb8a5c446abb992140c52e9c1b6662584,63a81eaf47ab83ae45c2e53b33f33c88998d26901e3a5bd37ababcaf86419595,1,wt-generation-safe-hybrid,175f8765c4949317d4f48614b8cdacd8c537ab2755c49f13f78a0b2b855cab96,"M src/jcodemunch_mcp/server.py
 M src/jcodemunch_mcp/storage/index_store.py
 M src/jcodemunch_mcp/storage/sqlite_store.py
 M src/jcodemunch_mcp/tools/check_references.py
 M src/jcodemunch_mcp/tools/find_references.py
 M src/jcodemunch_mcp/tools/get_blast_radius.py
 M src/jcodemunch_mcp/tools/get_churn_rate.py
 M src/jcodemunch_mcp/tools/get_file_outline.py
 M src/jcodemunch_mcp/tools/get_file_risk.py
 M src/jcodemunch_mcp/tools/get_file_tree.py
 M src/jcodemunch_mcp/tools/get_symbol_complexity.py
 M src/jcodemunch_mcp/tools/get_symbol_provenance.py
?? tests/test_generation_safe_hybrid.py","{""process_cpu_ms"": 15.625, ""runtime_distribution_version"": ""1.108.199"", ""target_policy"": ""middle stride target; repeated representative wins, outliers, and edge cases"", ""worker_pid"": 27172}"
django/django,django-3eb2e228,cross_repo_map_filtered,cold_generation_safe_hybrid_deep_order_balanced,get_cross_repo_map,all_files,baseline_full,3,"{""repo"": ""local/django-3eb2e228""}",1,1,45561,2730,39505920,545.7269,386.7707,70.8725738093541,1,265,190062592,251904000,61841408,0ec037b4d1d0761d12ee860dab7d0b88749cf86caa2a3376080c7c040a47e7ac,274a1d494d11d87a1b767340d1f398f197810f93,2026-07-29T20:21:07.572944,1.108.207,c2201a55b6e1b0ea38043c514ab7bc3a372bad13,491d48d7d479279b6b5a67d51aa9d6ceb8a5c446abb992140c52e9c1b6662584,63a81eaf47ab83ae45c2e53b33f33c88998d26901e3a5bd37ababcaf86419595,1,wt-1.108.207,e3b0c44298fc1c149afbf4c8996fb92427ae41e4649b934ca495991b7852b855,,"{""process_cpu_ms"": 546.875, ""runtime_distribution_version"": ""1.108.199"", ""target_policy"": ""middle stride target; repeated representative wins, outliers, and edge cases"", ""worker_pid"": 38724}"
django/django,django-3eb2e228,cross_repo_map_filtered,cold_generation_safe_hybrid_deep_order_balanced,get_cross_repo_map,all_files,generation_safe_hybrid,3,"{""repo"": ""local/django-3eb2e228""}",1,2,45561,2730,39505920,175.6112,15.8598,9.031200743460555,1,265,125747200,127307776,1560576,0ec037b4d1d0761d12ee860dab7d0b88749cf86caa2a3376080c7c040a47e7ac,274a1d494d11d87a1b767340d1f398f197810f93,2026-07-29T20:21:07.572944,1.108.207,c2201a55b6e1b0ea38043c514ab7bc3a372bad13,491d48d7d479279b6b5a67d51aa9d6ceb8a5c446abb992140c52e9c1b6662584,63a81eaf47ab83ae45c2e53b33f33c88998d26901e3a5bd37ababcaf86419595,1,wt-generation-safe-hybrid,175f8765c4949317d4f48614b8cdacd8c537ab2755c49f13f78a0b2b855cab96,"M src/jcodemunch_mcp/server.py
 M src/jcodemunch_mcp/storage/index_store.py
 M src/jcodemunch_mcp/storage/sqlite_store.py
 M src/jcodemunch_mcp/tools/check_references.py
 M src/jcodemunch_mcp/tools/find_references.py
 M src/jcodemunch_mcp/tools/get_blast_radius.py
 M src/jcodemunch_mcp/tools/get_churn_rate.py
 M src/jcodemunch_mcp/tools/get_file_outline.py
 M src/jcodemunch_mcp/tools/get_file_risk.py
 M src/jcodemunch_mcp/tools/get_file_tree.py
 M src/jcodemunch_mcp/tools/get_symbol_complexity.py
 M src/jcodemunch_mcp/tools/get_symbol_provenance.py
?? tests/test_generation_safe_hybrid.py","{""process_cpu_ms"": 171.875, ""runtime_distribution_version"": ""1.108.199"", ""target_policy"": ""middle stride target; repeated representative wins, outliers, and edge cases"", ""worker_pid"": 27172}"
fastapi/fastapi,fastapi-c1d6b9c4,symbol_source_single,cold_generation_safe_hybrid_deep_order_balanced,get_symbol_source,target_symbols,baseline_full,3,"{""repo"": ""local/fastapi-c1d6b9c4"", ""symbol_id"": ""docs_src/body_multiple_params/tutorial002_py310.py::User.username#field""}",1,1,13405,1191,14544896,99.3679,94.1483,94.74719703244206,1,978,193134592,205893632,12759040,1ab8ff051ea316b69169e5e1747d2f5232e2ece543707c9a147d490870a48f1c,95f8322ee1dcda7ceace7b1c4f6c9915b36d748f,2026-07-29T20:20:52.765681,1.108.207,c2201a55b6e1b0ea38043c514ab7bc3a372bad13,491d48d7d479279b6b5a67d51aa9d6ceb8a5c446abb992140c52e9c1b6662584,63a81eaf47ab83ae45c2e53b33f33c88998d26901e3a5bd37ababcaf86419595,1,wt-1.108.207,e3b0c44298fc1c149afbf4c8996fb92427ae41e4649b934ca495991b7852b855,,"{""process_cpu_ms"": 93.75, ""runtime_distribution_version"": ""1.108.199"", ""target_policy"": ""middle stride target; repeated representative wins, outliers, and edge cases"", ""worker_pid"": 38724}"
fastapi/fastapi,fastapi-c1d6b9c4,symbol_source_single,cold_generation_safe_hybrid_deep_order_balanced,get_symbol_source,target_symbols,generation_safe_hybrid,3,"{""repo"": ""local/fastapi-c1d6b9c4"", ""symbol_id"": ""docs_src/body_multiple_params/tutorial002_py310.py::User.username#field""}",1,2,13405,1191,14544896,11.8188,6.4933,54.940433884996786,1,977,131698688,132030464,331776,1ab8ff051ea316b69169e5e1747d2f5232e2ece543707c9a147d490870a48f1c,95f8322ee1dcda7ceace7b1c4f6c9915b36d748f,2026-07-29T20:20:52.765681,1.108.207,c2201a55b6e1b0ea38043c514ab7bc3a372bad13,491d48d7d479279b6b5a67d51aa9d6ceb8a5c446abb992140c52e9c1b6662584,63a81eaf47ab83ae45c2e53b33f33c88998d26901e3a5bd37ababcaf86419595,1,wt-generation-safe-hybrid,175f8765c4949317d4f48614b8cdacd8c537ab2755c49f13f78a0b2b855cab96,"M src/jcodemunch_mcp/server.py
 M src/jcodemunch_mcp/storage/index_store.py
 M src/jcodemunch_mcp/storage/sqlite_store.py
 M src/jcodemunch_mcp/tools/check_references.py
 M src/jcodemunch_mcp/tools/find_references.py
 M src/jcodemunch_mcp/tools/get_blast_radius.py
 M src/jcodemunch_mcp/tools/get_churn_rate.py
 M src/jcodemunch_mcp/tools/get_file_outline.py
 M src/jcodemunch_mcp/tools/get_file_risk.py
 M src/jcodemunch_mcp/tools/get_file_tree.py
 M src/jcodemunch_mcp/tools/get_symbol_complexity.py
 M src/jcodemunch_mcp/tools/get_symbol_provenance.py
?? tests/test_generation_safe_hybrid.py","{""process_cpu_ms"": 0.0, ""runtime_distribution_version"": ""1.108.199"", ""target_policy"": ""middle stride target; repeated representative wins, outliers, and edge cases"", ""worker_pid"": 27172}"
fastapi/fastapi,fastapi-c1d6b9c4,file_content,cold_generation_safe_hybrid_deep_order_balanced,get_file_content,target_files,baseline_full,3,"{""file_path"": ""scripts/topic_repos.py"", ""max_content_results"": 20, ""repo"": ""local/fastapi-c1d6b9c4"", ""search_content"": true}",1,1,13405,1191,14544896,93.9208,90.7243,96.59660054002947,1,4604,195657728,206544896,10887168,e6b150aaacc47f2339b7af496b0dd762b590901d8ab42c3c364b15c4758eafdb,95f8322ee1dcda7ceace7b1c4f6c9915b36d748f,2026-07-29T20:20:52.765681,1.108.207,c2201a55b6e1b0ea38043c514ab7bc3a372bad13,491d48d7d479279b6b5a67d51aa9d6ceb8a5c446abb992140c52e9c1b6662584,63a81eaf47ab83ae45c2e53b33f33c88998d26901e3a5bd37ababcaf86419595,1,wt-1.108.207,e3b0c44298fc1c149afbf4c8996fb92427ae41e4649b934ca495991b7852b855,,"{""process_cpu_ms"": 109.375, ""runtime_distribution_version"": ""1.108.199"", ""target_policy"": ""middle stride target; repeated representative wins, outliers, and edge cases"", ""worker_pid"": 38724}"
fastapi/fastapi,fastapi-c1d6b9c4,file_content,cold_generation_safe_hybrid_deep_order_balanced,get_file_content,target_files,generation_safe_hybrid,3,"{""file_path"": ""scripts/topic_repos.py"", ""max_content_results"": 20, ""repo"": ""local/fastapi-c1d6b9c4"", ""search_content"": true}",1,2,13405,1191,14544896,8.6868,5.7303,65.96560298383754,1,4603,132272128,132476928,204800,e6b150aaacc47f2339b7af496b0dd762b590901d8ab42c3c364b15c4758eafdb,95f8322ee1dcda7ceace7b1c4f6c9915b36d748f,2026-07-29T20:20:52.765681,1.108.207,c2201a55b6e1b0ea38043c514ab7bc3a372bad13,491d48d7d479279b6b5a67d51aa9d6ceb8a5c446abb992140c52e9c1b6662584,63a81eaf47ab83ae45c2e53b33f33c88998d26901e3a5bd37ababcaf86419595,1,wt-generation-safe-hybrid,175f8765c4949317d4f48614b8cdacd8c537ab2755c49f13f78a0b2b855cab96,"M src/jcodemunch_mcp/server.py
 M src/jcodemunch_mcp/storage/index_store.py
 M src/jcodemunch_mcp/storage/sqlite_store.py
 M src/jcodemunch_mcp/tools/check_references.py
 M src/jcodemunch_mcp/tools/find_references.py
 M src/jcodemunch_mcp/tools/get_blast_radius.py
 M src/jcodemunch_mcp/tools/get_churn_rate.py
 M src/jcodemunch_mcp/tools/get_file_outline.py
 M src/jcodemunch_mcp/tools/get_file_risk.py
 M src/jcodemunch_mcp/tools/get_file_tree.py
 M src/jcodemunch_mcp/tools/get_symbol_complexity.py
 M src/jcodemunch_mcp/tools/get_symbol_provenance.py
?? tests/test_generation_safe_hybrid.py","{""process_cpu_ms"": 0.0, ""runtime_distribution_version"": ""1.108.199"", ""target_policy"": ""middle stride target; repeated representative wins, outliers, and edge cases"", ""worker_pid"": 27172}"
fastapi/fastapi,fastapi-c1d6b9c4,dependency_cycles,cold_generation_safe_hybrid_deep_order_balanced,get_dependency_cycles,all_files,baseline_full,3,"{""repo"": ""local/fastapi-c1d6b9c4""}",1,1,13405,1191,14544896,158.7632,93.9068,59.14897155008213,1,151,193650688,206708736,13058048,b4505d7c162d3d5d8dcc718e36432d7e00040ee0e9831ae8b966e2f16eeb55bb,95f8322ee1dcda7ceace7b1c4f6c9915b36d748f,2026-07-29T20:20:52.765681,1.108.207,c2201a55b6e1b0ea38043c514ab7bc3a372bad13,491d48d7d479279b6b5a67d51aa9d6ceb8a5c446abb992140c52e9c1b6662584,63a81eaf47ab83ae45c2e53b33f33c88998d26901e3a5bd37ababcaf86419595,1,wt-1.108.207,e3b0c44298fc1c149afbf4c8996fb92427ae41e4649b934ca495991b7852b855,,"{""process_cpu_ms"": 156.25, ""runtime_distribution_version"": ""1.108.199"", ""target_policy"": ""middle stride target; repeated representative wins, outliers, and edge cases"", ""worker_pid"": 38724}"
fastapi/fastapi,fastapi-c1d6b9c4,dependency_cycles,cold_generation_safe_hybrid_deep_order_balanced,get_dependency_cycles,all_files,generation_safe_hybrid,3,"{""repo"": ""local/fastapi-c1d6b9c4""}",1,2,13405,1191,14544896,69.9183,6.0636,8.672407652932066,1,150,131440640,131473408,32768,b4505d7c162d3d5d8dcc718e36432d7e00040ee0e9831ae8b966e2f16eeb55bb,95f8322ee1dcda7ceace7b1c4f6c9915b36d748f,2026-07-29T20:20:52.765681,1.108.207,c2201a55b6e1b0ea38043c514ab7bc3a372bad13,491d48d7d479279b6b5a67d51aa9d6ceb8a5c446abb992140c52e9c1b6662584,63a81eaf47ab83ae45c2e53b33f33c88998d26901e3a5bd37ababcaf86419595,1,wt-generation-safe-hybrid,175f8765c4949317d4f48614b8cdacd8c537ab2755c49f13f78a0b2b855cab96,"M src/jcodemunch_mcp/server.py
 M src/jcodemunch_mcp/storage/index_store.py
 M src/jcodemunch_mcp/storage/sqlite_store.py
 M src/jcodemunch_mcp/tools/check_references.py
 M src/jcodemunch_mcp/tools/find_references.py
 M src/jcodemunch_mcp/tools/get_blast_radius.py
 M src/jcodemunch_mcp/tools/get_churn_rate.py
 M src/jcodemunch_mcp/tools/get_file_outline.py
 M src/jcodemunch_mcp/tools/get_file_risk.py
 M src/jcodemunch_mcp/tools/get_file_tree.py
 M src/jcodemunch_mcp/tools/get_symbol_complexity.py
 M src/jcodemunch_mcp/tools/get_symbol_provenance.py
?? tests/test_generation_safe_hybrid.py","{""process_cpu_ms"": 62.5, ""runtime_distribution_version"": ""1.108.199"", ""target_policy"": ""middle stride target; repeated representative wins, outliers, and edge cases"", ""worker_pid"": 27172}"
fastapi/fastapi,fastapi-c1d6b9c4,changed_symbols,cold_generation_safe_hybrid_deep_order_balanced,get_changed_symbols,metadata,baseline_full,3,"{""include_blast_radius"": false, ""repo"": ""local/fastapi-c1d6b9c4"", ""since_sha"": ""95f8322ee1dcda7ceace7b1c4f6c9915b36d748f"", ""until_sha"": ""95f8322ee1dcda7ceace7b1c4f6c9915b36d748f""}",1,1,13405,1191,14544896,190.8086,98.739,51.74766755796122,1,539,193306624,206508032,13201408,567cf452d846b80d813f45d9d15d929e4cbfda9503c77f60a1f8052421559b2d,95f8322ee1dcda7ceace7b1c4f6c9915b36d748f,2026-07-29T20:20:52.765681,1.108.207,c2201a55b6e1b0ea38043c514ab7bc3a372bad13,491d48d7d479279b6b5a67d51aa9d6ceb8a5c446abb992140c52e9c1b6662584,63a81eaf47ab83ae45c2e53b33f33c88998d26901e3a5bd37ababcaf86419595,1,wt-1.108.207,e3b0c44298fc1c149afbf4c8996fb92427ae41e4649b934ca495991b7852b855,,"{""process_cpu_ms"": 93.75, ""runtime_distribution_version"": ""1.108.199"", ""target_policy"": ""middle stride target; repeated representative wins, outliers, and edge cases"", ""worker_pid"": 38724}"
fastapi/fastapi,fastapi-c1d6b9c4,changed_symbols,cold_generation_safe_hybrid_deep_order_balanced,get_changed_symbols,metadata,generation_safe_hybrid,3,"{""include_blast_radius"": false, ""repo"": ""local/fastapi-c1d6b9c4"", ""since_sha"": ""95f8322ee1dcda7ceace7b1c4f6c9915b36d748f"", ""until_sha"": ""95f8322ee1dcda7ceace7b1c4f6c9915b36d748f""}",1,2,13405,1191,14544896,95.7229,7.7092,8.053663230010793,1,538,130359296,130641920,282624,567cf452d846b80d813f45d9d15d929e4cbfda9503c77f60a1f8052421559b2d,95f8322ee1dcda7ceace7b1c4f6c9915b36d748f,2026-07-29T20:20:52.765681,1.108.207,c2201a55b6e1b0ea38043c514ab7bc3a372bad13,491d48d7d479279b6b5a67d51aa9d6ceb8a5c446abb992140c52e9c1b6662584,63a81eaf47ab83ae45c2e53b33f33c88998d26901e3a5bd37ababcaf86419595,1,wt-generation-safe-hybrid,175f8765c4949317d4f48614b8cdacd8c537ab2755c49f13f78a0b2b855cab96,"M src/jcodemunch_mcp/server.py
 M src/jcodemunch_mcp/storage/index_store.py
 M src/jcodemunch_mcp/storage/sqlite_store.py
 M src/jcodemunch_mcp/tools/check_references.py
 M src/jcodemunch_mcp/tools/find_references.py
 M src/jcodemunch_mcp/tools/get_blast_radius.py
 M src/jcodemunch_mcp/tools/get_churn_rate.py
 M src/jcodemunch_mcp/tools/get_file_outline.py
 M src/jcodemunch_mcp/tools/get_file_risk.py
 M src/jcodemunch_mcp/tools/get_file_tree.py
 M src/jcodemunch_mcp/tools/get_symbol_complexity.py
 M src/jcodemunch_mcp/tools/get_symbol_provenance.py
?? tests/test_generation_safe_hybrid.py","{""process_cpu_ms"": 31.25, ""runtime_distribution_version"": ""1.108.199"", ""target_policy"": ""middle stride target; repeated representative wins, outliers, and edge cases"", ""worker_pid"": 27172}"
fastapi/fastapi,fastapi-c1d6b9c4,references_call_chain,cold_generation_safe_hybrid_deep_order_balanced,find_references,reference_call_chain,baseline_full,3,"{""identifier"": ""username"", ""include_call_chain"": true, ""repo"": ""local/fastapi-c1d6b9c4""}",1,1,13405,1191,14544896,98.7017,93.2942,94.52137095916281,1,370,194707456,206753792,12046336,eb503f009166d546afe5671bb0b18665894f6e8f47fa78a937396526794b0681,95f8322ee1dcda7ceace7b1c4f6c9915b36d748f,2026-07-29T20:20:52.765681,1.108.207,c2201a55b6e1b0ea38043c514ab7bc3a372bad13,491d48d7d479279b6b5a67d51aa9d6ceb8a5c446abb992140c52e9c1b6662584,63a81eaf47ab83ae45c2e53b33f33c88998d26901e3a5bd37ababcaf86419595,1,wt-1.108.207,e3b0c44298fc1c149afbf4c8996fb92427ae41e4649b934ca495991b7852b855,,"{""process_cpu_ms"": 93.75, ""runtime_distribution_version"": ""1.108.199"", ""target_policy"": ""middle stride target; repeated representative wins, outliers, and edge cases"", ""worker_pid"": 38724}"
fastapi/fastapi,fastapi-c1d6b9c4,references_call_chain,cold_generation_safe_hybrid_deep_order_balanced,find_references,reference_call_chain,generation_safe_hybrid,3,"{""identifier"": ""username"", ""include_call_chain"": true, ""repo"": ""local/fastapi-c1d6b9c4""}",1,2,13405,1191,14544896,12.6442,7.7071,60.95363882254314,1,369,130646016,130703360,57344,eb503f009166d546afe5671bb0b18665894f6e8f47fa78a937396526794b0681,95f8322ee1dcda7ceace7b1c4f6c9915b36d748f,2026-07-29T20:20:52.765681,1.108.207,c2201a55b6e1b0ea38043c514ab7bc3a372bad13,491d48d7d479279b6b5a67d51aa9d6ceb8a5c446abb992140c52e9c1b6662584,63a81eaf47ab83ae45c2e53b33f33c88998d26901e3a5bd37ababcaf86419595,1,wt-generation-safe-hybrid,175f8765c4949317d4f48614b8cdacd8c537ab2755c49f13f78a0b2b855cab96,"M src/jcodemunch_mcp/server.py
 M src/jcodemunch_mcp/storage/index_store.py
 M src/jcodemunch_mcp/storage/sqlite_store.py
 M src/jcodemunch_mcp/tools/check_references.py
 M src/jcodemunch_mcp/tools/find_references.py
 M src/jcodemunch_mcp/tools/get_blast_radius.py
 M src/jcodemunch_mcp/tools/get_churn_rate.py
 M src/jcodemunch_mcp/tools/get_file_outline.py
 M src/jcodemunch_mcp/tools/get_file_risk.py
 M src/jcodemunch_mcp/tools/get_file_tree.py
 M src/jcodemunch_mcp/tools/get_symbol_complexity.py
 M src/jcodemunch_mcp/tools/get_symbol_provenance.py
?? tests/test_generation_safe_hybrid.py","{""process_cpu_ms"": 15.625, ""runtime_distribution_version"": ""1.108.199"", ""target_policy"": ""middle stride target; repeated representative wins, outliers, and edge cases"", ""worker_pid"": 27172}"
fastapi/fastapi,fastapi-c1d6b9c4,cross_repo_map_filtered,cold_generation_safe_hybrid_deep_order_balanced,get_cross_repo_map,all_files,baseline_full,3,"{""repo"": ""local/fastapi-c1d6b9c4""}",1,1,13405,1191,14544896,266.2752,104.9752,39.423573806347726,1,256,193183744,206667776,13484032,2b2ef1fab520c827a3857c1a2daebdae1bec39eb43634735481fb2341cc4fa82,95f8322ee1dcda7ceace7b1c4f6c9915b36d748f,2026-07-29T20:20:52.765681,1.108.207,c2201a55b6e1b0ea38043c514ab7bc3a372bad13,491d48d7d479279b6b5a67d51aa9d6ceb8a5c446abb992140c52e9c1b6662584,63a81eaf47ab83ae45c2e53b33f33c88998d26901e3a5bd37ababcaf86419595,1,wt-1.108.207,e3b0c44298fc1c149afbf4c8996fb92427ae41e4649b934ca495991b7852b855,,"{""process_cpu_ms"": 265.625, ""runtime_distribution_version"": ""1.108.199"", ""target_policy"": ""middle stride target; repeated representative wins, outliers, and edge cases"", ""worker_pid"": 38724}"
fastapi/fastapi,fastapi-c1d6b9c4,cross_repo_map_filtered,cold_generation_safe_hybrid_deep_order_balanced,get_cross_repo_map,all_files,generation_safe_hybrid,3,"{""repo"": ""local/fastapi-c1d6b9c4""}",1,2,13405,1191,14544896,162.6845,7.6469,4.7004477992679075,1,256,131342336,131518464,176128,2b2ef1fab520c827a3857c1a2daebdae1bec39eb43634735481fb2341cc4fa82,95f8322ee1dcda7ceace7b1c4f6c9915b36d748f,2026-07-29T20:20:52.765681,1.108.207,c2201a55b6e1b0ea38043c514ab7bc3a372bad13,491d48d7d479279b6b5a67d51aa9d6ceb8a5c446abb992140c52e9c1b6662584,63a81eaf47ab83ae45c2e53b33f33c88998d26901e3a5bd37ababcaf86419595,1,wt-generation-safe-hybrid,175f8765c4949317d4f48614b8cdacd8c537ab2755c49f13f78a0b2b855cab96,"M src/jcodemunch_mcp/server.py
 M src/jcodemunch_mcp/storage/index_store.py
 M src/jcodemunch_mcp/storage/sqlite_store.py
 M src/jcodemunch_mcp/tools/check_references.py
 M src/jcodemunch_mcp/tools/find_references.py
 M src/jcodemunch_mcp/tools/get_blast_radius.py
 M src/jcodemunch_mcp/tools/get_churn_rate.py
 M src/jcodemunch_mcp/tools/get_file_outline.py
 M src/jcodemunch_mcp/tools/get_file_risk.py
 M src/jcodemunch_mcp/tools/get_file_tree.py
 M src/jcodemunch_mcp/tools/get_symbol_complexity.py
 M src/jcodemunch_mcp/tools/get_symbol_provenance.py
?? tests/test_generation_safe_hybrid.py","{""process_cpu_ms"": 171.875, ""runtime_distribution_version"": ""1.108.199"", ""target_policy"": ""middle stride target; repeated representative wins, outliers, and edge cases"", ""worker_pid"": 27172}"
expressjs/express,express-080294c3,references_call_chain,cold_generation_safe_hybrid_deep_order_balanced,find_references,reference_call_chain,baseline_full,3,"{""identifier"": ""name"", ""include_call_chain"": true, ""repo"": ""local/express-080294c3""}",1,1,471,172,507904,7.297,4.1779,57.25503631629437,1,365,195481600,195481600,0,829edb94ddc8b3ebb40b5dcc7523467a108cb824cf1b00f8c72da8dcbd0b199e,a3714473feb3d2908add734d340e7755fd85e0a3,2026-07-29T20:20:41.130953,1.108.207,c2201a55b6e1b0ea38043c514ab7bc3a372bad13,491d48d7d479279b6b5a67d51aa9d6ceb8a5c446abb992140c52e9c1b6662584,63a81eaf47ab83ae45c2e53b33f33c88998d26901e3a5bd37ababcaf86419595,1,wt-1.108.207,e3b0c44298fc1c149afbf4c8996fb92427ae41e4649b934ca495991b7852b855,,"{""process_cpu_ms"": 0.0, ""runtime_distribution_version"": ""1.108.199"", ""target_policy"": ""middle stride target; repeated representative wins, outliers, and edge cases"", ""worker_pid"": 38724}"
expressjs/express,express-080294c3,references_call_chain,cold_generation_safe_hybrid_deep_order_balanced,find_references,reference_call_chain,generation_safe_hybrid,3,"{""identifier"": ""name"", ""include_call_chain"": true, ""repo"": ""local/express-080294c3""}",1,2,471,172,507904,4.9584,1.8068,36.43917392707325,1,365,131551232,131555328,4096,829edb94ddc8b3ebb40b5dcc7523467a108cb824cf1b00f8c72da8dcbd0b199e,a3714473feb3d2908add734d340e7755fd85e0a3,2026-07-29T20:20:41.130953,1.108.207,c2201a55b6e1b0ea38043c514ab7bc3a372bad13,491d48d7d479279b6b5a67d51aa9d6ceb8a5c446abb992140c52e9c1b6662584,63a81eaf47ab83ae45c2e53b33f33c88998d26901e3a5bd37ababcaf86419595,1,wt-generation-safe-hybrid,175f8765c4949317d4f48614b8cdacd8c537ab2755c49f13f78a0b2b855cab96,"M src/jcodemunch_mcp/server.py
 M src/jcodemunch_mcp/storage/index_store.py
 M src/jcodemunch_mcp/storage/sqlite_store.py
 M src/jcodemunch_mcp/tools/check_references.py
 M src/jcodemunch_mcp/tools/find_references.py
 M src/jcodemunch_mcp/tools/get_blast_radius.py
 M src/jcodemunch_mcp/tools/get_churn_rate.py
 M src/jcodemunch_mcp/tools/get_file_outline.py
 M src/jcodemunch_mcp/tools/get_file_risk.py
 M src/jcodemunch_mcp/tools/get_file_tree.py
 M src/jcodemunch_mcp/tools/get_symbol_complexity.py
 M src/jcodemunch_mcp/tools/get_symbol_provenance.py
?? tests/test_generation_safe_hybrid.py","{""process_cpu_ms"": 15.625, ""runtime_distribution_version"": ""1.108.199"", ""target_policy"": ""middle stride target; repeated representative wins, outliers, and edge cases"", ""worker_pid"": 27172}"
expressjs/express,express-080294c3,changed_symbols_blast,cold_generation_safe_hybrid_deep_order_balanced,get_changed_symbols,all_files,baseline_full,3,"{""include_blast_radius"": true, ""repo"": ""local/express-080294c3"", ""since_sha"": ""a3714473feb3d2908add734d340e7755fd85e0a3"", ""until_sha"": ""a3714473feb3d2908add734d340e7755fd85e0a3""}",1,1,471,172,507904,93.1285,4.4078,4.733030167993686,1,538,195489792,195489792,0,19b90ce501c4f89468cf324af26a45f4909661dfad12b8a2a1a692e675bfbe42,a3714473feb3d2908add734d340e7755fd85e0a3,2026-07-29T20:20:41.130953,1.108.207,c2201a55b6e1b0ea38043c514ab7bc3a372bad13,491d48d7d479279b6b5a67d51aa9d6ceb8a5c446abb992140c52e9c1b6662584,63a81eaf47ab83ae45c2e53b33f33c88998d26901e3a5bd37ababcaf86419595,1,wt-1.108.207,e3b0c44298fc1c149afbf4c8996fb92427ae41e4649b934ca495991b7852b855,,"{""process_cpu_ms"": 31.25, ""runtime_distribution_version"": ""1.108.199"", ""target_policy"": ""middle stride target; repeated representative wins, outliers, and edge cases"", ""worker_pid"": 38724}"
expressjs/express,express-080294c3,changed_symbols_blast,cold_generation_safe_hybrid_deep_order_balanced,get_changed_symbols,all_files,generation_safe_hybrid,3,"{""include_blast_radius"": true, ""repo"": ""local/express-080294c3"", ""since_sha"": ""a3714473feb3d2908add734d340e7755fd85e0a3"", ""until_sha"": ""a3714473feb3d2908add734d340e7755fd85e0a3""}",1,2,471,172,507904,93.9826,1.608,1.7109550065650452,1,538,131555328,131555328,0,19b90ce501c4f89468cf324af26a45f4909661dfad12b8a2a1a692e675bfbe42,a3714473feb3d2908add734d340e7755fd85e0a3,2026-07-29T20:20:41.130953,1.108.207,c2201a55b6e1b0ea38043c514ab7bc3a372bad13,491d48d7d479279b6b5a67d51aa9d6ceb8a5c446abb992140c52e9c1b6662584,63a81eaf47ab83ae45c2e53b33f33c88998d26901e3a5bd37ababcaf86419595,1,wt-generation-safe-hybrid,175f8765c4949317d4f48614b8cdacd8c537ab2755c49f13f78a0b2b855cab96,"M src/jcodemunch_mcp/server.py
 M src/jcodemunch_mcp/storage/index_store.py
 M src/jcodemunch_mcp/storage/sqlite_store.py
 M src/jcodemunch_mcp/tools/check_references.py
 M src/jcodemunch_mcp/tools/find_references.py
 M src/jcodemunch_mcp/tools/get_blast_radius.py
 M src/jcodemunch_mcp/tools/get_churn_rate.py
 M src/jcodemunch_mcp/tools/get_file_outline.py
 M src/jcodemunch_mcp/tools/get_file_risk.py
 M src/jcodemunch_mcp/tools/get_file_tree.py
 M src/jcodemunch_mcp/tools/get_symbol_complexity.py
 M src/jcodemunch_mcp/tools/get_symbol_provenance.py
?? tests/test_generation_safe_hybrid.py","{""process_cpu_ms"": 15.625, ""runtime_distribution_version"": ""1.108.199"", ""target_policy"": ""middle stride target; repeated representative wins, outliers, and edge cases"", ""worker_pid"": 27172}"
expressjs/express,express-080294c3,churn_symbol,cold_generation_safe_hybrid_deep_order_balanced,get_churn_rate,target_symbols,baseline_full,3,"{""days"": 30, ""repo"": ""local/express-080294c3"", ""target"": "".github/workflows/scorecard.yml::jobs.analysis.name#constant""}",1,1,471,172,507904,106.3509,4.4777,4.210307576146511,1,587,195489792,195489792,0,0107a985a684f4be4d432e57eecc7686b5091b8a3e1791b61e519717743bb1ed,a3714473feb3d2908add734d340e7755fd85e0a3,2026-07-29T20:20:41.130953,1.108.207,c2201a55b6e1b0ea38043c514ab7bc3a372bad13,491d48d7d479279b6b5a67d51aa9d6ceb8a5c446abb992140c52e9c1b6662584,63a81eaf47ab83ae45c2e53b33f33c88998d26901e3a5bd37ababcaf86419595,1,wt-1.108.207,e3b0c44298fc1c149afbf4c8996fb92427ae41e4649b934ca495991b7852b855,,"{""process_cpu_ms"": 62.5, ""runtime_distribution_version"": ""1.108.199"", ""target_policy"": ""middle stride target; repeated representative wins, outliers, and edge cases"", ""worker_pid"": 38724}"
expressjs/express,express-080294c3,churn_symbol,cold_generation_safe_hybrid_deep_order_balanced,get_churn_rate,target_symbols,generation_safe_hybrid,3,"{""days"": 30, ""repo"": ""local/express-080294c3"", ""target"": "".github/workflows/scorecard.yml::jobs.analysis.name#constant""}",1,2,471,172,507904,55.9676,1.6125,2.8811312259235704,1,586,131559424,131559424,0,0107a985a684f4be4d432e57eecc7686b5091b8a3e1791b61e519717743bb1ed,a3714473feb3d2908add734d340e7755fd85e0a3,2026-07-29T20:20:41.130953,1.108.207,c2201a55b6e1b0ea38043c514ab7bc3a372bad13,491d48d7d479279b6b5a67d51aa9d6ceb8a5c446abb992140c52e9c1b6662584,63a81eaf47ab83ae45c2e53b33f33c88998d26901e3a5bd37ababcaf86419595,1,wt-generation-safe-hybrid,175f8765c4949317d4f48614b8cdacd8c537ab2755c49f13f78a0b2b855cab96,"M src/jcodemunch_mcp/server.py
 M src/jcodemunch_mcp/storage/index_store.py
 M src/jcodemunch_mcp/storage/sqlite_store.py
 M src/jcodemunch_mcp/tools/check_references.py
 M src/jcodemunch_mcp/tools/find_references.py
 M src/jcodemunch_mcp/tools/get_blast_radius.py
 M src/jcodemunch_mcp/tools/get_churn_rate.py
 M src/jcodemunch_mcp/tools/get_file_outline.py
 M src/jcodemunch_mcp/tools/get_file_risk.py
 M src/jcodemunch_mcp/tools/get_file_tree.py
 M src/jcodemunch_mcp/tools/get_symbol_complexity.py
 M src/jcodemunch_mcp/tools/get_symbol_provenance.py
?? tests/test_generation_safe_hybrid.py","{""process_cpu_ms"": 0.0, ""runtime_distribution_version"": ""1.108.199"", ""target_policy"": ""middle stride target; repeated representative wins, outliers, and edge cases"", ""worker_pid"": 27172}"
expressjs/express,express-080294c3,cross_repo_map_filtered,cold_generation_safe_hybrid_deep_order_balanced,get_cross_repo_map,all_files,baseline_full,3,"{""repo"": ""local/express-080294c3""}",1,1,471,172,507904,156.7021,4.8827,3.1159122947299367,1,256,194420736,195665920,1245184,4c782f89d9c2f201de765d97cec77c28274804930e49388d1b359bc177b5f8c2,a3714473feb3d2908add734d340e7755fd85e0a3,2026-07-29T20:20:41.130953,1.108.207,c2201a55b6e1b0ea38043c514ab7bc3a372bad13,491d48d7d479279b6b5a67d51aa9d6ceb8a5c446abb992140c52e9c1b6662584,63a81eaf47ab83ae45c2e53b33f33c88998d26901e3a5bd37ababcaf86419595,1,wt-1.108.207,e3b0c44298fc1c149afbf4c8996fb92427ae41e4649b934ca495991b7852b855,,"{""process_cpu_ms"": 156.25, ""runtime_distribution_version"": ""1.108.199"", ""target_policy"": ""middle stride target; repeated representative wins, outliers, and edge cases"", ""worker_pid"": 38724}"
expressjs/express,express-080294c3,cross_repo_map_filtered,cold_generation_safe_hybrid_deep_order_balanced,get_cross_repo_map,all_files,generation_safe_hybrid,3,"{""repo"": ""local/express-080294c3""}",1,2,471,172,507904,154.7255,1.5598,1.0081079072292543,1,256,130531328,130457600,-73728,4c782f89d9c2f201de765d97cec77c28274804930e49388d1b359bc177b5f8c2,a3714473feb3d2908add734d340e7755fd85e0a3,2026-07-29T20:20:41.130953,1.108.207,c2201a55b6e1b0ea38043c514ab7bc3a372bad13,491d48d7d479279b6b5a67d51aa9d6ceb8a5c446abb992140c52e9c1b6662584,63a81eaf47ab83ae45c2e53b33f33c88998d26901e3a5bd37ababcaf86419595,1,wt-generation-safe-hybrid,175f8765c4949317d4f48614b8cdacd8c537ab2755c49f13f78a0b2b855cab96,"M src/jcodemunch_mcp/server.py
 M src/jcodemunch_mcp/storage/index_store.py
 M src/jcodemunch_mcp/storage/sqlite_store.py
 M src/jcodemunch_mcp/tools/check_references.py
 M src/jcodemunch_mcp/tools/find_references.py
 M src/jcodemunch_mcp/tools/get_blast_radius.py
 M src/jcodemunch_mcp/tools/get_churn_rate.py
 M src/jcodemunch_mcp/tools/get_file_outline.py
 M src/jcodemunch_mcp/tools/get_file_risk.py
 M src/jcodemunch_mcp/tools/get_file_tree.py
 M src/jcodemunch_mcp/tools/get_symbol_complexity.py
 M src/jcodemunch_mcp/tools/get_symbol_provenance.py
?? tests/test_generation_safe_hybrid.py","{""process_cpu_ms"": 156.25, ""runtime_distribution_version"": ""1.108.199"", ""target_policy"": ""middle stride target; repeated representative wins, outliers, and edge cases"", ""worker_pid"": 27172}"
expressjs/express,express-080294c3,symbol_source_single,cold_generation_safe_hybrid_deep_order_balanced,get_symbol_source,target_symbols,baseline_full,3,"{""repo"": ""local/express-080294c3"", ""symbol_id"": "".github/workflows/scorecard.yml::jobs.analysis.name#constant""}",1,1,471,172,507904,8.5009,4.3184,50.79932713006858,1,965,195674112,195678208,4096,ea0985f42b9fff945ec0f96b54568d4e42515e4962de7d7d8e31cd04712be12f,a3714473feb3d2908add734d340e7755fd85e0a3,2026-07-29T20:20:41.130953,1.108.207,c2201a55b6e1b0ea38043c514ab7bc3a372bad13,491d48d7d479279b6b5a67d51aa9d6ceb8a5c446abb992140c52e9c1b6662584,63a81eaf47ab83ae45c2e53b33f33c88998d26901e3a5bd37ababcaf86419595,1,wt-1.108.207,e3b0c44298fc1c149afbf4c8996fb92427ae41e4649b934ca495991b7852b855,,"{""process_cpu_ms"": 31.25, ""runtime_distribution_version"": ""1.108.199"", ""target_policy"": ""middle stride target; repeated representative wins, outliers, and edge cases"", ""worker_pid"": 38724}"
expressjs/express,express-080294c3,symbol_source_single,cold_generation_safe_hybrid_deep_order_balanced,get_symbol_source,target_symbols,generation_safe_hybrid,3,"{""repo"": ""local/express-080294c3"", ""symbol_id"": "".github/workflows/scorecard.yml::jobs.analysis.name#constant""}",1,2,471,172,507904,6.3617,1.4878,23.38683056415738,1,965,130547712,130555904,8192,ea0985f42b9fff945ec0f96b54568d4e42515e4962de7d7d8e31cd04712be12f,a3714473feb3d2908add734d340e7755fd85e0a3,2026-07-29T20:20:41.130953,1.108.207,c2201a55b6e1b0ea38043c514ab7bc3a372bad13,491d48d7d479279b6b5a67d51aa9d6ceb8a5c446abb992140c52e9c1b6662584,63a81eaf47ab83ae45c2e53b33f33c88998d26901e3a5bd37ababcaf86419595,1,wt-generation-safe-hybrid,175f8765c4949317d4f48614b8cdacd8c537ab2755c49f13f78a0b2b855cab96,"M src/jcodemunch_mcp/server.py
 M src/jcodemunch_mcp/storage/index_store.py
 M src/jcodemunch_mcp/storage/sqlite_store.py
 M src/jcodemunch_mcp/tools/check_references.py
 M src/jcodemunch_mcp/tools/find_references.py
 M src/jcodemunch_mcp/tools/get_blast_radius.py
 M src/jcodemunch_mcp/tools/get_churn_rate.py
 M src/jcodemunch_mcp/tools/get_file_outline.py
 M src/jcodemunch_mcp/tools/get_file_risk.py
 M src/jcodemunch_mcp/tools/get_file_tree.py
 M src/jcodemunch_mcp/tools/get_symbol_complexity.py
 M src/jcodemunch_mcp/tools/get_symbol_provenance.py
?? tests/test_generation_safe_hybrid.py","{""process_cpu_ms"": 15.625, ""runtime_distribution_version"": ""1.108.199"", ""target_policy"": ""middle stride target; repeated representative wins, outliers, and edge cases"", ""worker_pid"": 27172}"
expressjs/express,express-080294c3,dependency_cycles,cold_generation_safe_hybrid_deep_order_balanced,get_dependency_cycles,all_files,baseline_full,3,"{""repo"": ""local/express-080294c3""}",1,1,471,172,507904,8.3498,4.2048,50.35809240939903,1,149,195756032,195760128,4096,53dea643e4a99922b7bf8d68864434ae9ce8cfa2542a60a2ab5148d45d39cc05,a3714473feb3d2908add734d340e7755fd85e0a3,2026-07-29T20:20:41.130953,1.108.207,c2201a55b6e1b0ea38043c514ab7bc3a372bad13,491d48d7d479279b6b5a67d51aa9d6ceb8a5c446abb992140c52e9c1b6662584,63a81eaf47ab83ae45c2e53b33f33c88998d26901e3a5bd37ababcaf86419595,1,wt-1.108.207,e3b0c44298fc1c149afbf4c8996fb92427ae41e4649b934ca495991b7852b855,,"{""process_cpu_ms"": 31.25, ""runtime_distribution_version"": ""1.108.199"", ""target_policy"": ""middle stride target; repeated representative wins, outliers, and edge cases"", ""worker_pid"": 38724}"
expressjs/express,express-080294c3,dependency_cycles,cold_generation_safe_hybrid_deep_order_balanced,get_dependency_cycles,all_files,generation_safe_hybrid,3,"{""repo"": ""local/express-080294c3""}",1,2,471,172,507904,6.5931,1.4504,21.998756275500146,1,149,130629632,130654208,24576,53dea643e4a99922b7bf8d68864434ae9ce8cfa2542a60a2ab5148d45d39cc05,a3714473feb3d2908add734d340e7755fd85e0a3,2026-07-29T20:20:41.130953,1.108.207,c2201a55b6e1b0ea38043c514ab7bc3a372bad13,491d48d7d479279b6b5a67d51aa9d6ceb8a5c446abb992140c52e9c1b6662584,63a81eaf47ab83ae45c2e53b33f33c88998d26901e3a5bd37ababcaf86419595,1,wt-generation-safe-hybrid,175f8765c4949317d4f48614b8cdacd8c537ab2755c49f13f78a0b2b855cab96,"M src/jcodemunch_mcp/server.py
 M src/jcodemunch_mcp/storage/index_store.py
 M src/jcodemunch_mcp/storage/sqlite_store.py
 M src/jcodemunch_mcp/tools/check_references.py
 M src/jcodemunch_mcp/tools/find_references.py
 M src/jcodemunch_mcp/tools/get_blast_radius.py
 M src/jcodemunch_mcp/tools/get_churn_rate.py
 M src/jcodemunch_mcp/tools/get_file_outline.py
 M src/jcodemunch_mcp/tools/get_file_risk.py
 M src/jcodemunch_mcp/tools/get_file_tree.py
 M src/jcodemunch_mcp/tools/get_symbol_complexity.py
 M src/jcodemunch_mcp/tools/get_symbol_provenance.py
?? tests/test_generation_safe_hybrid.py","{""process_cpu_ms"": 31.25, ""runtime_distribution_version"": ""1.108.199"", ""target_policy"": ""middle stride target; repeated representative wins, outliers, and edge cases"", ""worker_pid"": 27172}"
gin-gonic/gin,gin-87ab3d33,changed_symbols,cold_generation_safe_hybrid_deep_order_balanced,get_changed_symbols,metadata,baseline_full,3,"{""include_blast_radius"": false, ""repo"": ""local/gin-87ab3d33"", ""since_sha"": ""34dac209ffb6ef85cc78c5d217bbb7ad001d68fd"", ""until_sha"": ""34dac209ffb6ef85cc78c5d217bbb7ad001d68fd""}",1,1,1834,109,2580480,102.071,13.6727,13.395283675088908,1,538,196636672,196751360,114688,49e1d80c5e8d6a627ded2cf145c978d87efd5482043601a36eef817c94e2b3bf,34dac209ffb6ef85cc78c5d217bbb7ad001d68fd,2026-07-29T20:20:45.784692,1.108.207,c2201a55b6e1b0ea38043c514ab7bc3a372bad13,491d48d7d479279b6b5a67d51aa9d6ceb8a5c446abb992140c52e9c1b6662584,63a81eaf47ab83ae45c2e53b33f33c88998d26901e3a5bd37ababcaf86419595,1,wt-1.108.207,e3b0c44298fc1c149afbf4c8996fb92427ae41e4649b934ca495991b7852b855,,"{""process_cpu_ms"": 31.25, ""runtime_distribution_version"": ""1.108.199"", ""target_policy"": ""middle stride target; repeated representative wins, outliers, and edge cases"", ""worker_pid"": 38724}"
gin-gonic/gin,gin-87ab3d33,changed_symbols,cold_generation_safe_hybrid_deep_order_balanced,get_changed_symbols,metadata,generation_safe_hybrid,3,"{""include_blast_radius"": false, ""repo"": ""local/gin-87ab3d33"", ""since_sha"": ""34dac209ffb6ef85cc78c5d217bbb7ad001d68fd"", ""until_sha"": ""34dac209ffb6ef85cc78c5d217bbb7ad001d68fd""}",1,2,1834,109,2580480,137.8542,1.3956,1.0123739429048952,1,539,131063808,131063808,0,49e1d80c5e8d6a627ded2cf145c978d87efd5482043601a36eef817c94e2b3bf,34dac209ffb6ef85cc78c5d217bbb7ad001d68fd,2026-07-29T20:20:45.784692,1.108.207,c2201a55b6e1b0ea38043c514ab7bc3a372bad13,491d48d7d479279b6b5a67d51aa9d6ceb8a5c446abb992140c52e9c1b6662584,63a81eaf47ab83ae45c2e53b33f33c88998d26901e3a5bd37ababcaf86419595,1,wt-generation-safe-hybrid,175f8765c4949317d4f48614b8cdacd8c537ab2755c49f13f78a0b2b855cab96,"M src/jcodemunch_mcp/server.py
 M src/jcodemunch_mcp/storage/index_store.py
 M src/jcodemunch_mcp/storage/sqlite_store.py
 M src/jcodemunch_mcp/tools/check_references.py
 M src/jcodemunch_mcp/tools/find_references.py
 M src/jcodemunch_mcp/tools/get_blast_radius.py
 M src/jcodemunch_mcp/tools/get_churn_rate.py
 M src/jcodemunch_mcp/tools/get_file_outline.py
 M src/jcodemunch_mcp/tools/get_file_risk.py
 M src/jcodemunch_mcp/tools/get_file_tree.py
 M src/jcodemunch_mcp/tools/get_symbol_complexity.py
 M src/jcodemunch_mcp/tools/get_symbol_provenance.py
?? tests/test_generation_safe_hybrid.py","{""process_cpu_ms"": 15.625, ""runtime_distribution_version"": ""1.108.199"", ""target_policy"": ""middle stride target; repeated representative wins, outliers, and edge cases"", ""worker_pid"": 27172}"
gin-gonic/gin,gin-87ab3d33,file_tree_prefix,cold_generation_safe_hybrid_deep_order_balanced,get_file_tree,prefix_files,baseline_full,3,"{""include_summaries"": true, ""path_prefix"": """", ""repo"": ""local/gin-87ab3d33""}",1,1,1834,109,2580480,18.1133,12.8358,70.86395079858447,1,23329,193617920,194310144,692224,73779043637bd97c198ef9ae19e8f495275c3bdce3a5559c4a0d3b2c937b0ae7,34dac209ffb6ef85cc78c5d217bbb7ad001d68fd,2026-07-29T20:20:45.784692,1.108.207,c2201a55b6e1b0ea38043c514ab7bc3a372bad13,491d48d7d479279b6b5a67d51aa9d6ceb8a5c446abb992140c52e9c1b6662584,63a81eaf47ab83ae45c2e53b33f33c88998d26901e3a5bd37ababcaf86419595,1,wt-1.108.207,e3b0c44298fc1c149afbf4c8996fb92427ae41e4649b934ca495991b7852b855,,"{""process_cpu_ms"": 15.625, ""runtime_distribution_version"": ""1.108.199"", ""target_policy"": ""middle stride target; repeated representative wins, outliers, and edge cases"", ""worker_pid"": 38724}"
gin-gonic/gin,gin-87ab3d33,file_tree_prefix,cold_generation_safe_hybrid_deep_order_balanced,get_file_tree,prefix_files,generation_safe_hybrid,3,"{""include_summaries"": true, ""path_prefix"": """", ""repo"": ""local/gin-87ab3d33""}",1,2,1834,109,2580480,18.5637,1.2258,6.603209489487548,1,23329,131510272,132333568,823296,73779043637bd97c198ef9ae19e8f495275c3bdce3a5559c4a0d3b2c937b0ae7,34dac209ffb6ef85cc78c5d217bbb7ad001d68fd,2026-07-29T20:20:45.784692,1.108.207,c2201a55b6e1b0ea38043c514ab7bc3a372bad13,491d48d7d479279b6b5a67d51aa9d6ceb8a5c446abb992140c52e9c1b6662584,63a81eaf47ab83ae45c2e53b33f33c88998d26901e3a5bd37ababcaf86419595,1,wt-generation-safe-hybrid,175f8765c4949317d4f48614b8cdacd8c537ab2755c49f13f78a0b2b855cab96,"M src/jcodemunch_mcp/server.py
 M src/jcodemunch_mcp/storage/index_store.py
 M src/jcodemunch_mcp/storage/sqlite_store.py
 M src/jcodemunch_mcp/tools/check_references.py
 M src/jcodemunch_mcp/tools/find_references.py
 M src/jcodemunch_mcp/tools/get_blast_radius.py
 M src/jcodemunch_mcp/tools/get_churn_rate.py
 M src/jcodemunch_mcp/tools/get_file_outline.py
 M src/jcodemunch_mcp/tools/get_file_risk.py
 M src/jcodemunch_mcp/tools/get_file_tree.py
 M src/jcodemunch_mcp/tools/get_symbol_complexity.py
 M src/jcodemunch_mcp/tools/get_symbol_provenance.py
?? tests/test_generation_safe_hybrid.py","{""process_cpu_ms"": 15.625, ""runtime_distribution_version"": ""1.108.199"", ""target_policy"": ""middle stride target; repeated representative wins, outliers, and edge cases"", ""worker_pid"": 27172}"
gin-gonic/gin,gin-87ab3d33,blast_radius_source,cold_generation_safe_hybrid_deep_order_balanced,get_blast_radius,blast_enrichment,baseline_full,3,"{""cross_repo"": false, ""include_source"": true, ""repo"": ""local/gin-87ab3d33"", ""source_budget"": 1000, ""symbol"": ""context.go::PureJSON#method""}",1,1,1834,109,2580480,26.0137,13.9809,53.744373157221005,1,645,195321856,196034560,712704,b83931afaf6c4eef21373bdfb9f9cb33740d0287fa271e9046f5e389bae8062d,34dac209ffb6ef85cc78c5d217bbb7ad001d68fd,2026-07-29T20:20:45.784692,1.108.207,c2201a55b6e1b0ea38043c514ab7bc3a372bad13,491d48d7d479279b6b5a67d51aa9d6ceb8a5c446abb992140c52e9c1b6662584,63a81eaf47ab83ae45c2e53b33f33c88998d26901e3a5bd37ababcaf86419595,1,wt-1.108.207,e3b0c44298fc1c149afbf4c8996fb92427ae41e4649b934ca495991b7852b855,,"{""process_cpu_ms"": 62.5, ""runtime_distribution_version"": ""1.108.199"", ""target_policy"": ""middle stride target; repeated representative wins, outliers, and edge cases"", ""worker_pid"": 38724}"
gin-gonic/gin,gin-87ab3d33,blast_radius_source,cold_generation_safe_hybrid_deep_order_balanced,get_blast_radius,blast_enrichment,generation_safe_hybrid,3,"{""cross_repo"": false, ""include_source"": true, ""repo"": ""local/gin-87ab3d33"", ""source_budget"": 1000, ""symbol"": ""context.go::PureJSON#method""}",1,2,1834,109,2580480,24.4115,1.3607,5.574012248325584,1,645,130224128,132222976,1998848,b83931afaf6c4eef21373bdfb9f9cb33740d0287fa271e9046f5e389bae8062d,34dac209ffb6ef85cc78c5d217bbb7ad001d68fd,2026-07-29T20:20:45.784692,1.108.207,c2201a55b6e1b0ea38043c514ab7bc3a372bad13,491d48d7d479279b6b5a67d51aa9d6ceb8a5c446abb992140c52e9c1b6662584,63a81eaf47ab83ae45c2e53b33f33c88998d26901e3a5bd37ababcaf86419595,1,wt-generation-safe-hybrid,175f8765c4949317d4f48614b8cdacd8c537ab2755c49f13f78a0b2b855cab96,"M src/jcodemunch_mcp/server.py
 M src/jcodemunch_mcp/storage/index_store.py
 M src/jcodemunch_mcp/storage/sqlite_store.py
 M src/jcodemunch_mcp/tools/check_references.py
 M src/jcodemunch_mcp/tools/find_references.py
 M src/jcodemunch_mcp/tools/get_blast_radius.py
 M src/jcodemunch_mcp/tools/get_churn_rate.py
 M src/jcodemunch_mcp/tools/get_file_outline.py
 M src/jcodemunch_mcp/tools/get_file_risk.py
 M src/jcodemunch_mcp/tools/get_file_tree.py
 M src/jcodemunch_mcp/tools/get_symbol_complexity.py
 M src/jcodemunch_mcp/tools/get_symbol_provenance.py
?? tests/test_generation_safe_hybrid.py","{""process_cpu_ms"": 62.5, ""runtime_distribution_version"": ""1.108.199"", ""target_policy"": ""middle stride target; repeated representative wins, outliers, and edge cases"", ""worker_pid"": 27172}"
gin-gonic/gin,gin-87ab3d33,symbol_source_single,cold_generation_safe_hybrid_deep_order_balanced,get_symbol_source,target_symbols,baseline_full,3,"{""repo"": ""local/gin-87ab3d33"", ""symbol_id"": ""context.go::PureJSON#method""}",1,1,1834,109,2580480,17.0535,12.8772,75.51059899727329,1,1156,196177920,196235264,57344,bd1d5f8766ab865126bcbb930902ed4df37823ce68573ab85d5a27acaea8f0f5,34dac209ffb6ef85cc78c5d217bbb7ad001d68fd,2026-07-29T20:20:45.784692,1.108.207,c2201a55b6e1b0ea38043c514ab7bc3a372bad13,491d48d7d479279b6b5a67d51aa9d6ceb8a5c446abb992140c52e9c1b6662584,63a81eaf47ab83ae45c2e53b33f33c88998d26901e3a5bd37ababcaf86419595,1,wt-1.108.207,e3b0c44298fc1c149afbf4c8996fb92427ae41e4649b934ca495991b7852b855,,"{""process_cpu_ms"": 15.625, ""runtime_distribution_version"": ""1.108.199"", ""target_policy"": ""middle stride target; repeated representative wins, outliers, and edge cases"", ""worker_pid"": 38724}"
gin-gonic/gin,gin-87ab3d33,symbol_source_single,cold_generation_safe_hybrid_deep_order_balanced,get_symbol_source,target_symbols,generation_safe_hybrid,3,"{""repo"": ""local/gin-87ab3d33"", ""symbol_id"": ""context.go::PureJSON#method""}",1,2,1834,109,2580480,6.0957,1.3799,22.63726889446659,1,1155,130547712,130551808,4096,bd1d5f8766ab865126bcbb930902ed4df37823ce68573ab85d5a27acaea8f0f5,34dac209ffb6ef85cc78c5d217bbb7ad001d68fd,2026-07-29T20:20:45.784692,1.108.207,c2201a55b6e1b0ea38043c514ab7bc3a372bad13,491d48d7d479279b6b5a67d51aa9d6ceb8a5c446abb992140c52e9c1b6662584,63a81eaf47ab83ae45c2e53b33f33c88998d26901e3a5bd37ababcaf86419595,1,wt-generation-safe-hybrid,175f8765c4949317d4f48614b8cdacd8c537ab2755c49f13f78a0b2b855cab96,"M src/jcodemunch_mcp/server.py
 M src/jcodemunch_mcp/storage/index_store.py
 M src/jcodemunch_mcp/storage/sqlite_store.py
 M src/jcodemunch_mcp/tools/check_references.py
 M src/jcodemunch_mcp/tools/find_references.py
 M src/jcodemunch_mcp/tools/get_blast_radius.py
 M src/jcodemunch_mcp/tools/get_churn_rate.py
 M src/jcodemunch_mcp/tools/get_file_outline.py
 M src/jcodemunch_mcp/tools/get_file_risk.py
 M src/jcodemunch_mcp/tools/get_file_tree.py
 M src/jcodemunch_mcp/tools/get_symbol_complexity.py
 M src/jcodemunch_mcp/tools/get_symbol_provenance.py
?? tests/test_generation_safe_hybrid.py","{""process_cpu_ms"": 0.0, ""runtime_distribution_version"": ""1.108.199"", ""target_policy"": ""middle stride target; repeated representative wins, outliers, and edge cases"", ""worker_pid"": 27172}"
gin-gonic/gin,gin-87ab3d33,dependency_cycles,cold_generation_safe_hybrid_deep_order_balanced,get_dependency_cycles,all_files,baseline_full,3,"{""repo"": ""local/gin-87ab3d33""}",1,1,1834,109,2580480,16.9424,12.5891,74.30529322882236,1,146,196263936,196263936,0,ee7b243f04c63bb5370a89f96824da48c48b4555564a739762a4b26f0bcc54a6,34dac209ffb6ef85cc78c5d217bbb7ad001d68fd,2026-07-29T20:20:45.784692,1.108.207,c2201a55b6e1b0ea38043c514ab7bc3a372bad13,491d48d7d479279b6b5a67d51aa9d6ceb8a5c446abb992140c52e9c1b6662584,63a81eaf47ab83ae45c2e53b33f33c88998d26901e3a5bd37ababcaf86419595,1,wt-1.108.207,e3b0c44298fc1c149afbf4c8996fb92427ae41e4649b934ca495991b7852b855,,"{""process_cpu_ms"": 31.25, ""runtime_distribution_version"": ""1.108.199"", ""target_policy"": ""middle stride target; repeated representative wins, outliers, and edge cases"", ""worker_pid"": 38724}"
gin-gonic/gin,gin-87ab3d33,dependency_cycles,cold_generation_safe_hybrid_deep_order_balanced,get_dependency_cycles,all_files,generation_safe_hybrid,3,"{""repo"": ""local/gin-87ab3d33""}",1,2,1834,109,2580480,5.6049,1.312,23.40808935038984,1,145,130576384,130576384,0,ee7b243f04c63bb5370a89f96824da48c48b4555564a739762a4b26f0bcc54a6,34dac209ffb6ef85cc78c5d217bbb7ad001d68fd,2026-07-29T20:20:45.784692,1.108.207,c2201a55b6e1b0ea38043c514ab7bc3a372bad13,491d48d7d479279b6b5a67d51aa9d6ceb8a5c446abb992140c52e9c1b6662584,63a81eaf47ab83ae45c2e53b33f33c88998d26901e3a5bd37ababcaf86419595,1,wt-generation-safe-hybrid,175f8765c4949317d4f48614b8cdacd8c537ab2755c49f13f78a0b2b855cab96,"M src/jcodemunch_mcp/server.py
 M src/jcodemunch_mcp/storage/index_store.py
 M src/jcodemunch_mcp/storage/sqlite_store.py
 M src/jcodemunch_mcp/tools/check_references.py
 M src/jcodemunch_mcp/tools/find_references.py
 M src/jcodemunch_mcp/tools/get_blast_radius.py
 M src/jcodemunch_mcp/tools/get_churn_rate.py
 M src/jcodemunch_mcp/tools/get_file_outline.py
 M src/jcodemunch_mcp/tools/get_file_risk.py
 M src/jcodemunch_mcp/tools/get_file_tree.py
 M src/jcodemunch_mcp/tools/get_symbol_complexity.py
 M src/jcodemunch_mcp/tools/get_symbol_provenance.py
?? tests/test_generation_safe_hybrid.py","{""process_cpu_ms"": 0.0, ""runtime_distribution_version"": ""1.108.199"", ""target_policy"": ""middle stride target; repeated representative wins, outliers, and edge cases"", ""worker_pid"": 27172}"
gin-gonic/gin,gin-87ab3d33,references_call_chain,cold_generation_safe_hybrid_deep_order_balanced,find_references,reference_call_chain,baseline_full,3,"{""identifier"": ""PureJSON"", ""include_call_chain"": true, ""repo"": ""local/gin-87ab3d33""}",1,1,1834,109,2580480,15.7071,12.5982,80.20704012834959,1,366,196288512,196288512,0,c8426ce7c8f0855aa1af8197929ed5c73cd1ec2775f9eda92718b0a3bed0ecb1,34dac209ffb6ef85cc78c5d217bbb7ad001d68fd,2026-07-29T20:20:45.784692,1.108.207,c2201a55b6e1b0ea38043c514ab7bc3a372bad13,491d48d7d479279b6b5a67d51aa9d6ceb8a5c446abb992140c52e9c1b6662584,63a81eaf47ab83ae45c2e53b33f33c88998d26901e3a5bd37ababcaf86419595,1,wt-1.108.207,e3b0c44298fc1c149afbf4c8996fb92427ae41e4649b934ca495991b7852b855,,"{""process_cpu_ms"": 31.25, ""runtime_distribution_version"": ""1.108.199"", ""target_policy"": ""middle stride target; repeated representative wins, outliers, and edge cases"", ""worker_pid"": 38724}"
gin-gonic/gin,gin-87ab3d33,references_call_chain,cold_generation_safe_hybrid_deep_order_balanced,find_references,reference_call_chain,generation_safe_hybrid,3,"{""identifier"": ""PureJSON"", ""include_call_chain"": true, ""repo"": ""local/gin-87ab3d33""}",1,2,1834,109,2580480,4.6343,1.4389,31.048917851671238,1,365,130580480,130580480,0,c8426ce7c8f0855aa1af8197929ed5c73cd1ec2775f9eda92718b0a3bed0ecb1,34dac209ffb6ef85cc78c5d217bbb7ad001d68fd,2026-07-29T20:20:45.784692,1.108.207,c2201a55b6e1b0ea38043c514ab7bc3a372bad13,491d48d7d479279b6b5a67d51aa9d6ceb8a5c446abb992140c52e9c1b6662584,63a81eaf47ab83ae45c2e53b33f33c88998d26901e3a5bd37ababcaf86419595,1,wt-generation-safe-hybrid,175f8765c4949317d4f48614b8cdacd8c537ab2755c49f13f78a0b2b855cab96,"M src/jcodemunch_mcp/server.py
 M src/jcodemunch_mcp/storage/index_store.py
 M src/jcodemunch_mcp/storage/sqlite_store.py
 M src/jcodemunch_mcp/tools/check_references.py
 M src/jcodemunch_mcp/tools/find_references.py
 M src/jcodemunch_mcp/tools/get_blast_radius.py
 M src/jcodemunch_mcp/tools/get_churn_rate.py
 M src/jcodemunch_mcp/tools/get_file_outline.py
 M src/jcodemunch_mcp/tools/get_file_risk.py
 M src/jcodemunch_mcp/tools/get_file_tree.py
 M src/jcodemunch_mcp/tools/get_symbol_complexity.py
 M src/jcodemunch_mcp/tools/get_symbol_provenance.py
?? tests/test_generation_safe_hybrid.py","{""process_cpu_ms"": 31.25, ""runtime_distribution_version"": ""1.108.199"", ""target_policy"": ""middle stride target; repeated representative wins, outliers, and edge cases"", ""worker_pid"": 27172}"
django/django,django-3eb2e228,symbol_source_single,cold_generation_safe_hybrid_deep_order_balanced,get_symbol_source,target_symbols,generation_safe_hybrid,3,"{""repo"": ""local/django-3eb2e228"", ""symbol_id"": ""tests/db_functions/comparison/test_nullif.py::NullIfTests.test_basic#method""}",2,1,45561,2730,39505920,20.762,15.1657,73.04546768134091,1,1654,132841472,135921664,3080192,4bd281e69164260c096b148861e75cc4a2447ef9874c60f022dd76dc106cb524,274a1d494d11d87a1b767340d1f398f197810f93,2026-07-29T20:21:07.572944,1.108.207,c2201a55b6e1b0ea38043c514ab7bc3a372bad13,491d48d7d479279b6b5a67d51aa9d6ceb8a5c446abb992140c52e9c1b6662584,63a81eaf47ab83ae45c2e53b33f33c88998d26901e3a5bd37ababcaf86419595,1,wt-generation-safe-hybrid,175f8765c4949317d4f48614b8cdacd8c537ab2755c49f13f78a0b2b855cab96,"M src/jcodemunch_mcp/server.py
 M src/jcodemunch_mcp/storage/index_store.py
 M src/jcodemunch_mcp/storage/sqlite_store.py
 M src/jcodemunch_mcp/tools/check_references.py
 M src/jcodemunch_mcp/tools/find_references.py
 M src/jcodemunch_mcp/tools/get_blast_radius.py
 M src/jcodemunch_mcp/tools/get_churn_rate.py
 M src/jcodemunch_mcp/tools/get_file_outline.py
 M src/jcodemunch_mcp/tools/get_file_risk.py
 M src/jcodemunch_mcp/tools/get_file_tree.py
 M src/jcodemunch_mcp/tools/get_symbol_complexity.py
 M src/jcodemunch_mcp/tools/get_symbol_provenance.py
?? tests/test_generation_safe_hybrid.py","{""process_cpu_ms"": 31.25, ""runtime_distribution_version"": ""1.108.199"", ""target_policy"": ""middle stride target; repeated representative wins, outliers, and edge cases"", ""worker_pid"": 27172}"
django/django,django-3eb2e228,symbol_source_single,cold_generation_safe_hybrid_deep_order_balanced,get_symbol_source,target_symbols,baseline_full,3,"{""repo"": ""local/django-3eb2e228"", ""symbol_id"": ""tests/db_functions/comparison/test_nullif.py::NullIfTests.test_basic#method""}",2,2,45561,2730,39505920,379.3063,372.674,98.25146589972272,1,1655,202178560,261353472,59174912,4bd281e69164260c096b148861e75cc4a2447ef9874c60f022dd76dc106cb524,274a1d494d11d87a1b767340d1f398f197810f93,2026-07-29T20:21:07.572944,1.108.207,c2201a55b6e1b0ea38043c514ab7bc3a372bad13,491d48d7d479279b6b5a67d51aa9d6ceb8a5c446abb992140c52e9c1b6662584,63a81eaf47ab83ae45c2e53b33f33c88998d26901e3a5bd37ababcaf86419595,1,wt-1.108.207,e3b0c44298fc1c149afbf4c8996fb92427ae41e4649b934ca495991b7852b855,,"{""process_cpu_ms"": 375.0, ""runtime_distribution_version"": ""1.108.199"", ""target_policy"": ""middle stride target; repeated representative wins, outliers, and edge cases"", ""worker_pid"": 38724}"
django/django,django-3eb2e228,file_content,cold_generation_safe_hybrid_deep_order_balanced,get_file_content,target_files,generation_safe_hybrid,3,"{""file_path"": ""tests/custom_pk/fields.py"", ""max_content_results"": 20, ""repo"": ""local/django-3eb2e228"", ""search_content"": true}",2,1,45561,2730,39505920,16.9499,13.5634,80.02053109457873,1,3198,132780032,135299072,2519040,7916f0400c87e7e42e6f81f2885b1ef39cbdfd6876f3eb6e24308160f936297e,274a1d494d11d87a1b767340d1f398f197810f93,2026-07-29T20:21:07.572944,1.108.207,c2201a55b6e1b0ea38043c514ab7bc3a372bad13,491d48d7d479279b6b5a67d51aa9d6ceb8a5c446abb992140c52e9c1b6662584,63a81eaf47ab83ae45c2e53b33f33c88998d26901e3a5bd37ababcaf86419595,1,wt-generation-safe-hybrid,175f8765c4949317d4f48614b8cdacd8c537ab2755c49f13f78a0b2b855cab96,"M src/jcodemunch_mcp/server.py
 M src/jcodemunch_mcp/storage/index_store.py
 M src/jcodemunch_mcp/storage/sqlite_store.py
 M src/jcodemunch_mcp/tools/check_references.py
 M src/jcodemunch_mcp/tools/find_references.py
 M src/jcodemunch_mcp/tools/get_blast_radius.py
 M src/jcodemunch_mcp/tools/get_churn_rate.py
 M src/jcodemunch_mcp/tools/get_file_outline.py
 M src/jcodemunch_mcp/tools/get_file_risk.py
 M src/jcodemunch_mcp/tools/get_file_tree.py
 M src/jcodemunch_mcp/tools/get_symbol_complexity.py
 M src/jcodemunch_mcp/tools/get_symbol_provenance.py
?? tests/test_generation_safe_hybrid.py","{""process_cpu_ms"": 15.625, ""runtime_distribution_version"": ""1.108.199"", ""target_policy"": ""middle stride target; repeated representative wins, outliers, and edge cases"", ""worker_pid"": 27172}"
django/django,django-3eb2e228,file_content,cold_generation_safe_hybrid_deep_order_balanced,get_file_content,target_files,baseline_full,3,"{""file_path"": ""tests/custom_pk/fields.py"", ""max_content_results"": 20, ""repo"": ""local/django-3eb2e228"", ""search_content"": true}",2,2,45561,2730,39505920,400.3741,396.2177,98.9618709102312,1,3199,207560704,262311936,54751232,7916f0400c87e7e42e6f81f2885b1ef39cbdfd6876f3eb6e24308160f936297e,274a1d494d11d87a1b767340d1f398f197810f93,2026-07-29T20:21:07.572944,1.108.207,c2201a55b6e1b0ea38043c514ab7bc3a372bad13,491d48d7d479279b6b5a67d51aa9d6ceb8a5c446abb992140c52e9c1b6662584,63a81eaf47ab83ae45c2e53b33f33c88998d26901e3a5bd37ababcaf86419595,1,wt-1.108.207,e3b0c44298fc1c149afbf4c8996fb92427ae41e4649b934ca495991b7852b855,,"{""process_cpu_ms"": 406.25, ""runtime_distribution_version"": ""1.108.199"", ""target_policy"": ""middle stride target; repeated representative wins, outliers, and edge cases"", ""worker_pid"": 38724}"
django/django,django-3eb2e228,dependency_cycles,cold_generation_safe_hybrid_deep_order_balanced,get_dependency_cycles,all_files,generation_safe_hybrid,3,"{""repo"": ""local/django-3eb2e228""}",2,1,45561,2730,39505920,272.5074,13.9552,5.121035245281412,1,3549,134103040,136265728,2162688,59de29f5ff121883f746daee41dd101f5943660e6830d90323ab3f4a0ca42215,274a1d494d11d87a1b767340d1f398f197810f93,2026-07-29T20:21:07.572944,1.108.207,c2201a55b6e1b0ea38043c514ab7bc3a372bad13,491d48d7d479279b6b5a67d51aa9d6ceb8a5c446abb992140c52e9c1b6662584,63a81eaf47ab83ae45c2e53b33f33c88998d26901e3a5bd37ababcaf86419595,1,wt-generation-safe-hybrid,175f8765c4949317d4f48614b8cdacd8c537ab2755c49f13f78a0b2b855cab96,"M src/jcodemunch_mcp/server.py
 M src/jcodemunch_mcp/storage/index_store.py
 M src/jcodemunch_mcp/storage/sqlite_store.py
 M src/jcodemunch_mcp/tools/check_references.py
 M src/jcodemunch_mcp/tools/find_references.py
 M src/jcodemunch_mcp/tools/get_blast_radius.py
 M src/jcodemunch_mcp/tools/get_churn_rate.py
 M src/jcodemunch_mcp/tools/get_file_outline.py
 M src/jcodemunch_mcp/tools/get_file_risk.py
 M src/jcodemunch_mcp/tools/get_file_tree.py
 M src/jcodemunch_mcp/tools/get_symbol_complexity.py
 M src/jcodemunch_mcp/tools/get_symbol_provenance.py
?? tests/test_generation_safe_hybrid.py","{""process_cpu_ms"": 281.25, ""runtime_distribution_version"": ""1.108.199"", ""target_policy"": ""middle stride target; repeated representative wins, outliers, and edge cases"", ""worker_pid"": 27172}"
django/django,django-3eb2e228,dependency_cycles,cold_generation_safe_hybrid_deep_order_balanced,get_dependency_cycles,all_files,baseline_full,3,"{""repo"": ""local/django-3eb2e228""}",2,2,45561,2730,39505920,663.2801,401.1419,60.478506742475766,1,3549,208089088,262729728,54640640,59de29f5ff121883f746daee41dd101f5943660e6830d90323ab3f4a0ca42215,274a1d494d11d87a1b767340d1f398f197810f93,2026-07-29T20:21:07.572944,1.108.207,c2201a55b6e1b0ea38043c514ab7bc3a372bad13,491d48d7d479279b6b5a67d51aa9d6ceb8a5c446abb992140c52e9c1b6662584,63a81eaf47ab83ae45c2e53b33f33c88998d26901e3a5bd37ababcaf86419595,1,wt-1.108.207,e3b0c44298fc1c149afbf4c8996fb92427ae41e4649b934ca495991b7852b855,,"{""process_cpu_ms"": 671.875, ""runtime_distribution_version"": ""1.108.199"", ""target_policy"": ""middle stride target; repeated representative wins, outliers, and edge cases"", ""worker_pid"": 38724}"
django/django,django-3eb2e228,changed_symbols,cold_generation_safe_hybrid_deep_order_balanced,get_changed_symbols,metadata,generation_safe_hybrid,3,"{""include_blast_radius"": false, ""repo"": ""local/django-3eb2e228"", ""since_sha"": ""274a1d494d11d87a1b767340d1f398f197810f93"", ""until_sha"": ""274a1d494d11d87a1b767340d1f398f197810f93""}",2,1,45561,2730,39505920,103.9542,15.0772,14.503694896406301,1,539,135712768,136908800,1196032,7890ec2ac238cb084bbae498de22a373a175966b52963bc28f68d66e09b6c110,274a1d494d11d87a1b767340d1f398f197810f93,2026-07-29T20:21:07.572944,1.108.207,c2201a55b6e1b0ea38043c514ab7bc3a372bad13,491d48d7d479279b6b5a67d51aa9d6ceb8a5c446abb992140c52e9c1b6662584,63a81eaf47ab83ae45c2e53b33f33c88998d26901e3a5bd37ababcaf86419595,1,wt-generation-safe-hybrid,175f8765c4949317d4f48614b8cdacd8c537ab2755c49f13f78a0b2b855cab96,"M src/jcodemunch_mcp/server.py
 M src/jcodemunch_mcp/storage/index_store.py
 M src/jcodemunch_mcp/storage/sqlite_store.py
 M src/jcodemunch_mcp/tools/check_references.py
 M src/jcodemunch_mcp/tools/find_references.py
 M src/jcodemunch_mcp/tools/get_blast_radius.py
 M src/jcodemunch_mcp/tools/get_churn_rate.py
 M src/jcodemunch_mcp/tools/get_file_outline.py
 M src/jcodemunch_mcp/tools/get_file_risk.py
 M src/jcodemunch_mcp/tools/get_file_tree.py
 M src/jcodemunch_mcp/tools/get_symbol_complexity.py
 M src/jcodemunch_mcp/tools/get_symbol_provenance.py
?? tests/test_generation_safe_hybrid.py","{""process_cpu_ms"": 15.625, ""runtime_distribution_version"": ""1.108.199"", ""target_policy"": ""middle stride target; repeated representative wins, outliers, and edge cases"", ""worker_pid"": 27172}"
django/django,django-3eb2e228,changed_symbols,cold_generation_safe_hybrid_deep_order_balanced,get_changed_symbols,metadata,baseline_full,3,"{""include_blast_radius"": false, ""repo"": ""local/django-3eb2e228"", ""since_sha"": ""274a1d494d11d87a1b767340d1f398f197810f93"", ""until_sha"": ""274a1d494d11d87a1b767340d1f398f197810f93""}",2,2,45561,2730,39505920,500.1143,407.8734,81.55603629010409,1,539,209813504,260788224,50974720,7890ec2ac238cb084bbae498de22a373a175966b52963bc28f68d66e09b6c110,274a1d494d11d87a1b767340d1f398f197810f93,2026-07-29T20:21:07.572944,1.108.207,c2201a55b6e1b0ea38043c514ab7bc3a372bad13,491d48d7d479279b6b5a67d51aa9d6ceb8a5c446abb992140c52e9c1b6662584,63a81eaf47ab83ae45c2e53b33f33c88998d26901e3a5bd37ababcaf86419595,1,wt-1.108.207,e3b0c44298fc1c149afbf4c8996fb92427ae41e4649b934ca495991b7852b855,,"{""process_cpu_ms"": 406.25, ""runtime_distribution_version"": ""1.108.199"", ""target_policy"": ""middle stride target; repeated representative wins, outliers, and edge cases"", ""worker_pid"": 38724}"
django/django,django-3eb2e228,references_call_chain,cold_generation_safe_hybrid_deep_order_balanced,find_references,reference_call_chain,generation_safe_hybrid,3,"{""identifier"": ""test_basic"", ""include_call_chain"": true, ""repo"": ""local/django-3eb2e228""}",2,1,45561,2730,39505920,24.1502,13.0366,53.981333487921425,1,371,136671232,139395072,2723840,d2e21df97856d9f2bdf993813cb54ef3d6f1d7c7b0fd1fca3f0dff2557dbd764,274a1d494d11d87a1b767340d1f398f197810f93,2026-07-29T20:21:07.572944,1.108.207,c2201a55b6e1b0ea38043c514ab7bc3a372bad13,491d48d7d479279b6b5a67d51aa9d6ceb8a5c446abb992140c52e9c1b6662584,63a81eaf47ab83ae45c2e53b33f33c88998d26901e3a5bd37ababcaf86419595,1,wt-generation-safe-hybrid,175f8765c4949317d4f48614b8cdacd8c537ab2755c49f13f78a0b2b855cab96,"M src/jcodemunch_mcp/server.py
 M src/jcodemunch_mcp/storage/index_store.py
 M src/jcodemunch_mcp/storage/sqlite_store.py
 M src/jcodemunch_mcp/tools/check_references.py
 M src/jcodemunch_mcp/tools/find_references.py
 M src/jcodemunch_mcp/tools/get_blast_radius.py
 M src/jcodemunch_mcp/tools/get_churn_rate.py
 M src/jcodemunch_mcp/tools/get_file_outline.py
 M src/jcodemunch_mcp/tools/get_file_risk.py
 M src/jcodemunch_mcp/tools/get_file_tree.py
 M src/jcodemunch_mcp/tools/get_symbol_complexity.py
 M src/jcodemunch_mcp/tools/get_symbol_provenance.py
?? tests/test_generation_safe_hybrid.py","{""process_cpu_ms"": 15.625, ""runtime_distribution_version"": ""1.108.199"", ""target_policy"": ""middle stride target; repeated representative wins, outliers, and edge cases"", ""worker_pid"": 27172}"
django/django,django-3eb2e228,references_call_chain,cold_generation_safe_hybrid_deep_order_balanced,find_references,reference_call_chain,baseline_full,3,"{""identifier"": ""test_basic"", ""include_call_chain"": true, ""repo"": ""local/django-3eb2e228""}",2,2,45561,2730,39505920,419.6583,407.2669,97.04726440535075,1,372,214016000,261795840,47779840,d2e21df97856d9f2bdf993813cb54ef3d6f1d7c7b0fd1fca3f0dff2557dbd764,274a1d494d11d87a1b767340d1f398f197810f93,2026-07-29T20:21:07.572944,1.108.207,c2201a55b6e1b0ea38043c514ab7bc3a372bad13,491d48d7d479279b6b5a67d51aa9d6ceb8a5c446abb992140c52e9c1b6662584,63a81eaf47ab83ae45c2e53b33f33c88998d26901e3a5bd37ababcaf86419595,1,wt-1.108.207,e3b0c44298fc1c149afbf4c8996fb92427ae41e4649b934ca495991b7852b855,,"{""process_cpu_ms"": 421.875, ""runtime_distribution_version"": ""1.108.199"", ""target_policy"": ""middle stride target; repeated representative wins, outliers, and edge cases"", ""worker_pid"": 38724}"
django/django,django-3eb2e228,cross_repo_map_filtered,cold_generation_safe_hybrid_deep_order_balanced,get_cross_repo_map,all_files,generation_safe_hybrid,3,"{""repo"": ""local/django-3eb2e228""}",2,1,45561,2730,39505920,173.0487,15.9872,9.238555389321041,1,265,138792960,138825728,32768,0ec037b4d1d0761d12ee860dab7d0b88749cf86caa2a3376080c7c040a47e7ac,274a1d494d11d87a1b767340d1f398f197810f93,2026-07-29T20:21:07.572944,1.108.207,c2201a55b6e1b0ea38043c514ab7bc3a372bad13,491d48d7d479279b6b5a67d51aa9d6ceb8a5c446abb992140c52e9c1b6662584,63a81eaf47ab83ae45c2e53b33f33c88998d26901e3a5bd37ababcaf86419595,1,wt-generation-safe-hybrid,175f8765c4949317d4f48614b8cdacd8c537ab2755c49f13f78a0b2b855cab96,"M src/jcodemunch_mcp/server.py
 M src/jcodemunch_mcp/storage/index_store.py
 M src/jcodemunch_mcp/storage/sqlite_store.py
 M src/jcodemunch_mcp/tools/check_references.py
 M src/jcodemunch_mcp/tools/find_references.py
 M src/jcodemunch_mcp/tools/get_blast_radius.py
 M src/jcodemunch_mcp/tools/get_churn_rate.py
 M src/jcodemunch_mcp/tools/get_file_outline.py
 M src/jcodemunch_mcp/tools/get_file_risk.py
 M src/jcodemunch_mcp/tools/get_file_tree.py
 M src/jcodemunch_mcp/tools/get_symbol_complexity.py
 M src/jcodemunch_mcp/tools/get_symbol_provenance.py
?? tests/test_generation_safe_hybrid.py","{""process_cpu_ms"": 171.875, ""runtime_distribution_version"": ""1.108.199"", ""target_policy"": ""middle stride target; repeated representative wins, outliers, and edge cases"", ""worker_pid"": 27172}"
django/django,django-3eb2e228,cross_repo_map_filtered,cold_generation_safe_hybrid_deep_order_balanced,get_cross_repo_map,all_files,baseline_full,3,"{""repo"": ""local/django-3eb2e228""}",2,2,45561,2730,39505920,567.4475,411.311,72.48441485776218,1,265,214331392,262639616,48308224,0ec037b4d1d0761d12ee860dab7d0b88749cf86caa2a3376080c7c040a47e7ac,274a1d494d11d87a1b767340d1f398f197810f93,2026-07-29T20:21:07.572944,1.108.207,c2201a55b6e1b0ea38043c514ab7bc3a372bad13,491d48d7d479279b6b5a67d51aa9d6ceb8a5c446abb992140c52e9c1b6662584,63a81eaf47ab83ae45c2e53b33f33c88998d26901e3a5bd37ababcaf86419595,1,wt-1.108.207,e3b0c44298fc1c149afbf4c8996fb92427ae41e4649b934ca495991b7852b855,,"{""process_cpu_ms"": 562.5, ""runtime_distribution_version"": ""1.108.199"", ""target_policy"": ""middle stride target; repeated representative wins, outliers, and edge cases"", ""worker_pid"": 38724}"
fastapi/fastapi,fastapi-c1d6b9c4,symbol_source_single,cold_generation_safe_hybrid_deep_order_balanced,get_symbol_source,target_symbols,generation_safe_hybrid,3,"{""repo"": ""local/fastapi-c1d6b9c4"", ""symbol_id"": ""docs_src/body_multiple_params/tutorial002_py310.py::User.username#field""}",2,1,13405,1191,14544896,10.7018,5.8452,54.61884916556093,1,977,136323072,136376320,53248,1ab8ff051ea316b69169e5e1747d2f5232e2ece543707c9a147d490870a48f1c,95f8322ee1dcda7ceace7b1c4f6c9915b36d748f,2026-07-29T20:20:52.765681,1.108.207,c2201a55b6e1b0ea38043c514ab7bc3a372bad13,491d48d7d479279b6b5a67d51aa9d6ceb8a5c446abb992140c52e9c1b6662584,63a81eaf47ab83ae45c2e53b33f33c88998d26901e3a5bd37ababcaf86419595,1,wt-generation-safe-hybrid,175f8765c4949317d4f48614b8cdacd8c537ab2755c49f13f78a0b2b855cab96,"M src/jcodemunch_mcp/server.py
 M src/jcodemunch_mcp/storage/index_store.py
 M src/jcodemunch_mcp/storage/sqlite_store.py
 M src/jcodemunch_mcp/tools/check_references.py
 M src/jcodemunch_mcp/tools/find_references.py
 M src/jcodemunch_mcp/tools/get_blast_radius.py
 M src/jcodemunch_mcp/tools/get_churn_rate.py
 M src/jcodemunch_mcp/tools/get_file_outline.py
 M src/jcodemunch_mcp/tools/get_file_risk.py
 M src/jcodemunch_mcp/tools/get_file_tree.py
 M src/jcodemunch_mcp/tools/get_symbol_complexity.py
 M src/jcodemunch_mcp/tools/get_symbol_provenance.py
?? tests/test_generation_safe_hybrid.py","{""process_cpu_ms"": 15.625, ""runtime_distribution_version"": ""1.108.199"", ""target_policy"": ""middle stride target; repeated representative wins, outliers, and edge cases"", ""worker_pid"": 27172}"
fastapi/fastapi,fastapi-c1d6b9c4,symbol_source_single,cold_generation_safe_hybrid_deep_order_balanced,get_symbol_source,target_symbols,baseline_full,3,"{""repo"": ""local/fastapi-c1d6b9c4"", ""symbol_id"": ""docs_src/body_multiple_params/tutorial002_py310.py::User.username#field""}",2,2,13405,1191,14544896,105.356,100.8342,95.7080754774289,1,979,210432000,222396416,11964416,1ab8ff051ea316b69169e5e1747d2f5232e2ece543707c9a147d490870a48f1c,95f8322ee1dcda7ceace7b1c4f6c9915b36d748f,2026-07-29T20:20:52.765681,1.108.207,c2201a55b6e1b0ea38043c514ab7bc3a372bad13,491d48d7d479279b6b5a67d51aa9d6ceb8a5c446abb992140c52e9c1b6662584,63a81eaf47ab83ae45c2e53b33f33c88998d26901e3a5bd37ababcaf86419595,1,wt-1.108.207,e3b0c44298fc1c149afbf4c8996fb92427ae41e4649b934ca495991b7852b855,,"{""process_cpu_ms"": 218.75, ""runtime_distribution_version"": ""1.108.199"", ""target_policy"": ""middle stride target; repeated representative wins, outliers, and edge cases"", ""worker_pid"": 38724}"
fastapi/fastapi,fastapi-c1d6b9c4,file_content,cold_generation_safe_hybrid_deep_order_balanced,get_file_content,target_files,generation_safe_hybrid,3,"{""file_path"": ""scripts/topic_repos.py"", ""max_content_results"": 20, ""repo"": ""local/fastapi-c1d6b9c4"", ""search_content"": true}",2,1,13405,1191,14544896,9.7326,5.9134,60.758687298358105,1,4603,135880704,136036352,155648,e6b150aaacc47f2339b7af496b0dd762b590901d8ab42c3c364b15c4758eafdb,95f8322ee1dcda7ceace7b1c4f6c9915b36d748f,2026-07-29T20:20:52.765681,1.108.207,c2201a55b6e1b0ea38043c514ab7bc3a372bad13,491d48d7d479279b6b5a67d51aa9d6ceb8a5c446abb992140c52e9c1b6662584,63a81eaf47ab83ae45c2e53b33f33c88998d26901e3a5bd37ababcaf86419595,1,wt-generation-safe-hybrid,175f8765c4949317d4f48614b8cdacd8c537ab2755c49f13f78a0b2b855cab96,"M src/jcodemunch_mcp/server.py
 M src/jcodemunch_mcp/storage/index_store.py
 M src/jcodemunch_mcp/storage/sqlite_store.py
 M src/jcodemunch_mcp/tools/check_references.py
 M src/jcodemunch_mcp/tools/find_references.py
 M src/jcodemunch_mcp/tools/get_blast_radius.py
 M src/jcodemunch_mcp/tools/get_churn_rate.py
 M src/jcodemunch_mcp/tools/get_file_outline.py
 M src/jcodemunch_mcp/tools/get_file_risk.py
 M src/jcodemunch_mcp/tools/get_file_tree.py
 M src/jcodemunch_mcp/tools/get_symbol_complexity.py
 M src/jcodemunch_mcp/tools/get_symbol_provenance.py
?? tests/test_generation_safe_hybrid.py","{""process_cpu_ms"": 15.625, ""runtime_distribution_version"": ""1.108.199"", ""target_policy"": ""middle stride target; repeated representative wins, outliers, and edge cases"", ""worker_pid"": 27172}"
fastapi/fastapi,fastapi-c1d6b9c4,file_content,cold_generation_safe_hybrid_deep_order_balanced,get_file_content,target_files,baseline_full,3,"{""file_path"": ""scripts/topic_repos.py"", ""max_content_results"": 20, ""repo"": ""local/fastapi-c1d6b9c4"", ""search_content"": true}",2,2,13405,1191,14544896,97.7168,94.2057,96.40686146087468,1,4604,210276352,221491200,11214848,e6b150aaacc47f2339b7af496b0dd762b590901d8ab42c3c364b15c4758eafdb,95f8322ee1dcda7ceace7b1c4f6c9915b36d748f,2026-07-29T20:20:52.765681,1.108.207,c2201a55b6e1b0ea38043c514ab7bc3a372bad13,491d48d7d479279b6b5a67d51aa9d6ceb8a5c446abb992140c52e9c1b6662584,63a81eaf47ab83ae45c2e53b33f33c88998d26901e3a5bd37ababcaf86419595,1,wt-1.108.207,e3b0c44298fc1c149afbf4c8996fb92427ae41e4649b934ca495991b7852b855,,"{""process_cpu_ms"": 109.375, ""runtime_distribution_version"": ""1.108.199"", ""target_policy"": ""middle stride target; repeated representative wins, outliers, and edge cases"", ""worker_pid"": 38724}"
fastapi/fastapi,fastapi-c1d6b9c4,dependency_cycles,cold_generation_safe_hybrid_deep_order_balanced,get_dependency_cycles,all_files,generation_safe_hybrid,3,"{""repo"": ""local/fastapi-c1d6b9c4""}",2,1,13405,1191,14544896,70.3551,5.8863,8.366557648272835,1,150,136261632,136536064,274432,b4505d7c162d3d5d8dcc718e36432d7e00040ee0e9831ae8b966e2f16eeb55bb,95f8322ee1dcda7ceace7b1c4f6c9915b36d748f,2026-07-29T20:20:52.765681,1.108.207,c2201a55b6e1b0ea38043c514ab7bc3a372bad13,491d48d7d479279b6b5a67d51aa9d6ceb8a5c446abb992140c52e9c1b6662584,63a81eaf47ab83ae45c2e53b33f33c88998d26901e3a5bd37ababcaf86419595,1,wt-generation-safe-hybrid,175f8765c4949317d4f48614b8cdacd8c537ab2755c49f13f78a0b2b855cab96,"M src/jcodemunch_mcp/server.py
 M src/jcodemunch_mcp/storage/index_store.py
 M src/jcodemunch_mcp/storage/sqlite_store.py
 M src/jcodemunch_mcp/tools/check_references.py
 M src/jcodemunch_mcp/tools/find_references.py
 M src/jcodemunch_mcp/tools/get_blast_radius.py
 M src/jcodemunch_mcp/tools/get_churn_rate.py
 M src/jcodemunch_mcp/tools/get_file_outline.py
 M src/jcodemunch_mcp/tools/get_file_risk.py
 M src/jcodemunch_mcp/tools/get_file_tree.py
 M src/jcodemunch_mcp/tools/get_symbol_complexity.py
 M src/jcodemunch_mcp/tools/get_symbol_provenance.py
?? tests/test_generation_safe_hybrid.py","{""process_cpu_ms"": 62.5, ""runtime_distribution_version"": ""1.108.199"", ""target_policy"": ""middle stride target; repeated representative wins, outliers, and edge cases"", ""worker_pid"": 27172}"
fastapi/fastapi,fastapi-c1d6b9c4,dependency_cycles,cold_generation_safe_hybrid_deep_order_balanced,get_dependency_cycles,all_files,baseline_full,3,"{""repo"": ""local/fastapi-c1d6b9c4""}",2,2,13405,1191,14544896,157.2088,93.3313,59.3677325951219,1,151,207572992,217776128,10203136,b4505d7c162d3d5d8dcc718e36432d7e00040ee0e9831ae8b966e2f16eeb55bb,95f8322ee1dcda7ceace7b1c4f6c9915b36d748f,2026-07-29T20:20:52.765681,1.108.207,c2201a55b6e1b0ea38043c514ab7bc3a372bad13,491d48d7d479279b6b5a67d51aa9d6ceb8a5c446abb992140c52e9c1b6662584,63a81eaf47ab83ae45c2e53b33f33c88998d26901e3a5bd37ababcaf86419595,1,wt-1.108.207,e3b0c44298fc1c149afbf4c8996fb92427ae41e4649b934ca495991b7852b855,,"{""process_cpu_ms"": 156.25, ""runtime_distribution_version"": ""1.108.199"", ""target_policy"": ""middle stride target; repeated representative wins, outliers, and edge cases"", ""worker_pid"": 38724}"
fastapi/fastapi,fastapi-c1d6b9c4,changed_symbols,cold_generation_safe_hybrid_deep_order_balanced,get_changed_symbols,metadata,generation_safe_hybrid,3,"{""include_blast_radius"": false, ""repo"": ""local/fastapi-c1d6b9c4"", ""since_sha"": ""95f8322ee1dcda7ceace7b1c4f6c9915b36d748f"", ""until_sha"": ""95f8322ee1dcda7ceace7b1c4f6c9915b36d748f""}",2,1,13405,1191,14544896,143.0784,7.363,5.146129674360352,1,539,135467008,135729152,262144,567cf452d846b80d813f45d9d15d929e4cbfda9503c77f60a1f8052421559b2d,95f8322ee1dcda7ceace7b1c4f6c9915b36d748f,2026-07-29T20:20:52.765681,1.108.207,c2201a55b6e1b0ea38043c514ab7bc3a372bad13,491d48d7d479279b6b5a67d51aa9d6ceb8a5c446abb992140c52e9c1b6662584,63a81eaf47ab83ae45c2e53b33f33c88998d26901e3a5bd37ababcaf86419595,1,wt-generation-safe-hybrid,175f8765c4949317d4f48614b8cdacd8c537ab2755c49f13f78a0b2b855cab96,"M src/jcodemunch_mcp/server.py
 M src/jcodemunch_mcp/storage/index_store.py
 M src/jcodemunch_mcp/storage/sqlite_store.py
 M src/jcodemunch_mcp/tools/check_references.py
 M src/jcodemunch_mcp/tools/find_references.py
 M src/jcodemunch_mcp/tools/get_blast_radius.py
 M src/jcodemunch_mcp/tools/get_churn_rate.py
 M src/jcodemunch_mcp/tools/get_file_outline.py
 M src/jcodemunch_mcp/tools/get_file_risk.py
 M src/jcodemunch_mcp/tools/get_file_tree.py
 M src/jcodemunch_mcp/tools/get_symbol_complexity.py
 M src/jcodemunch_mcp/tools/get_symbol_provenance.py
?? tests/test_generation_safe_hybrid.py","{""process_cpu_ms"": 109.375, ""runtime_distribution_version"": ""1.108.199"", ""target_policy"": ""middle stride target; repeated representative wins, outliers, and edge cases"", ""worker_pid"": 27172}"
fastapi/fastapi,fastapi-c1d6b9c4,changed_symbols,cold_generation_safe_hybrid_deep_order_balanced,get_changed_symbols,metadata,baseline_full,3,"{""include_blast_radius"": false, ""repo"": ""local/fastapi-c1d6b9c4"", ""since_sha"": ""95f8322ee1dcda7ceace7b1c4f6c9915b36d748f"", ""until_sha"": ""95f8322ee1dcda7ceace7b1c4f6c9915b36d748f""}",2,2,13405,1191,14544896,190.5575,100.0118,52.483790981724674,1,539,204382208,216064000,11681792,567cf452d846b80d813f45d9d15d929e4cbfda9503c77f60a1f8052421559b2d,95f8322ee1dcda7ceace7b1c4f6c9915b36d748f,2026-07-29T20:20:52.765681,1.108.207,c2201a55b6e1b0ea38043c514ab7bc3a372bad13,491d48d7d479279b6b5a67d51aa9d6ceb8a5c446abb992140c52e9c1b6662584,63a81eaf47ab83ae45c2e53b33f33c88998d26901e3a5bd37ababcaf86419595,1,wt-1.108.207,e3b0c44298fc1c149afbf4c8996fb92427ae41e4649b934ca495991b7852b855,,"{""process_cpu_ms"": 109.375, ""runtime_distribution_version"": ""1.108.199"", ""target_policy"": ""middle stride target; repeated representative wins, outliers, and edge cases"", ""worker_pid"": 38724}"
fastapi/fastapi,fastapi-c1d6b9c4,references_call_chain,cold_generation_safe_hybrid_deep_order_balanced,find_references,reference_call_chain,generation_safe_hybrid,3,"{""identifier"": ""username"", ""include_call_chain"": true, ""repo"": ""local/fastapi-c1d6b9c4""}",2,1,13405,1191,14544896,13.1538,7.9749,60.62810746704375,1,370,134742016,134885376,143360,eb503f009166d546afe5671bb0b18665894f6e8f47fa78a937396526794b0681,95f8322ee1dcda7ceace7b1c4f6c9915b36d748f,2026-07-29T20:20:52.765681,1.108.207,c2201a55b6e1b0ea38043c514ab7bc3a372bad13,491d48d7d479279b6b5a67d51aa9d6ceb8a5c446abb992140c52e9c1b6662584,63a81eaf47ab83ae45c2e53b33f33c88998d26901e3a5bd37ababcaf86419595,1,wt-generation-safe-hybrid,175f8765c4949317d4f48614b8cdacd8c537ab2755c49f13f78a0b2b855cab96,"M src/jcodemunch_mcp/server.py
 M src/jcodemunch_mcp/storage/index_store.py
 M src/jcodemunch_mcp/storage/sqlite_store.py
 M src/jcodemunch_mcp/tools/check_references.py
 M src/jcodemunch_mcp/tools/find_references.py
 M src/jcodemunch_mcp/tools/get_blast_radius.py
 M src/jcodemunch_mcp/tools/get_churn_rate.py
 M src/jcodemunch_mcp/tools/get_file_outline.py
 M src/jcodemunch_mcp/tools/get_file_risk.py
 M src/jcodemunch_mcp/tools/get_file_tree.py
 M src/jcodemunch_mcp/tools/get_symbol_complexity.py
 M src/jcodemunch_mcp/tools/get_symbol_provenance.py
?? tests/test_generation_safe_hybrid.py","{""process_cpu_ms"": 15.625, ""runtime_distribution_version"": ""1.108.199"", ""target_policy"": ""middle stride target; repeated representative wins, outliers, and edge cases"", ""worker_pid"": 27172}"
fastapi/fastapi,fastapi-c1d6b9c4,references_call_chain,cold_generation_safe_hybrid_deep_order_balanced,find_references,reference_call_chain,baseline_full,3,"{""identifier"": ""username"", ""include_call_chain"": true, ""repo"": ""local/fastapi-c1d6b9c4""}",2,2,13405,1191,14544896,110.216,104.277,94.61149016476737,1,371,203665408,214929408,11264000,eb503f009166d546afe5671bb0b18665894f6e8f47fa78a937396526794b0681,95f8322ee1dcda7ceace7b1c4f6c9915b36d748f,2026-07-29T20:20:52.765681,1.108.207,c2201a55b6e1b0ea38043c514ab7bc3a372bad13,491d48d7d479279b6b5a67d51aa9d6ceb8a5c446abb992140c52e9c1b6662584,63a81eaf47ab83ae45c2e53b33f33c88998d26901e3a5bd37ababcaf86419595,1,wt-1.108.207,e3b0c44298fc1c149afbf4c8996fb92427ae41e4649b934ca495991b7852b855,,"{""process_cpu_ms"": 109.375, ""runtime_distribution_version"": ""1.108.199"", ""target_policy"": ""middle stride target; repeated representative wins, outliers, and edge cases"", ""worker_pid"": 38724}"
fastapi/fastapi,fastapi-c1d6b9c4,cross_repo_map_filtered,cold_generation_safe_hybrid_deep_order_balanced,get_cross_repo_map,all_files,generation_safe_hybrid,3,"{""repo"": ""local/fastapi-c1d6b9c4""}",2,1,13405,1191,14544896,165.0108,7.7934,4.722963587837888,1,256,133525504,134688768,1163264,2b2ef1fab520c827a3857c1a2daebdae1bec39eb43634735481fb2341cc4fa82,95f8322ee1dcda7ceace7b1c4f6c9915b36d748f,2026-07-29T20:20:52.765681,1.108.207,c2201a55b6e1b0ea38043c514ab7bc3a372bad13,491d48d7d479279b6b5a67d51aa9d6ceb8a5c446abb992140c52e9c1b6662584,63a81eaf47ab83ae45c2e53b33f33c88998d26901e3a5bd37ababcaf86419595,1,wt-generation-safe-hybrid,175f8765c4949317d4f48614b8cdacd8c537ab2755c49f13f78a0b2b855cab96,"M src/jcodemunch_mcp/server.py
 M src/jcodemunch_mcp/storage/index_store.py
 M src/jcodemunch_mcp/storage/sqlite_store.py
 M src/jcodemunch_mcp/tools/check_references.py
 M src/jcodemunch_mcp/tools/find_references.py
 M src/jcodemunch_mcp/tools/get_blast_radius.py
 M src/jcodemunch_mcp/tools/get_churn_rate.py
 M src/jcodemunch_mcp/tools/get_file_outline.py
 M src/jcodemunch_mcp/tools/get_file_risk.py
 M src/jcodemunch_mcp/tools/get_file_tree.py
 M src/jcodemunch_mcp/tools/get_symbol_complexity.py
 M src/jcodemunch_mcp/tools/get_symbol_provenance.py
?? tests/test_generation_safe_hybrid.py","{""process_cpu_ms"": 171.875, ""runtime_distribution_version"": ""1.108.199"", ""target_policy"": ""middle stride target; repeated representative wins, outliers, and edge cases"", ""worker_pid"": 27172}"
fastapi/fastapi,fastapi-c1d6b9c4,cross_repo_map_filtered,cold_generation_safe_hybrid_deep_order_balanced,get_cross_repo_map,all_files,baseline_full,3,"{""repo"": ""local/fastapi-c1d6b9c4""}",2,2,13405,1191,14544896,254.2164,103.4552,40.695722227204854,1,256,203685888,215908352,12222464,2b2ef1fab520c827a3857c1a2daebdae1bec39eb43634735481fb2341cc4fa82,95f8322ee1dcda7ceace7b1c4f6c9915b36d748f,2026-07-29T20:20:52.765681,1.108.207,c2201a55b6e1b0ea38043c514ab7bc3a372bad13,491d48d7d479279b6b5a67d51aa9d6ceb8a5c446abb992140c52e9c1b6662584,63a81eaf47ab83ae45c2e53b33f33c88998d26901e3a5bd37ababcaf86419595,1,wt-1.108.207,e3b0c44298fc1c149afbf4c8996fb92427ae41e4649b934ca495991b7852b855,,"{""process_cpu_ms"": 250.0, ""runtime_distribution_version"": ""1.108.199"", ""target_policy"": ""middle stride target; repeated representative wins, outliers, and edge cases"", ""worker_pid"": 38724}"
expressjs/express,express-080294c3,references_call_chain,cold_generation_safe_hybrid_deep_order_balanced,find_references,reference_call_chain,generation_safe_hybrid,3,"{""identifier"": ""name"", ""include_call_chain"": true, ""repo"": ""local/express-080294c3""}",2,1,471,172,507904,4.4477,1.4325,32.20765789059514,1,365,134742016,134742016,0,829edb94ddc8b3ebb40b5dcc7523467a108cb824cf1b00f8c72da8dcbd0b199e,a3714473feb3d2908add734d340e7755fd85e0a3,2026-07-29T20:20:41.130953,1.108.207,c2201a55b6e1b0ea38043c514ab7bc3a372bad13,491d48d7d479279b6b5a67d51aa9d6ceb8a5c446abb992140c52e9c1b6662584,63a81eaf47ab83ae45c2e53b33f33c88998d26901e3a5bd37ababcaf86419595,1,wt-generation-safe-hybrid,175f8765c4949317d4f48614b8cdacd8c537ab2755c49f13f78a0b2b855cab96,"M src/jcodemunch_mcp/server.py
 M src/jcodemunch_mcp/storage/index_store.py
 M src/jcodemunch_mcp/storage/sqlite_store.py
 M src/jcodemunch_mcp/tools/check_references.py
 M src/jcodemunch_mcp/tools/find_references.py
 M src/jcodemunch_mcp/tools/get_blast_radius.py
 M src/jcodemunch_mcp/tools/get_churn_rate.py
 M src/jcodemunch_mcp/tools/get_file_outline.py
 M src/jcodemunch_mcp/tools/get_file_risk.py
 M src/jcodemunch_mcp/tools/get_file_tree.py
 M src/jcodemunch_mcp/tools/get_symbol_complexity.py
 M src/jcodemunch_mcp/tools/get_symbol_provenance.py
?? tests/test_generation_safe_hybrid.py","{""process_cpu_ms"": 15.625, ""runtime_distribution_version"": ""1.108.199"", ""target_policy"": ""middle stride target; repeated representative wins, outliers, and edge cases"", ""worker_pid"": 27172}"
expressjs/express,express-080294c3,references_call_chain,cold_generation_safe_hybrid_deep_order_balanced,find_references,reference_call_chain,baseline_full,3,"{""identifier"": ""name"", ""include_call_chain"": true, ""repo"": ""local/express-080294c3""}",2,2,471,172,507904,7.3133,4.234,57.89452094129873,1,365,203325440,203444224,118784,829edb94ddc8b3ebb40b5dcc7523467a108cb824cf1b00f8c72da8dcbd0b199e,a3714473feb3d2908add734d340e7755fd85e0a3,2026-07-29T20:20:41.130953,1.108.207,c2201a55b6e1b0ea38043c514ab7bc3a372bad13,491d48d7d479279b6b5a67d51aa9d6ceb8a5c446abb992140c52e9c1b6662584,63a81eaf47ab83ae45c2e53b33f33c88998d26901e3a5bd37ababcaf86419595,1,wt-1.108.207,e3b0c44298fc1c149afbf4c8996fb92427ae41e4649b934ca495991b7852b855,,"{""process_cpu_ms"": 0.0, ""runtime_distribution_version"": ""1.108.199"", ""target_policy"": ""middle stride target; repeated representative wins, outliers, and edge cases"", ""worker_pid"": 38724}"
expressjs/express,express-080294c3,changed_symbols_blast,cold_generation_safe_hybrid_deep_order_balanced,get_changed_symbols,all_files,generation_safe_hybrid,3,"{""include_blast_radius"": true, ""repo"": ""local/express-080294c3"", ""since_sha"": ""a3714473feb3d2908add734d340e7755fd85e0a3"", ""until_sha"": ""a3714473feb3d2908add734d340e7755fd85e0a3""}",2,1,471,172,507904,91.6424,1.643,1.7928382495438795,1,538,134742016,134742016,0,19b90ce501c4f89468cf324af26a45f4909661dfad12b8a2a1a692e675bfbe42,a3714473feb3d2908add734d340e7755fd85e0a3,2026-07-29T20:20:41.130953,1.108.207,c2201a55b6e1b0ea38043c514ab7bc3a372bad13,491d48d7d479279b6b5a67d51aa9d6ceb8a5c446abb992140c52e9c1b6662584,63a81eaf47ab83ae45c2e53b33f33c88998d26901e3a5bd37ababcaf86419595,1,wt-generation-safe-hybrid,175f8765c4949317d4f48614b8cdacd8c537ab2755c49f13f78a0b2b855cab96,"M src/jcodemunch_mcp/server.py
 M src/jcodemunch_mcp/storage/index_store.py
 M src/jcodemunch_mcp/storage/sqlite_store.py
 M src/jcodemunch_mcp/tools/check_references.py
 M src/jcodemunch_mcp/tools/find_references.py
 M src/jcodemunch_mcp/tools/get_blast_radius.py
 M src/jcodemunch_mcp/tools/get_churn_rate.py
 M src/jcodemunch_mcp/tools/get_file_outline.py
 M src/jcodemunch_mcp/tools/get_file_risk.py
 M src/jcodemunch_mcp/tools/get_file_tree.py
 M src/jcodemunch_mcp/tools/get_symbol_complexity.py
 M src/jcodemunch_mcp/tools/get_symbol_provenance.py
?? tests/test_generation_safe_hybrid.py","{""process_cpu_ms"": 15.625, ""runtime_distribution_version"": ""1.108.199"", ""target_policy"": ""middle stride target; repeated representative wins, outliers, and edge cases"", ""worker_pid"": 27172}"
expressjs/express,express-080294c3,changed_symbols_blast,cold_generation_safe_hybrid_deep_order_balanced,get_changed_symbols,all_files,baseline_full,3,"{""include_blast_radius"": true, ""repo"": ""local/express-080294c3"", ""since_sha"": ""a3714473feb3d2908add734d340e7755fd85e0a3"", ""until_sha"": ""a3714473feb3d2908add734d340e7755fd85e0a3""}",2,2,471,172,507904,142.9836,4.4883,3.1390313294671555,1,539,203452416,203452416,0,19b90ce501c4f89468cf324af26a45f4909661dfad12b8a2a1a692e675bfbe42,a3714473feb3d2908add734d340e7755fd85e0a3,2026-07-29T20:20:41.130953,1.108.207,c2201a55b6e1b0ea38043c514ab7bc3a372bad13,491d48d7d479279b6b5a67d51aa9d6ceb8a5c446abb992140c52e9c1b6662584,63a81eaf47ab83ae45c2e53b33f33c88998d26901e3a5bd37ababcaf86419595,1,wt-1.108.207,e3b0c44298fc1c149afbf4c8996fb92427ae41e4649b934ca495991b7852b855,,"{""process_cpu_ms"": 15.625, ""runtime_distribution_version"": ""1.108.199"", ""target_policy"": ""middle stride target; repeated representative wins, outliers, and edge cases"", ""worker_pid"": 38724}"
expressjs/express,express-080294c3,churn_symbol,cold_generation_safe_hybrid_deep_order_balanced,get_churn_rate,target_symbols,generation_safe_hybrid,3,"{""days"": 30, ""repo"": ""local/express-080294c3"", ""target"": "".github/workflows/scorecard.yml::jobs.analysis.name#constant""}",2,1,471,172,507904,57.8511,1.7878,3.0903474609817274,1,586,134746112,134746112,0,0107a985a684f4be4d432e57eecc7686b5091b8a3e1791b61e519717743bb1ed,a3714473feb3d2908add734d340e7755fd85e0a3,2026-07-29T20:20:41.130953,1.108.207,c2201a55b6e1b0ea38043c514ab7bc3a372bad13,491d48d7d479279b6b5a67d51aa9d6ceb8a5c446abb992140c52e9c1b6662584,63a81eaf47ab83ae45c2e53b33f33c88998d26901e3a5bd37ababcaf86419595,1,wt-generation-safe-hybrid,175f8765c4949317d4f48614b8cdacd8c537ab2755c49f13f78a0b2b855cab96,"M src/jcodemunch_mcp/server.py
 M src/jcodemunch_mcp/storage/index_store.py
 M src/jcodemunch_mcp/storage/sqlite_store.py
 M src/jcodemunch_mcp/tools/check_references.py
 M src/jcodemunch_mcp/tools/find_references.py
 M src/jcodemunch_mcp/tools/get_blast_radius.py
 M src/jcodemunch_mcp/tools/get_churn_rate.py
 M src/jcodemunch_mcp/tools/get_file_outline.py
 M src/jcodemunch_mcp/tools/get_file_risk.py
 M src/jcodemunch_mcp/tools/get_file_tree.py
 M src/jcodemunch_mcp/tools/get_symbol_complexity.py
 M src/jcodemunch_mcp/tools/get_symbol_provenance.py
?? tests/test_generation_safe_hybrid.py","{""process_cpu_ms"": 15.625, ""runtime_distribution_version"": ""1.108.199"", ""target_policy"": ""middle stride target; repeated representative wins, outliers, and edge cases"", ""worker_pid"": 27172}"
expressjs/express,express-080294c3,churn_symbol,cold_generation_safe_hybrid_deep_order_balanced,get_churn_rate,target_symbols,baseline_full,3,"{""days"": 30, ""repo"": ""local/express-080294c3"", ""target"": "".github/workflows/scorecard.yml::jobs.analysis.name#constant""}",2,2,471,172,507904,58.7643,4.322,7.354805553712033,1,586,203452416,203452416,0,0107a985a684f4be4d432e57eecc7686b5091b8a3e1791b61e519717743bb1ed,a3714473feb3d2908add734d340e7755fd85e0a3,2026-07-29T20:20:41.130953,1.108.207,c2201a55b6e1b0ea38043c514ab7bc3a372bad13,491d48d7d479279b6b5a67d51aa9d6ceb8a5c446abb992140c52e9c1b6662584,63a81eaf47ab83ae45c2e53b33f33c88998d26901e3a5bd37ababcaf86419595,1,wt-1.108.207,e3b0c44298fc1c149afbf4c8996fb92427ae41e4649b934ca495991b7852b855,,"{""process_cpu_ms"": 15.625, ""runtime_distribution_version"": ""1.108.199"", ""target_policy"": ""middle stride target; repeated representative wins, outliers, and edge cases"", ""worker_pid"": 38724}"
expressjs/express,express-080294c3,cross_repo_map_filtered,cold_generation_safe_hybrid_deep_order_balanced,get_cross_repo_map,all_files,generation_safe_hybrid,3,"{""repo"": ""local/express-080294c3""}",2,1,471,172,507904,157.4253,1.572,0.9985688450331681,1,256,133345280,133337088,-8192,4c782f89d9c2f201de765d97cec77c28274804930e49388d1b359bc177b5f8c2,a3714473feb3d2908add734d340e7755fd85e0a3,2026-07-29T20:20:41.130953,1.108.207,c2201a55b6e1b0ea38043c514ab7bc3a372bad13,491d48d7d479279b6b5a67d51aa9d6ceb8a5c446abb992140c52e9c1b6662584,63a81eaf47ab83ae45c2e53b33f33c88998d26901e3a5bd37ababcaf86419595,1,wt-generation-safe-hybrid,175f8765c4949317d4f48614b8cdacd8c537ab2755c49f13f78a0b2b855cab96,"M src/jcodemunch_mcp/server.py
 M src/jcodemunch_mcp/storage/index_store.py
 M src/jcodemunch_mcp/storage/sqlite_store.py
 M src/jcodemunch_mcp/tools/check_references.py
 M src/jcodemunch_mcp/tools/find_references.py
 M src/jcodemunch_mcp/tools/get_blast_radius.py
 M src/jcodemunch_mcp/tools/get_churn_rate.py
 M src/jcodemunch_mcp/tools/get_file_outline.py
 M src/jcodemunch_mcp/tools/get_file_risk.py
 M src/jcodemunch_mcp/tools/get_file_tree.py
 M src/jcodemunch_mcp/tools/get_symbol_complexity.py
 M src/jcodemunch_mcp/tools/get_symbol_provenance.py
?? tests/test_generation_safe_hybrid.py","{""process_cpu_ms"": 156.25, ""runtime_distribution_version"": ""1.108.199"", ""target_policy"": ""middle stride target; repeated representative wins, outliers, and edge cases"", ""worker_pid"": 27172}"
expressjs/express,express-080294c3,cross_repo_map_filtered,cold_generation_safe_hybrid_deep_order_balanced,get_cross_repo_map,all_files,baseline_full,3,"{""repo"": ""local/express-080294c3""}",2,2,471,172,507904,152.0657,5.0018,3.289236165683649,1,256,212938752,213757952,819200,4c782f89d9c2f201de765d97cec77c28274804930e49388d1b359bc177b5f8c2,a3714473feb3d2908add734d340e7755fd85e0a3,2026-07-29T20:20:41.130953,1.108.207,c2201a55b6e1b0ea38043c514ab7bc3a372bad13,491d48d7d479279b6b5a67d51aa9d6ceb8a5c446abb992140c52e9c1b6662584,63a81eaf47ab83ae45c2e53b33f33c88998d26901e3a5bd37ababcaf86419595,1,wt-1.108.207,e3b0c44298fc1c149afbf4c8996fb92427ae41e4649b934ca495991b7852b855,,"{""process_cpu_ms"": 156.25, ""runtime_distribution_version"": ""1.108.199"", ""target_policy"": ""middle stride target; repeated representative wins, outliers, and edge cases"", ""worker_pid"": 38724}"
expressjs/express,express-080294c3,symbol_source_single,cold_generation_safe_hybrid_deep_order_balanced,get_symbol_source,target_symbols,generation_safe_hybrid,3,"{""repo"": ""local/express-080294c3"", ""symbol_id"": "".github/workflows/scorecard.yml::jobs.analysis.name#constant""}",2,1,471,172,507904,5.8042,1.4534,25.04048792253885,1,965,133394432,133394432,0,ea0985f42b9fff945ec0f96b54568d4e42515e4962de7d7d8e31cd04712be12f,a3714473feb3d2908add734d340e7755fd85e0a3,2026-07-29T20:20:41.130953,1.108.207,c2201a55b6e1b0ea38043c514ab7bc3a372bad13,491d48d7d479279b6b5a67d51aa9d6ceb8a5c446abb992140c52e9c1b6662584,63a81eaf47ab83ae45c2e53b33f33c88998d26901e3a5bd37ababcaf86419595,1,wt-generation-safe-hybrid,175f8765c4949317d4f48614b8cdacd8c537ab2755c49f13f78a0b2b855cab96,"M src/jcodemunch_mcp/server.py
 M src/jcodemunch_mcp/storage/index_store.py
 M src/jcodemunch_mcp/storage/sqlite_store.py
 M src/jcodemunch_mcp/tools/check_references.py
 M src/jcodemunch_mcp/tools/find_references.py
 M src/jcodemunch_mcp/tools/get_blast_radius.py
 M src/jcodemunch_mcp/tools/get_churn_rate.py
 M src/jcodemunch_mcp/tools/get_file_outline.py
 M src/jcodemunch_mcp/tools/get_file_risk.py
 M src/jcodemunch_mcp/tools/get_file_tree.py
 M src/jcodemunch_mcp/tools/get_symbol_complexity.py
 M src/jcodemunch_mcp/tools/get_symbol_provenance.py
?? tests/test_generation_safe_hybrid.py","{""process_cpu_ms"": 15.625, ""runtime_distribution_version"": ""1.108.199"", ""target_policy"": ""middle stride target; repeated representative wins, outliers, and edge cases"", ""worker_pid"": 27172}"
expressjs/express,express-080294c3,symbol_source_single,cold_generation_safe_hybrid_deep_order_balanced,get_symbol_source,target_symbols,baseline_full,3,"{""repo"": ""local/express-080294c3"", ""symbol_id"": "".github/workflows/scorecard.yml::jobs.analysis.name#constant""}",2,2,471,172,507904,8.2762,4.2404,51.23607452695682,1,965,213757952,213757952,0,ea0985f42b9fff945ec0f96b54568d4e42515e4962de7d7d8e31cd04712be12f,a3714473feb3d2908add734d340e7755fd85e0a3,2026-07-29T20:20:41.130953,1.108.207,c2201a55b6e1b0ea38043c514ab7bc3a372bad13,491d48d7d479279b6b5a67d51aa9d6ceb8a5c446abb992140c52e9c1b6662584,63a81eaf47ab83ae45c2e53b33f33c88998d26901e3a5bd37ababcaf86419595,1,wt-1.108.207,e3b0c44298fc1c149afbf4c8996fb92427ae41e4649b934ca495991b7852b855,,"{""process_cpu_ms"": 0.0, ""runtime_distribution_version"": ""1.108.199"", ""target_policy"": ""middle stride target; repeated representative wins, outliers, and edge cases"", ""worker_pid"": 38724}"
expressjs/express,express-080294c3,dependency_cycles,cold_generation_safe_hybrid_deep_order_balanced,get_dependency_cycles,all_files,generation_safe_hybrid,3,"{""repo"": ""local/express-080294c3""}",2,1,471,172,507904,6.0829,1.4373,23.62853244340693,1,149,133394432,133394432,0,53dea643e4a99922b7bf8d68864434ae9ce8cfa2542a60a2ab5148d45d39cc05,a3714473feb3d2908add734d340e7755fd85e0a3,2026-07-29T20:20:41.130953,1.108.207,c2201a55b6e1b0ea38043c514ab7bc3a372bad13,491d48d7d479279b6b5a67d51aa9d6ceb8a5c446abb992140c52e9c1b6662584,63a81eaf47ab83ae45c2e53b33f33c88998d26901e3a5bd37ababcaf86419595,1,wt-generation-safe-hybrid,175f8765c4949317d4f48614b8cdacd8c537ab2755c49f13f78a0b2b855cab96,"M src/jcodemunch_mcp/server.py
 M src/jcodemunch_mcp/storage/index_store.py
 M src/jcodemunch_mcp/storage/sqlite_store.py
 M src/jcodemunch_mcp/tools/check_references.py
 M src/jcodemunch_mcp/tools/find_references.py
 M src/jcodemunch_mcp/tools/get_blast_radius.py
 M src/jcodemunch_mcp/tools/get_churn_rate.py
 M src/jcodemunch_mcp/tools/get_file_outline.py
 M src/jcodemunch_mcp/tools/get_file_risk.py
 M src/jcodemunch_mcp/tools/get_file_tree.py
 M src/jcodemunch_mcp/tools/get_symbol_complexity.py
 M src/jcodemunch_mcp/tools/get_symbol_provenance.py
?? tests/test_generation_safe_hybrid.py","{""process_cpu_ms"": 15.625, ""runtime_distribution_version"": ""1.108.199"", ""target_policy"": ""middle stride target; repeated representative wins, outliers, and edge cases"", ""worker_pid"": 27172}"
expressjs/express,express-080294c3,dependency_cycles,cold_generation_safe_hybrid_deep_order_balanced,get_dependency_cycles,all_files,baseline_full,3,"{""repo"": ""local/express-080294c3""}",2,2,471,172,507904,8.265,4.1591,50.32183908045976,1,149,213757952,213757952,0,53dea643e4a99922b7bf8d68864434ae9ce8cfa2542a60a2ab5148d45d39cc05,a3714473feb3d2908add734d340e7755fd85e0a3,2026-07-29T20:20:41.130953,1.108.207,c2201a55b6e1b0ea38043c514ab7bc3a372bad13,491d48d7d479279b6b5a67d51aa9d6ceb8a5c446abb992140c52e9c1b6662584,63a81eaf47ab83ae45c2e53b33f33c88998d26901e3a5bd37ababcaf86419595,1,wt-1.108.207,e3b0c44298fc1c149afbf4c8996fb92427ae41e4649b934ca495991b7852b855,,"{""process_cpu_ms"": 0.0, ""runtime_distribution_version"": ""1.108.199"", ""target_policy"": ""middle stride target; repeated representative wins, outliers, and edge cases"", ""worker_pid"": 38724}"
gin-gonic/gin,gin-87ab3d33,changed_symbols,cold_generation_safe_hybrid_deep_order_balanced,get_changed_symbols,metadata,generation_safe_hybrid,3,"{""include_blast_radius"": false, ""repo"": ""local/gin-87ab3d33"", ""since_sha"": ""34dac209ffb6ef85cc78c5d217bbb7ad001d68fd"", ""until_sha"": ""34dac209ffb6ef85cc78c5d217bbb7ad001d68fd""}",2,1,1834,109,2580480,90.1728,1.5749,1.7465355406508394,1,538,133406720,133406720,0,49e1d80c5e8d6a627ded2cf145c978d87efd5482043601a36eef817c94e2b3bf,34dac209ffb6ef85cc78c5d217bbb7ad001d68fd,2026-07-29T20:20:45.784692,1.108.207,c2201a55b6e1b0ea38043c514ab7bc3a372bad13,491d48d7d479279b6b5a67d51aa9d6ceb8a5c446abb992140c52e9c1b6662584,63a81eaf47ab83ae45c2e53b33f33c88998d26901e3a5bd37ababcaf86419595,1,wt-generation-safe-hybrid,175f8765c4949317d4f48614b8cdacd8c537ab2755c49f13f78a0b2b855cab96,"M src/jcodemunch_mcp/server.py
 M src/jcodemunch_mcp/storage/index_store.py
 M src/jcodemunch_mcp/storage/sqlite_store.py
 M src/jcodemunch_mcp/tools/check_references.py
 M src/jcodemunch_mcp/tools/find_references.py
 M src/jcodemunch_mcp/tools/get_blast_radius.py
 M src/jcodemunch_mcp/tools/get_churn_rate.py
 M src/jcodemunch_mcp/tools/get_file_outline.py
 M src/jcodemunch_mcp/tools/get_file_risk.py
 M src/jcodemunch_mcp/tools/get_file_tree.py
 M src/jcodemunch_mcp/tools/get_symbol_complexity.py
 M src/jcodemunch_mcp/tools/get_symbol_provenance.py
?? tests/test_generation_safe_hybrid.py","{""process_cpu_ms"": 31.25, ""runtime_distribution_version"": ""1.108.199"", ""target_policy"": ""middle stride target; repeated representative wins, outliers, and edge cases"", ""worker_pid"": 27172}"
gin-gonic/gin,gin-87ab3d33,changed_symbols,cold_generation_safe_hybrid_deep_order_balanced,get_changed_symbols,metadata,baseline_full,3,"{""include_blast_radius"": false, ""repo"": ""local/gin-87ab3d33"", ""since_sha"": ""34dac209ffb6ef85cc78c5d217bbb7ad001d68fd"", ""until_sha"": ""34dac209ffb6ef85cc78c5d217bbb7ad001d68fd""}",2,2,1834,109,2580480,150.4628,13.638,9.06403443243114,1,539,213958656,214024192,65536,49e1d80c5e8d6a627ded2cf145c978d87efd5482043601a36eef817c94e2b3bf,34dac209ffb6ef85cc78c5d217bbb7ad001d68fd,2026-07-29T20:20:45.784692,1.108.207,c2201a55b6e1b0ea38043c514ab7bc3a372bad13,491d48d7d479279b6b5a67d51aa9d6ceb8a5c446abb992140c52e9c1b6662584,63a81eaf47ab83ae45c2e53b33f33c88998d26901e3a5bd37ababcaf86419595,1,wt-1.108.207,e3b0c44298fc1c149afbf4c8996fb92427ae41e4649b934ca495991b7852b855,,"{""process_cpu_ms"": 15.625, ""runtime_distribution_version"": ""1.108.199"", ""target_policy"": ""middle stride target; repeated representative wins, outliers, and edge cases"", ""worker_pid"": 38724}"
gin-gonic/gin,gin-87ab3d33,file_tree_prefix,cold_generation_safe_hybrid_deep_order_balanced,get_file_tree,prefix_files,generation_safe_hybrid,3,"{""include_summaries"": true, ""path_prefix"": """", ""repo"": ""local/gin-87ab3d33""}",2,1,1834,109,2580480,18.5571,1.2316,6.636812864078978,1,23329,134074368,134799360,724992,73779043637bd97c198ef9ae19e8f495275c3bdce3a5559c4a0d3b2c937b0ae7,34dac209ffb6ef85cc78c5d217bbb7ad001d68fd,2026-07-29T20:20:45.784692,1.108.207,c2201a55b6e1b0ea38043c514ab7bc3a372bad13,491d48d7d479279b6b5a67d51aa9d6ceb8a5c446abb992140c52e9c1b6662584,63a81eaf47ab83ae45c2e53b33f33c88998d26901e3a5bd37ababcaf86419595,1,wt-generation-safe-hybrid,175f8765c4949317d4f48614b8cdacd8c537ab2755c49f13f78a0b2b855cab96,"M src/jcodemunch_mcp/server.py
 M src/jcodemunch_mcp/storage/index_store.py
 M src/jcodemunch_mcp/storage/sqlite_store.py
 M src/jcodemunch_mcp/tools/check_references.py
 M src/jcodemunch_mcp/tools/find_references.py
 M src/jcodemunch_mcp/tools/get_blast_radius.py
 M src/jcodemunch_mcp/tools/get_churn_rate.py
 M src/jcodemunch_mcp/tools/get_file_outline.py
 M src/jcodemunch_mcp/tools/get_file_risk.py
 M src/jcodemunch_mcp/tools/get_file_tree.py
 M src/jcodemunch_mcp/tools/get_symbol_complexity.py
 M src/jcodemunch_mcp/tools/get_symbol_provenance.py
?? tests/test_generation_safe_hybrid.py","{""process_cpu_ms"": 31.25, ""runtime_distribution_version"": ""1.108.199"", ""target_policy"": ""middle stride target; repeated representative wins, outliers, and edge cases"", ""worker_pid"": 27172}"
gin-gonic/gin,gin-87ab3d33,file_tree_prefix,cold_generation_safe_hybrid_deep_order_balanced,get_file_tree,prefix_files,baseline_full,3,"{""include_summaries"": true, ""path_prefix"": """", ""repo"": ""local/gin-87ab3d33""}",2,2,1834,109,2580480,17.831,12.8156,71.87258145925635,1,23329,214081536,214110208,28672,73779043637bd97c198ef9ae19e8f495275c3bdce3a5559c4a0d3b2c937b0ae7,34dac209ffb6ef85cc78c5d217bbb7ad001d68fd,2026-07-29T20:20:45.784692,1.108.207,c2201a55b6e1b0ea38043c514ab7bc3a372bad13,491d48d7d479279b6b5a67d51aa9d6ceb8a5c446abb992140c52e9c1b6662584,63a81eaf47ab83ae45c2e53b33f33c88998d26901e3a5bd37ababcaf86419595,1,wt-1.108.207,e3b0c44298fc1c149afbf4c8996fb92427ae41e4649b934ca495991b7852b855,,"{""process_cpu_ms"": 31.25, ""runtime_distribution_version"": ""1.108.199"", ""target_policy"": ""middle stride target; repeated representative wins, outliers, and edge cases"", ""worker_pid"": 38724}"
gin-gonic/gin,gin-87ab3d33,blast_radius_source,cold_generation_safe_hybrid_deep_order_balanced,get_blast_radius,blast_enrichment,generation_safe_hybrid,3,"{""cross_repo"": false, ""include_source"": true, ""repo"": ""local/gin-87ab3d33"", ""source_budget"": 1000, ""symbol"": ""context.go::PureJSON#method""}",2,1,1834,109,2580480,28.555,1.2169,4.261600420241639,1,645,135614464,135766016,151552,b83931afaf6c4eef21373bdfb9f9cb33740d0287fa271e9046f5e389bae8062d,34dac209ffb6ef85cc78c5d217bbb7ad001d68fd,2026-07-29T20:20:45.784692,1.108.207,c2201a55b6e1b0ea38043c514ab7bc3a372bad13,491d48d7d479279b6b5a67d51aa9d6ceb8a5c446abb992140c52e9c1b6662584,63a81eaf47ab83ae45c2e53b33f33c88998d26901e3a5bd37ababcaf86419595,1,wt-generation-safe-hybrid,175f8765c4949317d4f48614b8cdacd8c537ab2755c49f13f78a0b2b855cab96,"M src/jcodemunch_mcp/server.py
 M src/jcodemunch_mcp/storage/index_store.py
 M src/jcodemunch_mcp/storage/sqlite_store.py
 M src/jcodemunch_mcp/tools/check_references.py
 M src/jcodemunch_mcp/tools/find_references.py
 M src/jcodemunch_mcp/tools/get_blast_radius.py
 M src/jcodemunch_mcp/tools/get_churn_rate.py
 M src/jcodemunch_mcp/tools/get_file_outline.py
 M src/jcodemunch_mcp/tools/get_file_risk.py
 M src/jcodemunch_mcp/tools/get_file_tree.py
 M src/jcodemunch_mcp/tools/get_symbol_complexity.py
 M src/jcodemunch_mcp/tools/get_symbol_provenance.py
?? tests/test_generation_safe_hybrid.py","{""process_cpu_ms"": 46.875, ""runtime_distribution_version"": ""1.108.199"", ""target_policy"": ""middle stride target; repeated representative wins, outliers, and edge cases"", ""worker_pid"": 27172}"
gin-gonic/gin,gin-87ab3d33,blast_radius_source,cold_generation_safe_hybrid_deep_order_balanced,get_blast_radius,blast_enrichment,baseline_full,3,"{""cross_repo"": false, ""include_source"": true, ""repo"": ""local/gin-87ab3d33"", ""source_budget"": 1000, ""symbol"": ""context.go::PureJSON#method""}",2,2,1834,109,2580480,25.0544,13.0147,51.94576601315537,1,645,214425600,213385216,-1040384,b83931afaf6c4eef21373bdfb9f9cb33740d0287fa271e9046f5e389bae8062d,34dac209ffb6ef85cc78c5d217bbb7ad001d68fd,2026-07-29T20:20:45.784692,1.108.207,c2201a55b6e1b0ea38043c514ab7bc3a372bad13,491d48d7d479279b6b5a67d51aa9d6ceb8a5c446abb992140c52e9c1b6662584,63a81eaf47ab83ae45c2e53b33f33c88998d26901e3a5bd37ababcaf86419595,1,wt-1.108.207,e3b0c44298fc1c149afbf4c8996fb92427ae41e4649b934ca495991b7852b855,,"{""process_cpu_ms"": 31.25, ""runtime_distribution_version"": ""1.108.199"", ""target_policy"": ""middle stride target; repeated representative wins, outliers, and edge cases"", ""worker_pid"": 38724}"
gin-gonic/gin,gin-87ab3d33,symbol_source_single,cold_generation_safe_hybrid_deep_order_balanced,get_symbol_source,target_symbols,generation_safe_hybrid,3,"{""repo"": ""local/gin-87ab3d33"", ""symbol_id"": ""context.go::PureJSON#method""}",2,1,1834,109,2580480,5.4825,1.3462,24.554491564067487,1,1155,135770112,135770112,0,bd1d5f8766ab865126bcbb930902ed4df37823ce68573ab85d5a27acaea8f0f5,34dac209ffb6ef85cc78c5d217bbb7ad001d68fd,2026-07-29T20:20:45.784692,1.108.207,c2201a55b6e1b0ea38043c514ab7bc3a372bad13,491d48d7d479279b6b5a67d51aa9d6ceb8a5c446abb992140c52e9c1b6662584,63a81eaf47ab83ae45c2e53b33f33c88998d26901e3a5bd37ababcaf86419595,1,wt-generation-safe-hybrid,175f8765c4949317d4f48614b8cdacd8c537ab2755c49f13f78a0b2b855cab96,"M src/jcodemunch_mcp/server.py
 M src/jcodemunch_mcp/storage/index_store.py
 M src/jcodemunch_mcp/storage/sqlite_store.py
 M src/jcodemunch_mcp/tools/check_references.py
 M src/jcodemunch_mcp/tools/find_references.py
 M src/jcodemunch_mcp/tools/get_blast_radius.py
 M src/jcodemunch_mcp/tools/get_churn_rate.py
 M src/jcodemunch_mcp/tools/get_file_outline.py
 M src/jcodemunch_mcp/tools/get_file_risk.py
 M src/jcodemunch_mcp/tools/get_file_tree.py
 M src/jcodemunch_mcp/tools/get_symbol_complexity.py
 M src/jcodemunch_mcp/tools/get_symbol_provenance.py
?? tests/test_generation_safe_hybrid.py","{""process_cpu_ms"": 0.0, ""runtime_distribution_version"": ""1.108.199"", ""target_policy"": ""middle stride target; repeated representative wins, outliers, and edge cases"", ""worker_pid"": 27172}"
gin-gonic/gin,gin-87ab3d33,symbol_source_single,cold_generation_safe_hybrid_deep_order_balanced,get_symbol_source,target_symbols,baseline_full,3,"{""repo"": ""local/gin-87ab3d33"", ""symbol_id"": ""context.go::PureJSON#method""}",2,2,1834,109,2580480,17.1484,13.2969,77.54017867556158,1,1156,213417984,213434368,16384,bd1d5f8766ab865126bcbb930902ed4df37823ce68573ab85d5a27acaea8f0f5,34dac209ffb6ef85cc78c5d217bbb7ad001d68fd,2026-07-29T20:20:45.784692,1.108.207,c2201a55b6e1b0ea38043c514ab7bc3a372bad13,491d48d7d479279b6b5a67d51aa9d6ceb8a5c446abb992140c52e9c1b6662584,63a81eaf47ab83ae45c2e53b33f33c88998d26901e3a5bd37ababcaf86419595,1,wt-1.108.207,e3b0c44298fc1c149afbf4c8996fb92427ae41e4649b934ca495991b7852b855,,"{""process_cpu_ms"": 15.625, ""runtime_distribution_version"": ""1.108.199"", ""target_policy"": ""middle stride target; repeated representative wins, outliers, and edge cases"", ""worker_pid"": 38724}"
gin-gonic/gin,gin-87ab3d33,dependency_cycles,cold_generation_safe_hybrid_deep_order_balanced,get_dependency_cycles,all_files,generation_safe_hybrid,3,"{""repo"": ""local/gin-87ab3d33""}",2,1,1834,109,2580480,5.7596,1.5147,26.2987012987013,1,145,135770112,135770112,0,ee7b243f04c63bb5370a89f96824da48c48b4555564a739762a4b26f0bcc54a6,34dac209ffb6ef85cc78c5d217bbb7ad001d68fd,2026-07-29T20:20:45.784692,1.108.207,c2201a55b6e1b0ea38043c514ab7bc3a372bad13,491d48d7d479279b6b5a67d51aa9d6ceb8a5c446abb992140c52e9c1b6662584,63a81eaf47ab83ae45c2e53b33f33c88998d26901e3a5bd37ababcaf86419595,1,wt-generation-safe-hybrid,175f8765c4949317d4f48614b8cdacd8c537ab2755c49f13f78a0b2b855cab96,"M src/jcodemunch_mcp/server.py
 M src/jcodemunch_mcp/storage/index_store.py
 M src/jcodemunch_mcp/storage/sqlite_store.py
 M src/jcodemunch_mcp/tools/check_references.py
 M src/jcodemunch_mcp/tools/find_references.py
 M src/jcodemunch_mcp/tools/get_blast_radius.py
 M src/jcodemunch_mcp/tools/get_churn_rate.py
 M src/jcodemunch_mcp/tools/get_file_outline.py
 M src/jcodemunch_mcp/tools/get_file_risk.py
 M src/jcodemunch_mcp/tools/get_file_tree.py
 M src/jcodemunch_mcp/tools/get_symbol_complexity.py
 M src/jcodemunch_mcp/tools/get_symbol_provenance.py
?? tests/test_generation_safe_hybrid.py","{""process_cpu_ms"": 15.625, ""runtime_distribution_version"": ""1.108.199"", ""target_policy"": ""middle stride target; repeated representative wins, outliers, and edge cases"", ""worker_pid"": 27172}"
gin-gonic/gin,gin-87ab3d33,dependency_cycles,cold_generation_safe_hybrid_deep_order_balanced,get_dependency_cycles,all_files,baseline_full,3,"{""repo"": ""local/gin-87ab3d33""}",2,2,1834,109,2580480,17.0698,12.8559,75.3137119356993,1,146,213434368,213434368,0,ee7b243f04c63bb5370a89f96824da48c48b4555564a739762a4b26f0bcc54a6,34dac209ffb6ef85cc78c5d217bbb7ad001d68fd,2026-07-29T20:20:45.784692,1.108.207,c2201a55b6e1b0ea38043c514ab7bc3a372bad13,491d48d7d479279b6b5a67d51aa9d6ceb8a5c446abb992140c52e9c1b6662584,63a81eaf47ab83ae45c2e53b33f33c88998d26901e3a5bd37ababcaf86419595,1,wt-1.108.207,e3b0c44298fc1c149afbf4c8996fb92427ae41e4649b934ca495991b7852b855,,"{""process_cpu_ms"": 31.25, ""runtime_distribution_version"": ""1.108.199"", ""target_policy"": ""middle stride target; repeated representative wins, outliers, and edge cases"", ""worker_pid"": 38724}"
gin-gonic/gin,gin-87ab3d33,references_call_chain,cold_generation_safe_hybrid_deep_order_balanced,find_references,reference_call_chain,generation_safe_hybrid,3,"{""identifier"": ""PureJSON"", ""include_call_chain"": true, ""repo"": ""local/gin-87ab3d33""}",2,1,1834,109,2580480,4.9084,1.3713,27.93782087849401,1,365,135770112,135770112,0,c8426ce7c8f0855aa1af8197929ed5c73cd1ec2775f9eda92718b0a3bed0ecb1,34dac209ffb6ef85cc78c5d217bbb7ad001d68fd,2026-07-29T20:20:45.784692,1.108.207,c2201a55b6e1b0ea38043c514ab7bc3a372bad13,491d48d7d479279b6b5a67d51aa9d6ceb8a5c446abb992140c52e9c1b6662584,63a81eaf47ab83ae45c2e53b33f33c88998d26901e3a5bd37ababcaf86419595,1,wt-generation-safe-hybrid,175f8765c4949317d4f48614b8cdacd8c537ab2755c49f13f78a0b2b855cab96,"M src/jcodemunch_mcp/server.py
 M src/jcodemunch_mcp/storage/index_store.py
 M src/jcodemunch_mcp/storage/sqlite_store.py
 M src/jcodemunch_mcp/tools/check_references.py
 M src/jcodemunch_mcp/tools/find_references.py
 M src/jcodemunch_mcp/tools/get_blast_radius.py
 M src/jcodemunch_mcp/tools/get_churn_rate.py
 M src/jcodemunch_mcp/tools/get_file_outline.py
 M src/jcodemunch_mcp/tools/get_file_risk.py
 M src/jcodemunch_mcp/tools/get_file_tree.py
 M src/jcodemunch_mcp/tools/get_symbol_complexity.py
 M src/jcodemunch_mcp/tools/get_symbol_provenance.py
?? tests/test_generation_safe_hybrid.py","{""process_cpu_ms"": 0.0, ""runtime_distribution_version"": ""1.108.199"", ""target_policy"": ""middle stride target; repeated representative wins, outliers, and edge cases"", ""worker_pid"": 27172}"
gin-gonic/gin,gin-87ab3d33,references_call_chain,cold_generation_safe_hybrid_deep_order_balanced,find_references,reference_call_chain,baseline_full,3,"{""identifier"": ""PureJSON"", ""include_call_chain"": true, ""repo"": ""local/gin-87ab3d33""}",2,2,1834,109,2580480,16.2795,12.7905,78.56813784207132,1,366,213434368,213434368,0,c8426ce7c8f0855aa1af8197929ed5c73cd1ec2775f9eda92718b0a3bed0ecb1,34dac209ffb6ef85cc78c5d217bbb7ad001d68fd,2026-07-29T20:20:45.784692,1.108.207,c2201a55b6e1b0ea38043c514ab7bc3a372bad13,491d48d7d479279b6b5a67d51aa9d6ceb8a5c446abb992140c52e9c1b6662584,63a81eaf47ab83ae45c2e53b33f33c88998d26901e3a5bd37ababcaf86419595,1,wt-1.108.207,e3b0c44298fc1c149afbf4c8996fb92427ae41e4649b934ca495991b7852b855,,"{""process_cpu_ms"": 15.625, ""runtime_distribution_version"": ""1.108.199"", ""target_policy"": ""middle stride target; repeated representative wins, outliers, and edge cases"", ""worker_pid"": 38724}"
django/django,django-3eb2e228,symbol_source_single,cold_generation_safe_hybrid_deep_order_balanced,get_symbol_source,target_symbols,baseline_full,3,"{""repo"": ""local/django-3eb2e228"", ""symbol_id"": ""tests/db_functions/comparison/test_nullif.py::NullIfTests.test_basic#method""}",3,1,45561,2730,39505920,393.4142,388.0327,98.6321032641933,1,1655,209760256,262508544,52748288,4bd281e69164260c096b148861e75cc4a2447ef9874c60f022dd76dc106cb524,274a1d494d11d87a1b767340d1f398f197810f93,2026-07-29T20:21:07.572944,1.108.207,c2201a55b6e1b0ea38043c514ab7bc3a372bad13,491d48d7d479279b6b5a67d51aa9d6ceb8a5c446abb992140c52e9c1b6662584,63a81eaf47ab83ae45c2e53b33f33c88998d26901e3a5bd37ababcaf86419595,1,wt-1.108.207,e3b0c44298fc1c149afbf4c8996fb92427ae41e4649b934ca495991b7852b855,,"{""process_cpu_ms"": 500.0, ""runtime_distribution_version"": ""1.108.199"", ""target_policy"": ""middle stride target; repeated representative wins, outliers, and edge cases"", ""worker_pid"": 38724}"
django/django,django-3eb2e228,symbol_source_single,cold_generation_safe_hybrid_deep_order_balanced,get_symbol_source,target_symbols,generation_safe_hybrid,3,"{""repo"": ""local/django-3eb2e228"", ""symbol_id"": ""tests/db_functions/comparison/test_nullif.py::NullIfTests.test_basic#method""}",3,2,45561,2730,39505920,20.8321,15.1757,72.84767258221687,1,1654,135475200,136658944,1183744,4bd281e69164260c096b148861e75cc4a2447ef9874c60f022dd76dc106cb524,274a1d494d11d87a1b767340d1f398f197810f93,2026-07-29T20:21:07.572944,1.108.207,c2201a55b6e1b0ea38043c514ab7bc3a372bad13,491d48d7d479279b6b5a67d51aa9d6ceb8a5c446abb992140c52e9c1b6662584,63a81eaf47ab83ae45c2e53b33f33c88998d26901e3a5bd37ababcaf86419595,1,wt-generation-safe-hybrid,175f8765c4949317d4f48614b8cdacd8c537ab2755c49f13f78a0b2b855cab96,"M src/jcodemunch_mcp/server.py
 M src/jcodemunch_mcp/storage/index_store.py
 M src/jcodemunch_mcp/storage/sqlite_store.py
 M src/jcodemunch_mcp/tools/check_references.py
 M src/jcodemunch_mcp/tools/find_references.py
 M src/jcodemunch_mcp/tools/get_blast_radius.py
 M src/jcodemunch_mcp/tools/get_churn_rate.py
 M src/jcodemunch_mcp/tools/get_file_outline.py
 M src/jcodemunch_mcp/tools/get_file_risk.py
 M src/jcodemunch_mcp/tools/get_file_tree.py
 M src/jcodemunch_mcp/tools/get_symbol_complexity.py
 M src/jcodemunch_mcp/tools/get_symbol_provenance.py
?? tests/test_generation_safe_hybrid.py","{""process_cpu_ms"": 31.25, ""runtime_distribution_version"": ""1.108.199"", ""target_policy"": ""middle stride target; repeated representative wins, outliers, and edge cases"", ""worker_pid"": 27172}"
django/django,django-3eb2e228,file_content,cold_generation_safe_hybrid_deep_order_balanced,get_file_content,target_files,baseline_full,3,"{""file_path"": ""tests/custom_pk/fields.py"", ""max_content_results"": 20, ""repo"": ""local/django-3eb2e228"", ""search_content"": true}",3,1,45561,2730,39505920,412.0385,406.289,98.60462068471757,1,3199,212336640,262627328,50290688,7916f0400c87e7e42e6f81f2885b1ef39cbdfd6876f3eb6e24308160f936297e,274a1d494d11d87a1b767340d1f398f197810f93,2026-07-29T20:21:07.572944,1.108.207,c2201a55b6e1b0ea38043c514ab7bc3a372bad13,491d48d7d479279b6b5a67d51aa9d6ceb8a5c446abb992140c52e9c1b6662584,63a81eaf47ab83ae45c2e53b33f33c88998d26901e3a5bd37ababcaf86419595,1,wt-1.108.207,e3b0c44298fc1c149afbf4c8996fb92427ae41e4649b934ca495991b7852b855,,"{""process_cpu_ms"": 421.875, ""runtime_distribution_version"": ""1.108.199"", ""target_policy"": ""middle stride target; repeated representative wins, outliers, and edge cases"", ""worker_pid"": 38724}"
django/django,django-3eb2e228,file_content,cold_generation_safe_hybrid_deep_order_balanced,get_file_content,target_files,generation_safe_hybrid,3,"{""file_path"": ""tests/custom_pk/fields.py"", ""max_content_results"": 20, ""repo"": ""local/django-3eb2e228"", ""search_content"": true}",3,2,45561,2730,39505920,17.7209,13.6048,76.7726244152385,1,3198,136527872,137158656,630784,7916f0400c87e7e42e6f81f2885b1ef39cbdfd6876f3eb6e24308160f936297e,274a1d494d11d87a1b767340d1f398f197810f93,2026-07-29T20:21:07.572944,1.108.207,c2201a55b6e1b0ea38043c514ab7bc3a372bad13,491d48d7d479279b6b5a67d51aa9d6ceb8a5c446abb992140c52e9c1b6662584,63a81eaf47ab83ae45c2e53b33f33c88998d26901e3a5bd37ababcaf86419595,1,wt-generation-safe-hybrid,175f8765c4949317d4f48614b8cdacd8c537ab2755c49f13f78a0b2b855cab96,"M src/jcodemunch_mcp/server.py
 M src/jcodemunch_mcp/storage/index_store.py
 M src/jcodemunch_mcp/storage/sqlite_store.py
 M src/jcodemunch_mcp/tools/check_references.py
 M src/jcodemunch_mcp/tools/find_references.py
 M src/jcodemunch_mcp/tools/get_blast_radius.py
 M src/jcodemunch_mcp/tools/get_churn_rate.py
 M src/jcodemunch_mcp/tools/get_file_outline.py
 M src/jcodemunch_mcp/tools/get_file_risk.py
 M src/jcodemunch_mcp/tools/get_file_tree.py
 M src/jcodemunch_mcp/tools/get_symbol_complexity.py
 M src/jcodemunch_mcp/tools/get_symbol_provenance.py
?? tests/test_generation_safe_hybrid.py","{""process_cpu_ms"": 15.625, ""runtime_distribution_version"": ""1.108.199"", ""target_policy"": ""middle stride target; repeated representative wins, outliers, and edge cases"", ""worker_pid"": 27172}"
django/django,django-3eb2e228,dependency_cycles,cold_generation_safe_hybrid_deep_order_balanced,get_dependency_cycles,all_files,baseline_full,3,"{""repo"": ""local/django-3eb2e228""}",3,1,45561,2730,39505920,654.9194,392.7344,59.96682950604303,1,3549,214351872,263274496,48922624,59de29f5ff121883f746daee41dd101f5943660e6830d90323ab3f4a0ca42215,274a1d494d11d87a1b767340d1f398f197810f93,2026-07-29T20:21:07.572944,1.108.207,c2201a55b6e1b0ea38043c514ab7bc3a372bad13,491d48d7d479279b6b5a67d51aa9d6ceb8a5c446abb992140c52e9c1b6662584,63a81eaf47ab83ae45c2e53b33f33c88998d26901e3a5bd37ababcaf86419595,1,wt-1.108.207,e3b0c44298fc1c149afbf4c8996fb92427ae41e4649b934ca495991b7852b855,,"{""process_cpu_ms"": 656.25, ""runtime_distribution_version"": ""1.108.199"", ""target_policy"": ""middle stride target; repeated representative wins, outliers, and edge cases"", ""worker_pid"": 38724}"
django/django,django-3eb2e228,dependency_cycles,cold_generation_safe_hybrid_deep_order_balanced,get_dependency_cycles,all_files,generation_safe_hybrid,3,"{""repo"": ""local/django-3eb2e228""}",3,2,45561,2730,39505920,273.8942,13.8872,5.070278961730478,1,3549,137134080,137986048,851968,59de29f5ff121883f746daee41dd101f5943660e6830d90323ab3f4a0ca42215,274a1d494d11d87a1b767340d1f398f197810f93,2026-07-29T20:21:07.572944,1.108.207,c2201a55b6e1b0ea38043c514ab7bc3a372bad13,491d48d7d479279b6b5a67d51aa9d6ceb8a5c446abb992140c52e9c1b6662584,63a81eaf47ab83ae45c2e53b33f33c88998d26901e3a5bd37ababcaf86419595,1,wt-generation-safe-hybrid,175f8765c4949317d4f48614b8cdacd8c537ab2755c49f13f78a0b2b855cab96,"M src/jcodemunch_mcp/server.py
 M src/jcodemunch_mcp/storage/index_store.py
 M src/jcodemunch_mcp/storage/sqlite_store.py
 M src/jcodemunch_mcp/tools/check_references.py
 M src/jcodemunch_mcp/tools/find_references.py
 M src/jcodemunch_mcp/tools/get_blast_radius.py
 M src/jcodemunch_mcp/tools/get_churn_rate.py
 M src/jcodemunch_mcp/tools/get_file_outline.py
 M src/jcodemunch_mcp/tools/get_file_risk.py
 M src/jcodemunch_mcp/tools/get_file_tree.py
 M src/jcodemunch_mcp/tools/get_symbol_complexity.py
 M src/jcodemunch_mcp/tools/get_symbol_provenance.py
?? tests/test_generation_safe_hybrid.py","{""process_cpu_ms"": 281.25, ""runtime_distribution_version"": ""1.108.199"", ""target_policy"": ""middle stride target; repeated representative wins, outliers, and edge cases"", ""worker_pid"": 27172}"
django/django,django-3eb2e228,changed_symbols,cold_generation_safe_hybrid_deep_order_balanced,get_changed_symbols,metadata,baseline_full,3,"{""include_blast_radius"": false, ""repo"": ""local/django-3eb2e228"", ""since_sha"": ""274a1d494d11d87a1b767340d1f398f197810f93"", ""until_sha"": ""274a1d494d11d87a1b767340d1f398f197810f93""}",3,1,45561,2730,39505920,481.8233,388.8618,80.70630872355073,1,539,248696832,262967296,14270464,7890ec2ac238cb084bbae498de22a373a175966b52963bc28f68d66e09b6c110,274a1d494d11d87a1b767340d1f398f197810f93,2026-07-29T20:21:07.572944,1.108.207,c2201a55b6e1b0ea38043c514ab7bc3a372bad13,491d48d7d479279b6b5a67d51aa9d6ceb8a5c446abb992140c52e9c1b6662584,63a81eaf47ab83ae45c2e53b33f33c88998d26901e3a5bd37ababcaf86419595,1,wt-1.108.207,e3b0c44298fc1c149afbf4c8996fb92427ae41e4649b934ca495991b7852b855,,"{""process_cpu_ms"": 406.25, ""runtime_distribution_version"": ""1.108.199"", ""target_policy"": ""middle stride target; repeated representative wins, outliers, and edge cases"", ""worker_pid"": 38724}"
django/django,django-3eb2e228,changed_symbols,cold_generation_safe_hybrid_deep_order_balanced,get_changed_symbols,metadata,generation_safe_hybrid,3,"{""include_blast_radius"": false, ""repo"": ""local/django-3eb2e228"", ""since_sha"": ""274a1d494d11d87a1b767340d1f398f197810f93"", ""until_sha"": ""274a1d494d11d87a1b767340d1f398f197810f93""}",3,2,45561,2730,39505920,105.1968,14.8495,14.115923678286793,1,539,137003008,137744384,741376,7890ec2ac238cb084bbae498de22a373a175966b52963bc28f68d66e09b6c110,274a1d494d11d87a1b767340d1f398f197810f93,2026-07-29T20:21:07.572944,1.108.207,c2201a55b6e1b0ea38043c514ab7bc3a372bad13,491d48d7d479279b6b5a67d51aa9d6ceb8a5c446abb992140c52e9c1b6662584,63a81eaf47ab83ae45c2e53b33f33c88998d26901e3a5bd37ababcaf86419595,1,wt-generation-safe-hybrid,175f8765c4949317d4f48614b8cdacd8c537ab2755c49f13f78a0b2b855cab96,"M src/jcodemunch_mcp/server.py
 M src/jcodemunch_mcp/storage/index_store.py
 M src/jcodemunch_mcp/storage/sqlite_store.py
 M src/jcodemunch_mcp/tools/check_references.py
 M src/jcodemunch_mcp/tools/find_references.py
 M src/jcodemunch_mcp/tools/get_blast_radius.py
 M src/jcodemunch_mcp/tools/get_churn_rate.py
 M src/jcodemunch_mcp/tools/get_file_outline.py
 M src/jcodemunch_mcp/tools/get_file_risk.py
 M src/jcodemunch_mcp/tools/get_file_tree.py
 M src/jcodemunch_mcp/tools/get_symbol_complexity.py
 M src/jcodemunch_mcp/tools/get_symbol_provenance.py
?? tests/test_generation_safe_hybrid.py","{""process_cpu_ms"": 31.25, ""runtime_distribution_version"": ""1.108.199"", ""target_policy"": ""middle stride target; repeated representative wins, outliers, and edge cases"", ""worker_pid"": 27172}"
django/django,django-3eb2e228,references_call_chain,cold_generation_safe_hybrid_deep_order_balanced,find_references,reference_call_chain,baseline_full,3,"{""identifier"": ""test_basic"", ""include_call_chain"": true, ""repo"": ""local/django-3eb2e228""}",3,1,45561,2730,39505920,400.9499,388.0707,96.78782810520715,1,372,248344576,263188480,14843904,d2e21df97856d9f2bdf993813cb54ef3d6f1d7c7b0fd1fca3f0dff2557dbd764,274a1d494d11d87a1b767340d1f398f197810f93,2026-07-29T20:21:07.572944,1.108.207,c2201a55b6e1b0ea38043c514ab7bc3a372bad13,491d48d7d479279b6b5a67d51aa9d6ceb8a5c446abb992140c52e9c1b6662584,63a81eaf47ab83ae45c2e53b33f33c88998d26901e3a5bd37ababcaf86419595,1,wt-1.108.207,e3b0c44298fc1c149afbf4c8996fb92427ae41e4649b934ca495991b7852b855,,"{""process_cpu_ms"": 390.625, ""runtime_distribution_version"": ""1.108.199"", ""target_policy"": ""middle stride target; repeated representative wins, outliers, and edge cases"", ""worker_pid"": 38724}"
django/django,django-3eb2e228,references_call_chain,cold_generation_safe_hybrid_deep_order_balanced,find_references,reference_call_chain,generation_safe_hybrid,3,"{""identifier"": ""test_basic"", ""include_call_chain"": true, ""repo"": ""local/django-3eb2e228""}",3,2,45561,2730,39505920,23.8433,13.2237,55.46086321943691,1,371,137367552,140869632,3502080,d2e21df97856d9f2bdf993813cb54ef3d6f1d7c7b0fd1fca3f0dff2557dbd764,274a1d494d11d87a1b767340d1f398f197810f93,2026-07-29T20:21:07.572944,1.108.207,c2201a55b6e1b0ea38043c514ab7bc3a372bad13,491d48d7d479279b6b5a67d51aa9d6ceb8a5c446abb992140c52e9c1b6662584,63a81eaf47ab83ae45c2e53b33f33c88998d26901e3a5bd37ababcaf86419595,1,wt-generation-safe-hybrid,175f8765c4949317d4f48614b8cdacd8c537ab2755c49f13f78a0b2b855cab96,"M src/jcodemunch_mcp/server.py
 M src/jcodemunch_mcp/storage/index_store.py
 M src/jcodemunch_mcp/storage/sqlite_store.py
 M src/jcodemunch_mcp/tools/check_references.py
 M src/jcodemunch_mcp/tools/find_references.py
 M src/jcodemunch_mcp/tools/get_blast_radius.py
 M src/jcodemunch_mcp/tools/get_churn_rate.py
 M src/jcodemunch_mcp/tools/get_file_outline.py
 M src/jcodemunch_mcp/tools/get_file_risk.py
 M src/jcodemunch_mcp/tools/get_file_tree.py
 M src/jcodemunch_mcp/tools/get_symbol_complexity.py
 M src/jcodemunch_mcp/tools/get_symbol_provenance.py
?? tests/test_generation_safe_hybrid.py","{""process_cpu_ms"": 15.625, ""runtime_distribution_version"": ""1.108.199"", ""target_policy"": ""middle stride target; repeated representative wins, outliers, and edge cases"", ""worker_pid"": 27172}"
django/django,django-3eb2e228,cross_repo_map_filtered,cold_generation_safe_hybrid_deep_order_balanced,get_cross_repo_map,all_files,baseline_full,3,"{""repo"": ""local/django-3eb2e228""}",3,1,45561,2730,39505920,548.7135,396.5166,72.26295689827205,1,265,250028032,263581696,13553664,0ec037b4d1d0761d12ee860dab7d0b88749cf86caa2a3376080c7c040a47e7ac,274a1d494d11d87a1b767340d1f398f197810f93,2026-07-29T20:21:07.572944,1.108.207,c2201a55b6e1b0ea38043c514ab7bc3a372bad13,491d48d7d479279b6b5a67d51aa9d6ceb8a5c446abb992140c52e9c1b6662584,63a81eaf47ab83ae45c2e53b33f33c88998d26901e3a5bd37ababcaf86419595,1,wt-1.108.207,e3b0c44298fc1c149afbf4c8996fb92427ae41e4649b934ca495991b7852b855,,"{""process_cpu_ms"": 546.875, ""runtime_distribution_version"": ""1.108.199"", ""target_policy"": ""middle stride target; repeated representative wins, outliers, and edge cases"", ""worker_pid"": 38724}"
django/django,django-3eb2e228,cross_repo_map_filtered,cold_generation_safe_hybrid_deep_order_balanced,get_cross_repo_map,all_files,generation_safe_hybrid,3,"{""repo"": ""local/django-3eb2e228""}",3,2,45561,2730,39505920,176.5725,15.9553,9.036118308343598,1,265,145502208,139804672,-5697536,0ec037b4d1d0761d12ee860dab7d0b88749cf86caa2a3376080c7c040a47e7ac,274a1d494d11d87a1b767340d1f398f197810f93,2026-07-29T20:21:07.572944,1.108.207,c2201a55b6e1b0ea38043c514ab7bc3a372bad13,491d48d7d479279b6b5a67d51aa9d6ceb8a5c446abb992140c52e9c1b6662584,63a81eaf47ab83ae45c2e53b33f33c88998d26901e3a5bd37ababcaf86419595,1,wt-generation-safe-hybrid,175f8765c4949317d4f48614b8cdacd8c537ab2755c49f13f78a0b2b855cab96,"M src/jcodemunch_mcp/server.py
 M src/jcodemunch_mcp/storage/index_store.py
 M src/jcodemunch_mcp/storage/sqlite_store.py
 M src/jcodemunch_mcp/tools/check_references.py
 M src/jcodemunch_mcp/tools/find_references.py
 M src/jcodemunch_mcp/tools/get_blast_radius.py
 M src/jcodemunch_mcp/tools/get_churn_rate.py
 M src/jcodemunch_mcp/tools/get_file_outline.py
 M src/jcodemunch_mcp/tools/get_file_risk.py
 M src/jcodemunch_mcp/tools/get_file_tree.py
 M src/jcodemunch_mcp/tools/get_symbol_complexity.py
 M src/jcodemunch_mcp/tools/get_symbol_provenance.py
?? tests/test_generation_safe_hybrid.py","{""process_cpu_ms"": 171.875, ""runtime_distribution_version"": ""1.108.199"", ""target_policy"": ""middle stride target; repeated representative wins, outliers, and edge cases"", ""worker_pid"": 27172}"
fastapi/fastapi,fastapi-c1d6b9c4,symbol_source_single,cold_generation_safe_hybrid_deep_order_balanced,get_symbol_source,target_symbols,baseline_full,3,"{""repo"": ""local/fastapi-c1d6b9c4"", ""symbol_id"": ""docs_src/body_multiple_params/tutorial002_py310.py::User.username#field""}",3,1,13405,1191,14544896,101.112,96.2156,95.15744916528206,1,978,246210560,246280192,69632,1ab8ff051ea316b69169e5e1747d2f5232e2ece543707c9a147d490870a48f1c,95f8322ee1dcda7ceace7b1c4f6c9915b36d748f,2026-07-29T20:20:52.765681,1.108.207,c2201a55b6e1b0ea38043c514ab7bc3a372bad13,491d48d7d479279b6b5a67d51aa9d6ceb8a5c446abb992140c52e9c1b6662584,63a81eaf47ab83ae45c2e53b33f33c88998d26901e3a5bd37ababcaf86419595,1,wt-1.108.207,e3b0c44298fc1c149afbf4c8996fb92427ae41e4649b934ca495991b7852b855,,"{""process_cpu_ms"": 109.375, ""runtime_distribution_version"": ""1.108.199"", ""target_policy"": ""middle stride target; repeated representative wins, outliers, and edge cases"", ""worker_pid"": 38724}"
fastapi/fastapi,fastapi-c1d6b9c4,symbol_source_single,cold_generation_safe_hybrid_deep_order_balanced,get_symbol_source,target_symbols,generation_safe_hybrid,3,"{""repo"": ""local/fastapi-c1d6b9c4"", ""symbol_id"": ""docs_src/body_multiple_params/tutorial002_py310.py::User.username#field""}",3,2,13405,1191,14544896,10.9949,6.2655,56.98551146440624,1,977,140038144,140058624,20480,1ab8ff051ea316b69169e5e1747d2f5232e2ece543707c9a147d490870a48f1c,95f8322ee1dcda7ceace7b1c4f6c9915b36d748f,2026-07-29T20:20:52.765681,1.108.207,c2201a55b6e1b0ea38043c514ab7bc3a372bad13,491d48d7d479279b6b5a67d51aa9d6ceb8a5c446abb992140c52e9c1b6662584,63a81eaf47ab83ae45c2e53b33f33c88998d26901e3a5bd37ababcaf86419595,1,wt-generation-safe-hybrid,175f8765c4949317d4f48614b8cdacd8c537ab2755c49f13f78a0b2b855cab96,"M src/jcodemunch_mcp/server.py
 M src/jcodemunch_mcp/storage/index_store.py
 M src/jcodemunch_mcp/storage/sqlite_store.py
 M src/jcodemunch_mcp/tools/check_references.py
 M src/jcodemunch_mcp/tools/find_references.py
 M src/jcodemunch_mcp/tools/get_blast_radius.py
 M src/jcodemunch_mcp/tools/get_churn_rate.py
 M src/jcodemunch_mcp/tools/get_file_outline.py
 M src/jcodemunch_mcp/tools/get_file_risk.py
 M src/jcodemunch_mcp/tools/get_file_tree.py
 M src/jcodemunch_mcp/tools/get_symbol_complexity.py
 M src/jcodemunch_mcp/tools/get_symbol_provenance.py
?? tests/test_generation_safe_hybrid.py","{""process_cpu_ms"": 15.625, ""runtime_distribution_version"": ""1.108.199"", ""target_policy"": ""middle stride target; repeated representative wins, outliers, and edge cases"", ""worker_pid"": 27172}"
fastapi/fastapi,fastapi-c1d6b9c4,file_content,cold_generation_safe_hybrid_deep_order_balanced,get_file_content,target_files,baseline_full,3,"{""file_path"": ""scripts/topic_repos.py"", ""max_content_results"": 20, ""repo"": ""local/fastapi-c1d6b9c4"", ""search_content"": true}",3,1,13405,1191,14544896,95.3645,92.1037,96.5806982682235,1,4604,245264384,245317632,53248,e6b150aaacc47f2339b7af496b0dd762b590901d8ab42c3c364b15c4758eafdb,95f8322ee1dcda7ceace7b1c4f6c9915b36d748f,2026-07-29T20:20:52.765681,1.108.207,c2201a55b6e1b0ea38043c514ab7bc3a372bad13,491d48d7d479279b6b5a67d51aa9d6ceb8a5c446abb992140c52e9c1b6662584,63a81eaf47ab83ae45c2e53b33f33c88998d26901e3a5bd37ababcaf86419595,1,wt-1.108.207,e3b0c44298fc1c149afbf4c8996fb92427ae41e4649b934ca495991b7852b855,,"{""process_cpu_ms"": 187.5, ""runtime_distribution_version"": ""1.108.199"", ""target_policy"": ""middle stride target; repeated representative wins, outliers, and edge cases"", ""worker_pid"": 38724}"
fastapi/fastapi,fastapi-c1d6b9c4,file_content,cold_generation_safe_hybrid_deep_order_balanced,get_file_content,target_files,generation_safe_hybrid,3,"{""file_path"": ""scripts/topic_repos.py"", ""max_content_results"": 20, ""repo"": ""local/fastapi-c1d6b9c4"", ""search_content"": true}",3,2,13405,1191,14544896,9.5795,6.4,66.80933242862363,1,4603,140083200,140095488,12288,e6b150aaacc47f2339b7af496b0dd762b590901d8ab42c3c364b15c4758eafdb,95f8322ee1dcda7ceace7b1c4f6c9915b36d748f,2026-07-29T20:20:52.765681,1.108.207,c2201a55b6e1b0ea38043c514ab7bc3a372bad13,491d48d7d479279b6b5a67d51aa9d6ceb8a5c446abb992140c52e9c1b6662584,63a81eaf47ab83ae45c2e53b33f33c88998d26901e3a5bd37ababcaf86419595,1,wt-generation-safe-hybrid,175f8765c4949317d4f48614b8cdacd8c537ab2755c49f13f78a0b2b855cab96,"M src/jcodemunch_mcp/server.py
 M src/jcodemunch_mcp/storage/index_store.py
 M src/jcodemunch_mcp/storage/sqlite_store.py
 M src/jcodemunch_mcp/tools/check_references.py
 M src/jcodemunch_mcp/tools/find_references.py
 M src/jcodemunch_mcp/tools/get_blast_radius.py
 M src/jcodemunch_mcp/tools/get_churn_rate.py
 M src/jcodemunch_mcp/tools/get_file_outline.py
 M src/jcodemunch_mcp/tools/get_file_risk.py
 M src/jcodemunch_mcp/tools/get_file_tree.py
 M src/jcodemunch_mcp/tools/get_symbol_complexity.py
 M src/jcodemunch_mcp/tools/get_symbol_provenance.py
?? tests/test_generation_safe_hybrid.py","{""process_cpu_ms"": 0.0, ""runtime_distribution_version"": ""1.108.199"", ""target_policy"": ""middle stride target; repeated representative wins, outliers, and edge cases"", ""worker_pid"": 27172}"
fastapi/fastapi,fastapi-c1d6b9c4,dependency_cycles,cold_generation_safe_hybrid_deep_order_balanced,get_dependency_cycles,all_files,baseline_full,3,"{""repo"": ""local/fastapi-c1d6b9c4""}",3,1,13405,1191,14544896,157.9121,93.1012,58.95760996149123,1,151,242180096,242192384,12288,b4505d7c162d3d5d8dcc718e36432d7e00040ee0e9831ae8b966e2f16eeb55bb,95f8322ee1dcda7ceace7b1c4f6c9915b36d748f,2026-07-29T20:20:52.765681,1.108.207,c2201a55b6e1b0ea38043c514ab7bc3a372bad13,491d48d7d479279b6b5a67d51aa9d6ceb8a5c446abb992140c52e9c1b6662584,63a81eaf47ab83ae45c2e53b33f33c88998d26901e3a5bd37ababcaf86419595,1,wt-1.108.207,e3b0c44298fc1c149afbf4c8996fb92427ae41e4649b934ca495991b7852b855,,"{""process_cpu_ms"": 156.25, ""runtime_distribution_version"": ""1.108.199"", ""target_policy"": ""middle stride target; repeated representative wins, outliers, and edge cases"", ""worker_pid"": 38724}"
fastapi/fastapi,fastapi-c1d6b9c4,dependency_cycles,cold_generation_safe_hybrid_deep_order_balanced,get_dependency_cycles,all_files,generation_safe_hybrid,3,"{""repo"": ""local/fastapi-c1d6b9c4""}",3,2,13405,1191,14544896,69.5702,5.7649,8.28645023300206,1,150,140197888,140214272,16384,b4505d7c162d3d5d8dcc718e36432d7e00040ee0e9831ae8b966e2f16eeb55bb,95f8322ee1dcda7ceace7b1c4f6c9915b36d748f,2026-07-29T20:20:52.765681,1.108.207,c2201a55b6e1b0ea38043c514ab7bc3a372bad13,491d48d7d479279b6b5a67d51aa9d6ceb8a5c446abb992140c52e9c1b6662584,63a81eaf47ab83ae45c2e53b33f33c88998d26901e3a5bd37ababcaf86419595,1,wt-generation-safe-hybrid,175f8765c4949317d4f48614b8cdacd8c537ab2755c49f13f78a0b2b855cab96,"M src/jcodemunch_mcp/server.py
 M src/jcodemunch_mcp/storage/index_store.py
 M src/jcodemunch_mcp/storage/sqlite_store.py
 M src/jcodemunch_mcp/tools/check_references.py
 M src/jcodemunch_mcp/tools/find_references.py
 M src/jcodemunch_mcp/tools/get_blast_radius.py
 M src/jcodemunch_mcp/tools/get_churn_rate.py
 M src/jcodemunch_mcp/tools/get_file_outline.py
 M src/jcodemunch_mcp/tools/get_file_risk.py
 M src/jcodemunch_mcp/tools/get_file_tree.py
 M src/jcodemunch_mcp/tools/get_symbol_complexity.py
 M src/jcodemunch_mcp/tools/get_symbol_provenance.py
?? tests/test_generation_safe_hybrid.py","{""process_cpu_ms"": 78.125, ""runtime_distribution_version"": ""1.108.199"", ""target_policy"": ""middle stride target; repeated representative wins, outliers, and edge cases"", ""worker_pid"": 27172}"
fastapi/fastapi,fastapi-c1d6b9c4,changed_symbols,cold_generation_safe_hybrid_deep_order_balanced,get_changed_symbols,metadata,baseline_full,3,"{""include_blast_radius"": false, ""repo"": ""local/fastapi-c1d6b9c4"", ""since_sha"": ""95f8322ee1dcda7ceace7b1c4f6c9915b36d748f"", ""until_sha"": ""95f8322ee1dcda7ceace7b1c4f6c9915b36d748f""}",3,1,13405,1191,14544896,238.657,99.7157,41.78201351730726,1,539,220508160,221413376,905216,567cf452d846b80d813f45d9d15d929e4cbfda9503c77f60a1f8052421559b2d,95f8322ee1dcda7ceace7b1c4f6c9915b36d748f,2026-07-29T20:20:52.765681,1.108.207,c2201a55b6e1b0ea38043c514ab7bc3a372bad13,491d48d7d479279b6b5a67d51aa9d6ceb8a5c446abb992140c52e9c1b6662584,63a81eaf47ab83ae45c2e53b33f33c88998d26901e3a5bd37ababcaf86419595,1,wt-1.108.207,e3b0c44298fc1c149afbf4c8996fb92427ae41e4649b934ca495991b7852b855,,"{""process_cpu_ms"": 125.0, ""runtime_distribution_version"": ""1.108.199"", ""target_policy"": ""middle stride target; repeated representative wins, outliers, and edge cases"", ""worker_pid"": 38724}"
fastapi/fastapi,fastapi-c1d6b9c4,changed_symbols,cold_generation_safe_hybrid_deep_order_balanced,get_changed_symbols,metadata,generation_safe_hybrid,3,"{""include_blast_radius"": false, ""repo"": ""local/fastapi-c1d6b9c4"", ""since_sha"": ""95f8322ee1dcda7ceace7b1c4f6c9915b36d748f"", ""until_sha"": ""95f8322ee1dcda7ceace7b1c4f6c9915b36d748f""}",3,2,13405,1191,14544896,96.8609,7.8779,8.133209581988192,1,538,136065024,137560064,1495040,567cf452d846b80d813f45d9d15d929e4cbfda9503c77f60a1f8052421559b2d,95f8322ee1dcda7ceace7b1c4f6c9915b36d748f,2026-07-29T20:20:52.765681,1.108.207,c2201a55b6e1b0ea38043c514ab7bc3a372bad13,491d48d7d479279b6b5a67d51aa9d6ceb8a5c446abb992140c52e9c1b6662584,63a81eaf47ab83ae45c2e53b33f33c88998d26901e3a5bd37ababcaf86419595,1,wt-generation-safe-hybrid,175f8765c4949317d4f48614b8cdacd8c537ab2755c49f13f78a0b2b855cab96,"M src/jcodemunch_mcp/server.py
 M src/jcodemunch_mcp/storage/index_store.py
 M src/jcodemunch_mcp/storage/sqlite_store.py
 M src/jcodemunch_mcp/tools/check_references.py
 M src/jcodemunch_mcp/tools/find_references.py
 M src/jcodemunch_mcp/tools/get_blast_radius.py
 M src/jcodemunch_mcp/tools/get_churn_rate.py
 M src/jcodemunch_mcp/tools/get_file_outline.py
 M src/jcodemunch_mcp/tools/get_file_risk.py
 M src/jcodemunch_mcp/tools/get_file_tree.py
 M src/jcodemunch_mcp/tools/get_symbol_complexity.py
 M src/jcodemunch_mcp/tools/get_symbol_provenance.py
?? tests/test_generation_safe_hybrid.py","{""process_cpu_ms"": 15.625, ""runtime_distribution_version"": ""1.108.199"", ""target_policy"": ""middle stride target; repeated representative wins, outliers, and edge cases"", ""worker_pid"": 27172}"
fastapi/fastapi,fastapi-c1d6b9c4,references_call_chain,cold_generation_safe_hybrid_deep_order_balanced,find_references,reference_call_chain,baseline_full,3,"{""identifier"": ""username"", ""include_call_chain"": true, ""repo"": ""local/fastapi-c1d6b9c4""}",3,1,13405,1191,14544896,99.7516,93.7457,93.97914419417835,1,370,208912384,220618752,11706368,eb503f009166d546afe5671bb0b18665894f6e8f47fa78a937396526794b0681,95f8322ee1dcda7ceace7b1c4f6c9915b36d748f,2026-07-29T20:20:52.765681,1.108.207,c2201a55b6e1b0ea38043c514ab7bc3a372bad13,491d48d7d479279b6b5a67d51aa9d6ceb8a5c446abb992140c52e9c1b6662584,63a81eaf47ab83ae45c2e53b33f33c88998d26901e3a5bd37ababcaf86419595,1,wt-1.108.207,e3b0c44298fc1c149afbf4c8996fb92427ae41e4649b934ca495991b7852b855,,"{""process_cpu_ms"": 109.375, ""runtime_distribution_version"": ""1.108.199"", ""target_policy"": ""middle stride target; repeated representative wins, outliers, and edge cases"", ""worker_pid"": 38724}"
fastapi/fastapi,fastapi-c1d6b9c4,references_call_chain,cold_generation_safe_hybrid_deep_order_balanced,find_references,reference_call_chain,generation_safe_hybrid,3,"{""identifier"": ""username"", ""include_call_chain"": true, ""repo"": ""local/fastapi-c1d6b9c4""}",3,2,13405,1191,14544896,13.0158,7.8496,60.30824075354568,1,370,137596928,137678848,81920,eb503f009166d546afe5671bb0b18665894f6e8f47fa78a937396526794b0681,95f8322ee1dcda7ceace7b1c4f6c9915b36d748f,2026-07-29T20:20:52.765681,1.108.207,c2201a55b6e1b0ea38043c514ab7bc3a372bad13,491d48d7d479279b6b5a67d51aa9d6ceb8a5c446abb992140c52e9c1b6662584,63a81eaf47ab83ae45c2e53b33f33c88998d26901e3a5bd37ababcaf86419595,1,wt-generation-safe-hybrid,175f8765c4949317d4f48614b8cdacd8c537ab2755c49f13f78a0b2b855cab96,"M src/jcodemunch_mcp/server.py
 M src/jcodemunch_mcp/storage/index_store.py
 M src/jcodemunch_mcp/storage/sqlite_store.py
 M src/jcodemunch_mcp/tools/check_references.py
 M src/jcodemunch_mcp/tools/find_references.py
 M src/jcodemunch_mcp/tools/get_blast_radius.py
 M src/jcodemunch_mcp/tools/get_churn_rate.py
 M src/jcodemunch_mcp/tools/get_file_outline.py
 M src/jcodemunch_mcp/tools/get_file_risk.py
 M src/jcodemunch_mcp/tools/get_file_tree.py
 M src/jcodemunch_mcp/tools/get_symbol_complexity.py
 M src/jcodemunch_mcp/tools/get_symbol_provenance.py
?? tests/test_generation_safe_hybrid.py","{""process_cpu_ms"": 15.625, ""runtime_distribution_version"": ""1.108.199"", ""target_policy"": ""middle stride target; repeated representative wins, outliers, and edge cases"", ""worker_pid"": 27172}"
fastapi/fastapi,fastapi-c1d6b9c4,cross_repo_map_filtered,cold_generation_safe_hybrid_deep_order_balanced,get_cross_repo_map,all_files,baseline_full,3,"{""repo"": ""local/fastapi-c1d6b9c4""}",3,1,13405,1191,14544896,256.3243,104.2332,40.66457998714909,1,256,221474816,221806592,331776,2b2ef1fab520c827a3857c1a2daebdae1bec39eb43634735481fb2341cc4fa82,95f8322ee1dcda7ceace7b1c4f6c9915b36d748f,2026-07-29T20:20:52.765681,1.108.207,c2201a55b6e1b0ea38043c514ab7bc3a372bad13,491d48d7d479279b6b5a67d51aa9d6ceb8a5c446abb992140c52e9c1b6662584,63a81eaf47ab83ae45c2e53b33f33c88998d26901e3a5bd37ababcaf86419595,1,wt-1.108.207,e3b0c44298fc1c149afbf4c8996fb92427ae41e4649b934ca495991b7852b855,,"{""process_cpu_ms"": 265.625, ""runtime_distribution_version"": ""1.108.199"", ""target_policy"": ""middle stride target; repeated representative wins, outliers, and edge cases"", ""worker_pid"": 38724}"
fastapi/fastapi,fastapi-c1d6b9c4,cross_repo_map_filtered,cold_generation_safe_hybrid_deep_order_balanced,get_cross_repo_map,all_files,generation_safe_hybrid,3,"{""repo"": ""local/fastapi-c1d6b9c4""}",3,2,13405,1191,14544896,160.2638,7.8187,4.878643835975435,1,256,143163392,143663104,499712,2b2ef1fab520c827a3857c1a2daebdae1bec39eb43634735481fb2341cc4fa82,95f8322ee1dcda7ceace7b1c4f6c9915b36d748f,2026-07-29T20:20:52.765681,1.108.207,c2201a55b6e1b0ea38043c514ab7bc3a372bad13,491d48d7d479279b6b5a67d51aa9d6ceb8a5c446abb992140c52e9c1b6662584,63a81eaf47ab83ae45c2e53b33f33c88998d26901e3a5bd37ababcaf86419595,1,wt-generation-safe-hybrid,175f8765c4949317d4f48614b8cdacd8c537ab2755c49f13f78a0b2b855cab96,"M src/jcodemunch_mcp/server.py
 M src/jcodemunch_mcp/storage/index_store.py
 M src/jcodemunch_mcp/storage/sqlite_store.py
 M src/jcodemunch_mcp/tools/check_references.py
 M src/jcodemunch_mcp/tools/find_references.py
 M src/jcodemunch_mcp/tools/get_blast_radius.py
 M src/jcodemunch_mcp/tools/get_churn_rate.py
 M src/jcodemunch_mcp/tools/get_file_outline.py
 M src/jcodemunch_mcp/tools/get_file_risk.py
 M src/jcodemunch_mcp/tools/get_file_tree.py
 M src/jcodemunch_mcp/tools/get_symbol_complexity.py
 M src/jcodemunch_mcp/tools/get_symbol_provenance.py
?? tests/test_generation_safe_hybrid.py","{""process_cpu_ms"": 171.875, ""runtime_distribution_version"": ""1.108.199"", ""target_policy"": ""middle stride target; repeated representative wins, outliers, and edge cases"", ""worker_pid"": 27172}"
expressjs/express,express-080294c3,references_call_chain,cold_generation_safe_hybrid_deep_order_balanced,find_references,reference_call_chain,baseline_full,3,"{""identifier"": ""name"", ""include_call_chain"": true, ""repo"": ""local/express-080294c3""}",3,1,471,172,507904,6.9972,4.0622,58.0546504316012,1,365,221806592,221806592,0,829edb94ddc8b3ebb40b5dcc7523467a108cb824cf1b00f8c72da8dcbd0b199e,a3714473feb3d2908add734d340e7755fd85e0a3,2026-07-29T20:20:41.130953,1.108.207,c2201a55b6e1b0ea38043c514ab7bc3a372bad13,491d48d7d479279b6b5a67d51aa9d6ceb8a5c446abb992140c52e9c1b6662584,63a81eaf47ab83ae45c2e53b33f33c88998d26901e3a5bd37ababcaf86419595,1,wt-1.108.207,e3b0c44298fc1c149afbf4c8996fb92427ae41e4649b934ca495991b7852b855,,"{""process_cpu_ms"": 0.0, ""runtime_distribution_version"": ""1.108.199"", ""target_policy"": ""middle stride target; repeated representative wins, outliers, and edge cases"", ""worker_pid"": 38724}"
expressjs/express,express-080294c3,references_call_chain,cold_generation_safe_hybrid_deep_order_balanced,find_references,reference_call_chain,generation_safe_hybrid,3,"{""identifier"": ""name"", ""include_call_chain"": true, ""repo"": ""local/express-080294c3""}",3,2,471,172,507904,4.3613,1.3173,30.204296883956616,1,365,135385088,135385088,0,829edb94ddc8b3ebb40b5dcc7523467a108cb824cf1b00f8c72da8dcbd0b199e,a3714473feb3d2908add734d340e7755fd85e0a3,2026-07-29T20:20:41.130953,1.108.207,c2201a55b6e1b0ea38043c514ab7bc3a372bad13,491d48d7d479279b6b5a67d51aa9d6ceb8a5c446abb992140c52e9c1b6662584,63a81eaf47ab83ae45c2e53b33f33c88998d26901e3a5bd37ababcaf86419595,1,wt-generation-safe-hybrid,175f8765c4949317d4f48614b8cdacd8c537ab2755c49f13f78a0b2b855cab96,"M src/jcodemunch_mcp/server.py
 M src/jcodemunch_mcp/storage/index_store.py
 M src/jcodemunch_mcp/storage/sqlite_store.py
 M src/jcodemunch_mcp/tools/check_references.py
 M src/jcodemunch_mcp/tools/find_references.py
 M src/jcodemunch_mcp/tools/get_blast_radius.py
 M src/jcodemunch_mcp/tools/get_churn_rate.py
 M src/jcodemunch_mcp/tools/get_file_outline.py
 M src/jcodemunch_mcp/tools/get_file_risk.py
 M src/jcodemunch_mcp/tools/get_file_tree.py
 M src/jcodemunch_mcp/tools/get_symbol_complexity.py
 M src/jcodemunch_mcp/tools/get_symbol_provenance.py
?? tests/test_generation_safe_hybrid.py","{""process_cpu_ms"": 0.0, ""runtime_distribution_version"": ""1.108.199"", ""target_policy"": ""middle stride target; repeated representative wins, outliers, and edge cases"", ""worker_pid"": 27172}"
expressjs/express,express-080294c3,changed_symbols_blast,cold_generation_safe_hybrid_deep_order_balanced,get_changed_symbols,all_files,baseline_full,3,"{""include_blast_radius"": true, ""repo"": ""local/express-080294c3"", ""since_sha"": ""a3714473feb3d2908add734d340e7755fd85e0a3"", ""until_sha"": ""a3714473feb3d2908add734d340e7755fd85e0a3""}",3,1,471,172,507904,93.8533,4.591,4.891676691176549,1,538,221806592,221806592,0,19b90ce501c4f89468cf324af26a45f4909661dfad12b8a2a1a692e675bfbe42,a3714473feb3d2908add734d340e7755fd85e0a3,2026-07-29T20:20:41.130953,1.108.207,c2201a55b6e1b0ea38043c514ab7bc3a372bad13,491d48d7d479279b6b5a67d51aa9d6ceb8a5c446abb992140c52e9c1b6662584,63a81eaf47ab83ae45c2e53b33f33c88998d26901e3a5bd37ababcaf86419595,1,wt-1.108.207,e3b0c44298fc1c149afbf4c8996fb92427ae41e4649b934ca495991b7852b855,,"{""process_cpu_ms"": 15.625, ""runtime_distribution_version"": ""1.108.199"", ""target_policy"": ""middle stride target; repeated representative wins, outliers, and edge cases"", ""worker_pid"": 38724}"
expressjs/express,express-080294c3,changed_symbols_blast,cold_generation_safe_hybrid_deep_order_balanced,get_changed_symbols,all_files,generation_safe_hybrid,3,"{""include_blast_radius"": true, ""repo"": ""local/express-080294c3"", ""since_sha"": ""a3714473feb3d2908add734d340e7755fd85e0a3"", ""until_sha"": ""a3714473feb3d2908add734d340e7755fd85e0a3""}",3,2,471,172,507904,137.7188,1.6914,1.2281547617318769,1,539,135413760,135471104,57344,19b90ce501c4f89468cf324af26a45f4909661dfad12b8a2a1a692e675bfbe42,a3714473feb3d2908add734d340e7755fd85e0a3,2026-07-29T20:20:41.130953,1.108.207,c2201a55b6e1b0ea38043c514ab7bc3a372bad13,491d48d7d479279b6b5a67d51aa9d6ceb8a5c446abb992140c52e9c1b6662584,63a81eaf47ab83ae45c2e53b33f33c88998d26901e3a5bd37ababcaf86419595,1,wt-generation-safe-hybrid,175f8765c4949317d4f48614b8cdacd8c537ab2755c49f13f78a0b2b855cab96,"M src/jcodemunch_mcp/server.py
 M src/jcodemunch_mcp/storage/index_store.py
 M src/jcodemunch_mcp/storage/sqlite_store.py
 M src/jcodemunch_mcp/tools/check_references.py
 M src/jcodemunch_mcp/tools/find_references.py
 M src/jcodemunch_mcp/tools/get_blast_radius.py
 M src/jcodemunch_mcp/tools/get_churn_rate.py
 M src/jcodemunch_mcp/tools/get_file_outline.py
 M src/jcodemunch_mcp/tools/get_file_risk.py
 M src/jcodemunch_mcp/tools/get_file_tree.py
 M src/jcodemunch_mcp/tools/get_symbol_complexity.py
 M src/jcodemunch_mcp/tools/get_symbol_provenance.py
?? tests/test_generation_safe_hybrid.py","{""process_cpu_ms"": 46.875, ""runtime_distribution_version"": ""1.108.199"", ""target_policy"": ""middle stride target; repeated representative wins, outliers, and edge cases"", ""worker_pid"": 27172}"
expressjs/express,express-080294c3,churn_symbol,cold_generation_safe_hybrid_deep_order_balanced,get_churn_rate,target_symbols,baseline_full,3,"{""days"": 30, ""repo"": ""local/express-080294c3"", ""target"": "".github/workflows/scorecard.yml::jobs.analysis.name#constant""}",3,1,471,172,507904,61.4671,4.7207,7.680043470409373,1,586,221806592,221806592,0,0107a985a684f4be4d432e57eecc7686b5091b8a3e1791b61e519717743bb1ed,a3714473feb3d2908add734d340e7755fd85e0a3,2026-07-29T20:20:41.130953,1.108.207,c2201a55b6e1b0ea38043c514ab7bc3a372bad13,491d48d7d479279b6b5a67d51aa9d6ceb8a5c446abb992140c52e9c1b6662584,63a81eaf47ab83ae45c2e53b33f33c88998d26901e3a5bd37ababcaf86419595,1,wt-1.108.207,e3b0c44298fc1c149afbf4c8996fb92427ae41e4649b934ca495991b7852b855,,"{""process_cpu_ms"": 15.625, ""runtime_distribution_version"": ""1.108.199"", ""target_policy"": ""middle stride target; repeated representative wins, outliers, and edge cases"", ""worker_pid"": 38724}"
expressjs/express,express-080294c3,churn_symbol,cold_generation_safe_hybrid_deep_order_balanced,get_churn_rate,target_symbols,generation_safe_hybrid,3,"{""days"": 30, ""repo"": ""local/express-080294c3"", ""target"": "".github/workflows/scorecard.yml::jobs.analysis.name#constant""}",3,2,471,172,507904,56.1495,1.5824,2.818190722980614,1,586,135487488,135487488,0,0107a985a684f4be4d432e57eecc7686b5091b8a3e1791b61e519717743bb1ed,a3714473feb3d2908add734d340e7755fd85e0a3,2026-07-29T20:20:41.130953,1.108.207,c2201a55b6e1b0ea38043c514ab7bc3a372bad13,491d48d7d479279b6b5a67d51aa9d6ceb8a5c446abb992140c52e9c1b6662584,63a81eaf47ab83ae45c2e53b33f33c88998d26901e3a5bd37ababcaf86419595,1,wt-generation-safe-hybrid,175f8765c4949317d4f48614b8cdacd8c537ab2755c49f13f78a0b2b855cab96,"M src/jcodemunch_mcp/server.py
 M src/jcodemunch_mcp/storage/index_store.py
 M src/jcodemunch_mcp/storage/sqlite_store.py
 M src/jcodemunch_mcp/tools/check_references.py
 M src/jcodemunch_mcp/tools/find_references.py
 M src/jcodemunch_mcp/tools/get_blast_radius.py
 M src/jcodemunch_mcp/tools/get_churn_rate.py
 M src/jcodemunch_mcp/tools/get_file_outline.py
 M src/jcodemunch_mcp/tools/get_file_risk.py
 M src/jcodemunch_mcp/tools/get_file_tree.py
 M src/jcodemunch_mcp/tools/get_symbol_complexity.py
 M src/jcodemunch_mcp/tools/get_symbol_provenance.py
?? tests/test_generation_safe_hybrid.py","{""process_cpu_ms"": 15.625, ""runtime_distribution_version"": ""1.108.199"", ""target_policy"": ""middle stride target; repeated representative wins, outliers, and edge cases"", ""worker_pid"": 27172}"
expressjs/express,express-080294c3,cross_repo_map_filtered,cold_generation_safe_hybrid_deep_order_balanced,get_cross_repo_map,all_files,baseline_full,3,"{""repo"": ""local/express-080294c3""}",3,1,471,172,507904,148.6529,4.5282,3.0461565162872706,1,256,221917184,221990912,73728,4c782f89d9c2f201de765d97cec77c28274804930e49388d1b359bc177b5f8c2,a3714473feb3d2908add734d340e7755fd85e0a3,2026-07-29T20:20:41.130953,1.108.207,c2201a55b6e1b0ea38043c514ab7bc3a372bad13,491d48d7d479279b6b5a67d51aa9d6ceb8a5c446abb992140c52e9c1b6662584,63a81eaf47ab83ae45c2e53b33f33c88998d26901e3a5bd37ababcaf86419595,1,wt-1.108.207,e3b0c44298fc1c149afbf4c8996fb92427ae41e4649b934ca495991b7852b855,,"{""process_cpu_ms"": 156.25, ""runtime_distribution_version"": ""1.108.199"", ""target_policy"": ""middle stride target; repeated representative wins, outliers, and edge cases"", ""worker_pid"": 38724}"
expressjs/express,express-080294c3,cross_repo_map_filtered,cold_generation_safe_hybrid_deep_order_balanced,get_cross_repo_map,all_files,generation_safe_hybrid,3,"{""repo"": ""local/express-080294c3""}",3,2,471,172,507904,150.6811,1.5157,1.005899213637278,1,256,136482816,143646720,7163904,4c782f89d9c2f201de765d97cec77c28274804930e49388d1b359bc177b5f8c2,a3714473feb3d2908add734d340e7755fd85e0a3,2026-07-29T20:20:41.130953,1.108.207,c2201a55b6e1b0ea38043c514ab7bc3a372bad13,491d48d7d479279b6b5a67d51aa9d6ceb8a5c446abb992140c52e9c1b6662584,63a81eaf47ab83ae45c2e53b33f33c88998d26901e3a5bd37ababcaf86419595,1,wt-generation-safe-hybrid,175f8765c4949317d4f48614b8cdacd8c537ab2755c49f13f78a0b2b855cab96,"M src/jcodemunch_mcp/server.py
 M src/jcodemunch_mcp/storage/index_store.py
 M src/jcodemunch_mcp/storage/sqlite_store.py
 M src/jcodemunch_mcp/tools/check_references.py
 M src/jcodemunch_mcp/tools/find_references.py
 M src/jcodemunch_mcp/tools/get_blast_radius.py
 M src/jcodemunch_mcp/tools/get_churn_rate.py
 M src/jcodemunch_mcp/tools/get_file_outline.py
 M src/jcodemunch_mcp/tools/get_file_risk.py
 M src/jcodemunch_mcp/tools/get_file_tree.py
 M src/jcodemunch_mcp/tools/get_symbol_complexity.py
 M src/jcodemunch_mcp/tools/get_symbol_provenance.py
?? tests/test_generation_safe_hybrid.py","{""process_cpu_ms"": 156.25, ""runtime_distribution_version"": ""1.108.199"", ""target_policy"": ""middle stride target; repeated representative wins, outliers, and edge cases"", ""worker_pid"": 27172}"
expressjs/express,express-080294c3,symbol_source_single,cold_generation_safe_hybrid_deep_order_balanced,get_symbol_source,target_symbols,baseline_full,3,"{""repo"": ""local/express-080294c3"", ""symbol_id"": "".github/workflows/scorecard.yml::jobs.analysis.name#constant""}",3,1,471,172,507904,8.9393,4.1604,46.540556866868776,1,965,221990912,221990912,0,ea0985f42b9fff945ec0f96b54568d4e42515e4962de7d7d8e31cd04712be12f,a3714473feb3d2908add734d340e7755fd85e0a3,2026-07-29T20:20:41.130953,1.108.207,c2201a55b6e1b0ea38043c514ab7bc3a372bad13,491d48d7d479279b6b5a67d51aa9d6ceb8a5c446abb992140c52e9c1b6662584,63a81eaf47ab83ae45c2e53b33f33c88998d26901e3a5bd37ababcaf86419595,1,wt-1.108.207,e3b0c44298fc1c149afbf4c8996fb92427ae41e4649b934ca495991b7852b855,,"{""process_cpu_ms"": 15.625, ""runtime_distribution_version"": ""1.108.199"", ""target_policy"": ""middle stride target; repeated representative wins, outliers, and edge cases"", ""worker_pid"": 38724}"
expressjs/express,express-080294c3,symbol_source_single,cold_generation_safe_hybrid_deep_order_balanced,get_symbol_source,target_symbols,generation_safe_hybrid,3,"{""repo"": ""local/express-080294c3"", ""symbol_id"": "".github/workflows/scorecard.yml::jobs.analysis.name#constant""}",3,2,471,172,507904,6.8453,1.8012,26.312944648152747,1,965,143691776,143691776,0,ea0985f42b9fff945ec0f96b54568d4e42515e4962de7d7d8e31cd04712be12f,a3714473feb3d2908add734d340e7755fd85e0a3,2026-07-29T20:20:41.130953,1.108.207,c2201a55b6e1b0ea38043c514ab7bc3a372bad13,491d48d7d479279b6b5a67d51aa9d6ceb8a5c446abb992140c52e9c1b6662584,63a81eaf47ab83ae45c2e53b33f33c88998d26901e3a5bd37ababcaf86419595,1,wt-generation-safe-hybrid,175f8765c4949317d4f48614b8cdacd8c537ab2755c49f13f78a0b2b855cab96,"M src/jcodemunch_mcp/server.py
 M src/jcodemunch_mcp/storage/index_store.py
 M src/jcodemunch_mcp/storage/sqlite_store.py
 M src/jcodemunch_mcp/tools/check_references.py
 M src/jcodemunch_mcp/tools/find_references.py
 M src/jcodemunch_mcp/tools/get_blast_radius.py
 M src/jcodemunch_mcp/tools/get_churn_rate.py
 M src/jcodemunch_mcp/tools/get_file_outline.py
 M src/jcodemunch_mcp/tools/get_file_risk.py
 M src/jcodemunch_mcp/tools/get_file_tree.py
 M src/jcodemunch_mcp/tools/get_symbol_complexity.py
 M src/jcodemunch_mcp/tools/get_symbol_provenance.py
?? tests/test_generation_safe_hybrid.py","{""process_cpu_ms"": 0.0, ""runtime_distribution_version"": ""1.108.199"", ""target_policy"": ""middle stride target; repeated representative wins, outliers, and edge cases"", ""worker_pid"": 27172}"
expressjs/express,express-080294c3,dependency_cycles,cold_generation_safe_hybrid_deep_order_balanced,get_dependency_cycles,all_files,baseline_full,3,"{""repo"": ""local/express-080294c3""}",3,1,471,172,507904,8.4642,4.2551,50.27173270952955,1,149,221995008,221995008,0,53dea643e4a99922b7bf8d68864434ae9ce8cfa2542a60a2ab5148d45d39cc05,a3714473feb3d2908add734d340e7755fd85e0a3,2026-07-29T20:20:41.130953,1.108.207,c2201a55b6e1b0ea38043c514ab7bc3a372bad13,491d48d7d479279b6b5a67d51aa9d6ceb8a5c446abb992140c52e9c1b6662584,63a81eaf47ab83ae45c2e53b33f33c88998d26901e3a5bd37ababcaf86419595,1,wt-1.108.207,e3b0c44298fc1c149afbf4c8996fb92427ae41e4649b934ca495991b7852b855,,"{""process_cpu_ms"": 0.0, ""runtime_distribution_version"": ""1.108.199"", ""target_policy"": ""middle stride target; repeated representative wins, outliers, and edge cases"", ""worker_pid"": 38724}"
expressjs/express,express-080294c3,dependency_cycles,cold_generation_safe_hybrid_deep_order_balanced,get_dependency_cycles,all_files,generation_safe_hybrid,3,"{""repo"": ""local/express-080294c3""}",3,2,471,172,507904,6.0877,1.4294,23.48013206958293,1,149,143740928,143745024,4096,53dea643e4a99922b7bf8d68864434ae9ce8cfa2542a60a2ab5148d45d39cc05,a3714473feb3d2908add734d340e7755fd85e0a3,2026-07-29T20:20:41.130953,1.108.207,c2201a55b6e1b0ea38043c514ab7bc3a372bad13,491d48d7d479279b6b5a67d51aa9d6ceb8a5c446abb992140c52e9c1b6662584,63a81eaf47ab83ae45c2e53b33f33c88998d26901e3a5bd37ababcaf86419595,1,wt-generation-safe-hybrid,175f8765c4949317d4f48614b8cdacd8c537ab2755c49f13f78a0b2b855cab96,"M src/jcodemunch_mcp/server.py
 M src/jcodemunch_mcp/storage/index_store.py
 M src/jcodemunch_mcp/storage/sqlite_store.py
 M src/jcodemunch_mcp/tools/check_references.py
 M src/jcodemunch_mcp/tools/find_references.py
 M src/jcodemunch_mcp/tools/get_blast_radius.py
 M src/jcodemunch_mcp/tools/get_churn_rate.py
 M src/jcodemunch_mcp/tools/get_file_outline.py
 M src/jcodemunch_mcp/tools/get_file_risk.py
 M src/jcodemunch_mcp/tools/get_file_tree.py
 M src/jcodemunch_mcp/tools/get_symbol_complexity.py
 M src/jcodemunch_mcp/tools/get_symbol_provenance.py
?? tests/test_generation_safe_hybrid.py","{""process_cpu_ms"": 31.25, ""runtime_distribution_version"": ""1.108.199"", ""target_policy"": ""middle stride target; repeated representative wins, outliers, and edge cases"", ""worker_pid"": 27172}"
gin-gonic/gin,gin-87ab3d33,changed_symbols,cold_generation_safe_hybrid_deep_order_balanced,get_changed_symbols,metadata,baseline_full,3,"{""include_blast_radius"": false, ""repo"": ""local/gin-87ab3d33"", ""since_sha"": ""34dac209ffb6ef85cc78c5d217bbb7ad001d68fd"", ""until_sha"": ""34dac209ffb6ef85cc78c5d217bbb7ad001d68fd""}",3,1,1834,109,2580480,101.1305,13.7643,13.610434043142277,1,538,222003200,222003200,0,49e1d80c5e8d6a627ded2cf145c978d87efd5482043601a36eef817c94e2b3bf,34dac209ffb6ef85cc78c5d217bbb7ad001d68fd,2026-07-29T20:20:45.784692,1.108.207,c2201a55b6e1b0ea38043c514ab7bc3a372bad13,491d48d7d479279b6b5a67d51aa9d6ceb8a5c446abb992140c52e9c1b6662584,63a81eaf47ab83ae45c2e53b33f33c88998d26901e3a5bd37ababcaf86419595,1,wt-1.108.207,e3b0c44298fc1c149afbf4c8996fb92427ae41e4649b934ca495991b7852b855,,"{""process_cpu_ms"": 46.875, ""runtime_distribution_version"": ""1.108.199"", ""target_policy"": ""middle stride target; repeated representative wins, outliers, and edge cases"", ""worker_pid"": 38724}"
gin-gonic/gin,gin-87ab3d33,changed_symbols,cold_generation_safe_hybrid_deep_order_balanced,get_changed_symbols,metadata,generation_safe_hybrid,3,"{""include_blast_radius"": false, ""repo"": ""local/gin-87ab3d33"", ""since_sha"": ""34dac209ffb6ef85cc78c5d217bbb7ad001d68fd"", ""until_sha"": ""34dac209ffb6ef85cc78c5d217bbb7ad001d68fd""}",3,2,1834,109,2580480,89.736,1.5904,1.7723098867789961,1,538,144007168,144166912,159744,49e1d80c5e8d6a627ded2cf145c978d87efd5482043601a36eef817c94e2b3bf,34dac209ffb6ef85cc78c5d217bbb7ad001d68fd,2026-07-29T20:20:45.784692,1.108.207,c2201a55b6e1b0ea38043c514ab7bc3a372bad13,491d48d7d479279b6b5a67d51aa9d6ceb8a5c446abb992140c52e9c1b6662584,63a81eaf47ab83ae45c2e53b33f33c88998d26901e3a5bd37ababcaf86419595,1,wt-generation-safe-hybrid,175f8765c4949317d4f48614b8cdacd8c537ab2755c49f13f78a0b2b855cab96,"M src/jcodemunch_mcp/server.py
 M src/jcodemunch_mcp/storage/index_store.py
 M src/jcodemunch_mcp/storage/sqlite_store.py
 M src/jcodemunch_mcp/tools/check_references.py
 M src/jcodemunch_mcp/tools/find_references.py
 M src/jcodemunch_mcp/tools/get_blast_radius.py
 M src/jcodemunch_mcp/tools/get_churn_rate.py
 M src/jcodemunch_mcp/tools/get_file_outline.py
 M src/jcodemunch_mcp/tools/get_file_risk.py
 M src/jcodemunch_mcp/tools/get_file_tree.py
 M src/jcodemunch_mcp/tools/get_symbol_complexity.py
 M src/jcodemunch_mcp/tools/get_symbol_provenance.py
?? tests/test_generation_safe_hybrid.py","{""process_cpu_ms"": 0.0, ""runtime_distribution_version"": ""1.108.199"", ""target_policy"": ""middle stride target; repeated representative wins, outliers, and edge cases"", ""worker_pid"": 27172}"
gin-gonic/gin,gin-87ab3d33,file_tree_prefix,cold_generation_safe_hybrid_deep_order_balanced,get_file_tree,prefix_files,baseline_full,3,"{""include_summaries"": true, ""path_prefix"": """", ""repo"": ""local/gin-87ab3d33""}",3,1,1834,109,2580480,17.2906,12.7928,73.98702185002254,1,23329,222003200,222003200,0,73779043637bd97c198ef9ae19e8f495275c3bdce3a5559c4a0d3b2c937b0ae7,34dac209ffb6ef85cc78c5d217bbb7ad001d68fd,2026-07-29T20:20:45.784692,1.108.207,c2201a55b6e1b0ea38043c514ab7bc3a372bad13,491d48d7d479279b6b5a67d51aa9d6ceb8a5c446abb992140c52e9c1b6662584,63a81eaf47ab83ae45c2e53b33f33c88998d26901e3a5bd37ababcaf86419595,1,wt-1.108.207,e3b0c44298fc1c149afbf4c8996fb92427ae41e4649b934ca495991b7852b855,,"{""process_cpu_ms"": 15.625, ""runtime_distribution_version"": ""1.108.199"", ""target_policy"": ""middle stride target; repeated representative wins, outliers, and edge cases"", ""worker_pid"": 38724}"
gin-gonic/gin,gin-87ab3d33,file_tree_prefix,cold_generation_safe_hybrid_deep_order_balanced,get_file_tree,prefix_files,generation_safe_hybrid,3,"{""include_summaries"": true, ""path_prefix"": """", ""repo"": ""local/gin-87ab3d33""}",3,2,1834,109,2580480,18.0643,1.1902,6.588685971778591,1,23329,135782400,136134656,352256,73779043637bd97c198ef9ae19e8f495275c3bdce3a5559c4a0d3b2c937b0ae7,34dac209ffb6ef85cc78c5d217bbb7ad001d68fd,2026-07-29T20:20:45.784692,1.108.207,c2201a55b6e1b0ea38043c514ab7bc3a372bad13,491d48d7d479279b6b5a67d51aa9d6ceb8a5c446abb992140c52e9c1b6662584,63a81eaf47ab83ae45c2e53b33f33c88998d26901e3a5bd37ababcaf86419595,1,wt-generation-safe-hybrid,175f8765c4949317d4f48614b8cdacd8c537ab2755c49f13f78a0b2b855cab96,"M src/jcodemunch_mcp/server.py
 M src/jcodemunch_mcp/storage/index_store.py
 M src/jcodemunch_mcp/storage/sqlite_store.py
 M src/jcodemunch_mcp/tools/check_references.py
 M src/jcodemunch_mcp/tools/find_references.py
 M src/jcodemunch_mcp/tools/get_blast_radius.py
 M src/jcodemunch_mcp/tools/get_churn_rate.py
 M src/jcodemunch_mcp/tools/get_file_outline.py
 M src/jcodemunch_mcp/tools/get_file_risk.py
 M src/jcodemunch_mcp/tools/get_file_tree.py
 M src/jcodemunch_mcp/tools/get_symbol_complexity.py
 M src/jcodemunch_mcp/tools/get_symbol_provenance.py
?? tests/test_generation_safe_hybrid.py","{""process_cpu_ms"": 15.625, ""runtime_distribution_version"": ""1.108.199"", ""target_policy"": ""middle stride target; repeated representative wins, outliers, and edge cases"", ""worker_pid"": 27172}"
gin-gonic/gin,gin-87ab3d33,blast_radius_source,cold_generation_safe_hybrid_deep_order_balanced,get_blast_radius,blast_enrichment,baseline_full,3,"{""cross_repo"": false, ""include_source"": true, ""repo"": ""local/gin-87ab3d33"", ""source_budget"": 1000, ""symbol"": ""context.go::PureJSON#method""}",3,1,1834,109,2580480,24.1667,12.8255,53.070961281432716,1,645,222007296,222007296,0,b83931afaf6c4eef21373bdfb9f9cb33740d0287fa271e9046f5e389bae8062d,34dac209ffb6ef85cc78c5d217bbb7ad001d68fd,2026-07-29T20:20:45.784692,1.108.207,c2201a55b6e1b0ea38043c514ab7bc3a372bad13,491d48d7d479279b6b5a67d51aa9d6ceb8a5c446abb992140c52e9c1b6662584,63a81eaf47ab83ae45c2e53b33f33c88998d26901e3a5bd37ababcaf86419595,1,wt-1.108.207,e3b0c44298fc1c149afbf4c8996fb92427ae41e4649b934ca495991b7852b855,,"{""process_cpu_ms"": 62.5, ""runtime_distribution_version"": ""1.108.199"", ""target_policy"": ""middle stride target; repeated representative wins, outliers, and edge cases"", ""worker_pid"": 38724}"
gin-gonic/gin,gin-87ab3d33,blast_radius_source,cold_generation_safe_hybrid_deep_order_balanced,get_blast_radius,blast_enrichment,generation_safe_hybrid,3,"{""cross_repo"": false, ""include_source"": true, ""repo"": ""local/gin-87ab3d33"", ""source_budget"": 1000, ""symbol"": ""context.go::PureJSON#method""}",3,2,1834,109,2580480,24.7081,1.8831,7.621387318328806,1,645,136945664,137109504,163840,b83931afaf6c4eef21373bdfb9f9cb33740d0287fa271e9046f5e389bae8062d,34dac209ffb6ef85cc78c5d217bbb7ad001d68fd,2026-07-29T20:20:45.784692,1.108.207,c2201a55b6e1b0ea38043c514ab7bc3a372bad13,491d48d7d479279b6b5a67d51aa9d6ceb8a5c446abb992140c52e9c1b6662584,63a81eaf47ab83ae45c2e53b33f33c88998d26901e3a5bd37ababcaf86419595,1,wt-generation-safe-hybrid,175f8765c4949317d4f48614b8cdacd8c537ab2755c49f13f78a0b2b855cab96,"M src/jcodemunch_mcp/server.py
 M src/jcodemunch_mcp/storage/index_store.py
 M src/jcodemunch_mcp/storage/sqlite_store.py
 M src/jcodemunch_mcp/tools/check_references.py
 M src/jcodemunch_mcp/tools/find_references.py
 M src/jcodemunch_mcp/tools/get_blast_radius.py
 M src/jcodemunch_mcp/tools/get_churn_rate.py
 M src/jcodemunch_mcp/tools/get_file_outline.py
 M src/jcodemunch_mcp/tools/get_file_risk.py
 M src/jcodemunch_mcp/tools/get_file_tree.py
 M src/jcodemunch_mcp/tools/get_symbol_complexity.py
 M src/jcodemunch_mcp/tools/get_symbol_provenance.py
?? tests/test_generation_safe_hybrid.py","{""process_cpu_ms"": 62.5, ""runtime_distribution_version"": ""1.108.199"", ""target_policy"": ""middle stride target; repeated representative wins, outliers, and edge cases"", ""worker_pid"": 27172}"
gin-gonic/gin,gin-87ab3d33,symbol_source_single,cold_generation_safe_hybrid_deep_order_balanced,get_symbol_source,target_symbols,baseline_full,3,"{""repo"": ""local/gin-87ab3d33"", ""symbol_id"": ""context.go::PureJSON#method""}",3,1,1834,109,2580480,17.3067,12.8675,74.3498182784702,1,1156,222007296,222007296,0,bd1d5f8766ab865126bcbb930902ed4df37823ce68573ab85d5a27acaea8f0f5,34dac209ffb6ef85cc78c5d217bbb7ad001d68fd,2026-07-29T20:20:45.784692,1.108.207,c2201a55b6e1b0ea38043c514ab7bc3a372bad13,491d48d7d479279b6b5a67d51aa9d6ceb8a5c446abb992140c52e9c1b6662584,63a81eaf47ab83ae45c2e53b33f33c88998d26901e3a5bd37ababcaf86419595,1,wt-1.108.207,e3b0c44298fc1c149afbf4c8996fb92427ae41e4649b934ca495991b7852b855,,"{""process_cpu_ms"": 15.625, ""runtime_distribution_version"": ""1.108.199"", ""target_policy"": ""middle stride target; repeated representative wins, outliers, and edge cases"", ""worker_pid"": 38724}"
gin-gonic/gin,gin-87ab3d33,symbol_source_single,cold_generation_safe_hybrid_deep_order_balanced,get_symbol_source,target_symbols,generation_safe_hybrid,3,"{""repo"": ""local/gin-87ab3d33"", ""symbol_id"": ""context.go::PureJSON#method""}",3,2,1834,109,2580480,6.3427,1.3276,20.931149195137717,1,1155,137154560,137154560,0,bd1d5f8766ab865126bcbb930902ed4df37823ce68573ab85d5a27acaea8f0f5,34dac209ffb6ef85cc78c5d217bbb7ad001d68fd,2026-07-29T20:20:45.784692,1.108.207,c2201a55b6e1b0ea38043c514ab7bc3a372bad13,491d48d7d479279b6b5a67d51aa9d6ceb8a5c446abb992140c52e9c1b6662584,63a81eaf47ab83ae45c2e53b33f33c88998d26901e3a5bd37ababcaf86419595,1,wt-generation-safe-hybrid,175f8765c4949317d4f48614b8cdacd8c537ab2755c49f13f78a0b2b855cab96,"M src/jcodemunch_mcp/server.py
 M src/jcodemunch_mcp/storage/index_store.py
 M src/jcodemunch_mcp/storage/sqlite_store.py
 M src/jcodemunch_mcp/tools/check_references.py
 M src/jcodemunch_mcp/tools/find_references.py
 M src/jcodemunch_mcp/tools/get_blast_radius.py
 M src/jcodemunch_mcp/tools/get_churn_rate.py
 M src/jcodemunch_mcp/tools/get_file_outline.py
 M src/jcodemunch_mcp/tools/get_file_risk.py
 M src/jcodemunch_mcp/tools/get_file_tree.py
 M src/jcodemunch_mcp/tools/get_symbol_complexity.py
 M src/jcodemunch_mcp/tools/get_symbol_provenance.py
?? tests/test_generation_safe_hybrid.py","{""process_cpu_ms"": 31.25, ""runtime_distribution_version"": ""1.108.199"", ""target_policy"": ""middle stride target; repeated representative wins, outliers, and edge cases"", ""worker_pid"": 27172}"
gin-gonic/gin,gin-87ab3d33,dependency_cycles,cold_generation_safe_hybrid_deep_order_balanced,get_dependency_cycles,all_files,baseline_full,3,"{""repo"": ""local/gin-87ab3d33""}",3,1,1834,109,2580480,17.2373,12.9445,75.09586768229363,1,146,222007296,222007296,0,ee7b243f04c63bb5370a89f96824da48c48b4555564a739762a4b26f0bcc54a6,34dac209ffb6ef85cc78c5d217bbb7ad001d68fd,2026-07-29T20:20:45.784692,1.108.207,c2201a55b6e1b0ea38043c514ab7bc3a372bad13,491d48d7d479279b6b5a67d51aa9d6ceb8a5c446abb992140c52e9c1b6662584,63a81eaf47ab83ae45c2e53b33f33c88998d26901e3a5bd37ababcaf86419595,1,wt-1.108.207,e3b0c44298fc1c149afbf4c8996fb92427ae41e4649b934ca495991b7852b855,,"{""process_cpu_ms"": 15.625, ""runtime_distribution_version"": ""1.108.199"", ""target_policy"": ""middle stride target; repeated representative wins, outliers, and edge cases"", ""worker_pid"": 38724}"
gin-gonic/gin,gin-87ab3d33,dependency_cycles,cold_generation_safe_hybrid_deep_order_balanced,get_dependency_cycles,all_files,generation_safe_hybrid,3,"{""repo"": ""local/gin-87ab3d33""}",3,2,1834,109,2580480,5.8645,1.3434,22.907323727513003,1,145,137154560,137154560,0,ee7b243f04c63bb5370a89f96824da48c48b4555564a739762a4b26f0bcc54a6,34dac209ffb6ef85cc78c5d217bbb7ad001d68fd,2026-07-29T20:20:45.784692,1.108.207,c2201a55b6e1b0ea38043c514ab7bc3a372bad13,491d48d7d479279b6b5a67d51aa9d6ceb8a5c446abb992140c52e9c1b6662584,63a81eaf47ab83ae45c2e53b33f33c88998d26901e3a5bd37ababcaf86419595,1,wt-generation-safe-hybrid,175f8765c4949317d4f48614b8cdacd8c537ab2755c49f13f78a0b2b855cab96,"M src/jcodemunch_mcp/server.py
 M src/jcodemunch_mcp/storage/index_store.py
 M src/jcodemunch_mcp/storage/sqlite_store.py
 M src/jcodemunch_mcp/tools/check_references.py
 M src/jcodemunch_mcp/tools/find_references.py
 M src/jcodemunch_mcp/tools/get_blast_radius.py
 M src/jcodemunch_mcp/tools/get_churn_rate.py
 M src/jcodemunch_mcp/tools/get_file_outline.py
 M src/jcodemunch_mcp/tools/get_file_risk.py
 M src/jcodemunch_mcp/tools/get_file_tree.py
 M src/jcodemunch_mcp/tools/get_symbol_complexity.py
 M src/jcodemunch_mcp/tools/get_symbol_provenance.py
?? tests/test_generation_safe_hybrid.py","{""process_cpu_ms"": 0.0, ""runtime_distribution_version"": ""1.108.199"", ""target_policy"": ""middle stride target; repeated representative wins, outliers, and edge cases"", ""worker_pid"": 27172}"
gin-gonic/gin,gin-87ab3d33,references_call_chain,cold_generation_safe_hybrid_deep_order_balanced,find_references,reference_call_chain,baseline_full,3,"{""identifier"": ""PureJSON"", ""include_call_chain"": true, ""repo"": ""local/gin-87ab3d33""}",3,1,1834,109,2580480,15.5995,12.6237,80.9237475560114,1,366,222007296,222007296,0,c8426ce7c8f0855aa1af8197929ed5c73cd1ec2775f9eda92718b0a3bed0ecb1,34dac209ffb6ef85cc78c5d217bbb7ad001d68fd,2026-07-29T20:20:45.784692,1.108.207,c2201a55b6e1b0ea38043c514ab7bc3a372bad13,491d48d7d479279b6b5a67d51aa9d6ceb8a5c446abb992140c52e9c1b6662584,63a81eaf47ab83ae45c2e53b33f33c88998d26901e3a5bd37ababcaf86419595,1,wt-1.108.207,e3b0c44298fc1c149afbf4c8996fb92427ae41e4649b934ca495991b7852b855,,"{""process_cpu_ms"": 15.625, ""runtime_distribution_version"": ""1.108.199"", ""target_policy"": ""middle stride target; repeated representative wins, outliers, and edge cases"", ""worker_pid"": 38724}"
gin-gonic/gin,gin-87ab3d33,references_call_chain,cold_generation_safe_hybrid_deep_order_balanced,find_references,reference_call_chain,generation_safe_hybrid,3,"{""identifier"": ""PureJSON"", ""include_call_chain"": true, ""repo"": ""local/gin-87ab3d33""}",3,2,1834,109,2580480,4.6592,1.423,30.541723901098898,1,365,137154560,137154560,0,c8426ce7c8f0855aa1af8197929ed5c73cd1ec2775f9eda92718b0a3bed0ecb1,34dac209ffb6ef85cc78c5d217bbb7ad001d68fd,2026-07-29T20:20:45.784692,1.108.207,c2201a55b6e1b0ea38043c514ab7bc3a372bad13,491d48d7d479279b6b5a67d51aa9d6ceb8a5c446abb992140c52e9c1b6662584,63a81eaf47ab83ae45c2e53b33f33c88998d26901e3a5bd37ababcaf86419595,1,wt-generation-safe-hybrid,175f8765c4949317d4f48614b8cdacd8c537ab2755c49f13f78a0b2b855cab96,"M src/jcodemunch_mcp/server.py
 M src/jcodemunch_mcp/storage/index_store.py
 M src/jcodemunch_mcp/storage/sqlite_store.py
 M src/jcodemunch_mcp/tools/check_references.py
 M src/jcodemunch_mcp/tools/find_references.py
 M src/jcodemunch_mcp/tools/get_blast_radius.py
 M src/jcodemunch_mcp/tools/get_churn_rate.py
 M src/jcodemunch_mcp/tools/get_file_outline.py
 M src/jcodemunch_mcp/tools/get_file_risk.py
 M src/jcodemunch_mcp/tools/get_file_tree.py
 M src/jcodemunch_mcp/tools/get_symbol_complexity.py
 M src/jcodemunch_mcp/tools/get_symbol_provenance.py
?? tests/test_generation_safe_hybrid.py","{""process_cpu_ms"": 15.625, ""runtime_distribution_version"": ""1.108.199"", ""target_policy"": ""middle stride target; repeated representative wins, outliers, and edge cases"", ""worker_pid"": 27172}"
django/django,django-3eb2e228,symbol_source_single,cold_generation_safe_hybrid_deep_order_balanced,get_symbol_source,target_symbols,generation_safe_hybrid,3,"{""repo"": ""local/django-3eb2e228"", ""symbol_id"": ""tests/db_functions/comparison/test_nullif.py::NullIfTests.test_basic#method""}",4,1,45561,2730,39505920,19.9078,14.5744,73.20949577552517,1,1654,139075584,139735040,659456,4bd281e69164260c096b148861e75cc4a2447ef9874c60f022dd76dc106cb524,274a1d494d11d87a1b767340d1f398f197810f93,2026-07-29T20:21:07.572944,1.108.207,c2201a55b6e1b0ea38043c514ab7bc3a372bad13,491d48d7d479279b6b5a67d51aa9d6ceb8a5c446abb992140c52e9c1b6662584,63a81eaf47ab83ae45c2e53b33f33c88998d26901e3a5bd37ababcaf86419595,1,wt-generation-safe-hybrid,175f8765c4949317d4f48614b8cdacd8c537ab2755c49f13f78a0b2b855cab96,"M src/jcodemunch_mcp/server.py
 M src/jcodemunch_mcp/storage/index_store.py
 M src/jcodemunch_mcp/storage/sqlite_store.py
 M src/jcodemunch_mcp/tools/check_references.py
 M src/jcodemunch_mcp/tools/find_references.py
 M src/jcodemunch_mcp/tools/get_blast_radius.py
 M src/jcodemunch_mcp/tools/get_churn_rate.py
 M src/jcodemunch_mcp/tools/get_file_outline.py
 M src/jcodemunch_mcp/tools/get_file_risk.py
 M src/jcodemunch_mcp/tools/get_file_tree.py
 M src/jcodemunch_mcp/tools/get_symbol_complexity.py
 M src/jcodemunch_mcp/tools/get_symbol_provenance.py
?? tests/test_generation_safe_hybrid.py","{""process_cpu_ms"": 15.625, ""runtime_distribution_version"": ""1.108.199"", ""target_policy"": ""middle stride target; repeated representative wins, outliers, and edge cases"", ""worker_pid"": 27172}"
django/django,django-3eb2e228,symbol_source_single,cold_generation_safe_hybrid_deep_order_balanced,get_symbol_source,target_symbols,baseline_full,3,"{""repo"": ""local/django-3eb2e228"", ""symbol_id"": ""tests/db_functions/comparison/test_nullif.py::NullIfTests.test_basic#method""}",4,2,45561,2730,39505920,389.2155,383.9366,98.6437076632354,1,1655,245415936,263667712,18251776,4bd281e69164260c096b148861e75cc4a2447ef9874c60f022dd76dc106cb524,274a1d494d11d87a1b767340d1f398f197810f93,2026-07-29T20:21:07.572944,1.108.207,c2201a55b6e1b0ea38043c514ab7bc3a372bad13,491d48d7d479279b6b5a67d51aa9d6ceb8a5c446abb992140c52e9c1b6662584,63a81eaf47ab83ae45c2e53b33f33c88998d26901e3a5bd37ababcaf86419595,1,wt-1.108.207,e3b0c44298fc1c149afbf4c8996fb92427ae41e4649b934ca495991b7852b855,,"{""process_cpu_ms"": 390.625, ""runtime_distribution_version"": ""1.108.199"", ""target_policy"": ""middle stride target; repeated representative wins, outliers, and edge cases"", ""worker_pid"": 38724}"
django/django,django-3eb2e228,file_content,cold_generation_safe_hybrid_deep_order_balanced,get_file_content,target_files,generation_safe_hybrid,3,"{""file_path"": ""tests/custom_pk/fields.py"", ""max_content_results"": 20, ""repo"": ""local/django-3eb2e228"", ""search_content"": true}",4,1,45561,2730,39505920,17.3663,13.5986,78.30453234137381,1,3198,138342400,138985472,643072,7916f0400c87e7e42e6f81f2885b1ef39cbdfd6876f3eb6e24308160f936297e,274a1d494d11d87a1b767340d1f398f197810f93,2026-07-29T20:21:07.572944,1.108.207,c2201a55b6e1b0ea38043c514ab7bc3a372bad13,491d48d7d479279b6b5a67d51aa9d6ceb8a5c446abb992140c52e9c1b6662584,63a81eaf47ab83ae45c2e53b33f33c88998d26901e3a5bd37ababcaf86419595,1,wt-generation-safe-hybrid,175f8765c4949317d4f48614b8cdacd8c537ab2755c49f13f78a0b2b855cab96,"M src/jcodemunch_mcp/server.py
 M src/jcodemunch_mcp/storage/index_store.py
 M src/jcodemunch_mcp/storage/sqlite_store.py
 M src/jcodemunch_mcp/tools/check_references.py
 M src/jcodemunch_mcp/tools/find_references.py
 M src/jcodemunch_mcp/tools/get_blast_radius.py
 M src/jcodemunch_mcp/tools/get_churn_rate.py
 M src/jcodemunch_mcp/tools/get_file_outline.py
 M src/jcodemunch_mcp/tools/get_file_risk.py
 M src/jcodemunch_mcp/tools/get_file_tree.py
 M src/jcodemunch_mcp/tools/get_symbol_complexity.py
 M src/jcodemunch_mcp/tools/get_symbol_provenance.py
?? tests/test_generation_safe_hybrid.py","{""process_cpu_ms"": 31.25, ""runtime_distribution_version"": ""1.108.199"", ""target_policy"": ""middle stride target; repeated representative wins, outliers, and edge cases"", ""worker_pid"": 27172}"
django/django,django-3eb2e228,file_content,cold_generation_safe_hybrid_deep_order_balanced,get_file_content,target_files,baseline_full,3,"{""file_path"": ""tests/custom_pk/fields.py"", ""max_content_results"": 20, ""repo"": ""local/django-3eb2e228"", ""search_content"": true}",4,2,45561,2730,39505920,400.5577,396.9254,99.09318932078949,1,3199,249421824,263462912,14041088,7916f0400c87e7e42e6f81f2885b1ef39cbdfd6876f3eb6e24308160f936297e,274a1d494d11d87a1b767340d1f398f197810f93,2026-07-29T20:21:07.572944,1.108.207,c2201a55b6e1b0ea38043c514ab7bc3a372bad13,491d48d7d479279b6b5a67d51aa9d6ceb8a5c446abb992140c52e9c1b6662584,63a81eaf47ab83ae45c2e53b33f33c88998d26901e3a5bd37ababcaf86419595,1,wt-1.108.207,e3b0c44298fc1c149afbf4c8996fb92427ae41e4649b934ca495991b7852b855,,"{""process_cpu_ms"": 515.625, ""runtime_distribution_version"": ""1.108.199"", ""target_policy"": ""middle stride target; repeated representative wins, outliers, and edge cases"", ""worker_pid"": 38724}"
django/django,django-3eb2e228,dependency_cycles,cold_generation_safe_hybrid_deep_order_balanced,get_dependency_cycles,all_files,generation_safe_hybrid,3,"{""repo"": ""local/django-3eb2e228""}",4,1,45561,2730,39505920,275.4557,13.7308,4.9847579846777545,1,3549,138428416,138944512,516096,59de29f5ff121883f746daee41dd101f5943660e6830d90323ab3f4a0ca42215,274a1d494d11d87a1b767340d1f398f197810f93,2026-07-29T20:21:07.572944,1.108.207,c2201a55b6e1b0ea38043c514ab7bc3a372bad13,491d48d7d479279b6b5a67d51aa9d6ceb8a5c446abb992140c52e9c1b6662584,63a81eaf47ab83ae45c2e53b33f33c88998d26901e3a5bd37ababcaf86419595,1,wt-generation-safe-hybrid,175f8765c4949317d4f48614b8cdacd8c537ab2755c49f13f78a0b2b855cab96,"M src/jcodemunch_mcp/server.py
 M src/jcodemunch_mcp/storage/index_store.py
 M src/jcodemunch_mcp/storage/sqlite_store.py
 M src/jcodemunch_mcp/tools/check_references.py
 M src/jcodemunch_mcp/tools/find_references.py
 M src/jcodemunch_mcp/tools/get_blast_radius.py
 M src/jcodemunch_mcp/tools/get_churn_rate.py
 M src/jcodemunch_mcp/tools/get_file_outline.py
 M src/jcodemunch_mcp/tools/get_file_risk.py
 M src/jcodemunch_mcp/tools/get_file_tree.py
 M src/jcodemunch_mcp/tools/get_symbol_complexity.py
 M src/jcodemunch_mcp/tools/get_symbol_provenance.py
?? tests/test_generation_safe_hybrid.py","{""process_cpu_ms"": 281.25, ""runtime_distribution_version"": ""1.108.199"", ""target_policy"": ""middle stride target; repeated representative wins, outliers, and edge cases"", ""worker_pid"": 27172}"
django/django,django-3eb2e228,dependency_cycles,cold_generation_safe_hybrid_deep_order_balanced,get_dependency_cycles,all_files,baseline_full,3,"{""repo"": ""local/django-3eb2e228""}",4,2,45561,2730,39505920,651.8765,387.142,59.388856631585895,1,3549,250339328,263352320,13012992,59de29f5ff121883f746daee41dd101f5943660e6830d90323ab3f4a0ca42215,274a1d494d11d87a1b767340d1f398f197810f93,2026-07-29T20:21:07.572944,1.108.207,c2201a55b6e1b0ea38043c514ab7bc3a372bad13,491d48d7d479279b6b5a67d51aa9d6ceb8a5c446abb992140c52e9c1b6662584,63a81eaf47ab83ae45c2e53b33f33c88998d26901e3a5bd37ababcaf86419595,1,wt-1.108.207,e3b0c44298fc1c149afbf4c8996fb92427ae41e4649b934ca495991b7852b855,,"{""process_cpu_ms"": 656.25, ""runtime_distribution_version"": ""1.108.199"", ""target_policy"": ""middle stride target; repeated representative wins, outliers, and edge cases"", ""worker_pid"": 38724}"
django/django,django-3eb2e228,changed_symbols,cold_generation_safe_hybrid_deep_order_balanced,get_changed_symbols,metadata,generation_safe_hybrid,3,"{""include_blast_radius"": false, ""repo"": ""local/django-3eb2e228"", ""since_sha"": ""274a1d494d11d87a1b767340d1f398f197810f93"", ""until_sha"": ""274a1d494d11d87a1b767340d1f398f197810f93""}",4,1,45561,2730,39505920,105.346,16.0109,15.198393864029008,1,539,138043392,138592256,548864,7890ec2ac238cb084bbae498de22a373a175966b52963bc28f68d66e09b6c110,274a1d494d11d87a1b767340d1f398f197810f93,2026-07-29T20:21:07.572944,1.108.207,c2201a55b6e1b0ea38043c514ab7bc3a372bad13,491d48d7d479279b6b5a67d51aa9d6ceb8a5c446abb992140c52e9c1b6662584,63a81eaf47ab83ae45c2e53b33f33c88998d26901e3a5bd37ababcaf86419595,1,wt-generation-safe-hybrid,175f8765c4949317d4f48614b8cdacd8c537ab2755c49f13f78a0b2b855cab96,"M src/jcodemunch_mcp/server.py
 M src/jcodemunch_mcp/storage/index_store.py
 M src/jcodemunch_mcp/storage/sqlite_store.py
 M src/jcodemunch_mcp/tools/check_references.py
 M src/jcodemunch_mcp/tools/find_references.py
 M src/jcodemunch_mcp/tools/get_blast_radius.py
 M src/jcodemunch_mcp/tools/get_churn_rate.py
 M src/jcodemunch_mcp/tools/get_file_outline.py
 M src/jcodemunch_mcp/tools/get_file_risk.py
 M src/jcodemunch_mcp/tools/get_file_tree.py
 M src/jcodemunch_mcp/tools/get_symbol_complexity.py
 M src/jcodemunch_mcp/tools/get_symbol_provenance.py
?? tests/test_generation_safe_hybrid.py","{""process_cpu_ms"": 31.25, ""runtime_distribution_version"": ""1.108.199"", ""target_policy"": ""middle stride target; repeated representative wins, outliers, and edge cases"", ""worker_pid"": 27172}"
django/django,django-3eb2e228,changed_symbols,cold_generation_safe_hybrid_deep_order_balanced,get_changed_symbols,metadata,baseline_full,3,"{""include_blast_radius"": false, ""repo"": ""local/django-3eb2e228"", ""since_sha"": ""274a1d494d11d87a1b767340d1f398f197810f93"", ""until_sha"": ""274a1d494d11d87a1b767340d1f398f197810f93""}",4,2,45561,2730,39505920,535.1837,391.1731,73.09137030892381,1,539,252538880,264589312,12050432,7890ec2ac238cb084bbae498de22a373a175966b52963bc28f68d66e09b6c110,274a1d494d11d87a1b767340d1f398f197810f93,2026-07-29T20:21:07.572944,1.108.207,c2201a55b6e1b0ea38043c514ab7bc3a372bad13,491d48d7d479279b6b5a67d51aa9d6ceb8a5c446abb992140c52e9c1b6662584,63a81eaf47ab83ae45c2e53b33f33c88998d26901e3a5bd37ababcaf86419595,1,wt-1.108.207,e3b0c44298fc1c149afbf4c8996fb92427ae41e4649b934ca495991b7852b855,,"{""process_cpu_ms"": 406.25, ""runtime_distribution_version"": ""1.108.199"", ""target_policy"": ""middle stride target; repeated representative wins, outliers, and edge cases"", ""worker_pid"": 38724}"
django/django,django-3eb2e228,references_call_chain,cold_generation_safe_hybrid_deep_order_balanced,find_references,reference_call_chain,generation_safe_hybrid,3,"{""identifier"": ""test_basic"", ""include_call_chain"": true, ""repo"": ""local/django-3eb2e228""}",4,1,45561,2730,39505920,24.5788,13.2372,53.85616873077611,1,371,138698752,141275136,2576384,d2e21df97856d9f2bdf993813cb54ef3d6f1d7c7b0fd1fca3f0dff2557dbd764,274a1d494d11d87a1b767340d1f398f197810f93,2026-07-29T20:21:07.572944,1.108.207,c2201a55b6e1b0ea38043c514ab7bc3a372bad13,491d48d7d479279b6b5a67d51aa9d6ceb8a5c446abb992140c52e9c1b6662584,63a81eaf47ab83ae45c2e53b33f33c88998d26901e3a5bd37ababcaf86419595,1,wt-generation-safe-hybrid,175f8765c4949317d4f48614b8cdacd8c537ab2755c49f13f78a0b2b855cab96,"M src/jcodemunch_mcp/server.py
 M src/jcodemunch_mcp/storage/index_store.py
 M src/jcodemunch_mcp/storage/sqlite_store.py
 M src/jcodemunch_mcp/tools/check_references.py
 M src/jcodemunch_mcp/tools/find_references.py
 M src/jcodemunch_mcp/tools/get_blast_radius.py
 M src/jcodemunch_mcp/tools/get_churn_rate.py
 M src/jcodemunch_mcp/tools/get_file_outline.py
 M src/jcodemunch_mcp/tools/get_file_risk.py
 M src/jcodemunch_mcp/tools/get_file_tree.py
 M src/jcodemunch_mcp/tools/get_symbol_complexity.py
 M src/jcodemunch_mcp/tools/get_symbol_provenance.py
?? tests/test_generation_safe_hybrid.py","{""process_cpu_ms"": 31.25, ""runtime_distribution_version"": ""1.108.199"", ""target_policy"": ""middle stride target; repeated representative wins, outliers, and edge cases"", ""worker_pid"": 27172}"
django/django,django-3eb2e228,references_call_chain,cold_generation_safe_hybrid_deep_order_balanced,find_references,reference_call_chain,baseline_full,3,"{""identifier"": ""test_basic"", ""include_call_chain"": true, ""repo"": ""local/django-3eb2e228""}",4,2,45561,2730,39505920,398.7062,385.8388,96.77271133481244,1,372,249303040,262586368,13283328,d2e21df97856d9f2bdf993813cb54ef3d6f1d7c7b0fd1fca3f0dff2557dbd764,274a1d494d11d87a1b767340d1f398f197810f93,2026-07-29T20:21:07.572944,1.108.207,c2201a55b6e1b0ea38043c514ab7bc3a372bad13,491d48d7d479279b6b5a67d51aa9d6ceb8a5c446abb992140c52e9c1b6662584,63a81eaf47ab83ae45c2e53b33f33c88998d26901e3a5bd37ababcaf86419595,1,wt-1.108.207,e3b0c44298fc1c149afbf4c8996fb92427ae41e4649b934ca495991b7852b855,,"{""process_cpu_ms"": 390.625, ""runtime_distribution_version"": ""1.108.199"", ""target_policy"": ""middle stride target; repeated representative wins, outliers, and edge cases"", ""worker_pid"": 38724}"
django/django,django-3eb2e228,cross_repo_map_filtered,cold_generation_safe_hybrid_deep_order_balanced,get_cross_repo_map,all_files,generation_safe_hybrid,3,"{""repo"": ""local/django-3eb2e228""}",4,1,45561,2730,39505920,164.0201,15.563,9.488471230050463,1,265,145653760,146116608,462848,0ec037b4d1d0761d12ee860dab7d0b88749cf86caa2a3376080c7c040a47e7ac,274a1d494d11d87a1b767340d1f398f197810f93,2026-07-29T20:21:07.572944,1.108.207,c2201a55b6e1b0ea38043c514ab7bc3a372bad13,491d48d7d479279b6b5a67d51aa9d6ceb8a5c446abb992140c52e9c1b6662584,63a81eaf47ab83ae45c2e53b33f33c88998d26901e3a5bd37ababcaf86419595,1,wt-generation-safe-hybrid,175f8765c4949317d4f48614b8cdacd8c537ab2755c49f13f78a0b2b855cab96,"M src/jcodemunch_mcp/server.py
 M src/jcodemunch_mcp/storage/index_store.py
 M src/jcodemunch_mcp/storage/sqlite_store.py
 M src/jcodemunch_mcp/tools/check_references.py
 M src/jcodemunch_mcp/tools/find_references.py
 M src/jcodemunch_mcp/tools/get_blast_radius.py
 M src/jcodemunch_mcp/tools/get_churn_rate.py
 M src/jcodemunch_mcp/tools/get_file_outline.py
 M src/jcodemunch_mcp/tools/get_file_risk.py
 M src/jcodemunch_mcp/tools/get_file_tree.py
 M src/jcodemunch_mcp/tools/get_symbol_complexity.py
 M src/jcodemunch_mcp/tools/get_symbol_provenance.py
?? tests/test_generation_safe_hybrid.py","{""process_cpu_ms"": 156.25, ""runtime_distribution_version"": ""1.108.199"", ""target_policy"": ""middle stride target; repeated representative wins, outliers, and edge cases"", ""worker_pid"": 27172}"
django/django,django-3eb2e228,cross_repo_map_filtered,cold_generation_safe_hybrid_deep_order_balanced,get_cross_repo_map,all_files,baseline_full,3,"{""repo"": ""local/django-3eb2e228""}",4,2,45561,2730,39505920,552.2031,396.7506,71.84867306974554,1,265,251219968,265064448,13844480,0ec037b4d1d0761d12ee860dab7d0b88749cf86caa2a3376080c7c040a47e7ac,274a1d494d11d87a1b767340d1f398f197810f93,2026-07-29T20:21:07.572944,1.108.207,c2201a55b6e1b0ea38043c514ab7bc3a372bad13,491d48d7d479279b6b5a67d51aa9d6ceb8a5c446abb992140c52e9c1b6662584,63a81eaf47ab83ae45c2e53b33f33c88998d26901e3a5bd37ababcaf86419595,1,wt-1.108.207,e3b0c44298fc1c149afbf4c8996fb92427ae41e4649b934ca495991b7852b855,,"{""process_cpu_ms"": 531.25, ""runtime_distribution_version"": ""1.108.199"", ""target_policy"": ""middle stride target; repeated representative wins, outliers, and edge cases"", ""worker_pid"": 38724}"
fastapi/fastapi,fastapi-c1d6b9c4,symbol_source_single,cold_generation_safe_hybrid_deep_order_balanced,get_symbol_source,target_symbols,generation_safe_hybrid,3,"{""repo"": ""local/fastapi-c1d6b9c4"", ""symbol_id"": ""docs_src/body_multiple_params/tutorial002_py310.py::User.username#field""}",4,1,13405,1191,14544896,11.472,6.045,52.69351464435147,1,977,138211328,138424320,212992,1ab8ff051ea316b69169e5e1747d2f5232e2ece543707c9a147d490870a48f1c,95f8322ee1dcda7ceace7b1c4f6c9915b36d748f,2026-07-29T20:20:52.765681,1.108.207,c2201a55b6e1b0ea38043c514ab7bc3a372bad13,491d48d7d479279b6b5a67d51aa9d6ceb8a5c446abb992140c52e9c1b6662584,63a81eaf47ab83ae45c2e53b33f33c88998d26901e3a5bd37ababcaf86419595,1,wt-generation-safe-hybrid,175f8765c4949317d4f48614b8cdacd8c537ab2755c49f13f78a0b2b855cab96,"M src/jcodemunch_mcp/server.py
 M src/jcodemunch_mcp/storage/index_store.py
 M src/jcodemunch_mcp/storage/sqlite_store.py
 M src/jcodemunch_mcp/tools/check_references.py
 M src/jcodemunch_mcp/tools/find_references.py
 M src/jcodemunch_mcp/tools/get_blast_radius.py
 M src/jcodemunch_mcp/tools/get_churn_rate.py
 M src/jcodemunch_mcp/tools/get_file_outline.py
 M src/jcodemunch_mcp/tools/get_file_risk.py
 M src/jcodemunch_mcp/tools/get_file_tree.py
 M src/jcodemunch_mcp/tools/get_symbol_complexity.py
 M src/jcodemunch_mcp/tools/get_symbol_provenance.py
?? tests/test_generation_safe_hybrid.py","{""process_cpu_ms"": 15.625, ""runtime_distribution_version"": ""1.108.199"", ""target_policy"": ""middle stride target; repeated representative wins, outliers, and edge cases"", ""worker_pid"": 27172}"
fastapi/fastapi,fastapi-c1d6b9c4,symbol_source_single,cold_generation_safe_hybrid_deep_order_balanced,get_symbol_source,target_symbols,baseline_full,3,"{""repo"": ""local/fastapi-c1d6b9c4"", ""symbol_id"": ""docs_src/body_multiple_params/tutorial002_py310.py::User.username#field""}",4,2,13405,1191,14544896,97.8404,92.1179,94.1511890793578,1,978,246407168,246448128,40960,1ab8ff051ea316b69169e5e1747d2f5232e2ece543707c9a147d490870a48f1c,95f8322ee1dcda7ceace7b1c4f6c9915b36d748f,2026-07-29T20:20:52.765681,1.108.207,c2201a55b6e1b0ea38043c514ab7bc3a372bad13,491d48d7d479279b6b5a67d51aa9d6ceb8a5c446abb992140c52e9c1b6662584,63a81eaf47ab83ae45c2e53b33f33c88998d26901e3a5bd37ababcaf86419595,1,wt-1.108.207,e3b0c44298fc1c149afbf4c8996fb92427ae41e4649b934ca495991b7852b855,,"{""process_cpu_ms"": 93.75, ""runtime_distribution_version"": ""1.108.199"", ""target_policy"": ""middle stride target; repeated representative wins, outliers, and edge cases"", ""worker_pid"": 38724}"
fastapi/fastapi,fastapi-c1d6b9c4,file_content,cold_generation_safe_hybrid_deep_order_balanced,get_file_content,target_files,generation_safe_hybrid,3,"{""file_path"": ""scripts/topic_repos.py"", ""max_content_results"": 20, ""repo"": ""local/fastapi-c1d6b9c4"", ""search_content"": true}",4,1,13405,1191,14544896,8.9377,5.8292,65.22035870525976,1,4603,138670080,138735616,65536,e6b150aaacc47f2339b7af496b0dd762b590901d8ab42c3c364b15c4758eafdb,95f8322ee1dcda7ceace7b1c4f6c9915b36d748f,2026-07-29T20:20:52.765681,1.108.207,c2201a55b6e1b0ea38043c514ab7bc3a372bad13,491d48d7d479279b6b5a67d51aa9d6ceb8a5c446abb992140c52e9c1b6662584,63a81eaf47ab83ae45c2e53b33f33c88998d26901e3a5bd37ababcaf86419595,1,wt-generation-safe-hybrid,175f8765c4949317d4f48614b8cdacd8c537ab2755c49f13f78a0b2b855cab96,"M src/jcodemunch_mcp/server.py
 M src/jcodemunch_mcp/storage/index_store.py
 M src/jcodemunch_mcp/storage/sqlite_store.py
 M src/jcodemunch_mcp/tools/check_references.py
 M src/jcodemunch_mcp/tools/find_references.py
 M src/jcodemunch_mcp/tools/get_blast_radius.py
 M src/jcodemunch_mcp/tools/get_churn_rate.py
 M src/jcodemunch_mcp/tools/get_file_outline.py
 M src/jcodemunch_mcp/tools/get_file_risk.py
 M src/jcodemunch_mcp/tools/get_file_tree.py
 M src/jcodemunch_mcp/tools/get_symbol_complexity.py
 M src/jcodemunch_mcp/tools/get_symbol_provenance.py
?? tests/test_generation_safe_hybrid.py","{""process_cpu_ms"": 0.0, ""runtime_distribution_version"": ""1.108.199"", ""target_policy"": ""middle stride target; repeated representative wins, outliers, and edge cases"", ""worker_pid"": 27172}"
fastapi/fastapi,fastapi-c1d6b9c4,file_content,cold_generation_safe_hybrid_deep_order_balanced,get_file_content,target_files,baseline_full,3,"{""file_path"": ""scripts/topic_repos.py"", ""max_content_results"": 20, ""repo"": ""local/fastapi-c1d6b9c4"", ""search_content"": true}",4,2,13405,1191,14544896,98.1241,95.091,96.90891432380016,1,4604,225361920,225583104,221184,e6b150aaacc47f2339b7af496b0dd762b590901d8ab42c3c364b15c4758eafdb,95f8322ee1dcda7ceace7b1c4f6c9915b36d748f,2026-07-29T20:20:52.765681,1.108.207,c2201a55b6e1b0ea38043c514ab7bc3a372bad13,491d48d7d479279b6b5a67d51aa9d6ceb8a5c446abb992140c52e9c1b6662584,63a81eaf47ab83ae45c2e53b33f33c88998d26901e3a5bd37ababcaf86419595,1,wt-1.108.207,e3b0c44298fc1c149afbf4c8996fb92427ae41e4649b934ca495991b7852b855,,"{""process_cpu_ms"": 93.75, ""runtime_distribution_version"": ""1.108.199"", ""target_policy"": ""middle stride target; repeated representative wins, outliers, and edge cases"", ""worker_pid"": 38724}"
fastapi/fastapi,fastapi-c1d6b9c4,dependency_cycles,cold_generation_safe_hybrid_deep_order_balanced,get_dependency_cycles,all_files,generation_safe_hybrid,3,"{""repo"": ""local/fastapi-c1d6b9c4""}",4,1,13405,1191,14544896,70.6188,5.9958,8.49037366820167,1,150,138792960,138928128,135168,b4505d7c162d3d5d8dcc718e36432d7e00040ee0e9831ae8b966e2f16eeb55bb,95f8322ee1dcda7ceace7b1c4f6c9915b36d748f,2026-07-29T20:20:52.765681,1.108.207,c2201a55b6e1b0ea38043c514ab7bc3a372bad13,491d48d7d479279b6b5a67d51aa9d6ceb8a5c446abb992140c52e9c1b6662584,63a81eaf47ab83ae45c2e53b33f33c88998d26901e3a5bd37ababcaf86419595,1,wt-generation-safe-hybrid,175f8765c4949317d4f48614b8cdacd8c537ab2755c49f13f78a0b2b855cab96,"M src/jcodemunch_mcp/server.py
 M src/jcodemunch_mcp/storage/index_store.py
 M src/jcodemunch_mcp/storage/sqlite_store.py
 M src/jcodemunch_mcp/tools/check_references.py
 M src/jcodemunch_mcp/tools/find_references.py
 M src/jcodemunch_mcp/tools/get_blast_radius.py
 M src/jcodemunch_mcp/tools/get_churn_rate.py
 M src/jcodemunch_mcp/tools/get_file_outline.py
 M src/jcodemunch_mcp/tools/get_file_risk.py
 M src/jcodemunch_mcp/tools/get_file_tree.py
 M src/jcodemunch_mcp/tools/get_symbol_complexity.py
 M src/jcodemunch_mcp/tools/get_symbol_provenance.py
?? tests/test_generation_safe_hybrid.py","{""process_cpu_ms"": 62.5, ""runtime_distribution_version"": ""1.108.199"", ""target_policy"": ""middle stride target; repeated representative wins, outliers, and edge cases"", ""worker_pid"": 27172}"
fastapi/fastapi,fastapi-c1d6b9c4,dependency_cycles,cold_generation_safe_hybrid_deep_order_balanced,get_dependency_cycles,all_files,baseline_full,3,"{""repo"": ""local/fastapi-c1d6b9c4""}",4,2,13405,1191,14544896,156.013,92.1251,59.04963047951133,1,151,225243136,225370112,126976,b4505d7c162d3d5d8dcc718e36432d7e00040ee0e9831ae8b966e2f16eeb55bb,95f8322ee1dcda7ceace7b1c4f6c9915b36d748f,2026-07-29T20:20:52.765681,1.108.207,c2201a55b6e1b0ea38043c514ab7bc3a372bad13,491d48d7d479279b6b5a67d51aa9d6ceb8a5c446abb992140c52e9c1b6662584,63a81eaf47ab83ae45c2e53b33f33c88998d26901e3a5bd37ababcaf86419595,1,wt-1.108.207,e3b0c44298fc1c149afbf4c8996fb92427ae41e4649b934ca495991b7852b855,,"{""process_cpu_ms"": 156.25, ""runtime_distribution_version"": ""1.108.199"", ""target_policy"": ""middle stride target; repeated representative wins, outliers, and edge cases"", ""worker_pid"": 38724}"
fastapi/fastapi,fastapi-c1d6b9c4,changed_symbols,cold_generation_safe_hybrid_deep_order_balanced,get_changed_symbols,metadata,generation_safe_hybrid,3,"{""include_blast_radius"": false, ""repo"": ""local/fastapi-c1d6b9c4"", ""since_sha"": ""95f8322ee1dcda7ceace7b1c4f6c9915b36d748f"", ""until_sha"": ""95f8322ee1dcda7ceace7b1c4f6c9915b36d748f""}",4,1,13405,1191,14544896,186.5816,7.1862,3.851505185934733,1,539,138928128,139030528,102400,567cf452d846b80d813f45d9d15d929e4cbfda9503c77f60a1f8052421559b2d,95f8322ee1dcda7ceace7b1c4f6c9915b36d748f,2026-07-29T20:20:52.765681,1.108.207,c2201a55b6e1b0ea38043c514ab7bc3a372bad13,491d48d7d479279b6b5a67d51aa9d6ceb8a5c446abb992140c52e9c1b6662584,63a81eaf47ab83ae45c2e53b33f33c88998d26901e3a5bd37ababcaf86419595,1,wt-generation-safe-hybrid,175f8765c4949317d4f48614b8cdacd8c537ab2755c49f13f78a0b2b855cab96,"M src/jcodemunch_mcp/server.py
 M src/jcodemunch_mcp/storage/index_store.py
 M src/jcodemunch_mcp/storage/sqlite_store.py
 M src/jcodemunch_mcp/tools/check_references.py
 M src/jcodemunch_mcp/tools/find_references.py
 M src/jcodemunch_mcp/tools/get_blast_radius.py
 M src/jcodemunch_mcp/tools/get_churn_rate.py
 M src/jcodemunch_mcp/tools/get_file_outline.py
 M src/jcodemunch_mcp/tools/get_file_risk.py
 M src/jcodemunch_mcp/tools/get_file_tree.py
 M src/jcodemunch_mcp/tools/get_symbol_complexity.py
 M src/jcodemunch_mcp/tools/get_symbol_provenance.py
?? tests/test_generation_safe_hybrid.py","{""process_cpu_ms"": 15.625, ""runtime_distribution_version"": ""1.108.199"", ""target_policy"": ""middle stride target; repeated representative wins, outliers, and edge cases"", ""worker_pid"": 27172}"
fastapi/fastapi,fastapi-c1d6b9c4,changed_symbols,cold_generation_safe_hybrid_deep_order_balanced,get_changed_symbols,metadata,baseline_full,3,"{""include_blast_radius"": false, ""repo"": ""local/fastapi-c1d6b9c4"", ""since_sha"": ""95f8322ee1dcda7ceace7b1c4f6c9915b36d748f"", ""until_sha"": ""95f8322ee1dcda7ceace7b1c4f6c9915b36d748f""}",4,2,13405,1191,14544896,192.2465,101.3673,52.7277739776797,1,539,224444416,224444416,0,567cf452d846b80d813f45d9d15d929e4cbfda9503c77f60a1f8052421559b2d,95f8322ee1dcda7ceace7b1c4f6c9915b36d748f,2026-07-29T20:20:52.765681,1.108.207,c2201a55b6e1b0ea38043c514ab7bc3a372bad13,491d48d7d479279b6b5a67d51aa9d6ceb8a5c446abb992140c52e9c1b6662584,63a81eaf47ab83ae45c2e53b33f33c88998d26901e3a5bd37ababcaf86419595,1,wt-1.108.207,e3b0c44298fc1c149afbf4c8996fb92427ae41e4649b934ca495991b7852b855,,"{""process_cpu_ms"": 125.0, ""runtime_distribution_version"": ""1.108.199"", ""target_policy"": ""middle stride target; repeated representative wins, outliers, and edge cases"", ""worker_pid"": 38724}"
fastapi/fastapi,fastapi-c1d6b9c4,references_call_chain,cold_generation_safe_hybrid_deep_order_balanced,find_references,reference_call_chain,generation_safe_hybrid,3,"{""identifier"": ""username"", ""include_call_chain"": true, ""repo"": ""local/fastapi-c1d6b9c4""}",4,1,13405,1191,14544896,12.8934,7.8508,60.890067786619504,1,369,139161600,139169792,8192,eb503f009166d546afe5671bb0b18665894f6e8f47fa78a937396526794b0681,95f8322ee1dcda7ceace7b1c4f6c9915b36d748f,2026-07-29T20:20:52.765681,1.108.207,c2201a55b6e1b0ea38043c514ab7bc3a372bad13,491d48d7d479279b6b5a67d51aa9d6ceb8a5c446abb992140c52e9c1b6662584,63a81eaf47ab83ae45c2e53b33f33c88998d26901e3a5bd37ababcaf86419595,1,wt-generation-safe-hybrid,175f8765c4949317d4f48614b8cdacd8c537ab2755c49f13f78a0b2b855cab96,"M src/jcodemunch_mcp/server.py
 M src/jcodemunch_mcp/storage/index_store.py
 M src/jcodemunch_mcp/storage/sqlite_store.py
 M src/jcodemunch_mcp/tools/check_references.py
 M src/jcodemunch_mcp/tools/find_references.py
 M src/jcodemunch_mcp/tools/get_blast_radius.py
 M src/jcodemunch_mcp/tools/get_churn_rate.py
 M src/jcodemunch_mcp/tools/get_file_outline.py
 M src/jcodemunch_mcp/tools/get_file_risk.py
 M src/jcodemunch_mcp/tools/get_file_tree.py
 M src/jcodemunch_mcp/tools/get_symbol_complexity.py
 M src/jcodemunch_mcp/tools/get_symbol_provenance.py
?? tests/test_generation_safe_hybrid.py","{""process_cpu_ms"": 0.0, ""runtime_distribution_version"": ""1.108.199"", ""target_policy"": ""middle stride target; repeated representative wins, outliers, and edge cases"", ""worker_pid"": 27172}"
fastapi/fastapi,fastapi-c1d6b9c4,references_call_chain,cold_generation_safe_hybrid_deep_order_balanced,find_references,reference_call_chain,baseline_full,3,"{""identifier"": ""username"", ""include_call_chain"": true, ""repo"": ""local/fastapi-c1d6b9c4""}",4,2,13405,1191,14544896,98.098,92.6404,94.43658382433892,1,370,222941184,223387648,446464,eb503f009166d546afe5671bb0b18665894f6e8f47fa78a937396526794b0681,95f8322ee1dcda7ceace7b1c4f6c9915b36d748f,2026-07-29T20:20:52.765681,1.108.207,c2201a55b6e1b0ea38043c514ab7bc3a372bad13,491d48d7d479279b6b5a67d51aa9d6ceb8a5c446abb992140c52e9c1b6662584,63a81eaf47ab83ae45c2e53b33f33c88998d26901e3a5bd37ababcaf86419595,1,wt-1.108.207,e3b0c44298fc1c149afbf4c8996fb92427ae41e4649b934ca495991b7852b855,,"{""process_cpu_ms"": 109.375, ""runtime_distribution_version"": ""1.108.199"", ""target_policy"": ""middle stride target; repeated representative wins, outliers, and edge cases"", ""worker_pid"": 38724}"
fastapi/fastapi,fastapi-c1d6b9c4,cross_repo_map_filtered,cold_generation_safe_hybrid_deep_order_balanced,get_cross_repo_map,all_files,generation_safe_hybrid,3,"{""repo"": ""local/fastapi-c1d6b9c4""}",4,1,13405,1191,14544896,156.1407,7.7115,4.938814799728706,1,256,145059840,145199104,139264,2b2ef1fab520c827a3857c1a2daebdae1bec39eb43634735481fb2341cc4fa82,95f8322ee1dcda7ceace7b1c4f6c9915b36d748f,2026-07-29T20:20:52.765681,1.108.207,c2201a55b6e1b0ea38043c514ab7bc3a372bad13,491d48d7d479279b6b5a67d51aa9d6ceb8a5c446abb992140c52e9c1b6662584,63a81eaf47ab83ae45c2e53b33f33c88998d26901e3a5bd37ababcaf86419595,1,wt-generation-safe-hybrid,175f8765c4949317d4f48614b8cdacd8c537ab2755c49f13f78a0b2b855cab96,"M src/jcodemunch_mcp/server.py
 M src/jcodemunch_mcp/storage/index_store.py
 M src/jcodemunch_mcp/storage/sqlite_store.py
 M src/jcodemunch_mcp/tools/check_references.py
 M src/jcodemunch_mcp/tools/find_references.py
 M src/jcodemunch_mcp/tools/get_blast_radius.py
 M src/jcodemunch_mcp/tools/get_churn_rate.py
 M src/jcodemunch_mcp/tools/get_file_outline.py
 M src/jcodemunch_mcp/tools/get_file_risk.py
 M src/jcodemunch_mcp/tools/get_file_tree.py
 M src/jcodemunch_mcp/tools/get_symbol_complexity.py
 M src/jcodemunch_mcp/tools/get_symbol_provenance.py
?? tests/test_generation_safe_hybrid.py","{""process_cpu_ms"": 156.25, ""runtime_distribution_version"": ""1.108.199"", ""target_policy"": ""middle stride target; repeated representative wins, outliers, and edge cases"", ""worker_pid"": 27172}"
fastapi/fastapi,fastapi-c1d6b9c4,cross_repo_map_filtered,cold_generation_safe_hybrid_deep_order_balanced,get_cross_repo_map,all_files,baseline_full,3,"{""repo"": ""local/fastapi-c1d6b9c4""}",4,2,13405,1191,14544896,260.8653,105.6439,40.49749046730248,1,256,224018432,224333824,315392,2b2ef1fab520c827a3857c1a2daebdae1bec39eb43634735481fb2341cc4fa82,95f8322ee1dcda7ceace7b1c4f6c9915b36d748f,2026-07-29T20:20:52.765681,1.108.207,c2201a55b6e1b0ea38043c514ab7bc3a372bad13,491d48d7d479279b6b5a67d51aa9d6ceb8a5c446abb992140c52e9c1b6662584,63a81eaf47ab83ae45c2e53b33f33c88998d26901e3a5bd37ababcaf86419595,1,wt-1.108.207,e3b0c44298fc1c149afbf4c8996fb92427ae41e4649b934ca495991b7852b855,,"{""process_cpu_ms"": 265.625, ""runtime_distribution_version"": ""1.108.199"", ""target_policy"": ""middle stride target; repeated representative wins, outliers, and edge cases"", ""worker_pid"": 38724}"
expressjs/express,express-080294c3,references_call_chain,cold_generation_safe_hybrid_deep_order_balanced,find_references,reference_call_chain,generation_safe_hybrid,3,"{""identifier"": ""name"", ""include_call_chain"": true, ""repo"": ""local/express-080294c3""}",4,1,471,172,507904,4.7992,1.4026,29.225704284047342,1,365,145240064,145240064,0,829edb94ddc8b3ebb40b5dcc7523467a108cb824cf1b00f8c72da8dcbd0b199e,a3714473feb3d2908add734d340e7755fd85e0a3,2026-07-29T20:20:41.130953,1.108.207,c2201a55b6e1b0ea38043c514ab7bc3a372bad13,491d48d7d479279b6b5a67d51aa9d6ceb8a5c446abb992140c52e9c1b6662584,63a81eaf47ab83ae45c2e53b33f33c88998d26901e3a5bd37ababcaf86419595,1,wt-generation-safe-hybrid,175f8765c4949317d4f48614b8cdacd8c537ab2755c49f13f78a0b2b855cab96,"M src/jcodemunch_mcp/server.py
 M src/jcodemunch_mcp/storage/index_store.py
 M src/jcodemunch_mcp/storage/sqlite_store.py
 M src/jcodemunch_mcp/tools/check_references.py
 M src/jcodemunch_mcp/tools/find_references.py
 M src/jcodemunch_mcp/tools/get_blast_radius.py
 M src/jcodemunch_mcp/tools/get_churn_rate.py
 M src/jcodemunch_mcp/tools/get_file_outline.py
 M src/jcodemunch_mcp/tools/get_file_risk.py
 M src/jcodemunch_mcp/tools/get_file_tree.py
 M src/jcodemunch_mcp/tools/get_symbol_complexity.py
 M src/jcodemunch_mcp/tools/get_symbol_provenance.py
?? tests/test_generation_safe_hybrid.py","{""process_cpu_ms"": 15.625, ""runtime_distribution_version"": ""1.108.199"", ""target_policy"": ""middle stride target; repeated representative wins, outliers, and edge cases"", ""worker_pid"": 27172}"
expressjs/express,express-080294c3,references_call_chain,cold_generation_safe_hybrid_deep_order_balanced,find_references,reference_call_chain,baseline_full,3,"{""identifier"": ""name"", ""include_call_chain"": true, ""repo"": ""local/express-080294c3""}",4,2,471,172,507904,7.0817,4.0674,57.43536156572575,1,365,224333824,224333824,0,829edb94ddc8b3ebb40b5dcc7523467a108cb824cf1b00f8c72da8dcbd0b199e,a3714473feb3d2908add734d340e7755fd85e0a3,2026-07-29T20:20:41.130953,1.108.207,c2201a55b6e1b0ea38043c514ab7bc3a372bad13,491d48d7d479279b6b5a67d51aa9d6ceb8a5c446abb992140c52e9c1b6662584,63a81eaf47ab83ae45c2e53b33f33c88998d26901e3a5bd37ababcaf86419595,1,wt-1.108.207,e3b0c44298fc1c149afbf4c8996fb92427ae41e4649b934ca495991b7852b855,,"{""process_cpu_ms"": 15.625, ""runtime_distribution_version"": ""1.108.199"", ""target_policy"": ""middle stride target; repeated representative wins, outliers, and edge cases"", ""worker_pid"": 38724}"
expressjs/express,express-080294c3,changed_symbols_blast,cold_generation_safe_hybrid_deep_order_balanced,get_changed_symbols,all_files,generation_safe_hybrid,3,"{""include_blast_radius"": true, ""repo"": ""local/express-080294c3"", ""since_sha"": ""a3714473feb3d2908add734d340e7755fd85e0a3"", ""until_sha"": ""a3714473feb3d2908add734d340e7755fd85e0a3""}",4,1,471,172,507904,92.571,1.5939,1.7218135269144765,1,538,145240064,145240064,0,19b90ce501c4f89468cf324af26a45f4909661dfad12b8a2a1a692e675bfbe42,a3714473feb3d2908add734d340e7755fd85e0a3,2026-07-29T20:20:41.130953,1.108.207,c2201a55b6e1b0ea38043c514ab7bc3a372bad13,491d48d7d479279b6b5a67d51aa9d6ceb8a5c446abb992140c52e9c1b6662584,63a81eaf47ab83ae45c2e53b33f33c88998d26901e3a5bd37ababcaf86419595,1,wt-generation-safe-hybrid,175f8765c4949317d4f48614b8cdacd8c537ab2755c49f13f78a0b2b855cab96,"M src/jcodemunch_mcp/server.py
 M src/jcodemunch_mcp/storage/index_store.py
 M src/jcodemunch_mcp/storage/sqlite_store.py
 M src/jcodemunch_mcp/tools/check_references.py
 M src/jcodemunch_mcp/tools/find_references.py
 M src/jcodemunch_mcp/tools/get_blast_radius.py
 M src/jcodemunch_mcp/tools/get_churn_rate.py
 M src/jcodemunch_mcp/tools/get_file_outline.py
 M src/jcodemunch_mcp/tools/get_file_risk.py
 M src/jcodemunch_mcp/tools/get_file_tree.py
 M src/jcodemunch_mcp/tools/get_symbol_complexity.py
 M src/jcodemunch_mcp/tools/get_symbol_provenance.py
?? tests/test_generation_safe_hybrid.py","{""process_cpu_ms"": 31.25, ""runtime_distribution_version"": ""1.108.199"", ""target_policy"": ""middle stride target; repeated representative wins, outliers, and edge cases"", ""worker_pid"": 27172}"
expressjs/express,express-080294c3,changed_symbols_blast,cold_generation_safe_hybrid_deep_order_balanced,get_changed_symbols,all_files,baseline_full,3,"{""include_blast_radius"": true, ""repo"": ""local/express-080294c3"", ""since_sha"": ""a3714473feb3d2908add734d340e7755fd85e0a3"", ""until_sha"": ""a3714473feb3d2908add734d340e7755fd85e0a3""}",4,2,471,172,507904,96.6986,4.4195,4.570386748101835,1,538,224333824,224333824,0,19b90ce501c4f89468cf324af26a45f4909661dfad12b8a2a1a692e675bfbe42,a3714473feb3d2908add734d340e7755fd85e0a3,2026-07-29T20:20:41.130953,1.108.207,c2201a55b6e1b0ea38043c514ab7bc3a372bad13,491d48d7d479279b6b5a67d51aa9d6ceb8a5c446abb992140c52e9c1b6662584,63a81eaf47ab83ae45c2e53b33f33c88998d26901e3a5bd37ababcaf86419595,1,wt-1.108.207,e3b0c44298fc1c149afbf4c8996fb92427ae41e4649b934ca495991b7852b855,,"{""process_cpu_ms"": 15.625, ""runtime_distribution_version"": ""1.108.199"", ""target_policy"": ""middle stride target; repeated representative wins, outliers, and edge cases"", ""worker_pid"": 38724}"
expressjs/express,express-080294c3,churn_symbol,cold_generation_safe_hybrid_deep_order_balanced,get_churn_rate,target_symbols,generation_safe_hybrid,3,"{""days"": 30, ""repo"": ""local/express-080294c3"", ""target"": "".github/workflows/scorecard.yml::jobs.analysis.name#constant""}",4,1,471,172,507904,105.0041,1.5976,1.5214643999615254,1,587,145240064,145240064,0,0107a985a684f4be4d432e57eecc7686b5091b8a3e1791b61e519717743bb1ed,a3714473feb3d2908add734d340e7755fd85e0a3,2026-07-29T20:20:41.130953,1.108.207,c2201a55b6e1b0ea38043c514ab7bc3a372bad13,491d48d7d479279b6b5a67d51aa9d6ceb8a5c446abb992140c52e9c1b6662584,63a81eaf47ab83ae45c2e53b33f33c88998d26901e3a5bd37ababcaf86419595,1,wt-generation-safe-hybrid,175f8765c4949317d4f48614b8cdacd8c537ab2755c49f13f78a0b2b855cab96,"M src/jcodemunch_mcp/server.py
 M src/jcodemunch_mcp/storage/index_store.py
 M src/jcodemunch_mcp/storage/sqlite_store.py
 M src/jcodemunch_mcp/tools/check_references.py
 M src/jcodemunch_mcp/tools/find_references.py
 M src/jcodemunch_mcp/tools/get_blast_radius.py
 M src/jcodemunch_mcp/tools/get_churn_rate.py
 M src/jcodemunch_mcp/tools/get_file_outline.py
 M src/jcodemunch_mcp/tools/get_file_risk.py
 M src/jcodemunch_mcp/tools/get_file_tree.py
 M src/jcodemunch_mcp/tools/get_symbol_complexity.py
 M src/jcodemunch_mcp/tools/get_symbol_provenance.py
?? tests/test_generation_safe_hybrid.py","{""process_cpu_ms"": 15.625, ""runtime_distribution_version"": ""1.108.199"", ""target_policy"": ""middle stride target; repeated representative wins, outliers, and edge cases"", ""worker_pid"": 27172}"
expressjs/express,express-080294c3,churn_symbol,cold_generation_safe_hybrid_deep_order_balanced,get_churn_rate,target_symbols,baseline_full,3,"{""days"": 30, ""repo"": ""local/express-080294c3"", ""target"": "".github/workflows/scorecard.yml::jobs.analysis.name#constant""}",4,2,471,172,507904,58.4081,4.3939,7.522757973637219,1,586,224333824,224333824,0,0107a985a684f4be4d432e57eecc7686b5091b8a3e1791b61e519717743bb1ed,a3714473feb3d2908add734d340e7755fd85e0a3,2026-07-29T20:20:41.130953,1.108.207,c2201a55b6e1b0ea38043c514ab7bc3a372bad13,491d48d7d479279b6b5a67d51aa9d6ceb8a5c446abb992140c52e9c1b6662584,63a81eaf47ab83ae45c2e53b33f33c88998d26901e3a5bd37ababcaf86419595,1,wt-1.108.207,e3b0c44298fc1c149afbf4c8996fb92427ae41e4649b934ca495991b7852b855,,"{""process_cpu_ms"": 15.625, ""runtime_distribution_version"": ""1.108.199"", ""target_policy"": ""middle stride target; repeated representative wins, outliers, and edge cases"", ""worker_pid"": 38724}"
expressjs/express,express-080294c3,cross_repo_map_filtered,cold_generation_safe_hybrid_deep_order_balanced,get_cross_repo_map,all_files,generation_safe_hybrid,3,"{""repo"": ""local/express-080294c3""}",4,1,471,172,507904,154.9629,2.0468,1.3208322766287932,1,256,142934016,144781312,1847296,4c782f89d9c2f201de765d97cec77c28274804930e49388d1b359bc177b5f8c2,a3714473feb3d2908add734d340e7755fd85e0a3,2026-07-29T20:20:41.130953,1.108.207,c2201a55b6e1b0ea38043c514ab7bc3a372bad13,491d48d7d479279b6b5a67d51aa9d6ceb8a5c446abb992140c52e9c1b6662584,63a81eaf47ab83ae45c2e53b33f33c88998d26901e3a5bd37ababcaf86419595,1,wt-generation-safe-hybrid,175f8765c4949317d4f48614b8cdacd8c537ab2755c49f13f78a0b2b855cab96,"M src/jcodemunch_mcp/server.py
 M src/jcodemunch_mcp/storage/index_store.py
 M src/jcodemunch_mcp/storage/sqlite_store.py
 M src/jcodemunch_mcp/tools/check_references.py
 M src/jcodemunch_mcp/tools/find_references.py
 M src/jcodemunch_mcp/tools/get_blast_radius.py
 M src/jcodemunch_mcp/tools/get_churn_rate.py
 M src/jcodemunch_mcp/tools/get_file_outline.py
 M src/jcodemunch_mcp/tools/get_file_risk.py
 M src/jcodemunch_mcp/tools/get_file_tree.py
 M src/jcodemunch_mcp/tools/get_symbol_complexity.py
 M src/jcodemunch_mcp/tools/get_symbol_provenance.py
?? tests/test_generation_safe_hybrid.py","{""process_cpu_ms"": 156.25, ""runtime_distribution_version"": ""1.108.199"", ""target_policy"": ""middle stride target; repeated representative wins, outliers, and edge cases"", ""worker_pid"": 27172}"
expressjs/express,express-080294c3,cross_repo_map_filtered,cold_generation_safe_hybrid_deep_order_balanced,get_cross_repo_map,all_files,baseline_full,3,"{""repo"": ""local/express-080294c3""}",4,2,471,172,507904,149.5768,4.5123,3.0167111477180955,1,256,224358400,224395264,36864,4c782f89d9c2f201de765d97cec77c28274804930e49388d1b359bc177b5f8c2,a3714473feb3d2908add734d340e7755fd85e0a3,2026-07-29T20:20:41.130953,1.108.207,c2201a55b6e1b0ea38043c514ab7bc3a372bad13,491d48d7d479279b6b5a67d51aa9d6ceb8a5c446abb992140c52e9c1b6662584,63a81eaf47ab83ae45c2e53b33f33c88998d26901e3a5bd37ababcaf86419595,1,wt-1.108.207,e3b0c44298fc1c149afbf4c8996fb92427ae41e4649b934ca495991b7852b855,,"{""process_cpu_ms"": 140.625, ""runtime_distribution_version"": ""1.108.199"", ""target_policy"": ""middle stride target; repeated representative wins, outliers, and edge cases"", ""worker_pid"": 38724}"
expressjs/express,express-080294c3,symbol_source_single,cold_generation_safe_hybrid_deep_order_balanced,get_symbol_source,target_symbols,generation_safe_hybrid,3,"{""repo"": ""local/express-080294c3"", ""symbol_id"": "".github/workflows/scorecard.yml::jobs.analysis.name#constant""}",4,1,471,172,507904,6.0248,1.516,25.16266100119506,1,965,144826368,144826368,0,ea0985f42b9fff945ec0f96b54568d4e42515e4962de7d7d8e31cd04712be12f,a3714473feb3d2908add734d340e7755fd85e0a3,2026-07-29T20:20:41.130953,1.108.207,c2201a55b6e1b0ea38043c514ab7bc3a372bad13,491d48d7d479279b6b5a67d51aa9d6ceb8a5c446abb992140c52e9c1b6662584,63a81eaf47ab83ae45c2e53b33f33c88998d26901e3a5bd37ababcaf86419595,1,wt-generation-safe-hybrid,175f8765c4949317d4f48614b8cdacd8c537ab2755c49f13f78a0b2b855cab96,"M src/jcodemunch_mcp/server.py
 M src/jcodemunch_mcp/storage/index_store.py
 M src/jcodemunch_mcp/storage/sqlite_store.py
 M src/jcodemunch_mcp/tools/check_references.py
 M src/jcodemunch_mcp/tools/find_references.py
 M src/jcodemunch_mcp/tools/get_blast_radius.py
 M src/jcodemunch_mcp/tools/get_churn_rate.py
 M src/jcodemunch_mcp/tools/get_file_outline.py
 M src/jcodemunch_mcp/tools/get_file_risk.py
 M src/jcodemunch_mcp/tools/get_file_tree.py
 M src/jcodemunch_mcp/tools/get_symbol_complexity.py
 M src/jcodemunch_mcp/tools/get_symbol_provenance.py
?? tests/test_generation_safe_hybrid.py","{""process_cpu_ms"": 0.0, ""runtime_distribution_version"": ""1.108.199"", ""target_policy"": ""middle stride target; repeated representative wins, outliers, and edge cases"", ""worker_pid"": 27172}"
expressjs/express,express-080294c3,symbol_source_single,cold_generation_safe_hybrid_deep_order_balanced,get_symbol_source,target_symbols,baseline_full,3,"{""repo"": ""local/express-080294c3"", ""symbol_id"": "".github/workflows/scorecard.yml::jobs.analysis.name#constant""}",4,2,471,172,507904,8.9038,4.6576,52.31024955636919,1,965,224395264,224399360,4096,ea0985f42b9fff945ec0f96b54568d4e42515e4962de7d7d8e31cd04712be12f,a3714473feb3d2908add734d340e7755fd85e0a3,2026-07-29T20:20:41.130953,1.108.207,c2201a55b6e1b0ea38043c514ab7bc3a372bad13,491d48d7d479279b6b5a67d51aa9d6ceb8a5c446abb992140c52e9c1b6662584,63a81eaf47ab83ae45c2e53b33f33c88998d26901e3a5bd37ababcaf86419595,1,wt-1.108.207,e3b0c44298fc1c149afbf4c8996fb92427ae41e4649b934ca495991b7852b855,,"{""process_cpu_ms"": 0.0, ""runtime_distribution_version"": ""1.108.199"", ""target_policy"": ""middle stride target; repeated representative wins, outliers, and edge cases"", ""worker_pid"": 38724}"
expressjs/express,express-080294c3,dependency_cycles,cold_generation_safe_hybrid_deep_order_balanced,get_dependency_cycles,all_files,generation_safe_hybrid,3,"{""repo"": ""local/express-080294c3""}",4,1,471,172,507904,6.0337,1.4529,24.079752059267122,1,149,144879616,144879616,0,53dea643e4a99922b7bf8d68864434ae9ce8cfa2542a60a2ab5148d45d39cc05,a3714473feb3d2908add734d340e7755fd85e0a3,2026-07-29T20:20:41.130953,1.108.207,c2201a55b6e1b0ea38043c514ab7bc3a372bad13,491d48d7d479279b6b5a67d51aa9d6ceb8a5c446abb992140c52e9c1b6662584,63a81eaf47ab83ae45c2e53b33f33c88998d26901e3a5bd37ababcaf86419595,1,wt-generation-safe-hybrid,175f8765c4949317d4f48614b8cdacd8c537ab2755c49f13f78a0b2b855cab96,"M src/jcodemunch_mcp/server.py
 M src/jcodemunch_mcp/storage/index_store.py
 M src/jcodemunch_mcp/storage/sqlite_store.py
 M src/jcodemunch_mcp/tools/check_references.py
 M src/jcodemunch_mcp/tools/find_references.py
 M src/jcodemunch_mcp/tools/get_blast_radius.py
 M src/jcodemunch_mcp/tools/get_churn_rate.py
 M src/jcodemunch_mcp/tools/get_file_outline.py
 M src/jcodemunch_mcp/tools/get_file_risk.py
 M src/jcodemunch_mcp/tools/get_file_tree.py
 M src/jcodemunch_mcp/tools/get_symbol_complexity.py
 M src/jcodemunch_mcp/tools/get_symbol_provenance.py
?? tests/test_generation_safe_hybrid.py","{""process_cpu_ms"": 0.0, ""runtime_distribution_version"": ""1.108.199"", ""target_policy"": ""middle stride target; repeated representative wins, outliers, and edge cases"", ""worker_pid"": 27172}"
expressjs/express,express-080294c3,dependency_cycles,cold_generation_safe_hybrid_deep_order_balanced,get_dependency_cycles,all_files,baseline_full,3,"{""repo"": ""local/express-080294c3""}",4,2,471,172,507904,8.5196,4.2614,50.01878022442368,1,149,224403456,224407552,4096,53dea643e4a99922b7bf8d68864434ae9ce8cfa2542a60a2ab5148d45d39cc05,a3714473feb3d2908add734d340e7755fd85e0a3,2026-07-29T20:20:41.130953,1.108.207,c2201a55b6e1b0ea38043c514ab7bc3a372bad13,491d48d7d479279b6b5a67d51aa9d6ceb8a5c446abb992140c52e9c1b6662584,63a81eaf47ab83ae45c2e53b33f33c88998d26901e3a5bd37ababcaf86419595,1,wt-1.108.207,e3b0c44298fc1c149afbf4c8996fb92427ae41e4649b934ca495991b7852b855,,"{""process_cpu_ms"": 31.25, ""runtime_distribution_version"": ""1.108.199"", ""target_policy"": ""middle stride target; repeated representative wins, outliers, and edge cases"", ""worker_pid"": 38724}"
gin-gonic/gin,gin-87ab3d33,changed_symbols,cold_generation_safe_hybrid_deep_order_balanced,get_changed_symbols,metadata,generation_safe_hybrid,3,"{""include_blast_radius"": false, ""repo"": ""local/gin-87ab3d33"", ""since_sha"": ""34dac209ffb6ef85cc78c5d217bbb7ad001d68fd"", ""until_sha"": ""34dac209ffb6ef85cc78c5d217bbb7ad001d68fd""}",4,1,1834,109,2580480,135.7866,1.5174,1.1174887654599202,1,539,145084416,145137664,53248,49e1d80c5e8d6a627ded2cf145c978d87efd5482043601a36eef817c94e2b3bf,34dac209ffb6ef85cc78c5d217bbb7ad001d68fd,2026-07-29T20:20:45.784692,1.108.207,c2201a55b6e1b0ea38043c514ab7bc3a372bad13,491d48d7d479279b6b5a67d51aa9d6ceb8a5c446abb992140c52e9c1b6662584,63a81eaf47ab83ae45c2e53b33f33c88998d26901e3a5bd37ababcaf86419595,1,wt-generation-safe-hybrid,175f8765c4949317d4f48614b8cdacd8c537ab2755c49f13f78a0b2b855cab96,"M src/jcodemunch_mcp/server.py
 M src/jcodemunch_mcp/storage/index_store.py
 M src/jcodemunch_mcp/storage/sqlite_store.py
 M src/jcodemunch_mcp/tools/check_references.py
 M src/jcodemunch_mcp/tools/find_references.py
 M src/jcodemunch_mcp/tools/get_blast_radius.py
 M src/jcodemunch_mcp/tools/get_churn_rate.py
 M src/jcodemunch_mcp/tools/get_file_outline.py
 M src/jcodemunch_mcp/tools/get_file_risk.py
 M src/jcodemunch_mcp/tools/get_file_tree.py
 M src/jcodemunch_mcp/tools/get_symbol_complexity.py
 M src/jcodemunch_mcp/tools/get_symbol_provenance.py
?? tests/test_generation_safe_hybrid.py","{""process_cpu_ms"": 46.875, ""runtime_distribution_version"": ""1.108.199"", ""target_policy"": ""middle stride target; repeated representative wins, outliers, and edge cases"", ""worker_pid"": 27172}"
gin-gonic/gin,gin-87ab3d33,changed_symbols,cold_generation_safe_hybrid_deep_order_balanced,get_changed_symbols,metadata,baseline_full,3,"{""include_blast_radius"": false, ""repo"": ""local/gin-87ab3d33"", ""since_sha"": ""34dac209ffb6ef85cc78c5d217bbb7ad001d68fd"", ""until_sha"": ""34dac209ffb6ef85cc78c5d217bbb7ad001d68fd""}",4,2,1834,109,2580480,150.4265,13.987,9.298228703054315,1,539,224428032,224428032,0,49e1d80c5e8d6a627ded2cf145c978d87efd5482043601a36eef817c94e2b3bf,34dac209ffb6ef85cc78c5d217bbb7ad001d68fd,2026-07-29T20:20:45.784692,1.108.207,c2201a55b6e1b0ea38043c514ab7bc3a372bad13,491d48d7d479279b6b5a67d51aa9d6ceb8a5c446abb992140c52e9c1b6662584,63a81eaf47ab83ae45c2e53b33f33c88998d26901e3a5bd37ababcaf86419595,1,wt-1.108.207,e3b0c44298fc1c149afbf4c8996fb92427ae41e4649b934ca495991b7852b855,,"{""process_cpu_ms"": 15.625, ""runtime_distribution_version"": ""1.108.199"", ""target_policy"": ""middle stride target; repeated representative wins, outliers, and edge cases"", ""worker_pid"": 38724}"
gin-gonic/gin,gin-87ab3d33,file_tree_prefix,cold_generation_safe_hybrid_deep_order_balanced,get_file_tree,prefix_files,generation_safe_hybrid,3,"{""include_summaries"": true, ""path_prefix"": """", ""repo"": ""local/gin-87ab3d33""}",4,1,1834,109,2580480,18.8659,1.3808,7.319025331418061,1,23329,145399808,145530880,131072,73779043637bd97c198ef9ae19e8f495275c3bdce3a5559c4a0d3b2c937b0ae7,34dac209ffb6ef85cc78c5d217bbb7ad001d68fd,2026-07-29T20:20:45.784692,1.108.207,c2201a55b6e1b0ea38043c514ab7bc3a372bad13,491d48d7d479279b6b5a67d51aa9d6ceb8a5c446abb992140c52e9c1b6662584,63a81eaf47ab83ae45c2e53b33f33c88998d26901e3a5bd37ababcaf86419595,1,wt-generation-safe-hybrid,175f8765c4949317d4f48614b8cdacd8c537ab2755c49f13f78a0b2b855cab96,"M src/jcodemunch_mcp/server.py
 M src/jcodemunch_mcp/storage/index_store.py
 M src/jcodemunch_mcp/storage/sqlite_store.py
 M src/jcodemunch_mcp/tools/check_references.py
 M src/jcodemunch_mcp/tools/find_references.py
 M src/jcodemunch_mcp/tools/get_blast_radius.py
 M src/jcodemunch_mcp/tools/get_churn_rate.py
 M src/jcodemunch_mcp/tools/get_file_outline.py
 M src/jcodemunch_mcp/tools/get_file_risk.py
 M src/jcodemunch_mcp/tools/get_file_tree.py
 M src/jcodemunch_mcp/tools/get_symbol_complexity.py
 M src/jcodemunch_mcp/tools/get_symbol_provenance.py
?? tests/test_generation_safe_hybrid.py","{""process_cpu_ms"": 15.625, ""runtime_distribution_version"": ""1.108.199"", ""target_policy"": ""middle stride target; repeated representative wins, outliers, and edge cases"", ""worker_pid"": 27172}"
gin-gonic/gin,gin-87ab3d33,file_tree_prefix,cold_generation_safe_hybrid_deep_order_balanced,get_file_tree,prefix_files,baseline_full,3,"{""include_summaries"": true, ""path_prefix"": """", ""repo"": ""local/gin-87ab3d33""}",4,2,1834,109,2580480,17.9782,12.8455,71.45042329042951,1,23329,224428032,224428032,0,73779043637bd97c198ef9ae19e8f495275c3bdce3a5559c4a0d3b2c937b0ae7,34dac209ffb6ef85cc78c5d217bbb7ad001d68fd,2026-07-29T20:20:45.784692,1.108.207,c2201a55b6e1b0ea38043c514ab7bc3a372bad13,491d48d7d479279b6b5a67d51aa9d6ceb8a5c446abb992140c52e9c1b6662584,63a81eaf47ab83ae45c2e53b33f33c88998d26901e3a5bd37ababcaf86419595,1,wt-1.108.207,e3b0c44298fc1c149afbf4c8996fb92427ae41e4649b934ca495991b7852b855,,"{""process_cpu_ms"": 15.625, ""runtime_distribution_version"": ""1.108.199"", ""target_policy"": ""middle stride target; repeated representative wins, outliers, and edge cases"", ""worker_pid"": 38724}"
gin-gonic/gin,gin-87ab3d33,blast_radius_source,cold_generation_safe_hybrid_deep_order_balanced,get_blast_radius,blast_enrichment,generation_safe_hybrid,3,"{""cross_repo"": false, ""include_source"": true, ""repo"": ""local/gin-87ab3d33"", ""source_budget"": 1000, ""symbol"": ""context.go::PureJSON#method""}",4,1,1834,109,2580480,23.7743,1.523,6.406077150536503,1,645,145661952,145707008,45056,b83931afaf6c4eef21373bdfb9f9cb33740d0287fa271e9046f5e389bae8062d,34dac209ffb6ef85cc78c5d217bbb7ad001d68fd,2026-07-29T20:20:45.784692,1.108.207,c2201a55b6e1b0ea38043c514ab7bc3a372bad13,491d48d7d479279b6b5a67d51aa9d6ceb8a5c446abb992140c52e9c1b6662584,63a81eaf47ab83ae45c2e53b33f33c88998d26901e3a5bd37ababcaf86419595,1,wt-generation-safe-hybrid,175f8765c4949317d4f48614b8cdacd8c537ab2755c49f13f78a0b2b855cab96,"M src/jcodemunch_mcp/server.py
 M src/jcodemunch_mcp/storage/index_store.py
 M src/jcodemunch_mcp/storage/sqlite_store.py
 M src/jcodemunch_mcp/tools/check_references.py
 M src/jcodemunch_mcp/tools/find_references.py
 M src/jcodemunch_mcp/tools/get_blast_radius.py
 M src/jcodemunch_mcp/tools/get_churn_rate.py
 M src/jcodemunch_mcp/tools/get_file_outline.py
 M src/jcodemunch_mcp/tools/get_file_risk.py
 M src/jcodemunch_mcp/tools/get_file_tree.py
 M src/jcodemunch_mcp/tools/get_symbol_complexity.py
 M src/jcodemunch_mcp/tools/get_symbol_provenance.py
?? tests/test_generation_safe_hybrid.py","{""process_cpu_ms"": 62.5, ""runtime_distribution_version"": ""1.108.199"", ""target_policy"": ""middle stride target; repeated representative wins, outliers, and edge cases"", ""worker_pid"": 27172}"
gin-gonic/gin,gin-87ab3d33,blast_radius_source,cold_generation_safe_hybrid_deep_order_balanced,get_blast_radius,blast_enrichment,baseline_full,3,"{""cross_repo"": false, ""include_source"": true, ""repo"": ""local/gin-87ab3d33"", ""source_budget"": 1000, ""symbol"": ""context.go::PureJSON#method""}",4,2,1834,109,2580480,24.3138,12.5423,51.58510804563663,1,645,224432128,224432128,0,b83931afaf6c4eef21373bdfb9f9cb33740d0287fa271e9046f5e389bae8062d,34dac209ffb6ef85cc78c5d217bbb7ad001d68fd,2026-07-29T20:20:45.784692,1.108.207,c2201a55b6e1b0ea38043c514ab7bc3a372bad13,491d48d7d479279b6b5a67d51aa9d6ceb8a5c446abb992140c52e9c1b6662584,63a81eaf47ab83ae45c2e53b33f33c88998d26901e3a5bd37ababcaf86419595,1,wt-1.108.207,e3b0c44298fc1c149afbf4c8996fb92427ae41e4649b934ca495991b7852b855,,"{""process_cpu_ms"": 62.5, ""runtime_distribution_version"": ""1.108.199"", ""target_policy"": ""middle stride target; repeated representative wins, outliers, and edge cases"", ""worker_pid"": 38724}"
gin-gonic/gin,gin-87ab3d33,symbol_source_single,cold_generation_safe_hybrid_deep_order_balanced,get_symbol_source,target_symbols,generation_safe_hybrid,3,"{""repo"": ""local/gin-87ab3d33"", ""symbol_id"": ""context.go::PureJSON#method""}",4,1,1834,109,2580480,6.1208,1.4919,24.37426480198667,1,1155,145707008,145707008,0,bd1d5f8766ab865126bcbb930902ed4df37823ce68573ab85d5a27acaea8f0f5,34dac209ffb6ef85cc78c5d217bbb7ad001d68fd,2026-07-29T20:20:45.784692,1.108.207,c2201a55b6e1b0ea38043c514ab7bc3a372bad13,491d48d7d479279b6b5a67d51aa9d6ceb8a5c446abb992140c52e9c1b6662584,63a81eaf47ab83ae45c2e53b33f33c88998d26901e3a5bd37ababcaf86419595,1,wt-generation-safe-hybrid,175f8765c4949317d4f48614b8cdacd8c537ab2755c49f13f78a0b2b855cab96,"M src/jcodemunch_mcp/server.py
 M src/jcodemunch_mcp/storage/index_store.py
 M src/jcodemunch_mcp/storage/sqlite_store.py
 M src/jcodemunch_mcp/tools/check_references.py
 M src/jcodemunch_mcp/tools/find_references.py
 M src/jcodemunch_mcp/tools/get_blast_radius.py
 M src/jcodemunch_mcp/tools/get_churn_rate.py
 M src/jcodemunch_mcp/tools/get_file_outline.py
 M src/jcodemunch_mcp/tools/get_file_risk.py
 M src/jcodemunch_mcp/tools/get_file_tree.py
 M src/jcodemunch_mcp/tools/get_symbol_complexity.py
 M src/jcodemunch_mcp/tools/get_symbol_provenance.py
?? tests/test_generation_safe_hybrid.py","{""process_cpu_ms"": 15.625, ""runtime_distribution_version"": ""1.108.199"", ""target_policy"": ""middle stride target; repeated representative wins, outliers, and edge cases"", ""worker_pid"": 27172}"
gin-gonic/gin,gin-87ab3d33,symbol_source_single,cold_generation_safe_hybrid_deep_order_balanced,get_symbol_source,target_symbols,baseline_full,3,"{""repo"": ""local/gin-87ab3d33"", ""symbol_id"": ""context.go::PureJSON#method""}",4,2,1834,109,2580480,16.6868,12.7671,76.51017570774503,1,1156,224432128,224432128,0,bd1d5f8766ab865126bcbb930902ed4df37823ce68573ab85d5a27acaea8f0f5,34dac209ffb6ef85cc78c5d217bbb7ad001d68fd,2026-07-29T20:20:45.784692,1.108.207,c2201a55b6e1b0ea38043c514ab7bc3a372bad13,491d48d7d479279b6b5a67d51aa9d6ceb8a5c446abb992140c52e9c1b6662584,63a81eaf47ab83ae45c2e53b33f33c88998d26901e3a5bd37ababcaf86419595,1,wt-1.108.207,e3b0c44298fc1c149afbf4c8996fb92427ae41e4649b934ca495991b7852b855,,"{""process_cpu_ms"": 15.625, ""runtime_distribution_version"": ""1.108.199"", ""target_policy"": ""middle stride target; repeated representative wins, outliers, and edge cases"", ""worker_pid"": 38724}"
gin-gonic/gin,gin-87ab3d33,dependency_cycles,cold_generation_safe_hybrid_deep_order_balanced,get_dependency_cycles,all_files,generation_safe_hybrid,3,"{""repo"": ""local/gin-87ab3d33""}",4,1,1834,109,2580480,5.6689,1.3123,23.149111820635397,1,145,145707008,145707008,0,ee7b243f04c63bb5370a89f96824da48c48b4555564a739762a4b26f0bcc54a6,34dac209ffb6ef85cc78c5d217bbb7ad001d68fd,2026-07-29T20:20:45.784692,1.108.207,c2201a55b6e1b0ea38043c514ab7bc3a372bad13,491d48d7d479279b6b5a67d51aa9d6ceb8a5c446abb992140c52e9c1b6662584,63a81eaf47ab83ae45c2e53b33f33c88998d26901e3a5bd37ababcaf86419595,1,wt-generation-safe-hybrid,175f8765c4949317d4f48614b8cdacd8c537ab2755c49f13f78a0b2b855cab96,"M src/jcodemunch_mcp/server.py
 M src/jcodemunch_mcp/storage/index_store.py
 M src/jcodemunch_mcp/storage/sqlite_store.py
 M src/jcodemunch_mcp/tools/check_references.py
 M src/jcodemunch_mcp/tools/find_references.py
 M src/jcodemunch_mcp/tools/get_blast_radius.py
 M src/jcodemunch_mcp/tools/get_churn_rate.py
 M src/jcodemunch_mcp/tools/get_file_outline.py
 M src/jcodemunch_mcp/tools/get_file_risk.py
 M src/jcodemunch_mcp/tools/get_file_tree.py
 M src/jcodemunch_mcp/tools/get_symbol_complexity.py
 M src/jcodemunch_mcp/tools/get_symbol_provenance.py
?? tests/test_generation_safe_hybrid.py","{""process_cpu_ms"": 0.0, ""runtime_distribution_version"": ""1.108.199"", ""target_policy"": ""middle stride target; repeated representative wins, outliers, and edge cases"", ""worker_pid"": 27172}"
gin-gonic/gin,gin-87ab3d33,dependency_cycles,cold_generation_safe_hybrid_deep_order_balanced,get_dependency_cycles,all_files,baseline_full,3,"{""repo"": ""local/gin-87ab3d33""}",4,2,1834,109,2580480,16.791,12.6848,75.54523256506461,1,146,224432128,224432128,0,ee7b243f04c63bb5370a89f96824da48c48b4555564a739762a4b26f0bcc54a6,34dac209ffb6ef85cc78c5d217bbb7ad001d68fd,2026-07-29T20:20:45.784692,1.108.207,c2201a55b6e1b0ea38043c514ab7bc3a372bad13,491d48d7d479279b6b5a67d51aa9d6ceb8a5c446abb992140c52e9c1b6662584,63a81eaf47ab83ae45c2e53b33f33c88998d26901e3a5bd37ababcaf86419595,1,wt-1.108.207,e3b0c44298fc1c149afbf4c8996fb92427ae41e4649b934ca495991b7852b855,,"{""process_cpu_ms"": 15.625, ""runtime_distribution_version"": ""1.108.199"", ""target_policy"": ""middle stride target; repeated representative wins, outliers, and edge cases"", ""worker_pid"": 38724}"
gin-gonic/gin,gin-87ab3d33,references_call_chain,cold_generation_safe_hybrid_deep_order_balanced,find_references,reference_call_chain,generation_safe_hybrid,3,"{""identifier"": ""PureJSON"", ""include_call_chain"": true, ""repo"": ""local/gin-87ab3d33""}",4,1,1834,109,2580480,4.5158,1.3708,30.355640196642902,1,365,145707008,145707008,0,c8426ce7c8f0855aa1af8197929ed5c73cd1ec2775f9eda92718b0a3bed0ecb1,34dac209ffb6ef85cc78c5d217bbb7ad001d68fd,2026-07-29T20:20:45.784692,1.108.207,c2201a55b6e1b0ea38043c514ab7bc3a372bad13,491d48d7d479279b6b5a67d51aa9d6ceb8a5c446abb992140c52e9c1b6662584,63a81eaf47ab83ae45c2e53b33f33c88998d26901e3a5bd37ababcaf86419595,1,wt-generation-safe-hybrid,175f8765c4949317d4f48614b8cdacd8c537ab2755c49f13f78a0b2b855cab96,"M src/jcodemunch_mcp/server.py
 M src/jcodemunch_mcp/storage/index_store.py
 M src/jcodemunch_mcp/storage/sqlite_store.py
 M src/jcodemunch_mcp/tools/check_references.py
 M src/jcodemunch_mcp/tools/find_references.py
 M src/jcodemunch_mcp/tools/get_blast_radius.py
 M src/jcodemunch_mcp/tools/get_churn_rate.py
 M src/jcodemunch_mcp/tools/get_file_outline.py
 M src/jcodemunch_mcp/tools/get_file_risk.py
 M src/jcodemunch_mcp/tools/get_file_tree.py
 M src/jcodemunch_mcp/tools/get_symbol_complexity.py
 M src/jcodemunch_mcp/tools/get_symbol_provenance.py
?? tests/test_generation_safe_hybrid.py","{""process_cpu_ms"": 0.0, ""runtime_distribution_version"": ""1.108.199"", ""target_policy"": ""middle stride target; repeated representative wins, outliers, and edge cases"", ""worker_pid"": 27172}"
gin-gonic/gin,gin-87ab3d33,references_call_chain,cold_generation_safe_hybrid_deep_order_balanced,find_references,reference_call_chain,baseline_full,3,"{""identifier"": ""PureJSON"", ""include_call_chain"": true, ""repo"": ""local/gin-87ab3d33""}",4,2,1834,109,2580480,16.0123,12.7895,79.87297265227356,1,366,224432128,224432128,0,c8426ce7c8f0855aa1af8197929ed5c73cd1ec2775f9eda92718b0a3bed0ecb1,34dac209ffb6ef85cc78c5d217bbb7ad001d68fd,2026-07-29T20:20:45.784692,1.108.207,c2201a55b6e1b0ea38043c514ab7bc3a372bad13,491d48d7d479279b6b5a67d51aa9d6ceb8a5c446abb992140c52e9c1b6662584,63a81eaf47ab83ae45c2e53b33f33c88998d26901e3a5bd37ababcaf86419595,1,wt-1.108.207,e3b0c44298fc1c149afbf4c8996fb92427ae41e4649b934ca495991b7852b855,,"{""process_cpu_ms"": 15.625, ""runtime_distribution_version"": ""1.108.199"", ""target_policy"": ""middle stride target; repeated representative wins, outliers, and edge cases"", ""worker_pid"": 38724}"
django/django,django-3eb2e228,symbol_source_single,cold_generation_safe_hybrid_deep_order_balanced,get_symbol_source,target_symbols,baseline_full,3,"{""repo"": ""local/django-3eb2e228"", ""symbol_id"": ""tests/db_functions/comparison/test_nullif.py::NullIfTests.test_basic#method""}",5,1,45561,2730,39505920,463.4541,455.7995,98.34835855373812,1,1655,251023360,264249344,13225984,4bd281e69164260c096b148861e75cc4a2447ef9874c60f022dd76dc106cb524,274a1d494d11d87a1b767340d1f398f197810f93,2026-07-29T20:21:07.572944,1.108.207,c2201a55b6e1b0ea38043c514ab7bc3a372bad13,491d48d7d479279b6b5a67d51aa9d6ceb8a5c446abb992140c52e9c1b6662584,63a81eaf47ab83ae45c2e53b33f33c88998d26901e3a5bd37ababcaf86419595,1,wt-1.108.207,e3b0c44298fc1c149afbf4c8996fb92427ae41e4649b934ca495991b7852b855,,"{""process_cpu_ms"": 468.75, ""runtime_distribution_version"": ""1.108.199"", ""target_policy"": ""middle stride target; repeated representative wins, outliers, and edge cases"", ""worker_pid"": 38724}"
django/django,django-3eb2e228,symbol_source_single,cold_generation_safe_hybrid_deep_order_balanced,get_symbol_source,target_symbols,generation_safe_hybrid,3,"{""repo"": ""local/django-3eb2e228"", ""symbol_id"": ""tests/db_functions/comparison/test_nullif.py::NullIfTests.test_basic#method""}",5,2,45561,2730,39505920,21.3803,15.028,70.28900436383026,1,1654,145821696,145866752,45056,4bd281e69164260c096b148861e75cc4a2447ef9874c60f022dd76dc106cb524,274a1d494d11d87a1b767340d1f398f197810f93,2026-07-29T20:21:07.572944,1.108.207,c2201a55b6e1b0ea38043c514ab7bc3a372bad13,491d48d7d479279b6b5a67d51aa9d6ceb8a5c446abb992140c52e9c1b6662584,63a81eaf47ab83ae45c2e53b33f33c88998d26901e3a5bd37ababcaf86419595,1,wt-generation-safe-hybrid,175f8765c4949317d4f48614b8cdacd8c537ab2755c49f13f78a0b2b855cab96,"M src/jcodemunch_mcp/server.py
 M src/jcodemunch_mcp/storage/index_store.py
 M src/jcodemunch_mcp/storage/sqlite_store.py
 M src/jcodemunch_mcp/tools/check_references.py
 M src/jcodemunch_mcp/tools/find_references.py
 M src/jcodemunch_mcp/tools/get_blast_radius.py
 M src/jcodemunch_mcp/tools/get_churn_rate.py
 M src/jcodemunch_mcp/tools/get_file_outline.py
 M src/jcodemunch_mcp/tools/get_file_risk.py
 M src/jcodemunch_mcp/tools/get_file_tree.py
 M src/jcodemunch_mcp/tools/get_symbol_complexity.py
 M src/jcodemunch_mcp/tools/get_symbol_provenance.py
?? tests/test_generation_safe_hybrid.py","{""process_cpu_ms"": 15.625, ""runtime_distribution_version"": ""1.108.199"", ""target_policy"": ""middle stride target; repeated representative wins, outliers, and edge cases"", ""worker_pid"": 27172}"
django/django,django-3eb2e228,file_content,cold_generation_safe_hybrid_deep_order_balanced,get_file_content,target_files,baseline_full,3,"{""file_path"": ""tests/custom_pk/fields.py"", ""max_content_results"": 20, ""repo"": ""local/django-3eb2e228"", ""search_content"": true}",5,1,45561,2730,39505920,392.0211,387.9564,98.96314254513341,1,3199,254894080,265420800,10526720,7916f0400c87e7e42e6f81f2885b1ef39cbdfd6876f3eb6e24308160f936297e,274a1d494d11d87a1b767340d1f398f197810f93,2026-07-29T20:21:07.572944,1.108.207,c2201a55b6e1b0ea38043c514ab7bc3a372bad13,491d48d7d479279b6b5a67d51aa9d6ceb8a5c446abb992140c52e9c1b6662584,63a81eaf47ab83ae45c2e53b33f33c88998d26901e3a5bd37ababcaf86419595,1,wt-1.108.207,e3b0c44298fc1c149afbf4c8996fb92427ae41e4649b934ca495991b7852b855,,"{""process_cpu_ms"": 390.625, ""runtime_distribution_version"": ""1.108.199"", ""target_policy"": ""middle stride target; repeated representative wins, outliers, and edge cases"", ""worker_pid"": 38724}"
django/django,django-3eb2e228,file_content,cold_generation_safe_hybrid_deep_order_balanced,get_file_content,target_files,generation_safe_hybrid,3,"{""file_path"": ""tests/custom_pk/fields.py"", ""max_content_results"": 20, ""repo"": ""local/django-3eb2e228"", ""search_content"": true}",5,2,45561,2730,39505920,16.4462,13.2323,80.45809974340577,1,3198,145870848,145870848,0,7916f0400c87e7e42e6f81f2885b1ef39cbdfd6876f3eb6e24308160f936297e,274a1d494d11d87a1b767340d1f398f197810f93,2026-07-29T20:21:07.572944,1.108.207,c2201a55b6e1b0ea38043c514ab7bc3a372bad13,491d48d7d479279b6b5a67d51aa9d6ceb8a5c446abb992140c52e9c1b6662584,63a81eaf47ab83ae45c2e53b33f33c88998d26901e3a5bd37ababcaf86419595,1,wt-generation-safe-hybrid,175f8765c4949317d4f48614b8cdacd8c537ab2755c49f13f78a0b2b855cab96,"M src/jcodemunch_mcp/server.py
 M src/jcodemunch_mcp/storage/index_store.py
 M src/jcodemunch_mcp/storage/sqlite_store.py
 M src/jcodemunch_mcp/tools/check_references.py
 M src/jcodemunch_mcp/tools/find_references.py
 M src/jcodemunch_mcp/tools/get_blast_radius.py
 M src/jcodemunch_mcp/tools/get_churn_rate.py
 M src/jcodemunch_mcp/tools/get_file_outline.py
 M src/jcodemunch_mcp/tools/get_file_risk.py
 M src/jcodemunch_mcp/tools/get_file_tree.py
 M src/jcodemunch_mcp/tools/get_symbol_complexity.py
 M src/jcodemunch_mcp/tools/get_symbol_provenance.py
?? tests/test_generation_safe_hybrid.py","{""process_cpu_ms"": 15.625, ""runtime_distribution_version"": ""1.108.199"", ""target_policy"": ""middle stride target; repeated representative wins, outliers, and edge cases"", ""worker_pid"": 27172}"
django/django,django-3eb2e228,dependency_cycles,cold_generation_safe_hybrid_deep_order_balanced,get_dependency_cycles,all_files,baseline_full,3,"{""repo"": ""local/django-3eb2e228""}",5,1,45561,2730,39505920,663.4996,393.3701,59.28716460416857,1,3549,218513408,263258112,44744704,59de29f5ff121883f746daee41dd101f5943660e6830d90323ab3f4a0ca42215,274a1d494d11d87a1b767340d1f398f197810f93,2026-07-29T20:21:07.572944,1.108.207,c2201a55b6e1b0ea38043c514ab7bc3a372bad13,491d48d7d479279b6b5a67d51aa9d6ceb8a5c446abb992140c52e9c1b6662584,63a81eaf47ab83ae45c2e53b33f33c88998d26901e3a5bd37ababcaf86419595,1,wt-1.108.207,e3b0c44298fc1c149afbf4c8996fb92427ae41e4649b934ca495991b7852b855,,"{""process_cpu_ms"": 640.625, ""runtime_distribution_version"": ""1.108.199"", ""target_policy"": ""middle stride target; repeated representative wins, outliers, and edge cases"", ""worker_pid"": 38724}"
django/django,django-3eb2e228,dependency_cycles,cold_generation_safe_hybrid_deep_order_balanced,get_dependency_cycles,all_files,generation_safe_hybrid,3,"{""repo"": ""local/django-3eb2e228""}",5,2,45561,2730,39505920,272.2083,13.5571,4.980413896269878,1,3549,145870848,145870848,0,59de29f5ff121883f746daee41dd101f5943660e6830d90323ab3f4a0ca42215,274a1d494d11d87a1b767340d1f398f197810f93,2026-07-29T20:21:07.572944,1.108.207,c2201a55b6e1b0ea38043c514ab7bc3a372bad13,491d48d7d479279b6b5a67d51aa9d6ceb8a5c446abb992140c52e9c1b6662584,63a81eaf47ab83ae45c2e53b33f33c88998d26901e3a5bd37ababcaf86419595,1,wt-generation-safe-hybrid,175f8765c4949317d4f48614b8cdacd8c537ab2755c49f13f78a0b2b855cab96,"M src/jcodemunch_mcp/server.py
 M src/jcodemunch_mcp/storage/index_store.py
 M src/jcodemunch_mcp/storage/sqlite_store.py
 M src/jcodemunch_mcp/tools/check_references.py
 M src/jcodemunch_mcp/tools/find_references.py
 M src/jcodemunch_mcp/tools/get_blast_radius.py
 M src/jcodemunch_mcp/tools/get_churn_rate.py
 M src/jcodemunch_mcp/tools/get_file_outline.py
 M src/jcodemunch_mcp/tools/get_file_risk.py
 M src/jcodemunch_mcp/tools/get_file_tree.py
 M src/jcodemunch_mcp/tools/get_symbol_complexity.py
 M src/jcodemunch_mcp/tools/get_symbol_provenance.py
?? tests/test_generation_safe_hybrid.py","{""process_cpu_ms"": 281.25, ""runtime_distribution_version"": ""1.108.199"", ""target_policy"": ""middle stride target; repeated representative wins, outliers, and edge cases"", ""worker_pid"": 27172}"
django/django,django-3eb2e228,changed_symbols,cold_generation_safe_hybrid_deep_order_balanced,get_changed_symbols,metadata,baseline_full,3,"{""include_blast_radius"": false, ""repo"": ""local/django-3eb2e228"", ""since_sha"": ""274a1d494d11d87a1b767340d1f398f197810f93"", ""until_sha"": ""274a1d494d11d87a1b767340d1f398f197810f93""}",5,1,45561,2730,39505920,562.3887,389.7636,69.30501981992171,1,539,253480960,264269824,10788864,7890ec2ac238cb084bbae498de22a373a175966b52963bc28f68d66e09b6c110,274a1d494d11d87a1b767340d1f398f197810f93,2026-07-29T20:21:07.572944,1.108.207,c2201a55b6e1b0ea38043c514ab7bc3a372bad13,491d48d7d479279b6b5a67d51aa9d6ceb8a5c446abb992140c52e9c1b6662584,63a81eaf47ab83ae45c2e53b33f33c88998d26901e3a5bd37ababcaf86419595,1,wt-1.108.207,e3b0c44298fc1c149afbf4c8996fb92427ae41e4649b934ca495991b7852b855,,"{""process_cpu_ms"": 453.125, ""runtime_distribution_version"": ""1.108.199"", ""target_policy"": ""middle stride target; repeated representative wins, outliers, and edge cases"", ""worker_pid"": 38724}"
django/django,django-3eb2e228,changed_symbols,cold_generation_safe_hybrid_deep_order_balanced,get_changed_symbols,metadata,generation_safe_hybrid,3,"{""include_blast_radius"": false, ""repo"": ""local/django-3eb2e228"", ""since_sha"": ""274a1d494d11d87a1b767340d1f398f197810f93"", ""until_sha"": ""274a1d494d11d87a1b767340d1f398f197810f93""}",5,2,45561,2730,39505920,105.8468,14.841,14.02120801006738,1,539,145870848,145870848,0,7890ec2ac238cb084bbae498de22a373a175966b52963bc28f68d66e09b6c110,274a1d494d11d87a1b767340d1f398f197810f93,2026-07-29T20:21:07.572944,1.108.207,c2201a55b6e1b0ea38043c514ab7bc3a372bad13,491d48d7d479279b6b5a67d51aa9d6ceb8a5c446abb992140c52e9c1b6662584,63a81eaf47ab83ae45c2e53b33f33c88998d26901e3a5bd37ababcaf86419595,1,wt-generation-safe-hybrid,175f8765c4949317d4f48614b8cdacd8c537ab2755c49f13f78a0b2b855cab96,"M src/jcodemunch_mcp/server.py
 M src/jcodemunch_mcp/storage/index_store.py
 M src/jcodemunch_mcp/storage/sqlite_store.py
 M src/jcodemunch_mcp/tools/check_references.py
 M src/jcodemunch_mcp/tools/find_references.py
 M src/jcodemunch_mcp/tools/get_blast_radius.py
 M src/jcodemunch_mcp/tools/get_churn_rate.py
 M src/jcodemunch_mcp/tools/get_file_outline.py
 M src/jcodemunch_mcp/tools/get_file_risk.py
 M src/jcodemunch_mcp/tools/get_file_tree.py
 M src/jcodemunch_mcp/tools/get_symbol_complexity.py
 M src/jcodemunch_mcp/tools/get_symbol_provenance.py
?? tests/test_generation_safe_hybrid.py","{""process_cpu_ms"": 31.25, ""runtime_distribution_version"": ""1.108.199"", ""target_policy"": ""middle stride target; repeated representative wins, outliers, and edge cases"", ""worker_pid"": 27172}"
django/django,django-3eb2e228,references_call_chain,cold_generation_safe_hybrid_deep_order_balanced,find_references,reference_call_chain,baseline_full,3,"{""identifier"": ""test_basic"", ""include_call_chain"": true, ""repo"": ""local/django-3eb2e228""}",5,1,45561,2730,39505920,399.7734,386.7158,96.7337496691876,1,372,255193088,264007680,8814592,d2e21df97856d9f2bdf993813cb54ef3d6f1d7c7b0fd1fca3f0dff2557dbd764,274a1d494d11d87a1b767340d1f398f197810f93,2026-07-29T20:21:07.572944,1.108.207,c2201a55b6e1b0ea38043c514ab7bc3a372bad13,491d48d7d479279b6b5a67d51aa9d6ceb8a5c446abb992140c52e9c1b6662584,63a81eaf47ab83ae45c2e53b33f33c88998d26901e3a5bd37ababcaf86419595,1,wt-1.108.207,e3b0c44298fc1c149afbf4c8996fb92427ae41e4649b934ca495991b7852b855,,"{""process_cpu_ms"": 406.25, ""runtime_distribution_version"": ""1.108.199"", ""target_policy"": ""middle stride target; repeated representative wins, outliers, and edge cases"", ""worker_pid"": 38724}"
django/django,django-3eb2e228,references_call_chain,cold_generation_safe_hybrid_deep_order_balanced,find_references,reference_call_chain,generation_safe_hybrid,3,"{""identifier"": ""test_basic"", ""include_call_chain"": true, ""repo"": ""local/django-3eb2e228""}",5,2,45561,2730,39505920,24.0317,13.1695,54.800534294286294,1,371,138403840,141414400,3010560,d2e21df97856d9f2bdf993813cb54ef3d6f1d7c7b0fd1fca3f0dff2557dbd764,274a1d494d11d87a1b767340d1f398f197810f93,2026-07-29T20:21:07.572944,1.108.207,c2201a55b6e1b0ea38043c514ab7bc3a372bad13,491d48d7d479279b6b5a67d51aa9d6ceb8a5c446abb992140c52e9c1b6662584,63a81eaf47ab83ae45c2e53b33f33c88998d26901e3a5bd37ababcaf86419595,1,wt-generation-safe-hybrid,175f8765c4949317d4f48614b8cdacd8c537ab2755c49f13f78a0b2b855cab96,"M src/jcodemunch_mcp/server.py
 M src/jcodemunch_mcp/storage/index_store.py
 M src/jcodemunch_mcp/storage/sqlite_store.py
 M src/jcodemunch_mcp/tools/check_references.py
 M src/jcodemunch_mcp/tools/find_references.py
 M src/jcodemunch_mcp/tools/get_blast_radius.py
 M src/jcodemunch_mcp/tools/get_churn_rate.py
 M src/jcodemunch_mcp/tools/get_file_outline.py
 M src/jcodemunch_mcp/tools/get_file_risk.py
 M src/jcodemunch_mcp/tools/get_file_tree.py
 M src/jcodemunch_mcp/tools/get_symbol_complexity.py
 M src/jcodemunch_mcp/tools/get_symbol_provenance.py
?? tests/test_generation_safe_hybrid.py","{""process_cpu_ms"": 31.25, ""runtime_distribution_version"": ""1.108.199"", ""target_policy"": ""middle stride target; repeated representative wins, outliers, and edge cases"", ""worker_pid"": 27172}"
django/django,django-3eb2e228,cross_repo_map_filtered,cold_generation_safe_hybrid_deep_order_balanced,get_cross_repo_map,all_files,baseline_full,3,"{""repo"": ""local/django-3eb2e228""}",5,1,45561,2730,39505920,547.9076,393.1876,71.76166200286325,1,265,255750144,264486912,8736768,0ec037b4d1d0761d12ee860dab7d0b88749cf86caa2a3376080c7c040a47e7ac,274a1d494d11d87a1b767340d1f398f197810f93,2026-07-29T20:21:07.572944,1.108.207,c2201a55b6e1b0ea38043c514ab7bc3a372bad13,491d48d7d479279b6b5a67d51aa9d6ceb8a5c446abb992140c52e9c1b6662584,63a81eaf47ab83ae45c2e53b33f33c88998d26901e3a5bd37ababcaf86419595,1,wt-1.108.207,e3b0c44298fc1c149afbf4c8996fb92427ae41e4649b934ca495991b7852b855,,"{""process_cpu_ms"": 546.875, ""runtime_distribution_version"": ""1.108.199"", ""target_policy"": ""middle stride target; repeated representative wins, outliers, and edge cases"", ""worker_pid"": 38724}"
django/django,django-3eb2e228,cross_repo_map_filtered,cold_generation_safe_hybrid_deep_order_balanced,get_cross_repo_map,all_files,generation_safe_hybrid,3,"{""repo"": ""local/django-3eb2e228""}",5,2,45561,2730,39505920,164.1929,15.58,9.488839042370286,1,265,145965056,146915328,950272,0ec037b4d1d0761d12ee860dab7d0b88749cf86caa2a3376080c7c040a47e7ac,274a1d494d11d87a1b767340d1f398f197810f93,2026-07-29T20:21:07.572944,1.108.207,c2201a55b6e1b0ea38043c514ab7bc3a372bad13,491d48d7d479279b6b5a67d51aa9d6ceb8a5c446abb992140c52e9c1b6662584,63a81eaf47ab83ae45c2e53b33f33c88998d26901e3a5bd37ababcaf86419595,1,wt-generation-safe-hybrid,175f8765c4949317d4f48614b8cdacd8c537ab2755c49f13f78a0b2b855cab96,"M src/jcodemunch_mcp/server.py
 M src/jcodemunch_mcp/storage/index_store.py
 M src/jcodemunch_mcp/storage/sqlite_store.py
 M src/jcodemunch_mcp/tools/check_references.py
 M src/jcodemunch_mcp/tools/find_references.py
 M src/jcodemunch_mcp/tools/get_blast_radius.py
 M src/jcodemunch_mcp/tools/get_churn_rate.py
 M src/jcodemunch_mcp/tools/get_file_outline.py
 M src/jcodemunch_mcp/tools/get_file_risk.py
 M src/jcodemunch_mcp/tools/get_file_tree.py
 M src/jcodemunch_mcp/tools/get_symbol_complexity.py
 M src/jcodemunch_mcp/tools/get_symbol_provenance.py
?? tests/test_generation_safe_hybrid.py","{""process_cpu_ms"": 171.875, ""runtime_distribution_version"": ""1.108.199"", ""target_policy"": ""middle stride target; repeated representative wins, outliers, and edge cases"", ""worker_pid"": 27172}"
fastapi/fastapi,fastapi-c1d6b9c4,symbol_source_single,cold_generation_safe_hybrid_deep_order_balanced,get_symbol_source,target_symbols,baseline_full,3,"{""repo"": ""local/fastapi-c1d6b9c4"", ""symbol_id"": ""docs_src/body_multiple_params/tutorial002_py310.py::User.username#field""}",5,1,13405,1191,14544896,96.9447,92.3167,95.22614438953342,1,978,251338752,251662336,323584,1ab8ff051ea316b69169e5e1747d2f5232e2ece543707c9a147d490870a48f1c,95f8322ee1dcda7ceace7b1c4f6c9915b36d748f,2026-07-29T20:20:52.765681,1.108.207,c2201a55b6e1b0ea38043c514ab7bc3a372bad13,491d48d7d479279b6b5a67d51aa9d6ceb8a5c446abb992140c52e9c1b6662584,63a81eaf47ab83ae45c2e53b33f33c88998d26901e3a5bd37ababcaf86419595,1,wt-1.108.207,e3b0c44298fc1c149afbf4c8996fb92427ae41e4649b934ca495991b7852b855,,"{""process_cpu_ms"": 187.5, ""runtime_distribution_version"": ""1.108.199"", ""target_policy"": ""middle stride target; repeated representative wins, outliers, and edge cases"", ""worker_pid"": 38724}"
fastapi/fastapi,fastapi-c1d6b9c4,symbol_source_single,cold_generation_safe_hybrid_deep_order_balanced,get_symbol_source,target_symbols,generation_safe_hybrid,3,"{""repo"": ""local/fastapi-c1d6b9c4"", ""symbol_id"": ""docs_src/body_multiple_params/tutorial002_py310.py::User.username#field""}",5,2,13405,1191,14544896,10.6142,5.8635,55.242034255996685,1,977,138088448,138317824,229376,1ab8ff051ea316b69169e5e1747d2f5232e2ece543707c9a147d490870a48f1c,95f8322ee1dcda7ceace7b1c4f6c9915b36d748f,2026-07-29T20:20:52.765681,1.108.207,c2201a55b6e1b0ea38043c514ab7bc3a372bad13,491d48d7d479279b6b5a67d51aa9d6ceb8a5c446abb992140c52e9c1b6662584,63a81eaf47ab83ae45c2e53b33f33c88998d26901e3a5bd37ababcaf86419595,1,wt-generation-safe-hybrid,175f8765c4949317d4f48614b8cdacd8c537ab2755c49f13f78a0b2b855cab96,"M src/jcodemunch_mcp/server.py
 M src/jcodemunch_mcp/storage/index_store.py
 M src/jcodemunch_mcp/storage/sqlite_store.py
 M src/jcodemunch_mcp/tools/check_references.py
 M src/jcodemunch_mcp/tools/find_references.py
 M src/jcodemunch_mcp/tools/get_blast_radius.py
 M src/jcodemunch_mcp/tools/get_churn_rate.py
 M src/jcodemunch_mcp/tools/get_file_outline.py
 M src/jcodemunch_mcp/tools/get_file_risk.py
 M src/jcodemunch_mcp/tools/get_file_tree.py
 M src/jcodemunch_mcp/tools/get_symbol_complexity.py
 M src/jcodemunch_mcp/tools/get_symbol_provenance.py
?? tests/test_generation_safe_hybrid.py","{""process_cpu_ms"": 31.25, ""runtime_distribution_version"": ""1.108.199"", ""target_policy"": ""middle stride target; repeated representative wins, outliers, and edge cases"", ""worker_pid"": 27172}"
fastapi/fastapi,fastapi-c1d6b9c4,file_content,cold_generation_safe_hybrid_deep_order_balanced,get_file_content,target_files,baseline_full,3,"{""file_path"": ""scripts/topic_repos.py"", ""max_content_results"": 20, ""repo"": ""local/fastapi-c1d6b9c4"", ""search_content"": true}",5,1,13405,1191,14544896,98.3319,94.4866,96.08946842276005,1,4604,217423872,228773888,11350016,e6b150aaacc47f2339b7af496b0dd762b590901d8ab42c3c364b15c4758eafdb,95f8322ee1dcda7ceace7b1c4f6c9915b36d748f,2026-07-29T20:20:52.765681,1.108.207,c2201a55b6e1b0ea38043c514ab7bc3a372bad13,491d48d7d479279b6b5a67d51aa9d6ceb8a5c446abb992140c52e9c1b6662584,63a81eaf47ab83ae45c2e53b33f33c88998d26901e3a5bd37ababcaf86419595,1,wt-1.108.207,e3b0c44298fc1c149afbf4c8996fb92427ae41e4649b934ca495991b7852b855,,"{""process_cpu_ms"": 93.75, ""runtime_distribution_version"": ""1.108.199"", ""target_policy"": ""middle stride target; repeated representative wins, outliers, and edge cases"", ""worker_pid"": 38724}"
fastapi/fastapi,fastapi-c1d6b9c4,file_content,cold_generation_safe_hybrid_deep_order_balanced,get_file_content,target_files,generation_safe_hybrid,3,"{""file_path"": ""scripts/topic_repos.py"", ""max_content_results"": 20, ""repo"": ""local/fastapi-c1d6b9c4"", ""search_content"": true}",5,2,13405,1191,14544896,10.1281,5.8854,58.109615821328774,1,4603,138543104,138694656,151552,e6b150aaacc47f2339b7af496b0dd762b590901d8ab42c3c364b15c4758eafdb,95f8322ee1dcda7ceace7b1c4f6c9915b36d748f,2026-07-29T20:20:52.765681,1.108.207,c2201a55b6e1b0ea38043c514ab7bc3a372bad13,491d48d7d479279b6b5a67d51aa9d6ceb8a5c446abb992140c52e9c1b6662584,63a81eaf47ab83ae45c2e53b33f33c88998d26901e3a5bd37ababcaf86419595,1,wt-generation-safe-hybrid,175f8765c4949317d4f48614b8cdacd8c537ab2755c49f13f78a0b2b855cab96,"M src/jcodemunch_mcp/server.py
 M src/jcodemunch_mcp/storage/index_store.py
 M src/jcodemunch_mcp/storage/sqlite_store.py
 M src/jcodemunch_mcp/tools/check_references.py
 M src/jcodemunch_mcp/tools/find_references.py
 M src/jcodemunch_mcp/tools/get_blast_radius.py
 M src/jcodemunch_mcp/tools/get_churn_rate.py
 M src/jcodemunch_mcp/tools/get_file_outline.py
 M src/jcodemunch_mcp/tools/get_file_risk.py
 M src/jcodemunch_mcp/tools/get_file_tree.py
 M src/jcodemunch_mcp/tools/get_symbol_complexity.py
 M src/jcodemunch_mcp/tools/get_symbol_provenance.py
?? tests/test_generation_safe_hybrid.py","{""process_cpu_ms"": 31.25, ""runtime_distribution_version"": ""1.108.199"", ""target_policy"": ""middle stride target; repeated representative wins, outliers, and edge cases"", ""worker_pid"": 27172}"
fastapi/fastapi,fastapi-c1d6b9c4,dependency_cycles,cold_generation_safe_hybrid_deep_order_balanced,get_dependency_cycles,all_files,baseline_full,3,"{""repo"": ""local/fastapi-c1d6b9c4""}",5,1,13405,1191,14544896,157.8173,93.1023,58.99372248796551,1,151,230195200,230203392,8192,b4505d7c162d3d5d8dcc718e36432d7e00040ee0e9831ae8b966e2f16eeb55bb,95f8322ee1dcda7ceace7b1c4f6c9915b36d748f,2026-07-29T20:20:52.765681,1.108.207,c2201a55b6e1b0ea38043c514ab7bc3a372bad13,491d48d7d479279b6b5a67d51aa9d6ceb8a5c446abb992140c52e9c1b6662584,63a81eaf47ab83ae45c2e53b33f33c88998d26901e3a5bd37ababcaf86419595,1,wt-1.108.207,e3b0c44298fc1c149afbf4c8996fb92427ae41e4649b934ca495991b7852b855,,"{""process_cpu_ms"": 171.875, ""runtime_distribution_version"": ""1.108.199"", ""target_policy"": ""middle stride target; repeated representative wins, outliers, and edge cases"", ""worker_pid"": 38724}"
fastapi/fastapi,fastapi-c1d6b9c4,dependency_cycles,cold_generation_safe_hybrid_deep_order_balanced,get_dependency_cycles,all_files,generation_safe_hybrid,3,"{""repo"": ""local/fastapi-c1d6b9c4""}",5,2,13405,1191,14544896,70.8169,6.0403,8.529461187936779,1,150,139325440,139907072,581632,b4505d7c162d3d5d8dcc718e36432d7e00040ee0e9831ae8b966e2f16eeb55bb,95f8322ee1dcda7ceace7b1c4f6c9915b36d748f,2026-07-29T20:20:52.765681,1.108.207,c2201a55b6e1b0ea38043c514ab7bc3a372bad13,491d48d7d479279b6b5a67d51aa9d6ceb8a5c446abb992140c52e9c1b6662584,63a81eaf47ab83ae45c2e53b33f33c88998d26901e3a5bd37ababcaf86419595,1,wt-generation-safe-hybrid,175f8765c4949317d4f48614b8cdacd8c537ab2755c49f13f78a0b2b855cab96,"M src/jcodemunch_mcp/server.py
 M src/jcodemunch_mcp/storage/index_store.py
 M src/jcodemunch_mcp/storage/sqlite_store.py
 M src/jcodemunch_mcp/tools/check_references.py
 M src/jcodemunch_mcp/tools/find_references.py
 M src/jcodemunch_mcp/tools/get_blast_radius.py
 M src/jcodemunch_mcp/tools/get_churn_rate.py
 M src/jcodemunch_mcp/tools/get_file_outline.py
 M src/jcodemunch_mcp/tools/get_file_risk.py
 M src/jcodemunch_mcp/tools/get_file_tree.py
 M src/jcodemunch_mcp/tools/get_symbol_complexity.py
 M src/jcodemunch_mcp/tools/get_symbol_provenance.py
?? tests/test_generation_safe_hybrid.py","{""process_cpu_ms"": 62.5, ""runtime_distribution_version"": ""1.108.199"", ""target_policy"": ""middle stride target; repeated representative wins, outliers, and edge cases"", ""worker_pid"": 27172}"
fastapi/fastapi,fastapi-c1d6b9c4,changed_symbols,cold_generation_safe_hybrid_deep_order_balanced,get_changed_symbols,metadata,baseline_full,3,"{""include_blast_radius"": false, ""repo"": ""local/fastapi-c1d6b9c4"", ""since_sha"": ""95f8322ee1dcda7ceace7b1c4f6c9915b36d748f"", ""until_sha"": ""95f8322ee1dcda7ceace7b1c4f6c9915b36d748f""}",5,1,13405,1191,14544896,190.7522,99.9294,52.38702358347636,1,539,215646208,228208640,12562432,567cf452d846b80d813f45d9d15d929e4cbfda9503c77f60a1f8052421559b2d,95f8322ee1dcda7ceace7b1c4f6c9915b36d748f,2026-07-29T20:20:52.765681,1.108.207,c2201a55b6e1b0ea38043c514ab7bc3a372bad13,491d48d7d479279b6b5a67d51aa9d6ceb8a5c446abb992140c52e9c1b6662584,63a81eaf47ab83ae45c2e53b33f33c88998d26901e3a5bd37ababcaf86419595,1,wt-1.108.207,e3b0c44298fc1c149afbf4c8996fb92427ae41e4649b934ca495991b7852b855,,"{""process_cpu_ms"": 109.375, ""runtime_distribution_version"": ""1.108.199"", ""target_policy"": ""middle stride target; repeated representative wins, outliers, and edge cases"", ""worker_pid"": 38724}"
fastapi/fastapi,fastapi-c1d6b9c4,changed_symbols,cold_generation_safe_hybrid_deep_order_balanced,get_changed_symbols,metadata,generation_safe_hybrid,3,"{""include_blast_radius"": false, ""repo"": ""local/fastapi-c1d6b9c4"", ""since_sha"": ""95f8322ee1dcda7ceace7b1c4f6c9915b36d748f"", ""until_sha"": ""95f8322ee1dcda7ceace7b1c4f6c9915b36d748f""}",5,2,13405,1191,14544896,149.6696,7.462,4.985648388183037,1,539,137158656,137318400,159744,567cf452d846b80d813f45d9d15d929e4cbfda9503c77f60a1f8052421559b2d,95f8322ee1dcda7ceace7b1c4f6c9915b36d748f,2026-07-29T20:20:52.765681,1.108.207,c2201a55b6e1b0ea38043c514ab7bc3a372bad13,491d48d7d479279b6b5a67d51aa9d6ceb8a5c446abb992140c52e9c1b6662584,63a81eaf47ab83ae45c2e53b33f33c88998d26901e3a5bd37ababcaf86419595,1,wt-generation-safe-hybrid,175f8765c4949317d4f48614b8cdacd8c537ab2755c49f13f78a0b2b855cab96,"M src/jcodemunch_mcp/server.py
 M src/jcodemunch_mcp/storage/index_store.py
 M src/jcodemunch_mcp/storage/sqlite_store.py
 M src/jcodemunch_mcp/tools/check_references.py
 M src/jcodemunch_mcp/tools/find_references.py
 M src/jcodemunch_mcp/tools/get_blast_radius.py
 M src/jcodemunch_mcp/tools/get_churn_rate.py
 M src/jcodemunch_mcp/tools/get_file_outline.py
 M src/jcodemunch_mcp/tools/get_file_risk.py
 M src/jcodemunch_mcp/tools/get_file_tree.py
 M src/jcodemunch_mcp/tools/get_symbol_complexity.py
 M src/jcodemunch_mcp/tools/get_symbol_provenance.py
?? tests/test_generation_safe_hybrid.py","{""process_cpu_ms"": 78.125, ""runtime_distribution_version"": ""1.108.199"", ""target_policy"": ""middle stride target; repeated representative wins, outliers, and edge cases"", ""worker_pid"": 27172}"
fastapi/fastapi,fastapi-c1d6b9c4,references_call_chain,cold_generation_safe_hybrid_deep_order_balanced,find_references,reference_call_chain,baseline_full,3,"{""identifier"": ""username"", ""include_call_chain"": true, ""repo"": ""local/fastapi-c1d6b9c4""}",5,1,13405,1191,14544896,98.6552,92.8532,94.11891111669736,1,370,228876288,228941824,65536,eb503f009166d546afe5671bb0b18665894f6e8f47fa78a937396526794b0681,95f8322ee1dcda7ceace7b1c4f6c9915b36d748f,2026-07-29T20:20:52.765681,1.108.207,c2201a55b6e1b0ea38043c514ab7bc3a372bad13,491d48d7d479279b6b5a67d51aa9d6ceb8a5c446abb992140c52e9c1b6662584,63a81eaf47ab83ae45c2e53b33f33c88998d26901e3a5bd37ababcaf86419595,1,wt-1.108.207,e3b0c44298fc1c149afbf4c8996fb92427ae41e4649b934ca495991b7852b855,,"{""process_cpu_ms"": 109.375, ""runtime_distribution_version"": ""1.108.199"", ""target_policy"": ""middle stride target; repeated representative wins, outliers, and edge cases"", ""worker_pid"": 38724}"
fastapi/fastapi,fastapi-c1d6b9c4,references_call_chain,cold_generation_safe_hybrid_deep_order_balanced,find_references,reference_call_chain,generation_safe_hybrid,3,"{""identifier"": ""username"", ""include_call_chain"": true, ""repo"": ""local/fastapi-c1d6b9c4""}",5,2,13405,1191,14544896,12.8844,7.8446,60.88448045698674,1,369,137404416,137404416,0,eb503f009166d546afe5671bb0b18665894f6e8f47fa78a937396526794b0681,95f8322ee1dcda7ceace7b1c4f6c9915b36d748f,2026-07-29T20:20:52.765681,1.108.207,c2201a55b6e1b0ea38043c514ab7bc3a372bad13,491d48d7d479279b6b5a67d51aa9d6ceb8a5c446abb992140c52e9c1b6662584,63a81eaf47ab83ae45c2e53b33f33c88998d26901e3a5bd37ababcaf86419595,1,wt-generation-safe-hybrid,175f8765c4949317d4f48614b8cdacd8c537ab2755c49f13f78a0b2b855cab96,"M src/jcodemunch_mcp/server.py
 M src/jcodemunch_mcp/storage/index_store.py
 M src/jcodemunch_mcp/storage/sqlite_store.py
 M src/jcodemunch_mcp/tools/check_references.py
 M src/jcodemunch_mcp/tools/find_references.py
 M src/jcodemunch_mcp/tools/get_blast_radius.py
 M src/jcodemunch_mcp/tools/get_churn_rate.py
 M src/jcodemunch_mcp/tools/get_file_outline.py
 M src/jcodemunch_mcp/tools/get_file_risk.py
 M src/jcodemunch_mcp/tools/get_file_tree.py
 M src/jcodemunch_mcp/tools/get_symbol_complexity.py
 M src/jcodemunch_mcp/tools/get_symbol_provenance.py
?? tests/test_generation_safe_hybrid.py","{""process_cpu_ms"": 0.0, ""runtime_distribution_version"": ""1.108.199"", ""target_policy"": ""middle stride target; repeated representative wins, outliers, and edge cases"", ""worker_pid"": 27172}"
fastapi/fastapi,fastapi-c1d6b9c4,cross_repo_map_filtered,cold_generation_safe_hybrid_deep_order_balanced,get_cross_repo_map,all_files,baseline_full,3,"{""repo"": ""local/fastapi-c1d6b9c4""}",5,1,13405,1191,14544896,254.8927,104.9528,41.175286699069844,1,256,229523456,229941248,417792,2b2ef1fab520c827a3857c1a2daebdae1bec39eb43634735481fb2341cc4fa82,95f8322ee1dcda7ceace7b1c4f6c9915b36d748f,2026-07-29T20:20:52.765681,1.108.207,c2201a55b6e1b0ea38043c514ab7bc3a372bad13,491d48d7d479279b6b5a67d51aa9d6ceb8a5c446abb992140c52e9c1b6662584,63a81eaf47ab83ae45c2e53b33f33c88998d26901e3a5bd37ababcaf86419595,1,wt-1.108.207,e3b0c44298fc1c149afbf4c8996fb92427ae41e4649b934ca495991b7852b855,,"{""process_cpu_ms"": 250.0, ""runtime_distribution_version"": ""1.108.199"", ""target_policy"": ""middle stride target; repeated representative wins, outliers, and edge cases"", ""worker_pid"": 38724}"
fastapi/fastapi,fastapi-c1d6b9c4,cross_repo_map_filtered,cold_generation_safe_hybrid_deep_order_balanced,get_cross_repo_map,all_files,generation_safe_hybrid,3,"{""repo"": ""local/fastapi-c1d6b9c4""}",5,2,13405,1191,14544896,161.7326,7.6355,4.721064275229607,1,256,143560704,143659008,98304,2b2ef1fab520c827a3857c1a2daebdae1bec39eb43634735481fb2341cc4fa82,95f8322ee1dcda7ceace7b1c4f6c9915b36d748f,2026-07-29T20:20:52.765681,1.108.207,c2201a55b6e1b0ea38043c514ab7bc3a372bad13,491d48d7d479279b6b5a67d51aa9d6ceb8a5c446abb992140c52e9c1b6662584,63a81eaf47ab83ae45c2e53b33f33c88998d26901e3a5bd37ababcaf86419595,1,wt-generation-safe-hybrid,175f8765c4949317d4f48614b8cdacd8c537ab2755c49f13f78a0b2b855cab96,"M src/jcodemunch_mcp/server.py
 M src/jcodemunch_mcp/storage/index_store.py
 M src/jcodemunch_mcp/storage/sqlite_store.py
 M src/jcodemunch_mcp/tools/check_references.py
 M src/jcodemunch_mcp/tools/find_references.py
 M src/jcodemunch_mcp/tools/get_blast_radius.py
 M src/jcodemunch_mcp/tools/get_churn_rate.py
 M src/jcodemunch_mcp/tools/get_file_outline.py
 M src/jcodemunch_mcp/tools/get_file_risk.py
 M src/jcodemunch_mcp/tools/get_file_tree.py
 M src/jcodemunch_mcp/tools/get_symbol_complexity.py
 M src/jcodemunch_mcp/tools/get_symbol_provenance.py
?? tests/test_generation_safe_hybrid.py","{""process_cpu_ms"": 156.25, ""runtime_distribution_version"": ""1.108.199"", ""target_policy"": ""middle stride target; repeated representative wins, outliers, and edge cases"", ""worker_pid"": 27172}"
expressjs/express,express-080294c3,references_call_chain,cold_generation_safe_hybrid_deep_order_balanced,find_references,reference_call_chain,baseline_full,3,"{""identifier"": ""name"", ""include_call_chain"": true, ""repo"": ""local/express-080294c3""}",5,1,471,172,507904,7.3652,4.128,56.047357845000825,1,365,229941248,229941248,0,829edb94ddc8b3ebb40b5dcc7523467a108cb824cf1b00f8c72da8dcbd0b199e,a3714473feb3d2908add734d340e7755fd85e0a3,2026-07-29T20:20:41.130953,1.108.207,c2201a55b6e1b0ea38043c514ab7bc3a372bad13,491d48d7d479279b6b5a67d51aa9d6ceb8a5c446abb992140c52e9c1b6662584,63a81eaf47ab83ae45c2e53b33f33c88998d26901e3a5bd37ababcaf86419595,1,wt-1.108.207,e3b0c44298fc1c149afbf4c8996fb92427ae41e4649b934ca495991b7852b855,,"{""process_cpu_ms"": 0.0, ""runtime_distribution_version"": ""1.108.199"", ""target_policy"": ""middle stride target; repeated representative wins, outliers, and edge cases"", ""worker_pid"": 38724}"
expressjs/express,express-080294c3,references_call_chain,cold_generation_safe_hybrid_deep_order_balanced,find_references,reference_call_chain,generation_safe_hybrid,3,"{""identifier"": ""name"", ""include_call_chain"": true, ""repo"": ""local/express-080294c3""}",5,2,471,172,507904,4.4592,1.3598,30.49425905992106,1,365,143704064,143704064,0,829edb94ddc8b3ebb40b5dcc7523467a108cb824cf1b00f8c72da8dcbd0b199e,a3714473feb3d2908add734d340e7755fd85e0a3,2026-07-29T20:20:41.130953,1.108.207,c2201a55b6e1b0ea38043c514ab7bc3a372bad13,491d48d7d479279b6b5a67d51aa9d6ceb8a5c446abb992140c52e9c1b6662584,63a81eaf47ab83ae45c2e53b33f33c88998d26901e3a5bd37ababcaf86419595,1,wt-generation-safe-hybrid,175f8765c4949317d4f48614b8cdacd8c537ab2755c49f13f78a0b2b855cab96,"M src/jcodemunch_mcp/server.py
 M src/jcodemunch_mcp/storage/index_store.py
 M src/jcodemunch_mcp/storage/sqlite_store.py
 M src/jcodemunch_mcp/tools/check_references.py
 M src/jcodemunch_mcp/tools/find_references.py
 M src/jcodemunch_mcp/tools/get_blast_radius.py
 M src/jcodemunch_mcp/tools/get_churn_rate.py
 M src/jcodemunch_mcp/tools/get_file_outline.py
 M src/jcodemunch_mcp/tools/get_file_risk.py
 M src/jcodemunch_mcp/tools/get_file_tree.py
 M src/jcodemunch_mcp/tools/get_symbol_complexity.py
 M src/jcodemunch_mcp/tools/get_symbol_provenance.py
?? tests/test_generation_safe_hybrid.py","{""process_cpu_ms"": 0.0, ""runtime_distribution_version"": ""1.108.199"", ""target_policy"": ""middle stride target; repeated representative wins, outliers, and edge cases"", ""worker_pid"": 27172}"
expressjs/express,express-080294c3,changed_symbols_blast,cold_generation_safe_hybrid_deep_order_balanced,get_changed_symbols,all_files,baseline_full,3,"{""include_blast_radius"": true, ""repo"": ""local/express-080294c3"", ""since_sha"": ""a3714473feb3d2908add734d340e7755fd85e0a3"", ""until_sha"": ""a3714473feb3d2908add734d340e7755fd85e0a3""}",5,1,471,172,507904,100.012,4.7809,4.7803263608367,1,538,229941248,229945344,4096,19b90ce501c4f89468cf324af26a45f4909661dfad12b8a2a1a692e675bfbe42,a3714473feb3d2908add734d340e7755fd85e0a3,2026-07-29T20:20:41.130953,1.108.207,c2201a55b6e1b0ea38043c514ab7bc3a372bad13,491d48d7d479279b6b5a67d51aa9d6ceb8a5c446abb992140c52e9c1b6662584,63a81eaf47ab83ae45c2e53b33f33c88998d26901e3a5bd37ababcaf86419595,1,wt-1.108.207,e3b0c44298fc1c149afbf4c8996fb92427ae41e4649b934ca495991b7852b855,,"{""process_cpu_ms"": 31.25, ""runtime_distribution_version"": ""1.108.199"", ""target_policy"": ""middle stride target; repeated representative wins, outliers, and edge cases"", ""worker_pid"": 38724}"
expressjs/express,express-080294c3,changed_symbols_blast,cold_generation_safe_hybrid_deep_order_balanced,get_changed_symbols,all_files,generation_safe_hybrid,3,"{""include_blast_radius"": true, ""repo"": ""local/express-080294c3"", ""since_sha"": ""a3714473feb3d2908add734d340e7755fd85e0a3"", ""until_sha"": ""a3714473feb3d2908add734d340e7755fd85e0a3""}",5,2,471,172,507904,149.2277,1.8417,1.2341542488425405,1,539,143708160,143708160,0,19b90ce501c4f89468cf324af26a45f4909661dfad12b8a2a1a692e675bfbe42,a3714473feb3d2908add734d340e7755fd85e0a3,2026-07-29T20:20:41.130953,1.108.207,c2201a55b6e1b0ea38043c514ab7bc3a372bad13,491d48d7d479279b6b5a67d51aa9d6ceb8a5c446abb992140c52e9c1b6662584,63a81eaf47ab83ae45c2e53b33f33c88998d26901e3a5bd37ababcaf86419595,1,wt-generation-safe-hybrid,175f8765c4949317d4f48614b8cdacd8c537ab2755c49f13f78a0b2b855cab96,"M src/jcodemunch_mcp/server.py
 M src/jcodemunch_mcp/storage/index_store.py
 M src/jcodemunch_mcp/storage/sqlite_store.py
 M src/jcodemunch_mcp/tools/check_references.py
 M src/jcodemunch_mcp/tools/find_references.py
 M src/jcodemunch_mcp/tools/get_blast_radius.py
 M src/jcodemunch_mcp/tools/get_churn_rate.py
 M src/jcodemunch_mcp/tools/get_file_outline.py
 M src/jcodemunch_mcp/tools/get_file_risk.py
 M src/jcodemunch_mcp/tools/get_file_tree.py
 M src/jcodemunch_mcp/tools/get_symbol_complexity.py
 M src/jcodemunch_mcp/tools/get_symbol_provenance.py
?? tests/test_generation_safe_hybrid.py","{""process_cpu_ms"": 78.125, ""runtime_distribution_version"": ""1.108.199"", ""target_policy"": ""middle stride target; repeated representative wins, outliers, and edge cases"", ""worker_pid"": 27172}"
expressjs/express,express-080294c3,churn_symbol,cold_generation_safe_hybrid_deep_order_balanced,get_churn_rate,target_symbols,baseline_full,3,"{""days"": 30, ""repo"": ""local/express-080294c3"", ""target"": "".github/workflows/scorecard.yml::jobs.analysis.name#constant""}",5,1,471,172,507904,149.3424,4.5545,3.049703232303753,1,587,229945344,229945344,0,0107a985a684f4be4d432e57eecc7686b5091b8a3e1791b61e519717743bb1ed,a3714473feb3d2908add734d340e7755fd85e0a3,2026-07-29T20:20:41.130953,1.108.207,c2201a55b6e1b0ea38043c514ab7bc3a372bad13,491d48d7d479279b6b5a67d51aa9d6ceb8a5c446abb992140c52e9c1b6662584,63a81eaf47ab83ae45c2e53b33f33c88998d26901e3a5bd37ababcaf86419595,1,wt-1.108.207,e3b0c44298fc1c149afbf4c8996fb92427ae41e4649b934ca495991b7852b855,,"{""process_cpu_ms"": 15.625, ""runtime_distribution_version"": ""1.108.199"", ""target_policy"": ""middle stride target; repeated representative wins, outliers, and edge cases"", ""worker_pid"": 38724}"
expressjs/express,express-080294c3,churn_symbol,cold_generation_safe_hybrid_deep_order_balanced,get_churn_rate,target_symbols,generation_safe_hybrid,3,"{""days"": 30, ""repo"": ""local/express-080294c3"", ""target"": "".github/workflows/scorecard.yml::jobs.analysis.name#constant""}",5,2,471,172,507904,60.2537,1.9051,3.1617975327656227,1,586,143708160,143708160,0,0107a985a684f4be4d432e57eecc7686b5091b8a3e1791b61e519717743bb1ed,a3714473feb3d2908add734d340e7755fd85e0a3,2026-07-29T20:20:41.130953,1.108.207,c2201a55b6e1b0ea38043c514ab7bc3a372bad13,491d48d7d479279b6b5a67d51aa9d6ceb8a5c446abb992140c52e9c1b6662584,63a81eaf47ab83ae45c2e53b33f33c88998d26901e3a5bd37ababcaf86419595,1,wt-generation-safe-hybrid,175f8765c4949317d4f48614b8cdacd8c537ab2755c49f13f78a0b2b855cab96,"M src/jcodemunch_mcp/server.py
 M src/jcodemunch_mcp/storage/index_store.py
 M src/jcodemunch_mcp/storage/sqlite_store.py
 M src/jcodemunch_mcp/tools/check_references.py
 M src/jcodemunch_mcp/tools/find_references.py
 M src/jcodemunch_mcp/tools/get_blast_radius.py
 M src/jcodemunch_mcp/tools/get_churn_rate.py
 M src/jcodemunch_mcp/tools/get_file_outline.py
 M src/jcodemunch_mcp/tools/get_file_risk.py
 M src/jcodemunch_mcp/tools/get_file_tree.py
 M src/jcodemunch_mcp/tools/get_symbol_complexity.py
 M src/jcodemunch_mcp/tools/get_symbol_provenance.py
?? tests/test_generation_safe_hybrid.py","{""process_cpu_ms"": 0.0, ""runtime_distribution_version"": ""1.108.199"", ""target_policy"": ""middle stride target; repeated representative wins, outliers, and edge cases"", ""worker_pid"": 27172}"
expressjs/express,express-080294c3,cross_repo_map_filtered,cold_generation_safe_hybrid_deep_order_balanced,get_cross_repo_map,all_files,baseline_full,3,"{""repo"": ""local/express-080294c3""}",5,1,471,172,507904,148.9045,4.4965,3.019720693464603,1,256,229974016,229969920,-4096,4c782f89d9c2f201de765d97cec77c28274804930e49388d1b359bc177b5f8c2,a3714473feb3d2908add734d340e7755fd85e0a3,2026-07-29T20:20:41.130953,1.108.207,c2201a55b6e1b0ea38043c514ab7bc3a372bad13,491d48d7d479279b6b5a67d51aa9d6ceb8a5c446abb992140c52e9c1b6662584,63a81eaf47ab83ae45c2e53b33f33c88998d26901e3a5bd37ababcaf86419595,1,wt-1.108.207,e3b0c44298fc1c149afbf4c8996fb92427ae41e4649b934ca495991b7852b855,,"{""process_cpu_ms"": 156.25, ""runtime_distribution_version"": ""1.108.199"", ""target_policy"": ""middle stride target; repeated representative wins, outliers, and edge cases"", ""worker_pid"": 38724}"
expressjs/express,express-080294c3,cross_repo_map_filtered,cold_generation_safe_hybrid_deep_order_balanced,get_cross_repo_map,all_files,generation_safe_hybrid,3,"{""repo"": ""local/express-080294c3""}",5,2,471,172,507904,145.9514,1.5477,1.0604214827675513,1,256,144572416,144855040,282624,4c782f89d9c2f201de765d97cec77c28274804930e49388d1b359bc177b5f8c2,a3714473feb3d2908add734d340e7755fd85e0a3,2026-07-29T20:20:41.130953,1.108.207,c2201a55b6e1b0ea38043c514ab7bc3a372bad13,491d48d7d479279b6b5a67d51aa9d6ceb8a5c446abb992140c52e9c1b6662584,63a81eaf47ab83ae45c2e53b33f33c88998d26901e3a5bd37ababcaf86419595,1,wt-generation-safe-hybrid,175f8765c4949317d4f48614b8cdacd8c537ab2755c49f13f78a0b2b855cab96,"M src/jcodemunch_mcp/server.py
 M src/jcodemunch_mcp/storage/index_store.py
 M src/jcodemunch_mcp/storage/sqlite_store.py
 M src/jcodemunch_mcp/tools/check_references.py
 M src/jcodemunch_mcp/tools/find_references.py
 M src/jcodemunch_mcp/tools/get_blast_radius.py
 M src/jcodemunch_mcp/tools/get_churn_rate.py
 M src/jcodemunch_mcp/tools/get_file_outline.py
 M src/jcodemunch_mcp/tools/get_file_risk.py
 M src/jcodemunch_mcp/tools/get_file_tree.py
 M src/jcodemunch_mcp/tools/get_symbol_complexity.py
 M src/jcodemunch_mcp/tools/get_symbol_provenance.py
?? tests/test_generation_safe_hybrid.py","{""process_cpu_ms"": 156.25, ""runtime_distribution_version"": ""1.108.199"", ""target_policy"": ""middle stride target; repeated representative wins, outliers, and edge cases"", ""worker_pid"": 27172}"
expressjs/express,express-080294c3,symbol_source_single,cold_generation_safe_hybrid_deep_order_balanced,get_symbol_source,target_symbols,baseline_full,3,"{""repo"": ""local/express-080294c3"", ""symbol_id"": "".github/workflows/scorecard.yml::jobs.analysis.name#constant""}",5,1,471,172,507904,8.7142,4.7241,54.21151683459181,1,965,227872768,227872768,0,ea0985f42b9fff945ec0f96b54568d4e42515e4962de7d7d8e31cd04712be12f,a3714473feb3d2908add734d340e7755fd85e0a3,2026-07-29T20:20:41.130953,1.108.207,c2201a55b6e1b0ea38043c514ab7bc3a372bad13,491d48d7d479279b6b5a67d51aa9d6ceb8a5c446abb992140c52e9c1b6662584,63a81eaf47ab83ae45c2e53b33f33c88998d26901e3a5bd37ababcaf86419595,1,wt-1.108.207,e3b0c44298fc1c149afbf4c8996fb92427ae41e4649b934ca495991b7852b855,,"{""process_cpu_ms"": 15.625, ""runtime_distribution_version"": ""1.108.199"", ""target_policy"": ""middle stride target; repeated representative wins, outliers, and edge cases"", ""worker_pid"": 38724}"
expressjs/express,express-080294c3,symbol_source_single,cold_generation_safe_hybrid_deep_order_balanced,get_symbol_source,target_symbols,generation_safe_hybrid,3,"{""repo"": ""local/express-080294c3"", ""symbol_id"": "".github/workflows/scorecard.yml::jobs.analysis.name#constant""}",5,2,471,172,507904,5.7397,1.509,26.290572678014527,1,965,144855040,144855040,0,ea0985f42b9fff945ec0f96b54568d4e42515e4962de7d7d8e31cd04712be12f,a3714473feb3d2908add734d340e7755fd85e0a3,2026-07-29T20:20:41.130953,1.108.207,c2201a55b6e1b0ea38043c514ab7bc3a372bad13,491d48d7d479279b6b5a67d51aa9d6ceb8a5c446abb992140c52e9c1b6662584,63a81eaf47ab83ae45c2e53b33f33c88998d26901e3a5bd37ababcaf86419595,1,wt-generation-safe-hybrid,175f8765c4949317d4f48614b8cdacd8c537ab2755c49f13f78a0b2b855cab96,"M src/jcodemunch_mcp/server.py
 M src/jcodemunch_mcp/storage/index_store.py
 M src/jcodemunch_mcp/storage/sqlite_store.py
 M src/jcodemunch_mcp/tools/check_references.py
 M src/jcodemunch_mcp/tools/find_references.py
 M src/jcodemunch_mcp/tools/get_blast_radius.py
 M src/jcodemunch_mcp/tools/get_churn_rate.py
 M src/jcodemunch_mcp/tools/get_file_outline.py
 M src/jcodemunch_mcp/tools/get_file_risk.py
 M src/jcodemunch_mcp/tools/get_file_tree.py
 M src/jcodemunch_mcp/tools/get_symbol_complexity.py
 M src/jcodemunch_mcp/tools/get_symbol_provenance.py
?? tests/test_generation_safe_hybrid.py","{""process_cpu_ms"": 15.625, ""runtime_distribution_version"": ""1.108.199"", ""target_policy"": ""middle stride target; repeated representative wins, outliers, and edge cases"", ""worker_pid"": 27172}"
expressjs/express,express-080294c3,dependency_cycles,cold_generation_safe_hybrid_deep_order_balanced,get_dependency_cycles,all_files,baseline_full,3,"{""repo"": ""local/express-080294c3""}",5,1,471,172,507904,9.1721,4.7721,52.02843405545077,1,149,227872768,227872768,0,53dea643e4a99922b7bf8d68864434ae9ce8cfa2542a60a2ab5148d45d39cc05,a3714473feb3d2908add734d340e7755fd85e0a3,2026-07-29T20:20:41.130953,1.108.207,c2201a55b6e1b0ea38043c514ab7bc3a372bad13,491d48d7d479279b6b5a67d51aa9d6ceb8a5c446abb992140c52e9c1b6662584,63a81eaf47ab83ae45c2e53b33f33c88998d26901e3a5bd37ababcaf86419595,1,wt-1.108.207,e3b0c44298fc1c149afbf4c8996fb92427ae41e4649b934ca495991b7852b855,,"{""process_cpu_ms"": 15.625, ""runtime_distribution_version"": ""1.108.199"", ""target_policy"": ""middle stride target; repeated representative wins, outliers, and edge cases"", ""worker_pid"": 38724}"
expressjs/express,express-080294c3,dependency_cycles,cold_generation_safe_hybrid_deep_order_balanced,get_dependency_cycles,all_files,generation_safe_hybrid,3,"{""repo"": ""local/express-080294c3""}",5,2,471,172,507904,5.9411,1.4476,24.365858174412146,1,149,144855040,144855040,0,53dea643e4a99922b7bf8d68864434ae9ce8cfa2542a60a2ab5148d45d39cc05,a3714473feb3d2908add734d340e7755fd85e0a3,2026-07-29T20:20:41.130953,1.108.207,c2201a55b6e1b0ea38043c514ab7bc3a372bad13,491d48d7d479279b6b5a67d51aa9d6ceb8a5c446abb992140c52e9c1b6662584,63a81eaf47ab83ae45c2e53b33f33c88998d26901e3a5bd37ababcaf86419595,1,wt-generation-safe-hybrid,175f8765c4949317d4f48614b8cdacd8c537ab2755c49f13f78a0b2b855cab96,"M src/jcodemunch_mcp/server.py
 M src/jcodemunch_mcp/storage/index_store.py
 M src/jcodemunch_mcp/storage/sqlite_store.py
 M src/jcodemunch_mcp/tools/check_references.py
 M src/jcodemunch_mcp/tools/find_references.py
 M src/jcodemunch_mcp/tools/get_blast_radius.py
 M src/jcodemunch_mcp/tools/get_churn_rate.py
 M src/jcodemunch_mcp/tools/get_file_outline.py
 M src/jcodemunch_mcp/tools/get_file_risk.py
 M src/jcodemunch_mcp/tools/get_file_tree.py
 M src/jcodemunch_mcp/tools/get_symbol_complexity.py
 M src/jcodemunch_mcp/tools/get_symbol_provenance.py
?? tests/test_generation_safe_hybrid.py","{""process_cpu_ms"": 0.0, ""runtime_distribution_version"": ""1.108.199"", ""target_policy"": ""middle stride target; repeated representative wins, outliers, and edge cases"", ""worker_pid"": 27172}"
gin-gonic/gin,gin-87ab3d33,changed_symbols,cold_generation_safe_hybrid_deep_order_balanced,get_changed_symbols,metadata,baseline_full,3,"{""include_blast_radius"": false, ""repo"": ""local/gin-87ab3d33"", ""since_sha"": ""34dac209ffb6ef85cc78c5d217bbb7ad001d68fd"", ""until_sha"": ""34dac209ffb6ef85cc78c5d217bbb7ad001d68fd""}",5,1,1834,109,2580480,102.2709,13.8986,13.589985029954757,1,538,227872768,227872768,0,49e1d80c5e8d6a627ded2cf145c978d87efd5482043601a36eef817c94e2b3bf,34dac209ffb6ef85cc78c5d217bbb7ad001d68fd,2026-07-29T20:20:45.784692,1.108.207,c2201a55b6e1b0ea38043c514ab7bc3a372bad13,491d48d7d479279b6b5a67d51aa9d6ceb8a5c446abb992140c52e9c1b6662584,63a81eaf47ab83ae45c2e53b33f33c88998d26901e3a5bd37ababcaf86419595,1,wt-1.108.207,e3b0c44298fc1c149afbf4c8996fb92427ae41e4649b934ca495991b7852b855,,"{""process_cpu_ms"": 31.25, ""runtime_distribution_version"": ""1.108.199"", ""target_policy"": ""middle stride target; repeated representative wins, outliers, and edge cases"", ""worker_pid"": 38724}"
gin-gonic/gin,gin-87ab3d33,changed_symbols,cold_generation_safe_hybrid_deep_order_balanced,get_changed_symbols,metadata,generation_safe_hybrid,3,"{""include_blast_radius"": false, ""repo"": ""local/gin-87ab3d33"", ""since_sha"": ""34dac209ffb6ef85cc78c5d217bbb7ad001d68fd"", ""until_sha"": ""34dac209ffb6ef85cc78c5d217bbb7ad001d68fd""}",5,2,1834,109,2580480,90.3442,1.5525,1.71842796770573,1,538,144855040,144855040,0,49e1d80c5e8d6a627ded2cf145c978d87efd5482043601a36eef817c94e2b3bf,34dac209ffb6ef85cc78c5d217bbb7ad001d68fd,2026-07-29T20:20:45.784692,1.108.207,c2201a55b6e1b0ea38043c514ab7bc3a372bad13,491d48d7d479279b6b5a67d51aa9d6ceb8a5c446abb992140c52e9c1b6662584,63a81eaf47ab83ae45c2e53b33f33c88998d26901e3a5bd37ababcaf86419595,1,wt-generation-safe-hybrid,175f8765c4949317d4f48614b8cdacd8c537ab2755c49f13f78a0b2b855cab96,"M src/jcodemunch_mcp/server.py
 M src/jcodemunch_mcp/storage/index_store.py
 M src/jcodemunch_mcp/storage/sqlite_store.py
 M src/jcodemunch_mcp/tools/check_references.py
 M src/jcodemunch_mcp/tools/find_references.py
 M src/jcodemunch_mcp/tools/get_blast_radius.py
 M src/jcodemunch_mcp/tools/get_churn_rate.py
 M src/jcodemunch_mcp/tools/get_file_outline.py
 M src/jcodemunch_mcp/tools/get_file_risk.py
 M src/jcodemunch_mcp/tools/get_file_tree.py
 M src/jcodemunch_mcp/tools/get_symbol_complexity.py
 M src/jcodemunch_mcp/tools/get_symbol_provenance.py
?? tests/test_generation_safe_hybrid.py","{""process_cpu_ms"": 15.625, ""runtime_distribution_version"": ""1.108.199"", ""target_policy"": ""middle stride target; repeated representative wins, outliers, and edge cases"", ""worker_pid"": 27172}"
gin-gonic/gin,gin-87ab3d33,file_tree_prefix,cold_generation_safe_hybrid_deep_order_balanced,get_file_tree,prefix_files,baseline_full,3,"{""include_summaries"": true, ""path_prefix"": """", ""repo"": ""local/gin-87ab3d33""}",5,1,1834,109,2580480,18.152,12.9923,71.5750330542089,1,23329,227872768,227880960,8192,73779043637bd97c198ef9ae19e8f495275c3bdce3a5559c4a0d3b2c937b0ae7,34dac209ffb6ef85cc78c5d217bbb7ad001d68fd,2026-07-29T20:20:45.784692,1.108.207,c2201a55b6e1b0ea38043c514ab7bc3a372bad13,491d48d7d479279b6b5a67d51aa9d6ceb8a5c446abb992140c52e9c1b6662584,63a81eaf47ab83ae45c2e53b33f33c88998d26901e3a5bd37ababcaf86419595,1,wt-1.108.207,e3b0c44298fc1c149afbf4c8996fb92427ae41e4649b934ca495991b7852b855,,"{""process_cpu_ms"": 46.875, ""runtime_distribution_version"": ""1.108.199"", ""target_policy"": ""middle stride target; repeated representative wins, outliers, and edge cases"", ""worker_pid"": 38724}"
gin-gonic/gin,gin-87ab3d33,file_tree_prefix,cold_generation_safe_hybrid_deep_order_balanced,get_file_tree,prefix_files,generation_safe_hybrid,3,"{""include_summaries"": true, ""path_prefix"": """", ""repo"": ""local/gin-87ab3d33""}",5,2,1834,109,2580480,18.5519,1.2533,6.755642279227465,1,23329,144953344,144982016,28672,73779043637bd97c198ef9ae19e8f495275c3bdce3a5559c4a0d3b2c937b0ae7,34dac209ffb6ef85cc78c5d217bbb7ad001d68fd,2026-07-29T20:20:45.784692,1.108.207,c2201a55b6e1b0ea38043c514ab7bc3a372bad13,491d48d7d479279b6b5a67d51aa9d6ceb8a5c446abb992140c52e9c1b6662584,63a81eaf47ab83ae45c2e53b33f33c88998d26901e3a5bd37ababcaf86419595,1,wt-generation-safe-hybrid,175f8765c4949317d4f48614b8cdacd8c537ab2755c49f13f78a0b2b855cab96,"M src/jcodemunch_mcp/server.py
 M src/jcodemunch_mcp/storage/index_store.py
 M src/jcodemunch_mcp/storage/sqlite_store.py
 M src/jcodemunch_mcp/tools/check_references.py
 M src/jcodemunch_mcp/tools/find_references.py
 M src/jcodemunch_mcp/tools/get_blast_radius.py
 M src/jcodemunch_mcp/tools/get_churn_rate.py
 M src/jcodemunch_mcp/tools/get_file_outline.py
 M src/jcodemunch_mcp/tools/get_file_risk.py
 M src/jcodemunch_mcp/tools/get_file_tree.py
 M src/jcodemunch_mcp/tools/get_symbol_complexity.py
 M src/jcodemunch_mcp/tools/get_symbol_provenance.py
?? tests/test_generation_safe_hybrid.py","{""process_cpu_ms"": 31.25, ""runtime_distribution_version"": ""1.108.199"", ""target_policy"": ""middle stride target; repeated representative wins, outliers, and edge cases"", ""worker_pid"": 27172}"
gin-gonic/gin,gin-87ab3d33,blast_radius_source,cold_generation_safe_hybrid_deep_order_balanced,get_blast_radius,blast_enrichment,baseline_full,3,"{""cross_repo"": false, ""include_source"": true, ""repo"": ""local/gin-87ab3d33"", ""source_budget"": 1000, ""symbol"": ""context.go::PureJSON#method""}",5,1,1834,109,2580480,26.2169,13.961,53.251910027501346,1,645,227885056,227885056,0,b83931afaf6c4eef21373bdfb9f9cb33740d0287fa271e9046f5e389bae8062d,34dac209ffb6ef85cc78c5d217bbb7ad001d68fd,2026-07-29T20:20:45.784692,1.108.207,c2201a55b6e1b0ea38043c514ab7bc3a372bad13,491d48d7d479279b6b5a67d51aa9d6ceb8a5c446abb992140c52e9c1b6662584,63a81eaf47ab83ae45c2e53b33f33c88998d26901e3a5bd37ababcaf86419595,1,wt-1.108.207,e3b0c44298fc1c149afbf4c8996fb92427ae41e4649b934ca495991b7852b855,,"{""process_cpu_ms"": 46.875, ""runtime_distribution_version"": ""1.108.199"", ""target_policy"": ""middle stride target; repeated representative wins, outliers, and edge cases"", ""worker_pid"": 38724}"
gin-gonic/gin,gin-87ab3d33,blast_radius_source,cold_generation_safe_hybrid_deep_order_balanced,get_blast_radius,blast_enrichment,generation_safe_hybrid,3,"{""cross_repo"": false, ""include_source"": true, ""repo"": ""local/gin-87ab3d33"", ""source_budget"": 1000, ""symbol"": ""context.go::PureJSON#method""}",5,2,1834,109,2580480,24.549,1.2254,4.9916493543525196,1,645,145252352,145444864,192512,b83931afaf6c4eef21373bdfb9f9cb33740d0287fa271e9046f5e389bae8062d,34dac209ffb6ef85cc78c5d217bbb7ad001d68fd,2026-07-29T20:20:45.784692,1.108.207,c2201a55b6e1b0ea38043c514ab7bc3a372bad13,491d48d7d479279b6b5a67d51aa9d6ceb8a5c446abb992140c52e9c1b6662584,63a81eaf47ab83ae45c2e53b33f33c88998d26901e3a5bd37ababcaf86419595,1,wt-generation-safe-hybrid,175f8765c4949317d4f48614b8cdacd8c537ab2755c49f13f78a0b2b855cab96,"M src/jcodemunch_mcp/server.py
 M src/jcodemunch_mcp/storage/index_store.py
 M src/jcodemunch_mcp/storage/sqlite_store.py
 M src/jcodemunch_mcp/tools/check_references.py
 M src/jcodemunch_mcp/tools/find_references.py
 M src/jcodemunch_mcp/tools/get_blast_radius.py
 M src/jcodemunch_mcp/tools/get_churn_rate.py
 M src/jcodemunch_mcp/tools/get_file_outline.py
 M src/jcodemunch_mcp/tools/get_file_risk.py
 M src/jcodemunch_mcp/tools/get_file_tree.py
 M src/jcodemunch_mcp/tools/get_symbol_complexity.py
 M src/jcodemunch_mcp/tools/get_symbol_provenance.py
?? tests/test_generation_safe_hybrid.py","{""process_cpu_ms"": 46.875, ""runtime_distribution_version"": ""1.108.199"", ""target_policy"": ""middle stride target; repeated representative wins, outliers, and edge cases"", ""worker_pid"": 27172}"
gin-gonic/gin,gin-87ab3d33,symbol_source_single,cold_generation_safe_hybrid_deep_order_balanced,get_symbol_source,target_symbols,baseline_full,3,"{""repo"": ""local/gin-87ab3d33"", ""symbol_id"": ""context.go::PureJSON#method""}",5,1,1834,109,2580480,16.5909,12.6038,75.96815121542532,1,1156,227885056,227885056,0,bd1d5f8766ab865126bcbb930902ed4df37823ce68573ab85d5a27acaea8f0f5,34dac209ffb6ef85cc78c5d217bbb7ad001d68fd,2026-07-29T20:20:45.784692,1.108.207,c2201a55b6e1b0ea38043c514ab7bc3a372bad13,491d48d7d479279b6b5a67d51aa9d6ceb8a5c446abb992140c52e9c1b6662584,63a81eaf47ab83ae45c2e53b33f33c88998d26901e3a5bd37ababcaf86419595,1,wt-1.108.207,e3b0c44298fc1c149afbf4c8996fb92427ae41e4649b934ca495991b7852b855,,"{""process_cpu_ms"": 15.625, ""runtime_distribution_version"": ""1.108.199"", ""target_policy"": ""middle stride target; repeated representative wins, outliers, and edge cases"", ""worker_pid"": 38724}"
gin-gonic/gin,gin-87ab3d33,symbol_source_single,cold_generation_safe_hybrid_deep_order_balanced,get_symbol_source,target_symbols,generation_safe_hybrid,3,"{""repo"": ""local/gin-87ab3d33"", ""symbol_id"": ""context.go::PureJSON#method""}",5,2,1834,109,2580480,5.7631,1.3392,23.237493709982477,1,1155,145444864,145444864,0,bd1d5f8766ab865126bcbb930902ed4df37823ce68573ab85d5a27acaea8f0f5,34dac209ffb6ef85cc78c5d217bbb7ad001d68fd,2026-07-29T20:20:45.784692,1.108.207,c2201a55b6e1b0ea38043c514ab7bc3a372bad13,491d48d7d479279b6b5a67d51aa9d6ceb8a5c446abb992140c52e9c1b6662584,63a81eaf47ab83ae45c2e53b33f33c88998d26901e3a5bd37ababcaf86419595,1,wt-generation-safe-hybrid,175f8765c4949317d4f48614b8cdacd8c537ab2755c49f13f78a0b2b855cab96,"M src/jcodemunch_mcp/server.py
 M src/jcodemunch_mcp/storage/index_store.py
 M src/jcodemunch_mcp/storage/sqlite_store.py
 M src/jcodemunch_mcp/tools/check_references.py
 M src/jcodemunch_mcp/tools/find_references.py
 M src/jcodemunch_mcp/tools/get_blast_radius.py
 M src/jcodemunch_mcp/tools/get_churn_rate.py
 M src/jcodemunch_mcp/tools/get_file_outline.py
 M src/jcodemunch_mcp/tools/get_file_risk.py
 M src/jcodemunch_mcp/tools/get_file_tree.py
 M src/jcodemunch_mcp/tools/get_symbol_complexity.py
 M src/jcodemunch_mcp/tools/get_symbol_provenance.py
?? tests/test_generation_safe_hybrid.py","{""process_cpu_ms"": 0.0, ""runtime_distribution_version"": ""1.108.199"", ""target_policy"": ""middle stride target; repeated representative wins, outliers, and edge cases"", ""worker_pid"": 27172}"
gin-gonic/gin,gin-87ab3d33,dependency_cycles,cold_generation_safe_hybrid_deep_order_balanced,get_dependency_cycles,all_files,baseline_full,3,"{""repo"": ""local/gin-87ab3d33""}",5,1,1834,109,2580480,16.8977,12.7775,75.61679991951567,1,146,227885056,227885056,0,ee7b243f04c63bb5370a89f96824da48c48b4555564a739762a4b26f0bcc54a6,34dac209ffb6ef85cc78c5d217bbb7ad001d68fd,2026-07-29T20:20:45.784692,1.108.207,c2201a55b6e1b0ea38043c514ab7bc3a372bad13,491d48d7d479279b6b5a67d51aa9d6ceb8a5c446abb992140c52e9c1b6662584,63a81eaf47ab83ae45c2e53b33f33c88998d26901e3a5bd37ababcaf86419595,1,wt-1.108.207,e3b0c44298fc1c149afbf4c8996fb92427ae41e4649b934ca495991b7852b855,,"{""process_cpu_ms"": 15.625, ""runtime_distribution_version"": ""1.108.199"", ""target_policy"": ""middle stride target; repeated representative wins, outliers, and edge cases"", ""worker_pid"": 38724}"
gin-gonic/gin,gin-87ab3d33,dependency_cycles,cold_generation_safe_hybrid_deep_order_balanced,get_dependency_cycles,all_files,generation_safe_hybrid,3,"{""repo"": ""local/gin-87ab3d33""}",5,2,1834,109,2580480,5.9211,1.4508,24.502203982368144,1,145,145444864,145444864,0,ee7b243f04c63bb5370a89f96824da48c48b4555564a739762a4b26f0bcc54a6,34dac209ffb6ef85cc78c5d217bbb7ad001d68fd,2026-07-29T20:20:45.784692,1.108.207,c2201a55b6e1b0ea38043c514ab7bc3a372bad13,491d48d7d479279b6b5a67d51aa9d6ceb8a5c446abb992140c52e9c1b6662584,63a81eaf47ab83ae45c2e53b33f33c88998d26901e3a5bd37ababcaf86419595,1,wt-generation-safe-hybrid,175f8765c4949317d4f48614b8cdacd8c537ab2755c49f13f78a0b2b855cab96,"M src/jcodemunch_mcp/server.py
 M src/jcodemunch_mcp/storage/index_store.py
 M src/jcodemunch_mcp/storage/sqlite_store.py
 M src/jcodemunch_mcp/tools/check_references.py
 M src/jcodemunch_mcp/tools/find_references.py
 M src/jcodemunch_mcp/tools/get_blast_radius.py
 M src/jcodemunch_mcp/tools/get_churn_rate.py
 M src/jcodemunch_mcp/tools/get_file_outline.py
 M src/jcodemunch_mcp/tools/get_file_risk.py
 M src/jcodemunch_mcp/tools/get_file_tree.py
 M src/jcodemunch_mcp/tools/get_symbol_complexity.py
 M src/jcodemunch_mcp/tools/get_symbol_provenance.py
?? tests/test_generation_safe_hybrid.py","{""process_cpu_ms"": 0.0, ""runtime_distribution_version"": ""1.108.199"", ""target_policy"": ""middle stride target; repeated representative wins, outliers, and edge cases"", ""worker_pid"": 27172}"
gin-gonic/gin,gin-87ab3d33,references_call_chain,cold_generation_safe_hybrid_deep_order_balanced,find_references,reference_call_chain,baseline_full,3,"{""identifier"": ""PureJSON"", ""include_call_chain"": true, ""repo"": ""local/gin-87ab3d33""}",5,1,1834,109,2580480,16.9744,13.7924,81.25412385710247,1,366,227885056,227885056,0,c8426ce7c8f0855aa1af8197929ed5c73cd1ec2775f9eda92718b0a3bed0ecb1,34dac209ffb6ef85cc78c5d217bbb7ad001d68fd,2026-07-29T20:20:45.784692,1.108.207,c2201a55b6e1b0ea38043c514ab7bc3a372bad13,491d48d7d479279b6b5a67d51aa9d6ceb8a5c446abb992140c52e9c1b6662584,63a81eaf47ab83ae45c2e53b33f33c88998d26901e3a5bd37ababcaf86419595,1,wt-1.108.207,e3b0c44298fc1c149afbf4c8996fb92427ae41e4649b934ca495991b7852b855,,"{""process_cpu_ms"": 31.25, ""runtime_distribution_version"": ""1.108.199"", ""target_policy"": ""middle stride target; repeated representative wins, outliers, and edge cases"", ""worker_pid"": 38724}"
gin-gonic/gin,gin-87ab3d33,references_call_chain,cold_generation_safe_hybrid_deep_order_balanced,find_references,reference_call_chain,generation_safe_hybrid,3,"{""identifier"": ""PureJSON"", ""include_call_chain"": true, ""repo"": ""local/gin-87ab3d33""}",5,2,1834,109,2580480,4.5816,1.3484,29.430766544438626,1,365,145444864,145444864,0,c8426ce7c8f0855aa1af8197929ed5c73cd1ec2775f9eda92718b0a3bed0ecb1,34dac209ffb6ef85cc78c5d217bbb7ad001d68fd,2026-07-29T20:20:45.784692,1.108.207,c2201a55b6e1b0ea38043c514ab7bc3a372bad13,491d48d7d479279b6b5a67d51aa9d6ceb8a5c446abb992140c52e9c1b6662584,63a81eaf47ab83ae45c2e53b33f33c88998d26901e3a5bd37ababcaf86419595,1,wt-generation-safe-hybrid,175f8765c4949317d4f48614b8cdacd8c537ab2755c49f13f78a0b2b855cab96,"M src/jcodemunch_mcp/server.py
 M src/jcodemunch_mcp/storage/index_store.py
 M src/jcodemunch_mcp/storage/sqlite_store.py
 M src/jcodemunch_mcp/tools/check_references.py
 M src/jcodemunch_mcp/tools/find_references.py
 M src/jcodemunch_mcp/tools/get_blast_radius.py
 M src/jcodemunch_mcp/tools/get_churn_rate.py
 M src/jcodemunch_mcp/tools/get_file_outline.py
 M src/jcodemunch_mcp/tools/get_file_risk.py
 M src/jcodemunch_mcp/tools/get_file_tree.py
 M src/jcodemunch_mcp/tools/get_symbol_complexity.py
 M src/jcodemunch_mcp/tools/get_symbol_provenance.py
?? tests/test_generation_safe_hybrid.py","{""process_cpu_ms"": 0.0, ""runtime_distribution_version"": ""1.108.199"", ""target_policy"": ""middle stride target; repeated representative wins, outliers, and edge cases"", ""worker_pid"": 27172}"
